MEM | tot     3.8G | free  905.0M | cache   1.6G | buff   75.1M | slab  103.6M |
MEM | numnode    1 | shmem  61.4M | shrss  30.1M | tcpsk   0.0M | udpsk   0.0M |
MEM | tot     3.8G | free  893.1M | cache   1.6G | buff   75.1M | slab  103.7M |
MEM | numnode    1 | shmem  59.9M | shrss  30.1M | tcpsk   0.0M | udpsk   0.0M |
MEM | tot     3.8G | free  892.9M | cache   1.6G | buff   75.1M | slab  103.7M |
MEM | numnode    1 | shmem  59.9M | shrss  30.1M | tcpsk   0.0M | udpsk   0.0M |
MEM | tot     3.8G | free  893.4M | cache   1.6G | buff   75.1M | slab  103.7M |
MEM | numnode    1 | shmem  59.9M | shrss  30.1M | tcpsk   0.0M | udpsk   0.0M |
MEM | tot     3.8G | free  894.1M | cache   1.6G | buff   75.1M | slab  103.7M |
MEM | numnode    1 | shmem  59.9M | shrss  30.1M | tcpsk   0.0M | udpsk   0.0M |
MEM | tot     3.8G | free  894.1M | cache   1.6G | buff   75.1M | slab  103.7M |
MEM | numnode    1 | shmem  59.9M | shrss  30.1M | tcpsk   0.0M | udpsk   0.0M |
MEM | tot     3.8G | free  894.1M | cache   1.6G | buff   75.1M | slab  103.7M |
MEM | numnode    1 | shmem  59.9M | shrss  30.1M | tcpsk   0.0M | udpsk   0.0M |
