MEM | tot     3.8G | free  905.3M | cache   1.6G | buff   75.1M | slab  103.7M |
MEM | numnode    1 | shmem  61.4M | shrss  30.1M | tcpsk   0.0M | udpsk   0.0M |
MEM | tot     3.8G | free  893.6M | cache   1.6G | buff   75.1M | slab  103.8M |
MEM | numnode    1 | shmem  61.4M | shrss  30.1M | tcpsk   0.0M | udpsk   0.0M |
MEM | tot     3.8G | free  889.9M | cache   1.6G | buff   75.1M | slab  103.8M |
MEM | numnode    1 | shmem  61.4M | shrss  30.1M | tcpsk   0.0M | udpsk   0.0M |
MEM | tot     3.8G | free  891.9M | cache   1.6G | buff   75.1M | slab  103.8M |
MEM | numnode    1 | shmem  61.4M | shrss  30.1M | tcpsk   0.0M | udpsk   0.0M |
MEM | tot     3.8G | free  889.6M | cache   1.6G | buff   75.1M | slab  103.8M |
MEM | numnode    1 | shmem  61.4M | shrss  30.1M | tcpsk   0.0M | udpsk   0.0M |
