MEM | tot     3.8G | free  904.5M | cache   1.6G | buff   75.1M | slab  103.7M |
MEM | numnode    1 | shmem  61.4M | shrss  30.1M | tcpsk   0.0M | udpsk   0.0M |
MEM | tot     3.8G | free  891.6M | cache   1.6G | buff   75.1M | slab  103.8M |
MEM | numnode    1 | shmem  60.4M | shrss  30.1M | tcpsk   0.0M | udpsk   0.0M |
MEM | tot     3.8G | free  888.6M | cache   1.6G | buff   75.1M | slab  103.8M |
MEM | numnode    1 | shmem  60.8M | shrss  30.1M | tcpsk   0.0M | udpsk   0.0M |
MEM | tot     3.8G | free  889.6M | cache   1.6G | buff   75.1M | slab  103.8M |
MEM | numnode    1 | shmem  60.9M | shrss  30.1M | tcpsk   0.0M | udpsk   0.0M |
MEM | tot     3.8G | free  887.6M | cache   1.6G | buff   75.1M | slab  103.8M |
MEM | numnode    1 | shmem  60.9M | shrss  30.1M | tcpsk   0.0M | udpsk   0.0M |
MEM | tot     3.8G | free  887.1M | cache   1.6G | buff   75.1M | slab  103.8M |
MEM | numnode    1 | shmem  60.9M | shrss  30.1M | tcpsk   0.0M | udpsk   0.0M |
MEM | tot     3.8G | free  888.1M | cache   1.6G | buff   75.1M | slab  103.8M |
MEM | numnode    1 | shmem  60.9M | shrss  30.1M | tcpsk   0.0M | udpsk   0.0M |
MEM | tot     3.8G | free  888.8M | cache   1.6G | buff   75.1M | slab  103.8M |
MEM | numnode    1 | shmem  59.1M | shrss  30.1M | tcpsk   0.0M | udpsk   0.0M |
