MEM | tot     3.8G | free  906.7M | cache   1.6G | buff   75.1M | slab  103.7M |
MEM | numnode    1 | shmem  59.3M | shrss  30.1M | tcpsk   0.0M | udpsk   0.0M |
MEM | tot     3.8G | free  894.8M | cache   1.6G | buff   75.1M | slab  103.7M |
MEM | numnode    1 | shmem  59.8M | shrss  30.1M | tcpsk   0.0M | udpsk   0.0M |
MEM | tot     3.8G | free  891.4M | cache   1.6G | buff   75.1M | slab  103.7M |
MEM | numnode    1 | shmem  61.3M | shrss  30.1M | tcpsk   0.0M | udpsk   0.0M |
MEM | tot     3.8G | free  891.8M | cache   1.6G | buff   75.1M | slab  103.7M |
MEM | numnode    1 | shmem  61.4M | shrss  30.1M | tcpsk   0.0M | udpsk   0.0M |
