MEM | tot     3.8G | free    2.2G | cache 631.1M | buff   48.8M | slab   66.2M |
MEM | tot     3.8G | free    2.2G | cache 641.6M | buff   48.8M | slab   66.2M |
MEM | tot     3.8G | free    2.2G | cache 642.7M | buff   48.8M | slab   66.3M |
MEM | tot     3.8G | free    2.2G | cache 642.7M | buff   48.8M | slab   66.3M |
MEM | tot     3.8G | free    2.2G | cache 642.7M | buff   48.8M | slab   66.3M |
MEM | tot     3.8G | free    2.2G | cache 642.7M | buff   48.8M | slab   66.3M |
MEM | tot     3.8G | free    2.2G | cache 642.5M | buff   48.8M | slab   66.3M |
MEM | tot     3.8G | free    2.2G | cache 634.5M | buff   48.8M | slab   66.3M |
MEM | tot     3.8G | free    2.2G | cache 634.5M | buff   48.8M | slab   66.2M |
MEM | tot     3.8G | free    2.2G | cache 634.5M | buff   48.8M | slab   66.2M |
MEM | tot     3.8G | free    2.2G | cache 634.5M | buff   48.8M | slab   66.2M |
MEM | tot     3.8G | free    2.2G | cache 634.6M | buff   48.8M | slab   66.2M |
MEM | tot     3.8G | free    2.2G | cache 634.6M | buff   48.8M | slab   66.2M |
MEM | tot     3.8G | free    2.2G | cache 634.6M | buff   48.8M | slab   66.2M |
MEM | tot     3.8G | free    2.2G | cache 634.6M | buff   48.8M | slab   66.2M |
MEM | tot     3.8G | free    2.2G | cache 634.6M | buff   48.8M | slab   66.2M |
MEM | tot     3.8G | free    2.2G | cache 634.6M | buff   48.8M | slab   66.2M |
MEM | tot     3.8G | free    2.2G | cache 634.6M | buff   48.8M | slab   66.2M |
MEM | tot     3.8G | free    2.2G | cache 634.6M | buff   48.8M | slab   66.2M |
MEM | tot     3.8G | free    2.2G | cache 634.6M | buff   48.8M | slab   66.2M |
MEM | tot     3.8G | free    2.2G | cache 634.7M | buff   48.8M | slab   66.2M |
MEM | tot     3.8G | free    2.2G | cache 634.7M | buff   48.8M | slab   66.2M |
MEM | tot     3.8G | free    2.2G | cache 634.7M | buff   48.8M | slab   66.2M |
MEM | tot     3.8G | free    2.2G | cache 634.7M | buff   48.8M | slab   66.2M |
MEM | tot     3.8G | free    2.2G | cache 634.7M | buff   48.8M | slab   66.2M |
MEM | tot     3.8G | free    2.2G | cache 634.7M | buff   48.8M | slab   66.2M |
MEM | tot     3.8G | free    2.2G | cache 634.7M | buff   48.8M | slab   66.2M |
MEM | tot     3.8G | free    2.2G | cache 634.7M | buff   48.8M | slab   66.2M |
MEM | tot     3.8G | free    2.2G | cache 634.7M | buff   48.8M | slab   66.2M |
MEM | tot     3.8G | free    2.2G | cache 634.8M | buff   48.8M | slab   66.2M |
MEM | tot     3.8G | free    2.2G | cache 634.8M | buff   48.8M | slab   66.2M |
MEM | tot     3.8G | free    2.2G | cache 634.8M | buff   48.8M | slab   66.2M |
MEM | tot     3.8G | free    2.2G | cache 634.8M | buff   48.8M | slab   66.2M |
MEM | tot     3.8G | free    2.2G | cache 634.8M | buff   48.8M | slab   66.2M |
MEM | tot     3.8G | free    2.2G | cache 634.8M | buff   48.8M | slab   66.2M |
MEM | tot     3.8G | free    2.2G | cache 634.8M | buff   48.8M | slab   66.2M |
MEM | tot     3.8G | free    2.2G | cache 634.8M | buff   48.8M | slab   66.2M |
MEM | tot     3.8G | free    2.2G | cache 634.8M | buff   48.8M | slab   66.2M |
MEM | tot     3.8G | free    2.2G | cache 634.9M | buff   48.8M | slab   66.2M |
MEM | tot     3.8G | free    2.2G | cache 634.9M | buff   48.8M | slab   66.2M |
MEM | tot     3.8G | free    2.2G | cache 634.9M | buff   48.8M | slab   66.2M |
MEM | tot     3.8G | free    2.2G | cache 634.9M | buff   48.8M | slab   66.2M |
MEM | tot     3.8G | free    2.2G | cache 634.9M | buff   48.8M | slab   66.2M |
MEM | tot     3.8G | free    2.2G | cache 634.9M | buff   48.8M | slab   66.2M |
MEM | tot     3.8G | free    2.2G | cache 634.9M | buff   48.8M | slab   66.2M |
MEM | tot     3.8G | free    2.2G | cache 634.9M | buff   48.8M | slab   66.2M |
MEM | tot     3.8G | free    2.2G | cache 634.9M | buff   48.8M | slab   66.2M |
MEM | tot     3.8G | free    2.2G | cache 635.0M | buff   48.8M | slab   66.2M |
