MEM | tot     3.8G | free    2.2G | cache 626.8M | buff   48.7M | slab   66.1M |
MEM | tot     3.8G | free    2.2G | cache 638.3M | buff   48.7M | slab   66.2M |
MEM | tot     3.8G | free    2.2G | cache 645.2M | buff   48.7M | slab   66.3M |
MEM | tot     3.8G | free    2.2G | cache 645.2M | buff   48.7M | slab   66.3M |
MEM | tot     3.8G | free    2.2G | cache 645.2M | buff   48.7M | slab   66.3M |
MEM | tot     3.8G | free    2.2G | cache 645.2M | buff   48.7M | slab   66.3M |
MEM | tot     3.8G | free    2.2G | cache 645.2M | buff   48.7M | slab   66.2M |
MEM | tot     3.8G | free    2.2G | cache 634.5M | buff   48.8M | slab   66.2M |
MEM | tot     3.8G | free    2.2G | cache 634.5M | buff   48.8M | slab   66.2M |
MEM | tot     3.8G | free    2.2G | cache 634.5M | buff   48.8M | slab   66.2M |
MEM | tot     3.8G | free    2.2G | cache 634.5M | buff   48.8M | slab   66.2M |
MEM | tot     3.8G | free    2.2G | cache 634.5M | buff   48.8M | slab   66.2M |
