MEM | tot     3.8G | free    2.2G | cache 628.5M | buff   48.6M | slab   66.1M |
MEM | tot     3.8G | free    2.2G | cache 637.4M | buff   48.6M | slab   66.2M |
MEM | tot     3.8G | free    2.2G | cache 637.5M | buff   48.6M | slab   66.3M |
MEM | tot     3.8G | free    2.2G | cache 635.8M | buff   48.6M | slab   66.3M |
MEM | tot     3.8G | free    2.2G | cache 635.8M | buff   48.6M | slab   66.3M |
MEM | tot     3.8G | free    2.2G | cache 635.8M | buff   48.6M | slab   66.2M |
MEM | tot     3.8G | free    2.2G | cache 635.3M | buff   48.6M | slab   66.2M |
MEM | tot     3.8G | free    2.2G | cache 634.6M | buff   48.6M | slab   66.2M |
MEM | tot     3.8G | free    2.2G | cache 634.6M | buff   48.6M | slab   66.2M |
MEM | tot     3.8G | free    2.2G | cache 634.6M | buff   48.6M | slab   66.2M |
MEM | tot     3.8G | free    2.2G | cache 634.6M | buff   48.6M | slab   66.2M |
MEM | tot     3.8G | free    2.2G | cache 634.6M | buff   48.6M | slab   66.2M |
MEM | tot     3.8G | free    2.2G | cache 634.6M | buff   48.6M | slab   66.2M |
MEM | tot     3.8G | free    2.2G | cache 634.7M | buff   48.6M | slab   66.2M |
MEM | tot     3.8G | free    2.2G | cache 634.7M | buff   48.6M | slab   66.2M |
MEM | tot     3.8G | free    2.2G | cache 634.7M | buff   48.6M | slab   66.2M |
MEM | tot     3.8G | free    2.2G | cache 634.7M | buff   48.6M | slab   66.2M |
MEM | tot     3.8G | free    2.2G | cache 634.7M | buff   48.6M | slab   66.2M |
MEM | tot     3.8G | free    2.2G | cache 634.7M | buff   48.6M | slab   66.2M |
MEM | tot     3.8G | free    2.2G | cache 634.7M | buff   48.6M | slab   66.2M |
MEM | tot     3.8G | free    2.2G | cache 634.7M | buff   48.6M | slab   66.2M |
MEM | tot     3.8G | free    2.2G | cache 634.7M | buff   48.6M | slab   66.2M |
MEM | tot     3.8G | free    2.2G | cache 634.8M | buff   48.6M | slab   66.2M |
MEM | tot     3.8G | free    2.2G | cache 634.8M | buff   48.6M | slab   66.2M |
MEM | tot     3.8G | free    2.2G | cache 634.8M | buff   48.6M | slab   66.2M |
MEM | tot     3.8G | free    2.2G | cache 634.8M | buff   48.6M | slab   66.2M |
MEM | tot     3.8G | free    2.2G | cache 634.8M | buff   48.6M | slab   66.2M |
MEM | tot     3.8G | free    2.2G | cache 634.8M | buff   48.6M | slab   66.2M |
MEM | tot     3.8G | free    2.2G | cache 634.8M | buff   48.6M | slab   66.2M |
MEM | tot     3.8G | free    2.2G | cache 634.8M | buff   48.6M | slab   66.2M |
MEM | tot     3.8G | free    2.2G | cache 634.8M | buff   48.6M | slab   66.2M |
MEM | tot     3.8G | free    2.2G | cache 634.9M | buff   48.6M | slab   66.2M |
MEM | tot     3.8G | free    2.2G | cache 634.9M | buff   48.6M | slab   66.2M |
MEM | tot     3.8G | free    2.2G | cache 634.9M | buff   48.6M | slab   66.2M |
MEM | tot     3.8G | free    2.2G | cache 634.9M | buff   48.6M | slab   66.2M |
MEM | tot     3.8G | free    2.2G | cache 634.9M | buff   48.6M | slab   66.2M |
MEM | tot     3.8G | free    2.2G | cache 634.9M | buff   48.6M | slab   66.2M |
MEM | tot     3.8G | free    2.2G | cache 634.9M | buff   48.6M | slab   66.2M |
MEM | tot     3.8G | free    2.2G | cache 634.9M | buff   48.6M | slab   66.2M |
MEM | tot     3.8G | free    2.2G | cache 634.9M | buff   48.6M | slab   66.2M |
MEM | tot     3.8G | free    2.2G | cache 635.0M | buff   48.6M | slab   66.2M |
MEM | tot     3.8G | free    2.2G | cache 635.0M | buff   48.6M | slab   66.2M |
MEM | tot     3.8G | free    2.2G | cache 635.0M | buff   48.6M | slab   66.2M |
MEM | tot     3.8G | free    2.2G | cache 635.0M | buff   48.6M | slab   66.2M |
MEM | tot     3.8G | free    2.2G | cache 635.0M | buff   48.6M | slab   66.2M |
MEM | tot     3.8G | free    2.2G | cache 635.0M | buff   48.6M | slab   66.2M |
MEM | tot     3.8G | free    2.2G | cache 635.0M | buff   48.6M | slab   66.2M |
MEM | tot     3.8G | free    2.2G | cache 635.2M | buff   48.6M | slab   66.2M |
MEM | tot     3.8G | free    2.2G | cache 635.2M | buff   48.6M | slab   66.2M |
MEM | tot     3.8G | free    2.2G | cache 635.2M | buff   48.6M | slab   66.2M |
MEM | tot     3.8G | free    2.2G | cache 635.2M | buff   48.6M | slab   66.2M |
MEM | tot     3.8G | free    2.2G | cache 635.2M | buff   48.6M | slab   66.2M |
MEM | tot     3.8G | free    2.2G | cache 635.2M | buff   48.6M | slab   66.2M |
MEM | tot     3.8G | free    2.2G | cache 635.2M | buff   48.7M | slab   66.2M |
MEM | tot     3.8G | free    2.2G | cache 635.2M | buff   48.7M | slab   66.2M |
MEM | tot     3.8G | free    2.2G | cache 635.3M | buff   48.7M | slab   66.2M |
MEM | tot     3.8G | free    2.2G | cache 635.3M | buff   48.7M | slab   66.2M |
MEM | tot     3.8G | free    2.2G | cache 635.3M | buff   48.7M | slab   66.2M |
MEM | tot     3.8G | free    2.2G | cache 635.3M | buff   48.7M | slab   66.2M |
MEM | tot     3.8G | free    2.2G | cache 635.3M | buff   48.7M | slab   66.2M |
MEM | tot     3.8G | free    2.2G | cache 635.3M | buff   48.7M | slab   66.2M |
MEM | tot     3.8G | free    2.2G | cache 635.3M | buff   48.7M | slab   66.2M |
MEM | tot     3.8G | free    2.2G | cache 635.3M | buff   48.7M | slab   66.2M |
MEM | tot     3.8G | free    2.2G | cache 635.3M | buff   48.7M | slab   66.2M |
MEM | tot     3.8G | free    2.2G | cache 635.4M | buff   48.7M | slab   66.2M |
MEM | tot     3.8G | free    2.2G | cache 635.4M | buff   48.7M | slab   66.2M |
MEM | tot     3.8G | free    2.2G | cache 635.4M | buff   48.7M | slab   66.2M |
MEM | tot     3.8G | free    2.2G | cache 635.4M | buff   48.7M | slab   66.2M |
MEM | tot     3.8G | free    2.2G | cache 635.4M | buff   48.7M | slab   66.2M |
MEM | tot     3.8G | free    2.2G | cache 635.4M | buff   48.7M | slab   66.2M |
MEM | tot     3.8G | free    2.2G | cache 635.4M | buff   48.7M | slab   66.2M |
MEM | tot     3.8G | free    2.2G | cache 631.0M | buff   48.7M | slab   66.2M |
MEM | tot     3.8G | free    2.2G | cache 631.0M | buff   48.7M | slab   66.2M |
MEM | tot     3.8G | free    2.2G | cache 631.0M | buff   48.7M | slab   66.2M |
MEM | tot     3.8G | free    2.2G | cache 631.0M | buff   48.7M | slab   66.2M |
MEM | tot     3.8G | free    2.2G | cache 631.0M | buff   48.7M | slab   66.2M |
MEM | tot     3.8G | free    2.2G | cache 631.1M | buff   48.7M | slab   66.2M |
MEM | tot     3.8G | free    2.2G | cache 631.1M | buff   48.7M | slab   66.2M |
MEM | tot     3.8G | free    2.2G | cache 631.1M | buff   48.7M | slab   66.2M |
MEM | tot     3.8G | free    2.2G | cache 631.1M | buff   48.7M | slab   66.2M |
MEM | tot     3.8G | free    2.2G | cache 631.1M | buff   48.7M | slab   66.2M |
MEM | tot     3.8G | free    2.2G | cache 631.1M | buff   48.7M | slab   66.2M |
MEM | tot     3.8G | free    2.2G | cache 631.1M | buff   48.7M | slab   66.2M |
MEM | tot     3.8G | free    2.2G | cache 631.1M | buff   48.7M | slab   66.2M |
MEM | tot     3.8G | free    2.2G | cache 631.1M | buff   48.7M | slab   66.2M |
MEM | tot     3.8G | free    2.2G | cache 631.2M | buff   48.7M | slab   66.2M |
MEM | tot     3.8G | free    2.2G | cache 631.2M | buff   48.7M | slab   66.2M |
MEM | tot     3.8G | free    2.2G | cache 631.2M | buff   48.7M | slab   66.2M |
MEM | tot     3.8G | free    2.2G | cache 631.2M | buff   48.7M | slab   66.2M |
MEM | tot     3.8G | free    2.2G | cache 631.2M | buff   48.7M | slab   66.2M |
MEM | tot     3.8G | free    2.2G | cache 631.2M | buff   48.7M | slab   66.2M |
MEM | tot     3.8G | free    2.2G | cache 631.2M | buff   48.7M | slab   66.2M |
MEM | tot     3.8G | free    2.2G | cache 631.2M | buff   48.7M | slab   66.2M |
MEM | tot     3.8G | free    2.2G | cache 631.2M | buff   48.7M | slab   66.2M |
MEM | tot     3.8G | free    2.2G | cache 631.3M | buff   48.7M | slab   66.2M |
MEM | tot     3.8G | free    2.2G | cache 631.3M | buff   48.7M | slab   66.2M |
MEM | tot     3.8G | free    2.2G | cache 631.3M | buff   48.7M | slab   66.2M |
MEM | tot     3.8G | free    2.2G | cache 631.3M | buff   48.7M | slab   66.2M |
MEM | tot     3.8G | free    2.2G | cache 631.3M | buff   48.7M | slab   66.2M |
MEM | tot     3.8G | free    2.2G | cache 631.3M | buff   48.7M | slab   66.2M |
MEM | tot     3.8G | free    2.2G | cache 631.3M | buff   48.7M | slab   66.2M |
