CPU,sys,12,user,34,irq,1,idle,31,wait,23,,46
CPU,sys,35,user,65,irq,0,idle,0,wait,0,,100
CPU,sys,26,user,43,irq,1,idle,0,wait,30,,69
CPU,sys,20,user,32,irq,3,idle,0,wait,45,,52
CPU,sys,18,user,28,irq,0,idle,0,wait,54,,46
CPU,sys,31,user,32,irq,1,idle,0,wait,35,,63
CPU,sys,27,user,29,irq,3,idle,0,wait,41,,56
CPU,sys,17,user,26,irq,2,idle,0,wait,55,,43
CPU,sys,20,user,25,irq,1,idle,0,wait,55,,45
CPU,sys,18,user,27,irq,0,idle,0,wait,56,,45
CPU,sys,16,user,28,irq,1,idle,0,wait,55,,44
CPU,sys,20,user,25,irq,1,idle,0,wait,54,,45
CPU,sys,15,user,27,irq,2,idle,0,wait,56,,42
CPU,sys,18,user,24,irq,1,idle,0,wait,55,,42
CPU,sys,16,user,26,irq,2,idle,0,wait,56,,42
CPU,sys,19,user,23,irq,3,idle,0,wait,54,,42
CPU,sys,19,user,27,irq,2,idle,0,wait,53,,46
CPU,sys,17,user,26,irq,1,idle,0,wait,56,,43
CPU,sys,21,user,24,irq,1,idle,0,wait,53,,45
CPU,sys,16,user,29,irq,1,idle,0,wait,54,,45
CPU,sys,15,user,25,irq,2,idle,0,wait,58,,40
CPU,sys,17,user,24,irq,2,idle,0,wait,57,,41
CPU,sys,21,user,25,irq,1,idle,0,wait,54,,46
CPU,sys,23,user,19,irq,2,idle,0,wait,56,,42
CPU,sys,18,user,29,irq,1,idle,0,wait,52,,47
CPU,sys,23,user,25,irq,2,idle,0,wait,50,,48
CPU,sys,18,user,29,irq,2,idle,0,wait,51,,47
CPU,sys,17,user,27,irq,2,idle,0,wait,54,,44
CPU,sys,16,user,30,irq,1,idle,0,wait,53,,46
CPU,sys,20,user,28,irq,2,idle,0,wait,50,,48
CPU,sys,22,user,23,irq,1,idle,0,wait,53,,45
CPU,sys,22,user,23,irq,4,idle,0,wait,50,,45
CPU,sys,18,user,30,irq,1,idle,0,wait,52,,48
CPU,sys,15,user,27,irq,3,idle,0,wait,55,,42
CPU,sys,17,user,30,irq,0,idle,0,wait,53,,47
CPU,sys,18,user,26,irq,4,idle,0,wait,52,,44
CPU,sys,20,user,24,irq,2,idle,0,wait,53,,44
CPU,sys,18,user,29,irq,0,idle,0,wait,54,,47
CPU,sys,19,user,23,irq,3,idle,0,wait,54,,42
CPU,sys,17,user,33,irq,1,idle,0,wait,49,,50
CPU,sys,18,user,21,irq,2,idle,0,wait,57,,39
CPU,sys,18,user,22,irq,1,idle,0,wait,58,,40
CPU,sys,18,user,24,irq,1,idle,0,wait,56,,42
CPU,sys,15,user,24,irq,3,idle,0,wait,57,,39
CPU,sys,19,user,23,irq,1,idle,0,wait,57,,42
CPU,sys,16,user,28,irq,2,idle,0,wait,54,,44
CPU,sys,15,user,29,irq,0,idle,0,wait,56,,44
CPU,sys,18,user,26,irq,2,idle,0,wait,54,,44
CPU,sys,15,user,27,irq,1,idle,0,wait,57,,42
CPU,sys,19,user,25,irq,2,idle,0,wait,54,,44
CPU,sys,17,user,26,irq,2,idle,0,wait,55,,43
CPU,sys,15,user,32,irq,0,idle,0,wait,53,,47
CPU,sys,16,user,30,irq,2,idle,0,wait,52,,46
CPU,sys,18,user,27,irq,2,idle,0,wait,53,,45
CPU,sys,17,user,29,irq,2,idle,0,wait,51,,46
CPU,sys,19,user,29,irq,0,idle,0,wait,51,,48
CPU,sys,12,user,28,irq,1,idle,0,wait,59,,40
CPU,sys,16,user,28,irq,2,idle,0,wait,54,,44
CPU,sys,13,user,28,irq,1,idle,0,wait,58,,41
CPU,sys,15,user,31,irq,2,idle,0,wait,53,,46
CPU,sys,16,user,27,irq,3,idle,0,wait,54,,43
CPU,sys,20,user,29,irq,0,idle,0,wait,51,,49
CPU,sys,15,user,30,irq,0,idle,0,wait,55,,45
CPU,sys,20,user,24,irq,3,idle,0,wait,53,,44
CPU,sys,16,user,27,irq,1,idle,0,wait,56,,43
CPU,sys,18,user,27,irq,2,idle,0,wait,53,,45
CPU,sys,18,user,28,irq,1,idle,0,wait,53,,46
CPU,sys,16,user,31,irq,2,idle,0,wait,51,,47
CPU,sys,19,user,28,irq,0,idle,0,wait,53,,47
CPU,sys,15,user,29,irq,1,idle,0,wait,55,,44
CPU,sys,18,user,30,irq,2,idle,0,wait,50,,48
CPU,sys,20,user,27,irq,0,idle,0,wait,53,,47
CPU,sys,18,user,33,irq,1,idle,0,wait,48,,51
CPU,sys,15,user,27,irq,0,idle,0,wait,58,,42
CPU,sys,17,user,31,irq,2,idle,0,wait,50,,48
CPU,sys,13,user,30,irq,1,idle,0,wait,56,,43
CPU,sys,16,user,30,irq,2,idle,0,wait,52,,46
CPU,sys,16,user,27,irq,0,idle,0,wait,57,,43
CPU,sys,19,user,29,irq,1,idle,0,wait,51,,48
CPU,sys,17,user,29,irq,1,idle,0,wait,53,,46
CPU,sys,17,user,31,irq,2,idle,0,wait,49,,48
CPU,sys,16,user,29,irq,1,idle,0,wait,54,,45
CPU,sys,14,user,35,irq,2,idle,0,wait,49,,49
CPU,sys,17,user,28,irq,1,idle,0,wait,54,,45
CPU,sys,17,user,30,irq,1,idle,0,wait,52,,47
CPU,sys,18,user,32,irq,1,idle,0,wait,50,,50
CPU,sys,13,user,33,irq,1,idle,0,wait,53,,46
CPU,sys,18,user,29,irq,3,idle,0,wait,50,,47
CPU,sys,15,user,28,irq,2,idle,0,wait,55,,43
CPU,sys,13,user,30,irq,1,idle,0,wait,56,,43
CPU,sys,12,user,29,irq,1,idle,0,wait,57,,41
CPU,sys,14,user,32,irq,0,idle,0,wait,54,,46
CPU,sys,19,user,26,irq,1,idle,0,wait,54,,45
CPU,sys,17,user,34,irq,2,idle,0,wait,47,,51
CPU,sys,19,user,26,irq,3,idle,0,wait,52,,45
CPU,sys,15,user,31,irq,1,idle,0,wait,53,,46
CPU,sys,15,user,29,irq,1,idle,0,wait,55,,44
CPU,sys,16,user,34,irq,0,idle,0,wait,50,,50
CPU,sys,17,user,32,irq,0,idle,0,wait,51,,49
CPU,sys,17,user,32,irq,2,idle,0,wait,49,,49
CPU,sys,13,user,32,irq,0,idle,0,wait,55,,45
,,,,,,,,,,,,
,,,,,,,,,,,média,"46,13"
,,,,,,,,,,,DP,"6,84998709723772"
