CPU,sys,12,user,34,irq,1,idle,30,wait,23,,46
CPU,sys,35,user,65,irq,0,idle,0,wait,0,,100
CPU,sys,31,user,69,irq,0,idle,0,wait,0,,100
CPU,sys,36,user,60,irq,4,idle,0,wait,0,,96
CPU,sys,31,user,66,irq,3,idle,0,wait,0,,97
CPU,sys,30,user,66,irq,4,idle,0,wait,0,,96
CPU,sys,38,user,60,irq,2,idle,0,wait,0,,98
CPU,sys,34,user,62,irq,3,idle,0,wait,0,,96
CPU,sys,38,user,56,irq,6,idle,0,wait,0,,94
CPU,sys,25,user,70,irq,5,idle,0,wait,0,,95
CPU,sys,29,user,69,irq,2,idle,0,wait,0,,98
CPU,sys,26,user,71,irq,3,idle,0,wait,0,,97
,,,,,,,,,,,,
,,,,,,,,,,,média,97
,,,,,,,,,,,DP,"1,89736659610103"
