E,tot,"3,8",free,"2,2",cache,"631,2",buff,"48,8",slab,"66,2",,"1,6"
E,tot,"3,8",free,"2,2",cache,"638,7",buff,"48,8",slab,"66,2",,"1,6"
E,tot,"3,8",free,"2,2",cache,"645,5",buff,"48,8",slab,"66,3",,"1,6"
E,tot,"3,8",free,"2,2",cache,"645,5",buff,"48,8",slab,"66,3",,"1,6"
E,tot,"3,8",free,"2,2",cache,"645,5",buff,"48,8",slab,"66,3",,"1,6"
E,tot,"3,8",free,"2,2",cache,"645,5",buff,"48,8",slab,"66,3",,"1,6"
E,tot,"3,8",free,"2,2",cache,"645,3",buff,"48,8",slab,"66,3",,"1,6"
E,tot,"3,8",free,"2,2",cache,"634,5",buff,"48,8",slab,"66,3",,"1,6"
E,tot,"3,8",free,"2,2",cache,"634,5",buff,"48,8",slab,"66,3",,"1,6"
E,tot,"3,8",free,"2,2",cache,"634,6",buff,"48,8",slab,"66,3",,"1,6"
E,tot,"3,8",free,"2,2",cache,"634,6",buff,"48,8",slab,"66,3",,"1,6"
E,tot,"3,8",free,"2,2",cache,"634,6",buff,"48,8",slab,"66,3",,"1,6"
E,tot,"3,8",free,"2,2",cache,"634,7",buff,"48,8",slab,"66,3",,"1,6"
E,tot,"3,8",free,"2,2",cache,"634,7",buff,"48,8",slab,"66,3",,"1,6"
E,tot,"3,8",free,"2,2",cache,"634,7",buff,"48,9",slab,"66,3",,"1,6"
E,tot,"3,8",free,"2,2",cache,"634,7",buff,"48,9",slab,"66,3",,"1,6"
E,tot,"3,8",free,"2,2",cache,"634,8",buff,"48,9",slab,"66,3",,"1,6"
E,tot,"3,8",free,"2,2",cache,"634,8",buff,"48,9",slab,"66,3",,"1,6"
E,tot,"3,8",free,"2,2",cache,"634,8",buff,"48,9",slab,"66,3",,"1,6"
E,tot,"3,8",free,"2,2",cache,"634,8",buff,"48,9",slab,"66,3",,"1,6"
E,tot,"3,8",free,"2,2",cache,"634,8",buff,"48,9",slab,"66,3",,"1,6"
E,tot,"3,8",free,"2,2",cache,"634,8",buff,"48,9",slab,"66,3",,"1,6"
E,tot,"3,8",free,"2,2",cache,"634,8",buff,"48,9",slab,"66,3",,"1,6"
E,tot,"3,8",free,"2,2",cache,"634,8",buff,"48,9",slab,"66,3",,"1,6"
E,tot,"3,8",free,"2,2",cache,"634,8",buff,"48,9",slab,"66,3",,"1,6"
E,tot,"3,8",free,"2,2",cache,"634,9",buff,"48,9",slab,"66,3",,"1,6"
E,tot,"3,8",free,"2,2",cache,"634,9",buff,"48,9",slab,"66,3",,"1,6"
E,tot,"3,8",free,"2,2",cache,"634,9",buff,"48,9",slab,"66,3",,"1,6"
E,tot,"3,8",free,"2,2",cache,"634,9",buff,"48,9",slab,"66,3",,"1,6"
E,tot,"3,8",free,"2,2",cache,"634,9",buff,"48,9",slab,"66,3",,"1,6"
E,tot,"3,8",free,"2,2",cache,"634,9",buff,"48,9",slab,"66,3",,"1,6"
E,tot,"3,8",free,"2,2",cache,"634,9",buff,"48,9",slab,"66,3",,"1,6"
E,tot,"3,8",free,"2,2",cache,"634,9",buff,"48,9",slab,"66,3",,"1,6"
E,tot,"3,8",free,"2,2",cache,"634,9",buff,"48,9",slab,"66,3",,"1,6"
E,tot,"3,8",free,"2,2",cache,635,buff,"48,9",slab,"66,3",,"1,6"
E,tot,"3,8",free,"2,2",cache,635,buff,"48,9",slab,"66,3",,"1,6"
E,tot,"3,8",free,"2,2",cache,635,buff,"48,9",slab,"66,3",,"1,6"
E,tot,"3,8",free,"2,2",cache,635,buff,"48,9",slab,"66,3",,"1,6"
E,tot,"3,8",free,"2,2",cache,635,buff,"48,9",slab,"66,3",,"1,6"
E,tot,"3,8",free,"2,2",cache,635,buff,"48,9",slab,"66,3",,"1,6"
E,tot,"3,8",free,"2,2",cache,635,buff,"48,9",slab,"66,3",,"1,6"
E,tot,"3,8",free,"2,2",cache,635,buff,"48,9",slab,"66,3",,"1,6"
E,tot,"3,8",free,"2,2",cache,"635,1",buff,"48,9",slab,"66,3",,"1,6"
E,tot,"3,8",free,"2,2",cache,"635,1",buff,"48,9",slab,"66,3",,"1,6"
E,tot,"3,8",free,"2,2",cache,"635,1",buff,"48,9",slab,"66,3",,"1,6"
E,tot,"3,8",free,"2,2",cache,"635,1",buff,"48,9",slab,"66,3",,"1,6"
E,tot,"3,8",free,"2,2",cache,"635,1",buff,"48,9",slab,"66,3",,"1,6"
E,tot,"3,8",free,"2,2",cache,"635,1",buff,"48,9",slab,"66,3",,"1,6"
E,tot,"3,8",free,"2,2",cache,"635,1",buff,"48,9",slab,"66,3",,"1,6"
E,tot,"3,8",free,"2,2",cache,"635,1",buff,"48,9",slab,"66,3",,"1,6"
E,tot,"3,8",free,"2,2",cache,"635,1",buff,"48,9",slab,"66,3",,"1,6"
E,tot,"3,8",free,"2,2",cache,"635,2",buff,"48,9",slab,"66,3",,"1,6"
E,tot,"3,8",free,"2,2",cache,"635,2",buff,"48,9",slab,"66,3",,"1,6"
E,tot,"3,8",free,"2,2",cache,"635,2",buff,"48,9",slab,"66,3",,"1,6"
E,tot,"3,8",free,"2,2",cache,"635,2",buff,"48,9",slab,"66,3",,"1,6"
E,tot,"3,8",free,"2,2",cache,"635,2",buff,"48,9",slab,"66,3",,"1,6"
E,tot,"3,8",free,"2,2",cache,"635,2",buff,"48,9",slab,"66,3",,"1,6"
E,tot,"3,8",free,"2,2",cache,"635,2",buff,"48,9",slab,"66,3",,"1,6"
,,,,,,,,,,,,
,,,,,,,,,,,média,"1,6"
,,,,,,,,,,,DP,0
