CPU,sys,12,user,34,irq,1,idle,30,wait,23,,46
CPU,sys,35,user,65,irq,0,idle,0,wait,0,,100
CPU,sys,33,user,66,irq,1,idle,0,wait,0,,99
CPU,sys,32,user,67,irq,1,idle,0,wait,0,,99
CPU,sys,35,user,61,irq,4,idle,0,wait,0,,96
CPU,sys,34,user,61,irq,5,idle,0,wait,0,,95
CPU,sys,39,user,60,irq,1,idle,0,wait,0,,99
CPU,sys,34,user,65,irq,1,idle,0,wait,0,,99
CPU,sys,31,user,65,irq,4,idle,0,wait,0,,96
CPU,sys,31,user,66,irq,3,idle,0,wait,0,,97
CPU,sys,34,user,63,irq,3,idle,0,wait,0,,97
CPU,sys,30,user,69,irq,1,idle,0,wait,0,,99
CPU,sys,15,user,62,irq,2,idle,0,wait,21,,77
CPU,sys,9,user,62,irq,0,idle,0,wait,29,,71
CPU,sys,9,user,60,irq,0,idle,0,wait,31,,69
CPU,sys,10,user,59,irq,0,idle,0,wait,31,,69
CPU,sys,12,user,58,irq,1,idle,0,wait,29,,70
CPU,sys,9,user,61,irq,0,idle,0,wait,30,,70
CPU,sys,10,user,63,irq,0,idle,0,wait,27,,73
CPU,sys,10,user,62,irq,0,idle,0,wait,28,,72
CPU,sys,8,user,61,irq,1,idle,0,wait,30,,69
CPU,sys,8,user,59,irq,0,idle,0,wait,33,,67
CPU,sys,12,user,60,irq,0,idle,0,wait,28,,72
CPU,sys,8,user,66,irq,0,idle,0,wait,26,,74
CPU,sys,10,user,63,irq,1,idle,0,wait,26,,73
CPU,sys,13,user,63,irq,0,idle,0,wait,25,,76
CPU,sys,7,user,68,irq,0,idle,0,wait,25,,75
CPU,sys,14,user,60,irq,1,idle,0,wait,25,,74
CPU,sys,8,user,67,irq,0,idle,0,wait,24,,75
CPU,sys,7,user,67,irq,0,idle,0,wait,26,,74
CPU,sys,9,user,65,irq,0,idle,0,wait,26,,74
CPU,sys,7,user,69,irq,1,idle,0,wait,23,,76
CPU,sys,8,user,67,irq,0,idle,0,wait,25,,75
CPU,sys,10,user,66,irq,0,idle,0,wait,24,,76
CPU,sys,12,user,64,irq,1,idle,0,wait,23,,76
CPU,sys,8,user,67,irq,1,idle,0,wait,23,,75
CPU,sys,7,user,68,irq,1,idle,0,wait,24,,75
CPU,sys,10,user,65,irq,1,idle,0,wait,24,,75
CPU,sys,10,user,65,irq,0,idle,0,wait,25,,75
CPU,sys,11,user,66,irq,0,idle,0,wait,23,,77
CPU,sys,8,user,65,irq,0,idle,0,wait,27,,73
CPU,sys,9,user,67,irq,1,idle,0,wait,23,,76
CPU,sys,8,user,64,irq,0,idle,0,wait,28,,72
CPU,sys,11,user,65,irq,1,idle,0,wait,23,,76
CPU,sys,8,user,69,irq,1,idle,0,wait,22,,77
CPU,sys,9,user,68,irq,0,idle,0,wait,22,,77
CPU,sys,8,user,64,irq,0,idle,0,wait,28,,72
CPU,sys,8,user,70,irq,1,idle,0,wait,21,,78
,,,,,,,,,,,,
,,,,,,,,,,,média,"79,3829787234043"
,,,,,,,,,,,DP,"10,6046609758436"
