CPU,sys,12,user,34,irq,1,idle,30,wait,23,,46
CPU,sys,31,user,69,irq,0,idle,0,wait,0,,100
CPU,sys,29,user,70,irq,1,idle,0,wait,0,,99
CPU,sys,31,user,67,irq,2,idle,0,wait,0,,98
CPU,sys,34,user,63,irq,3,idle,0,wait,0,,97
CPU,sys,27,user,69,irq,4,idle,0,wait,0,,96
CPU,sys,42,user,55,irq,2,idle,0,wait,0,,97
CPU,sys,29,user,67,irq,4,idle,0,wait,0,,96
CPU,sys,32,user,65,irq,3,idle,0,wait,0,,97
CPU,sys,29,user,70,irq,1,idle,0,wait,0,,99
CPU,sys,33,user,65,irq,2,idle,0,wait,0,,98
CPU,sys,27,user,69,irq,4,idle,0,wait,0,,96
CPU,sys,25,user,43,irq,2,idle,0,wait,30,,68
CPU,sys,20,user,18,irq,2,idle,0,wait,60,,38
CPU,sys,24,user,20,irq,1,idle,0,wait,55,,44
CPU,sys,23,user,16,irq,2,idle,0,wait,59,,39
CPU,sys,23,user,22,irq,0,idle,0,wait,56,,45
CPU,sys,14,user,19,irq,1,idle,0,wait,66,,33
CPU,sys,16,user,16,irq,3,idle,0,wait,64,,32
CPU,sys,15,user,18,irq,2,idle,0,wait,64,,33
CPU,sys,17,user,18,irq,1,idle,0,wait,64,,35
CPU,sys,16,user,15,irq,1,idle,0,wait,67,,31
CPU,sys,19,user,15,irq,0,idle,0,wait,66,,34
CPU,sys,16,user,14,irq,3,idle,0,wait,66,,30
CPU,sys,18,user,14,irq,2,idle,0,wait,66,,32
CPU,sys,14,user,19,irq,1,idle,0,wait,66,,33
CPU,sys,16,user,19,irq,2,idle,0,wait,62,,35
CPU,sys,16,user,17,irq,2,idle,0,wait,64,,33
CPU,sys,17,user,16,irq,0,idle,0,wait,66,,33
CPU,sys,20,user,17,irq,3,idle,0,wait,60,,37
CPU,sys,16,user,20,irq,2,idle,0,wait,62,,36
CPU,sys,18,user,18,irq,1,idle,0,wait,63,,36
CPU,sys,17,user,20,irq,2,idle,0,wait,61,,37
CPU,sys,19,user,19,irq,1,idle,0,wait,61,,38
CPU,sys,18,user,21,irq,1,idle,0,wait,60,,39
CPU,sys,21,user,14,irq,3,idle,0,wait,62,,35
CPU,sys,19,user,18,irq,2,idle,0,wait,59,,37
CPU,sys,18,user,20,irq,1,idle,0,wait,62,,38
CPU,sys,22,user,17,irq,2,idle,0,wait,59,,39
CPU,sys,17,user,19,irq,2,idle,0,wait,61,,36
CPU,sys,19,user,18,irq,2,idle,0,wait,62,,37
CPU,sys,16,user,22,irq,1,idle,0,wait,61,,38
CPU,sys,21,user,19,irq,2,idle,0,wait,58,,40
CPU,sys,18,user,22,irq,0,idle,0,wait,61,,40
CPU,sys,18,user,19,irq,3,idle,0,wait,60,,37
CPU,sys,18,user,19,irq,1,idle,0,wait,61,,37
CPU,sys,20,user,21,irq,2,idle,0,wait,56,,41
CPU,sys,19,user,21,irq,1,idle,0,wait,59,,40
CPU,sys,19,user,23,irq,1,idle,0,wait,56,,42
CPU,sys,20,user,16,irq,2,idle,0,wait,61,,36
CPU,sys,19,user,18,irq,1,idle,0,wait,62,,37
CPU,sys,19,user,19,irq,1,idle,0,wait,61,,38
CPU,sys,21,user,22,irq,1,idle,0,wait,56,,43
CPU,sys,23,user,18,irq,2,idle,0,wait,57,,41
CPU,sys,24,user,19,irq,2,idle,0,wait,55,,43
CPU,sys,18,user,21,irq,3,idle,0,wait,58,,39
CPU,sys,19,user,21,irq,3,idle,0,wait,56,,40
CPU,sys,19,user,23,irq,2,idle,0,wait,57,,42
,,,,,,,,,,,,
,,,,,,,,,,,média,"49,4736842105263"
,,,,,,,,,,,DP,"24,2745496229795"
