E,tot,"3,8",free,"2,2",cache,"628,5",buff,"48,6",slab,"66,1",,"1,6"
E,tot,"3,8",free,"2,2",cache,"637,4",buff,"48,6",slab,"66,2",,"1,6"
E,tot,"3,8",free,"2,2",cache,"637,5",buff,"48,6",slab,"66,3",,"1,6"
E,tot,"3,8",free,"2,2",cache,"635,8",buff,"48,6",slab,"66,3",,"1,6"
E,tot,"3,8",free,"2,2",cache,"635,8",buff,"48,6",slab,"66,3",,"1,6"
E,tot,"3,8",free,"2,2",cache,"635,8",buff,"48,6",slab,"66,2",,"1,6"
E,tot,"3,8",free,"2,2",cache,"635,3",buff,"48,6",slab,"66,2",,"1,6"
E,tot,"3,8",free,"2,2",cache,"634,6",buff,"48,6",slab,"66,2",,"1,6"
E,tot,"3,8",free,"2,2",cache,"634,6",buff,"48,6",slab,"66,2",,"1,6"
E,tot,"3,8",free,"2,2",cache,"634,6",buff,"48,6",slab,"66,2",,"1,6"
E,tot,"3,8",free,"2,2",cache,"634,6",buff,"48,6",slab,"66,2",,"1,6"
E,tot,"3,8",free,"2,2",cache,"634,6",buff,"48,6",slab,"66,2",,"1,6"
E,tot,"3,8",free,"2,2",cache,"634,6",buff,"48,6",slab,"66,2",,"1,6"
E,tot,"3,8",free,"2,2",cache,"634,7",buff,"48,6",slab,"66,2",,"1,6"
E,tot,"3,8",free,"2,2",cache,"634,7",buff,"48,6",slab,"66,2",,"1,6"
E,tot,"3,8",free,"2,2",cache,"634,7",buff,"48,6",slab,"66,2",,"1,6"
E,tot,"3,8",free,"2,2",cache,"634,7",buff,"48,6",slab,"66,2",,"1,6"
E,tot,"3,8",free,"2,2",cache,"634,7",buff,"48,6",slab,"66,2",,"1,6"
E,tot,"3,8",free,"2,2",cache,"634,7",buff,"48,6",slab,"66,2",,"1,6"
E,tot,"3,8",free,"2,2",cache,"634,7",buff,"48,6",slab,"66,2",,"1,6"
E,tot,"3,8",free,"2,2",cache,"634,7",buff,"48,6",slab,"66,2",,"1,6"
E,tot,"3,8",free,"2,2",cache,"634,7",buff,"48,6",slab,"66,2",,"1,6"
E,tot,"3,8",free,"2,2",cache,"634,8",buff,"48,6",slab,"66,2",,"1,6"
E,tot,"3,8",free,"2,2",cache,"634,8",buff,"48,6",slab,"66,2",,"1,6"
E,tot,"3,8",free,"2,2",cache,"634,8",buff,"48,6",slab,"66,2",,"1,6"
E,tot,"3,8",free,"2,2",cache,"634,8",buff,"48,6",slab,"66,2",,"1,6"
E,tot,"3,8",free,"2,2",cache,"634,8",buff,"48,6",slab,"66,2",,"1,6"
E,tot,"3,8",free,"2,2",cache,"634,8",buff,"48,6",slab,"66,2",,"1,6"
E,tot,"3,8",free,"2,2",cache,"634,8",buff,"48,6",slab,"66,2",,"1,6"
E,tot,"3,8",free,"2,2",cache,"634,8",buff,"48,6",slab,"66,2",,"1,6"
E,tot,"3,8",free,"2,2",cache,"634,8",buff,"48,6",slab,"66,2",,"1,6"
E,tot,"3,8",free,"2,2",cache,"634,9",buff,"48,6",slab,"66,2",,"1,6"
E,tot,"3,8",free,"2,2",cache,"634,9",buff,"48,6",slab,"66,2",,"1,6"
E,tot,"3,8",free,"2,2",cache,"634,9",buff,"48,6",slab,"66,2",,"1,6"
E,tot,"3,8",free,"2,2",cache,"634,9",buff,"48,6",slab,"66,2",,"1,6"
E,tot,"3,8",free,"2,2",cache,"634,9",buff,"48,6",slab,"66,2",,"1,6"
E,tot,"3,8",free,"2,2",cache,"634,9",buff,"48,6",slab,"66,2",,"1,6"
E,tot,"3,8",free,"2,2",cache,"634,9",buff,"48,6",slab,"66,2",,"1,6"
E,tot,"3,8",free,"2,2",cache,"634,9",buff,"48,6",slab,"66,2",,"1,6"
E,tot,"3,8",free,"2,2",cache,"634,9",buff,"48,6",slab,"66,2",,"1,6"
E,tot,"3,8",free,"2,2",cache,635,buff,"48,6",slab,"66,2",,"1,6"
E,tot,"3,8",free,"2,2",cache,635,buff,"48,6",slab,"66,2",,"1,6"
E,tot,"3,8",free,"2,2",cache,635,buff,"48,6",slab,"66,2",,"1,6"
E,tot,"3,8",free,"2,2",cache,635,buff,"48,6",slab,"66,2",,"1,6"
E,tot,"3,8",free,"2,2",cache,635,buff,"48,6",slab,"66,2",,"1,6"
E,tot,"3,8",free,"2,2",cache,635,buff,"48,6",slab,"66,2",,"1,6"
E,tot,"3,8",free,"2,2",cache,635,buff,"48,6",slab,"66,2",,"1,6"
E,tot,"3,8",free,"2,2",cache,"635,2",buff,"48,6",slab,"66,2",,"1,6"
E,tot,"3,8",free,"2,2",cache,"635,2",buff,"48,6",slab,"66,2",,"1,6"
E,tot,"3,8",free,"2,2",cache,"635,2",buff,"48,6",slab,"66,2",,"1,6"
E,tot,"3,8",free,"2,2",cache,"635,2",buff,"48,6",slab,"66,2",,"1,6"
E,tot,"3,8",free,"2,2",cache,"635,2",buff,"48,6",slab,"66,2",,"1,6"
E,tot,"3,8",free,"2,2",cache,"635,2",buff,"48,6",slab,"66,2",,"1,6"
E,tot,"3,8",free,"2,2",cache,"635,2",buff,"48,7",slab,"66,2",,"1,6"
E,tot,"3,8",free,"2,2",cache,"635,2",buff,"48,7",slab,"66,2",,"1,6"
E,tot,"3,8",free,"2,2",cache,"635,3",buff,"48,7",slab,"66,2",,"1,6"
E,tot,"3,8",free,"2,2",cache,"635,3",buff,"48,7",slab,"66,2",,"1,6"
E,tot,"3,8",free,"2,2",cache,"635,3",buff,"48,7",slab,"66,2",,"1,6"
E,tot,"3,8",free,"2,2",cache,"635,3",buff,"48,7",slab,"66,2",,"1,6"
E,tot,"3,8",free,"2,2",cache,"635,3",buff,"48,7",slab,"66,2",,"1,6"
E,tot,"3,8",free,"2,2",cache,"635,3",buff,"48,7",slab,"66,2",,"1,6"
E,tot,"3,8",free,"2,2",cache,"635,3",buff,"48,7",slab,"66,2",,"1,6"
E,tot,"3,8",free,"2,2",cache,"635,3",buff,"48,7",slab,"66,2",,"1,6"
E,tot,"3,8",free,"2,2",cache,"635,3",buff,"48,7",slab,"66,2",,"1,6"
E,tot,"3,8",free,"2,2",cache,"635,4",buff,"48,7",slab,"66,2",,"1,6"
E,tot,"3,8",free,"2,2",cache,"635,4",buff,"48,7",slab,"66,2",,"1,6"
E,tot,"3,8",free,"2,2",cache,"635,4",buff,"48,7",slab,"66,2",,"1,6"
E,tot,"3,8",free,"2,2",cache,"635,4",buff,"48,7",slab,"66,2",,"1,6"
E,tot,"3,8",free,"2,2",cache,"635,4",buff,"48,7",slab,"66,2",,"1,6"
E,tot,"3,8",free,"2,2",cache,"635,4",buff,"48,7",slab,"66,2",,"1,6"
E,tot,"3,8",free,"2,2",cache,"635,4",buff,"48,7",slab,"66,2",,"1,6"
E,tot,"3,8",free,"2,2",cache,631,buff,"48,7",slab,"66,2",,"1,6"
E,tot,"3,8",free,"2,2",cache,631,buff,"48,7",slab,"66,2",,"1,6"
E,tot,"3,8",free,"2,2",cache,631,buff,"48,7",slab,"66,2",,"1,6"
E,tot,"3,8",free,"2,2",cache,631,buff,"48,7",slab,"66,2",,"1,6"
E,tot,"3,8",free,"2,2",cache,631,buff,"48,7",slab,"66,2",,"1,6"
E,tot,"3,8",free,"2,2",cache,"631,1",buff,"48,7",slab,"66,2",,"1,6"
E,tot,"3,8",free,"2,2",cache,"631,1",buff,"48,7",slab,"66,2",,"1,6"
E,tot,"3,8",free,"2,2",cache,"631,1",buff,"48,7",slab,"66,2",,"1,6"
E,tot,"3,8",free,"2,2",cache,"631,1",buff,"48,7",slab,"66,2",,"1,6"
E,tot,"3,8",free,"2,2",cache,"631,1",buff,"48,7",slab,"66,2",,"1,6"
E,tot,"3,8",free,"2,2",cache,"631,1",buff,"48,7",slab,"66,2",,"1,6"
E,tot,"3,8",free,"2,2",cache,"631,1",buff,"48,7",slab,"66,2",,"1,6"
E,tot,"3,8",free,"2,2",cache,"631,1",buff,"48,7",slab,"66,2",,"1,6"
E,tot,"3,8",free,"2,2",cache,"631,1",buff,"48,7",slab,"66,2",,"1,6"
E,tot,"3,8",free,"2,2",cache,"631,2",buff,"48,7",slab,"66,2",,"1,6"
E,tot,"3,8",free,"2,2",cache,"631,2",buff,"48,7",slab,"66,2",,"1,6"
E,tot,"3,8",free,"2,2",cache,"631,2",buff,"48,7",slab,"66,2",,"1,6"
E,tot,"3,8",free,"2,2",cache,"631,2",buff,"48,7",slab,"66,2",,"1,6"
E,tot,"3,8",free,"2,2",cache,"631,2",buff,"48,7",slab,"66,2",,"1,6"
E,tot,"3,8",free,"2,2",cache,"631,2",buff,"48,7",slab,"66,2",,"1,6"
E,tot,"3,8",free,"2,2",cache,"631,2",buff,"48,7",slab,"66,2",,"1,6"
E,tot,"3,8",free,"2,2",cache,"631,2",buff,"48,7",slab,"66,2",,"1,6"
E,tot,"3,8",free,"2,2",cache,"631,2",buff,"48,7",slab,"66,2",,"1,6"
E,tot,"3,8",free,"2,2",cache,"631,3",buff,"48,7",slab,"66,2",,"1,6"
E,tot,"3,8",free,"2,2",cache,"631,3",buff,"48,7",slab,"66,2",,"1,6"
E,tot,"3,8",free,"2,2",cache,"631,3",buff,"48,7",slab,"66,2",,"1,6"
E,tot,"3,8",free,"2,2",cache,"631,3",buff,"48,7",slab,"66,2",,"1,6"
E,tot,"3,8",free,"2,2",cache,"631,3",buff,"48,7",slab,"66,2",,"1,6"
E,tot,"3,8",free,"2,2",cache,"631,3",buff,"48,7",slab,"66,2",,"1,6"
E,tot,"3,8",free,"2,2",cache,"631,3",buff,"48,7",slab,"66,2",,"1,6"
,,,,,,,,,,,,
,,,,,,,,,,,média,"1,6"
,,,,,,,,,,,DP,0
