E,tot,"3,8",free,"2,2",cache,"631,1",buff,"48,8",slab,"66,2",,"1,6"
E,tot,"3,8",free,"2,2",cache,"641,6",buff,"48,8",slab,"66,2",,"1,6"
E,tot,"3,8",free,"2,2",cache,"642,7",buff,"48,8",slab,"66,3",,"1,6"
E,tot,"3,8",free,"2,2",cache,"642,7",buff,"48,8",slab,"66,3",,"1,6"
E,tot,"3,8",free,"2,2",cache,"642,7",buff,"48,8",slab,"66,3",,"1,6"
E,tot,"3,8",free,"2,2",cache,"642,7",buff,"48,8",slab,"66,3",,"1,6"
E,tot,"3,8",free,"2,2",cache,"642,5",buff,"48,8",slab,"66,3",,"1,6"
E,tot,"3,8",free,"2,2",cache,"634,5",buff,"48,8",slab,"66,3",,"1,6"
E,tot,"3,8",free,"2,2",cache,"634,5",buff,"48,8",slab,"66,2",,"1,6"
E,tot,"3,8",free,"2,2",cache,"634,5",buff,"48,8",slab,"66,2",,"1,6"
E,tot,"3,8",free,"2,2",cache,"634,5",buff,"48,8",slab,"66,2",,"1,6"
E,tot,"3,8",free,"2,2",cache,"634,6",buff,"48,8",slab,"66,2",,"1,6"
E,tot,"3,8",free,"2,2",cache,"634,6",buff,"48,8",slab,"66,2",,"1,6"
E,tot,"3,8",free,"2,2",cache,"634,6",buff,"48,8",slab,"66,2",,"1,6"
E,tot,"3,8",free,"2,2",cache,"634,6",buff,"48,8",slab,"66,2",,"1,6"
E,tot,"3,8",free,"2,2",cache,"634,6",buff,"48,8",slab,"66,2",,"1,6"
E,tot,"3,8",free,"2,2",cache,"634,6",buff,"48,8",slab,"66,2",,"1,6"
E,tot,"3,8",free,"2,2",cache,"634,6",buff,"48,8",slab,"66,2",,"1,6"
E,tot,"3,8",free,"2,2",cache,"634,6",buff,"48,8",slab,"66,2",,"1,6"
E,tot,"3,8",free,"2,2",cache,"634,6",buff,"48,8",slab,"66,2",,"1,6"
E,tot,"3,8",free,"2,2",cache,"634,7",buff,"48,8",slab,"66,2",,"1,6"
E,tot,"3,8",free,"2,2",cache,"634,7",buff,"48,8",slab,"66,2",,"1,6"
E,tot,"3,8",free,"2,2",cache,"634,7",buff,"48,8",slab,"66,2",,"1,6"
E,tot,"3,8",free,"2,2",cache,"634,7",buff,"48,8",slab,"66,2",,"1,6"
E,tot,"3,8",free,"2,2",cache,"634,7",buff,"48,8",slab,"66,2",,"1,6"
E,tot,"3,8",free,"2,2",cache,"634,7",buff,"48,8",slab,"66,2",,"1,6"
E,tot,"3,8",free,"2,2",cache,"634,7",buff,"48,8",slab,"66,2",,"1,6"
E,tot,"3,8",free,"2,2",cache,"634,7",buff,"48,8",slab,"66,2",,"1,6"
E,tot,"3,8",free,"2,2",cache,"634,7",buff,"48,8",slab,"66,2",,"1,6"
E,tot,"3,8",free,"2,2",cache,"634,8",buff,"48,8",slab,"66,2",,"1,6"
E,tot,"3,8",free,"2,2",cache,"634,8",buff,"48,8",slab,"66,2",,"1,6"
E,tot,"3,8",free,"2,2",cache,"634,8",buff,"48,8",slab,"66,2",,"1,6"
E,tot,"3,8",free,"2,2",cache,"634,8",buff,"48,8",slab,"66,2",,"1,6"
E,tot,"3,8",free,"2,2",cache,"634,8",buff,"48,8",slab,"66,2",,"1,6"
E,tot,"3,8",free,"2,2",cache,"634,8",buff,"48,8",slab,"66,2",,"1,6"
E,tot,"3,8",free,"2,2",cache,"634,8",buff,"48,8",slab,"66,2",,"1,6"
E,tot,"3,8",free,"2,2",cache,"634,8",buff,"48,8",slab,"66,2",,"1,6"
E,tot,"3,8",free,"2,2",cache,"634,8",buff,"48,8",slab,"66,2",,"1,6"
E,tot,"3,8",free,"2,2",cache,"634,9",buff,"48,8",slab,"66,2",,"1,6"
E,tot,"3,8",free,"2,2",cache,"634,9",buff,"48,8",slab,"66,2",,"1,6"
E,tot,"3,8",free,"2,2",cache,"634,9",buff,"48,8",slab,"66,2",,"1,6"
E,tot,"3,8",free,"2,2",cache,"634,9",buff,"48,8",slab,"66,2",,"1,6"
E,tot,"3,8",free,"2,2",cache,"634,9",buff,"48,8",slab,"66,2",,"1,6"
E,tot,"3,8",free,"2,2",cache,"634,9",buff,"48,8",slab,"66,2",,"1,6"
E,tot,"3,8",free,"2,2",cache,"634,9",buff,"48,8",slab,"66,2",,"1,6"
E,tot,"3,8",free,"2,2",cache,"634,9",buff,"48,8",slab,"66,2",,"1,6"
E,tot,"3,8",free,"2,2",cache,"634,9",buff,"48,8",slab,"66,2",,"1,6"
E,tot,"3,8",free,"2,2",cache,635,buff,"48,8",slab,"66,2",,"1,6"
,,,,,,,,,,,,
,,,,,,,,,,,média,"1,6"
,,,,,,,,,,,DP,0
