MEM | tot     3.8G | free    2.2G | cache 629.6M | buff   46.5M | slab   65.5M |
MEM | tot     3.8G | free    2.2G | cache 637.0M | buff   46.5M | slab   65.6M |
MEM | tot     3.8G | free    2.2G | cache 643.6M | buff   46.5M | slab   65.6M |
MEM | tot     3.8G | free    2.2G | cache 643.6M | buff   46.5M | slab   65.6M |
MEM | tot     3.8G | free    2.2G | cache 643.7M | buff   46.5M | slab   65.6M |
MEM | tot     3.8G | free    2.2G | cache 643.7M | buff   46.5M | slab   65.6M |
MEM | tot     3.8G | free    2.2G | cache 643.7M | buff   46.5M | slab   65.6M |
