MEM | tot     3.8G | free    2.2G | cache 625.2M | buff   46.5M | slab   65.4M |
MEM | tot     3.8G | free    2.2G | cache 630.9M | buff   46.5M | slab   65.5M |
MEM | tot     3.8G | free    2.2G | cache 638.3M | buff   46.5M | slab   65.6M |
MEM | tot     3.8G | free    2.2G | cache 638.3M | buff   46.5M | slab   65.6M |
MEM | tot     3.8G | free    2.2G | cache 638.3M | buff   46.5M | slab   65.6M |
MEM | tot     3.8G | free    2.2G | cache 638.3M | buff   46.5M | slab   65.6M |
MEM | tot     3.8G | free    2.2G | cache 637.8M | buff   46.5M | slab   65.6M |
MEM | tot     3.8G | free    2.2G | cache 637.1M | buff   46.5M | slab   65.6M |
MEM | tot     3.8G | free    2.2G | cache 637.1M | buff   46.5M | slab   65.6M |
MEM | tot     3.8G | free    2.2G | cache 637.1M | buff   46.5M | slab   65.6M |
MEM | tot     3.8G | free    2.2G | cache 637.1M | buff   46.5M | slab   65.6M |
MEM | tot     3.8G | free    2.2G | cache 637.1M | buff   46.5M | slab   65.6M |
MEM | tot     3.8G | free    2.2G | cache 637.1M | buff   46.5M | slab   65.6M |
MEM | tot     3.8G | free    2.2G | cache 637.1M | buff   46.5M | slab   65.6M |
MEM | tot     3.8G | free    2.2G | cache 637.1M | buff   46.5M | slab   65.6M |
MEM | tot     3.8G | free    2.2G | cache 637.1M | buff   46.5M | slab   65.6M |
MEM | tot     3.8G | free    2.2G | cache 637.2M | buff   46.5M | slab   65.6M |
MEM | tot     3.8G | free    2.2G | cache 637.2M | buff   46.5M | slab   65.6M |
MEM | tot     3.8G | free    2.2G | cache 637.2M | buff   46.5M | slab   65.6M |
MEM | tot     3.8G | free    2.2G | cache 637.2M | buff   46.5M | slab   65.6M |
MEM | tot     3.8G | free    2.2G | cache 637.2M | buff   46.5M | slab   65.6M |
MEM | tot     3.8G | free    2.2G | cache 637.2M | buff   46.5M | slab   65.6M |
MEM | tot     3.8G | free    2.2G | cache 637.2M | buff   46.5M | slab   65.6M |
MEM | tot     3.8G | free    2.2G | cache 637.2M | buff   46.5M | slab   65.6M |
MEM | tot     3.8G | free    2.2G | cache 637.3M | buff   46.5M | slab   65.6M |
MEM | tot     3.8G | free    2.2G | cache 637.3M | buff   46.5M | slab   65.6M |
MEM | tot     3.8G | free    2.2G | cache 637.3M | buff   46.5M | slab   65.6M |
MEM | tot     3.8G | free    2.2G | cache 637.3M | buff   46.5M | slab   65.6M |
MEM | tot     3.8G | free    2.2G | cache 637.3M | buff   46.5M | slab   65.6M |
MEM | tot     3.8G | free    2.2G | cache 637.3M | buff   46.5M | slab   65.6M |
MEM | tot     3.8G | free    2.2G | cache 637.3M | buff   46.5M | slab   65.6M |
MEM | tot     3.8G | free    2.2G | cache 637.3M | buff   46.5M | slab   65.6M |
MEM | tot     3.8G | free    2.2G | cache 637.3M | buff   46.5M | slab   65.6M |
MEM | tot     3.8G | free    2.2G | cache 637.4M | buff   46.5M | slab   65.6M |
MEM | tot     3.8G | free    2.2G | cache 637.4M | buff   46.5M | slab   65.6M |
MEM | tot     3.8G | free    2.2G | cache 637.4M | buff   46.5M | slab   65.6M |
MEM | tot     3.8G | free    2.2G | cache 637.4M | buff   46.5M | slab   65.6M |
MEM | tot     3.8G | free    2.2G | cache 637.4M | buff   46.5M | slab   65.6M |
