MEM | tot     3.8G | free    2.2G | cache 629.6M | buff   46.5M | slab   65.5M |
MEM | tot     3.8G | free    2.2G | cache 638.6M | buff   46.5M | slab   65.6M |
MEM | tot     3.8G | free    2.2G | cache 643.4M | buff   46.5M | slab   65.6M |
MEM | tot     3.8G | free    2.2G | cache 643.4M | buff   46.5M | slab   65.6M |
MEM | tot     3.8G | free    2.2G | cache 643.4M | buff   46.6M | slab   65.6M |
MEM | tot     3.8G | free    2.2G | cache 643.5M | buff   46.6M | slab   65.6M |
MEM | tot     3.8G | free    2.2G | cache 643.2M | buff   46.6M | slab   65.6M |
MEM | tot     3.8G | free    2.2G | cache 633.1M | buff   46.6M | slab   65.6M |
MEM | tot     3.8G | free    2.2G | cache 633.1M | buff   46.6M | slab   65.6M |
MEM | tot     3.8G | free    2.2G | cache 633.1M | buff   46.6M | slab   65.6M |
MEM | tot     3.8G | free    2.2G | cache 633.2M | buff   46.6M | slab   65.6M |
MEM | tot     3.8G | free    2.2G | cache 633.2M | buff   46.6M | slab   65.6M |
MEM | tot     3.8G | free    2.2G | cache 633.2M | buff   46.6M | slab   65.6M |
MEM | tot     3.8G | free    2.2G | cache 633.2M | buff   46.6M | slab   65.6M |
MEM | tot     3.8G | free    2.2G | cache 633.2M | buff   46.6M | slab   65.6M |
MEM | tot     3.8G | free    2.2G | cache 633.2M | buff   46.6M | slab   65.6M |
MEM | tot     3.8G | free    2.2G | cache 633.2M | buff   46.6M | slab   65.6M |
MEM | tot     3.8G | free    2.2G | cache 633.2M | buff   46.6M | slab   65.6M |
MEM | tot     3.8G | free    2.2G | cache 633.2M | buff   46.6M | slab   65.6M |
MEM | tot     3.8G | free    2.2G | cache 633.3M | buff   46.6M | slab   65.6M |
MEM | tot     3.8G | free    2.2G | cache 633.3M | buff   46.6M | slab   65.6M |
MEM | tot     3.8G | free    2.2G | cache 633.3M | buff   46.6M | slab   65.6M |
MEM | tot     3.8G | free    2.2G | cache 633.3M | buff   46.6M | slab   65.6M |
MEM | tot     3.8G | free    2.2G | cache 633.3M | buff   46.6M | slab   65.6M |
