MEM | tot     3.8G | free    2.2G | cache 629.6M | buff   46.5M | slab   65.5M |
MEM | tot     3.8G | free    2.2G | cache 641.1M | buff   46.5M | slab   65.5M |
MEM | tot     3.8G | free    2.2G | cache 641.2M | buff   46.5M | slab   65.5M |
MEM | tot     3.8G | free    2.2G | cache 641.2M | buff   46.5M | slab   65.6M |
MEM | tot     3.8G | free    2.2G | cache 641.2M | buff   46.5M | slab   65.6M |
MEM | tot     3.8G | free    2.2G | cache 641.2M | buff   46.5M | slab   65.6M |
MEM | tot     3.8G | free    2.2G | cache 640.5M | buff   46.5M | slab   65.6M |
MEM | tot     3.8G | free    2.2G | cache 633.0M | buff   46.5M | slab   65.5M |
MEM | tot     3.8G | free    2.2G | cache 633.0M | buff   46.5M | slab   65.5M |
MEM | tot     3.8G | free    2.2G | cache 633.0M | buff   46.5M | slab   65.5M |
MEM | tot     3.8G | free    2.2G | cache 633.0M | buff   46.5M | slab   65.5M |
MEM | tot     3.8G | free    2.2G | cache 633.0M | buff   46.5M | slab   65.5M |
MEM | tot     3.8G | free    2.2G | cache 633.0M | buff   46.5M | slab   65.5M |
MEM | tot     3.8G | free    2.2G | cache 633.0M | buff   46.5M | slab   65.5M |
MEM | tot     3.8G | free    2.2G | cache 633.1M | buff   46.5M | slab   65.5M |
MEM | tot     3.8G | free    2.2G | cache 633.1M | buff   46.5M | slab   65.5M |
MEM | tot     3.8G | free    2.2G | cache 633.1M | buff   46.5M | slab   65.5M |
