CPU,sys,12,user,35,irq,1,idle,29,wait,23,,47
CPU,sys,36,user,64,irq,0,idle,0,wait,0,,100
CPU,sys,24,user,74,irq,2,idle,0,wait,0,,98
CPU,sys,31,user,66,irq,3,idle,0,wait,0,,97
CPU,sys,29,user,67,irq,4,idle,0,wait,0,,96
CPU,sys,29,user,69,irq,2,idle,0,wait,0,,98
CPU,sys,39,user,59,irq,2,idle,0,wait,0,,98
CPU,sys,31,user,58,irq,2,idle,0,wait,9,,89
CPU,sys,31,user,32,irq,4,idle,0,wait,32,,63
CPU,sys,21,user,21,irq,2,idle,0,wait,55,,42
CPU,sys,27,user,15,irq,2,idle,0,wait,56,,42
CPU,sys,27,user,28,irq,2,idle,0,wait,43,,55
CPU,sys,29,user,23,irq,2,idle,0,wait,46,,52
CPU,sys,24,user,19,irq,3,idle,0,wait,54,,43
CPU,sys,20,user,21,irq,2,idle,0,wait,57,,41
CPU,sys,23,user,23,irq,4,idle,0,wait,50,,46
CPU,sys,18,user,22,irq,1,idle,0,wait,59,,40
CPU,sys,21,user,20,irq,3,idle,0,wait,56,,41
CPU,sys,24,user,23,irq,1,idle,0,wait,53,,47
CPU,sys,26,user,19,irq,2,idle,0,wait,53,,45
CPU,sys,25,user,26,irq,3,idle,0,wait,45,,51
CPU,sys,24,user,26,irq,3,idle,0,wait,47,,50
CPU,sys,23,user,27,irq,1,idle,0,wait,49,,50
CPU,sys,18,user,21,irq,4,idle,0,wait,57,,39
,,,,,,,,,,,,
,,,,,,,,,,,média,"61,8695652173913"
,,,,,,,,,,,DP,"24,1459658739134"
