E,tot,"3,8",free,"2,2",cache,"629,6",buff,"46,5",slab,"65,5",,"1,6"
E,tot,"3,8",free,"2,2",cache,"641,1",buff,"46,5",slab,"65,5",,"1,6"
E,tot,"3,8",free,"2,2",cache,"641,2",buff,"46,5",slab,"65,5",,"1,6"
E,tot,"3,8",free,"2,2",cache,"641,2",buff,"46,5",slab,"65,6",,"1,6"
E,tot,"3,8",free,"2,2",cache,"641,2",buff,"46,5",slab,"65,6",,"1,6"
E,tot,"3,8",free,"2,2",cache,"641,2",buff,"46,5",slab,"65,6",,"1,6"
E,tot,"3,8",free,"2,2",cache,"640,5",buff,"46,5",slab,"65,6",,"1,6"
E,tot,"3,8",free,"2,2",cache,633,buff,"46,5",slab,"65,5",,"1,6"
E,tot,"3,8",free,"2,2",cache,633,buff,"46,5",slab,"65,5",,"1,6"
E,tot,"3,8",free,"2,2",cache,633,buff,"46,5",slab,"65,5",,"1,6"
E,tot,"3,8",free,"2,2",cache,633,buff,"46,5",slab,"65,5",,"1,6"
E,tot,"3,8",free,"2,2",cache,633,buff,"46,5",slab,"65,5",,"1,6"
E,tot,"3,8",free,"2,2",cache,633,buff,"46,5",slab,"65,5",,"1,6"
E,tot,"3,8",free,"2,2",cache,633,buff,"46,5",slab,"65,5",,"1,6"
E,tot,"3,8",free,"2,2",cache,"633,1",buff,"46,5",slab,"65,5",,"1,6"
E,tot,"3,8",free,"2,2",cache,"633,1",buff,"46,5",slab,"65,5",,"1,6"
E,tot,"3,8",free,"2,2",cache,"633,1",buff,"46,5",slab,"65,5",,"1,6"
,,,,,,,,,,,,
,,,,,,,,,,,média,"1,6"
,,,,,,,,,,,DP,0
