CPU,sys,12,user,35,irq,1,idle,29,wait,23,,47
CPU,sys,29,user,70,irq,1,idle,0,wait,0,,99
CPU,sys,29,user,69,irq,2,idle,0,wait,0,,98
CPU,sys,37,user,61,irq,2,idle,0,wait,0,,98
CPU,sys,37,user,61,irq,2,idle,0,wait,0,,98
CPU,sys,33,user,66,irq,1,idle,0,wait,0,,99
CPU,sys,32,user,64,irq,4,idle,0,wait,0,,96
CPU,sys,20,user,39,irq,0,idle,0,wait,40,,59
CPU,sys,11,user,33,irq,0,idle,0,wait,56,,44
CPU,sys,10,user,70,irq,1,idle,0,wait,19,,80
CPU,sys,14,user,68,irq,0,idle,0,wait,18,,82
CPU,sys,16,user,67,irq,0,idle,0,wait,16,,83
CPU,sys,15,user,66,irq,2,idle,0,wait,16,,81
CPU,sys,17,user,67,irq,0,idle,0,wait,16,,84
CPU,sys,16,user,67,irq,1,idle,0,wait,15,,83
CPU,sys,10,user,73,irq,2,idle,0,wait,14,,83
CPU,sys,13,user,71,irq,1,idle,0,wait,14,,84
,,,,,,,,,,,,
,,,,,,,,,,,média,"84,4375"
,,,,,,,,,,,DP,"15,1348108676653"
