E,tot,"3,8",free,"2,2",cache,"625,2",buff,"46,5",slab,"65,4",,"1,6"
E,tot,"3,8",free,"2,2",cache,"630,9",buff,"46,5",slab,"65,5",,"1,6"
E,tot,"3,8",free,"2,2",cache,"638,3",buff,"46,5",slab,"65,6",,"1,6"
E,tot,"3,8",free,"2,2",cache,"638,3",buff,"46,5",slab,"65,6",,"1,6"
E,tot,"3,8",free,"2,2",cache,"638,3",buff,"46,5",slab,"65,6",,"1,6"
E,tot,"3,8",free,"2,2",cache,"638,3",buff,"46,5",slab,"65,6",,"1,6"
E,tot,"3,8",free,"2,2",cache,"637,8",buff,"46,5",slab,"65,6",,"1,6"
E,tot,"3,8",free,"2,2",cache,"637,1",buff,"46,5",slab,"65,6",,"1,6"
E,tot,"3,8",free,"2,2",cache,"637,1",buff,"46,5",slab,"65,6",,"1,6"
E,tot,"3,8",free,"2,2",cache,"637,1",buff,"46,5",slab,"65,6",,"1,6"
E,tot,"3,8",free,"2,2",cache,"637,1",buff,"46,5",slab,"65,6",,"1,6"
E,tot,"3,8",free,"2,2",cache,"637,1",buff,"46,5",slab,"65,6",,"1,6"
E,tot,"3,8",free,"2,2",cache,"637,1",buff,"46,5",slab,"65,6",,"1,6"
E,tot,"3,8",free,"2,2",cache,"637,1",buff,"46,5",slab,"65,6",,"1,6"
E,tot,"3,8",free,"2,2",cache,"637,1",buff,"46,5",slab,"65,6",,"1,6"
E,tot,"3,8",free,"2,2",cache,"637,1",buff,"46,5",slab,"65,6",,"1,6"
E,tot,"3,8",free,"2,2",cache,"637,2",buff,"46,5",slab,"65,6",,"1,6"
E,tot,"3,8",free,"2,2",cache,"637,2",buff,"46,5",slab,"65,6",,"1,6"
E,tot,"3,8",free,"2,2",cache,"637,2",buff,"46,5",slab,"65,6",,"1,6"
E,tot,"3,8",free,"2,2",cache,"637,2",buff,"46,5",slab,"65,6",,"1,6"
E,tot,"3,8",free,"2,2",cache,"637,2",buff,"46,5",slab,"65,6",,"1,6"
E,tot,"3,8",free,"2,2",cache,"637,2",buff,"46,5",slab,"65,6",,"1,6"
E,tot,"3,8",free,"2,2",cache,"637,2",buff,"46,5",slab,"65,6",,"1,6"
E,tot,"3,8",free,"2,2",cache,"637,2",buff,"46,5",slab,"65,6",,"1,6"
E,tot,"3,8",free,"2,2",cache,"637,3",buff,"46,5",slab,"65,6",,"1,6"
E,tot,"3,8",free,"2,2",cache,"637,3",buff,"46,5",slab,"65,6",,"1,6"
E,tot,"3,8",free,"2,2",cache,"637,3",buff,"46,5",slab,"65,6",,"1,6"
E,tot,"3,8",free,"2,2",cache,"637,3",buff,"46,5",slab,"65,6",,"1,6"
E,tot,"3,8",free,"2,2",cache,"637,3",buff,"46,5",slab,"65,6",,"1,6"
E,tot,"3,8",free,"2,2",cache,"637,3",buff,"46,5",slab,"65,6",,"1,6"
E,tot,"3,8",free,"2,2",cache,"637,3",buff,"46,5",slab,"65,6",,"1,6"
E,tot,"3,8",free,"2,2",cache,"637,3",buff,"46,5",slab,"65,6",,"1,6"
E,tot,"3,8",free,"2,2",cache,"637,3",buff,"46,5",slab,"65,6",,"1,6"
E,tot,"3,8",free,"2,2",cache,"637,4",buff,"46,5",slab,"65,6",,"1,6"
E,tot,"3,8",free,"2,2",cache,"637,4",buff,"46,5",slab,"65,6",,"1,6"
E,tot,"3,8",free,"2,2",cache,"637,4",buff,"46,5",slab,"65,6",,"1,6"
E,tot,"3,8",free,"2,2",cache,"637,4",buff,"46,5",slab,"65,6",,"1,6"
E,tot,"3,8",free,"2,2",cache,"637,4",buff,"46,5",slab,"65,6",,"1,6"
,,,,,,,,,,,,
,,,,,,,,,,,média,"1,6"
,,,,,,,,,,,DP,0
