CPU,sys,12,user,35,irq,1,idle,29,wait,23,,47
CPU,sys,39,user,61,irq,0,idle,0,wait,0,,100
CPU,sys,29,user,52,irq,0,idle,0,wait,19,,81
CPU,sys,24,user,37,irq,3,idle,0,wait,36,,61
CPU,sys,25,user,28,irq,2,idle,0,wait,45,,53
CPU,sys,34,user,42,irq,3,idle,0,wait,20,,76
CPU,sys,26,user,34,irq,3,idle,0,wait,36,,60
CPU,sys,26,user,23,irq,3,idle,0,wait,48,,49
CPU,sys,22,user,26,irq,2,idle,0,wait,51,,48
CPU,sys,25,user,24,irq,3,idle,0,wait,48,,49
CPU,sys,22,user,30,irq,3,idle,0,wait,45,,52
CPU,sys,22,user,32,irq,1,idle,0,wait,45,,54
CPU,sys,20,user,34,irq,0,idle,0,wait,45,,54
CPU,sys,17,user,34,irq,4,idle,0,wait,45,,51
CPU,sys,22,user,28,irq,2,idle,0,wait,48,,50
CPU,sys,18,user,32,irq,2,idle,0,wait,48,,50
CPU,sys,22,user,33,irq,2,idle,0,wait,44,,55
CPU,sys,21,user,32,irq,2,idle,0,wait,45,,53
CPU,sys,23,user,32,irq,3,idle,0,wait,42,,55
CPU,sys,24,user,29,irq,3,idle,0,wait,43,,53
CPU,sys,22,user,28,irq,2,idle,0,wait,48,,50
CPU,sys,23,user,28,irq,1,idle,0,wait,47,,51
CPU,sys,21,user,31,irq,3,idle,0,wait,43,,52
CPU,sys,17,user,32,irq,2,idle,0,wait,49,,49
CPU,sys,17,user,34,irq,1,idle,0,wait,48,,51
CPU,sys,21,user,34,irq,2,idle,0,wait,43,,55
CPU,sys,22,user,30,irq,1,idle,0,wait,47,,52
CPU,sys,19,user,36,irq,1,idle,0,wait,44,,55
CPU,sys,22,user,32,irq,2,idle,0,wait,44,,54
CPU,sys,22,user,35,irq,2,idle,0,wait,41,,57
CPU,sys,19,user,37,irq,1,idle,0,wait,43,,56
CPU,sys,22,user,32,irq,1,idle,0,wait,45,,54
CPU,sys,26,user,32,irq,3,idle,0,wait,40,,58
CPU,sys,25,user,29,irq,1,idle,0,wait,45,,54
CPU,sys,20,user,35,irq,2,idle,0,wait,43,,55
CPU,sys,21,user,32,irq,0,idle,0,wait,47,,53
CPU,sys,19,user,38,irq,2,idle,0,wait,40,,57
CPU,sys,20,user,33,irq,3,idle,0,wait,44,,53
,,,,,,,,,,,,
,,,,,,,,,,,média,"55,9459459459459"
,,,,,,,,,,,DP,"9,8881128014791"
