MEM | tot     3.8G | free  938.5M | cache   1.5G | buff   70.3M | slab  103.1M |
MEM | numnode    1 | shmem  57.3M | shrss  26.2M | tcpsk   0.0M | udpsk   0.0M |
MEM | tot     3.8G | free  928.6M | cache   1.5G | buff   70.3M | slab  103.1M |
MEM | numnode    1 | shmem  57.3M | shrss  26.2M | tcpsk   0.0M | udpsk   0.0M |
MEM | tot     3.8G | free  926.2M | cache   1.5G | buff   70.3M | slab  103.1M |
MEM | numnode    1 | shmem  57.3M | shrss  26.2M | tcpsk   0.0M | udpsk   0.0M |
MEM | tot     3.8G | free  926.6M | cache   1.5G | buff   70.3M | slab  103.2M |
MEM | numnode    1 | shmem  57.3M | shrss  26.2M | tcpsk   0.0M | udpsk   0.0M |
