MEM | tot     3.8G | free  937.1M | cache   1.6G | buff   70.3M | slab  103.1M |
MEM | numnode    1 | shmem  59.6M | shrss  26.2M | tcpsk   0.0M | udpsk   0.0M |
MEM | tot     3.8G | free  927.4M | cache   1.6G | buff   70.3M | slab  103.1M |
MEM | numnode    1 | shmem  59.6M | shrss  26.2M | tcpsk   0.0M | udpsk   0.0M |
MEM | tot     3.8G | free  926.9M | cache   1.5G | buff   70.3M | slab  103.1M |
MEM | numnode    1 | shmem  58.1M | shrss  26.2M | tcpsk   0.0M | udpsk   0.0M |
MEM | tot     3.8G | free  928.1M | cache   1.5G | buff   70.3M | slab  103.1M |
MEM | numnode    1 | shmem  58.1M | shrss  26.2M | tcpsk   0.0M | udpsk   0.0M |
