MEM | tot     3.8G | free    2.2G | cache 627.8M | buff   39.0M | slab   64.9M |
MEM | tot     3.8G | free    2.2G | cache 638.9M | buff   39.0M | slab   65.1M |
MEM | tot     3.8G | free    2.2G | cache 645.7M | buff   39.0M | slab   65.2M |
MEM | tot     3.8G | free    2.2G | cache 645.7M | buff   39.0M | slab   65.2M |
MEM | tot     3.8G | free    2.2G | cache 645.8M | buff   39.0M | slab   65.2M |
MEM | tot     3.8G | free    2.2G | cache 645.8M | buff   39.0M | slab   65.2M |
MEM | tot     3.8G | free    2.2G | cache 645.8M | buff   39.0M | slab   65.3M |
MEM | tot     3.8G | free    2.2G | cache 635.6M | buff   39.0M | slab   65.2M |
MEM | tot     3.8G | free    2.2G | cache 635.6M | buff   39.0M | slab   65.2M |
MEM | tot     3.8G | free    2.2G | cache 635.6M | buff   39.0M | slab   65.2M |
MEM | tot     3.8G | free    2.2G | cache 635.6M | buff   39.0M | slab   65.2M |
MEM | tot     3.8G | free    2.2G | cache 635.6M | buff   39.0M | slab   65.2M |
MEM | tot     3.8G | free    2.2G | cache 635.6M | buff   39.0M | slab   65.2M |
MEM | tot     3.8G | free    2.2G | cache 635.6M | buff   39.0M | slab   65.2M |
MEM | tot     3.8G | free    2.2G | cache 635.6M | buff   39.0M | slab   65.2M |
MEM | tot     3.8G | free    2.2G | cache 635.6M | buff   39.0M | slab   65.2M |
MEM | tot     3.8G | free    2.2G | cache 635.6M | buff   39.0M | slab   65.2M |
MEM | tot     3.8G | free    2.2G | cache 635.6M | buff   39.0M | slab   65.2M |
MEM | tot     3.8G | free    2.2G | cache 635.7M | buff   39.0M | slab   65.2M |
MEM | tot     3.8G | free    2.2G | cache 635.7M | buff   39.0M | slab   65.2M |
MEM | tot     3.8G | free    2.2G | cache 635.7M | buff   39.0M | slab   65.2M |
