MEM | tot     3.8G | free    2.2G | cache 632.2M | buff   39.0M | slab   65.1M |
MEM | tot     3.8G | free    2.2G | cache 637.2M | buff   39.0M | slab   65.2M |
MEM | tot     3.8G | free    2.2G | cache 643.2M | buff   39.0M | slab   65.2M |
MEM | tot     3.8G | free    2.2G | cache 643.2M | buff   39.0M | slab   65.2M |
MEM | tot     3.8G | free    2.2G | cache 643.3M | buff   39.0M | slab   65.2M |
MEM | tot     3.8G | free    2.2G | cache 643.3M | buff   39.0M | slab   65.2M |
MEM | tot     3.8G | free    2.2G | cache 643.0M | buff   39.0M | slab   65.3M |
MEM | tot     3.8G | free    2.2G | cache 635.6M | buff   39.0M | slab   65.3M |
MEM | tot     3.8G | free    2.2G | cache 635.6M | buff   39.0M | slab   65.2M |
MEM | tot     3.8G | free    2.2G | cache 635.6M | buff   39.0M | slab   65.2M |
MEM | tot     3.8G | free    2.2G | cache 635.6M | buff   39.0M | slab   65.2M |
MEM | tot     3.8G | free    2.2G | cache 635.6M | buff   39.0M | slab   65.2M |
MEM | tot     3.8G | free    2.2G | cache 635.6M | buff   39.0M | slab   65.2M |
MEM | tot     3.8G | free    2.2G | cache 635.6M | buff   39.0M | slab   65.2M |
MEM | tot     3.8G | free    2.2G | cache 635.6M | buff   39.0M | slab   65.2M |
MEM | tot     3.8G | free    2.2G | cache 635.6M | buff   39.0M | slab   65.2M |
MEM | tot     3.8G | free    2.2G | cache 635.7M | buff   39.0M | slab   65.2M |
MEM | tot     3.8G | free    2.2G | cache 635.7M | buff   39.0M | slab   65.2M |
MEM | tot     3.8G | free    2.2G | cache 635.7M | buff   39.0M | slab   65.2M |
MEM | tot     3.8G | free    2.2G | cache 635.7M | buff   39.0M | slab   65.2M |
MEM | tot     3.8G | free    2.2G | cache 635.7M | buff   39.0M | slab   65.2M |
MEM | tot     3.8G | free    2.2G | cache 635.7M | buff   39.0M | slab   65.2M |
MEM | tot     3.8G | free    2.2G | cache 635.7M | buff   39.0M | slab   65.2M |
MEM | tot     3.8G | free    2.2G | cache 635.7M | buff   39.0M | slab   65.2M |
MEM | tot     3.8G | free    2.2G | cache 635.7M | buff   39.0M | slab   65.2M |
MEM | tot     3.8G | free    2.2G | cache 635.8M | buff   39.0M | slab   65.2M |
MEM | tot     3.8G | free    2.2G | cache 635.8M | buff   39.1M | slab   65.2M |
MEM | tot     3.8G | free    2.2G | cache 635.8M | buff   39.1M | slab   65.2M |
MEM | tot     3.8G | free    2.2G | cache 635.8M | buff   39.1M | slab   65.2M |
MEM | tot     3.8G | free    2.2G | cache 635.8M | buff   39.1M | slab   65.2M |
MEM | tot     3.8G | free    2.2G | cache 635.8M | buff   39.1M | slab   65.2M |
MEM | tot     3.8G | free    2.2G | cache 635.8M | buff   39.1M | slab   65.2M |
MEM | tot     3.8G | free    2.2G | cache 635.8M | buff   39.1M | slab   65.2M |
MEM | tot     3.8G | free    2.2G | cache 635.8M | buff   39.1M | slab   65.2M |
MEM | tot     3.8G | free    2.2G | cache 635.9M | buff   39.1M | slab   65.2M |
MEM | tot     3.8G | free    2.2G | cache 635.9M | buff   39.1M | slab   65.2M |
MEM | tot     3.8G | free    2.2G | cache 635.9M | buff   39.1M | slab   65.2M |
MEM | tot     3.8G | free    2.2G | cache 635.9M | buff   39.1M | slab   65.2M |
MEM | tot     3.8G | free    2.2G | cache 635.9M | buff   39.1M | slab   65.2M |
MEM | tot     3.8G | free    2.2G | cache 635.9M | buff   39.1M | slab   65.2M |
MEM | tot     3.8G | free    2.2G | cache 635.9M | buff   39.1M | slab   65.2M |
MEM | tot     3.8G | free    2.2G | cache 635.9M | buff   39.1M | slab   65.2M |
MEM | tot     3.8G | free    2.2G | cache 635.9M | buff   39.1M | slab   65.2M |
MEM | tot     3.8G | free    2.2G | cache 636.0M | buff   39.1M | slab   65.2M |
MEM | tot     3.8G | free    2.2G | cache 636.0M | buff   39.1M | slab   65.2M |
MEM | tot     3.8G | free    2.2G | cache 636.0M | buff   39.1M | slab   65.2M |
MEM | tot     3.8G | free    2.2G | cache 636.0M | buff   39.1M | slab   65.2M |
MEM | tot     3.8G | free    2.2G | cache 636.0M | buff   39.1M | slab   65.2M |
MEM | tot     3.8G | free    2.2G | cache 636.0M | buff   39.1M | slab   65.2M |
MEM | tot     3.8G | free    2.2G | cache 636.0M | buff   39.1M | slab   65.2M |
MEM | tot     3.8G | free    2.2G | cache 636.0M | buff   39.1M | slab   65.2M |
MEM | tot     3.8G | free    2.2G | cache 636.1M | buff   39.1M | slab   65.2M |
MEM | tot     3.8G | free    2.2G | cache 636.1M | buff   39.1M | slab   65.2M |
MEM | tot     3.8G | free    2.2G | cache 636.1M | buff   39.1M | slab   65.2M |
MEM | tot     3.8G | free    2.2G | cache 636.1M | buff   39.1M | slab   65.2M |
MEM | tot     3.8G | free    2.2G | cache 636.1M | buff   39.1M | slab   65.2M |
MEM | tot     3.8G | free    2.2G | cache 636.1M | buff   39.1M | slab   65.2M |
MEM | tot     3.8G | free    2.2G | cache 636.1M | buff   39.1M | slab   65.2M |
MEM | tot     3.8G | free    2.2G | cache 636.1M | buff   39.1M | slab   65.2M |
MEM | tot     3.8G | free    2.2G | cache 636.1M | buff   39.1M | slab   65.2M |
MEM | tot     3.8G | free    2.2G | cache 636.2M | buff   39.1M | slab   65.2M |
MEM | tot     3.8G | free    2.2G | cache 636.2M | buff   39.1M | slab   65.2M |
MEM | tot     3.8G | free    2.2G | cache 636.2M | buff   39.1M | slab   65.2M |
MEM | tot     3.8G | free    2.2G | cache 636.2M | buff   39.1M | slab   65.2M |
MEM | tot     3.8G | free    2.2G | cache 636.2M | buff   39.1M | slab   65.2M |
MEM | tot     3.8G | free    2.2G | cache 636.2M | buff   39.1M | slab   65.2M |
MEM | tot     3.8G | free    2.2G | cache 636.2M | buff   39.1M | slab   65.2M |
MEM | tot     3.8G | free    2.2G | cache 636.2M | buff   39.1M | slab   65.2M |
MEM | tot     3.8G | free    2.2G | cache 636.2M | buff   39.1M | slab   65.2M |
MEM | tot     3.8G | free    2.2G | cache 636.3M | buff   39.1M | slab   65.2M |
MEM | tot     3.8G | free    2.2G | cache 636.3M | buff   39.1M | slab   65.2M |
MEM | tot     3.8G | free    2.2G | cache 632.0M | buff   39.1M | slab   65.2M |
MEM | tot     3.8G | free    2.2G | cache 632.0M | buff   39.1M | slab   65.2M |
MEM | tot     3.8G | free    2.2G | cache 632.0M | buff   39.1M | slab   65.2M |
MEM | tot     3.8G | free    2.2G | cache 632.0M | buff   39.1M | slab   65.2M |
MEM | tot     3.8G | free    2.2G | cache 632.0M | buff   39.1M | slab   65.2M |
MEM | tot     3.8G | free    2.2G | cache 632.0M | buff   39.1M | slab   65.2M |
MEM | tot     3.8G | free    2.2G | cache 632.0M | buff   39.1M | slab   65.2M |
MEM | tot     3.8G | free    2.2G | cache 632.0M | buff   39.1M | slab   65.2M |
MEM | tot     3.8G | free    2.2G | cache 632.1M | buff   39.1M | slab   65.2M |
MEM | tot     3.8G | free    2.2G | cache 632.1M | buff   39.1M | slab   65.2M |
MEM | tot     3.8G | free    2.2G | cache 632.1M | buff   39.1M | slab   65.2M |
MEM | tot     3.8G | free    2.2G | cache 632.1M | buff   39.1M | slab   65.2M |
MEM | tot     3.8G | free    2.2G | cache 632.1M | buff   39.1M | slab   65.2M |
MEM | tot     3.8G | free    2.2G | cache 632.1M | buff   39.1M | slab   65.2M |
MEM | tot     3.8G | free    2.2G | cache 632.1M | buff   39.1M | slab   65.2M |
MEM | tot     3.8G | free    2.2G | cache 632.1M | buff   39.1M | slab   65.2M |
MEM | tot     3.8G | free    2.2G | cache 632.1M | buff   39.1M | slab   65.2M |
MEM | tot     3.8G | free    2.2G | cache 632.2M | buff   39.1M | slab   65.2M |
MEM | tot     3.8G | free    2.2G | cache 632.2M | buff   39.1M | slab   65.2M |
MEM | tot     3.8G | free    2.2G | cache 632.2M | buff   39.1M | slab   65.2M |
MEM | tot     3.8G | free    2.2G | cache 632.2M | buff   39.2M | slab   65.2M |
MEM | tot     3.8G | free    2.2G | cache 632.2M | buff   39.2M | slab   65.2M |
MEM | tot     3.8G | free    2.2G | cache 632.2M | buff   39.2M | slab   65.2M |
MEM | tot     3.8G | free    2.2G | cache 632.2M | buff   39.2M | slab   65.2M |
MEM | tot     3.8G | free    2.2G | cache 632.2M | buff   39.2M | slab   65.2M |
MEM | tot     3.8G | free    2.2G | cache 632.2M | buff   39.2M | slab   65.2M |
MEM | tot     3.8G | free    2.2G | cache 632.3M | buff   39.2M | slab   65.2M |
MEM | tot     3.8G | free    2.2G | cache 632.3M | buff   39.2M | slab   65.2M |
MEM | tot     3.8G | free    2.2G | cache 632.3M | buff   39.2M | slab   65.2M |
MEM | tot     3.8G | free    2.2G | cache 632.3M | buff   39.2M | slab   65.2M |
MEM | tot     3.8G | free    2.2G | cache 632.3M | buff   39.2M | slab   65.2M |
MEM | tot     3.8G | free    2.2G | cache 632.3M | buff   39.2M | slab   65.2M |
MEM | tot     3.8G | free    2.2G | cache 632.3M | buff   39.2M | slab   65.2M |
MEM | tot     3.8G | free    2.2G | cache 632.3M | buff   39.2M | slab   65.2M |
MEM | tot     3.8G | free    2.2G | cache 632.3M | buff   39.2M | slab   65.2M |
MEM | tot     3.8G | free    2.2G | cache 632.3M | buff   39.2M | slab   65.2M |
MEM | tot     3.8G | free    2.2G | cache 632.4M | buff   39.2M | slab   65.2M |
MEM | tot     3.8G | free    2.2G | cache 632.4M | buff   39.2M | slab   65.2M |
MEM | tot     3.8G | free    2.2G | cache 632.4M | buff   39.2M | slab   65.2M |
MEM | tot     3.8G | free    2.2G | cache 632.4M | buff   39.2M | slab   65.2M |
MEM | tot     3.8G | free    2.2G | cache 632.4M | buff   39.2M | slab   65.2M |
MEM | tot     3.8G | free    2.2G | cache 632.4M | buff   39.2M | slab   65.2M |
MEM | tot     3.8G | free    2.2G | cache 632.4M | buff   39.2M | slab   65.2M |
MEM | tot     3.8G | free    2.2G | cache 632.4M | buff   39.2M | slab   65.2M |
MEM | tot     3.8G | free    2.2G | cache 632.5M | buff   39.2M | slab   65.2M |
MEM | tot     3.8G | free    2.2G | cache 632.5M | buff   39.2M | slab   65.2M |
MEM | tot     3.8G | free    2.2G | cache 632.5M | buff   39.2M | slab   65.2M |
MEM | tot     3.8G | free    2.2G | cache 632.5M | buff   39.2M | slab   65.2M |
MEM | tot     3.8G | free    2.2G | cache 632.5M | buff   39.2M | slab   65.2M |
MEM | tot     3.8G | free    2.2G | cache 632.5M | buff   39.2M | slab   65.2M |
MEM | tot     3.8G | free    2.2G | cache 632.5M | buff   39.2M | slab   65.2M |
MEM | tot     3.8G | free    2.2G | cache 632.5M | buff   39.2M | slab   65.2M |
MEM | tot     3.8G | free    2.2G | cache 632.5M | buff   39.2M | slab   65.2M |
