MEM | tot     3.8G | free    2.2G | cache 629.0M | buff   38.7M | slab   64.9M |
MEM | tot     3.8G | free    2.2G | cache 637.9M | buff   38.7M | slab   65.1M |
MEM | tot     3.8G | free    2.2G | cache 638.0M | buff   38.7M | slab   65.1M |
MEM | tot     3.8G | free    2.2G | cache 636.5M | buff   38.7M | slab   65.1M |
MEM | tot     3.8G | free    2.2G | cache 636.5M | buff   38.7M | slab   65.1M |
MEM | tot     3.8G | free    2.2G | cache 636.6M | buff   38.7M | slab   65.1M |
MEM | tot     3.8G | free    2.2G | cache 636.4M | buff   38.7M | slab   65.1M |
MEM | tot     3.8G | free    2.2G | cache 635.7M | buff   38.7M | slab   65.1M |
MEM | tot     3.8G | free    2.2G | cache 635.7M | buff   38.7M | slab   65.1M |
MEM | tot     3.8G | free    2.2G | cache 635.7M | buff   38.7M | slab   65.1M |
MEM | tot     3.8G | free    2.2G | cache 635.7M | buff   38.7M | slab   65.1M |
MEM | tot     3.8G | free    2.2G | cache 635.7M | buff   38.7M | slab   65.1M |
MEM | tot     3.8G | free    2.2G | cache 635.7M | buff   38.7M | slab   65.1M |
MEM | tot     3.8G | free    2.2G | cache 635.7M | buff   38.7M | slab   65.1M |
MEM | tot     3.8G | free    2.2G | cache 635.7M | buff   38.7M | slab   65.1M |
MEM | tot     3.8G | free    2.2G | cache 635.8M | buff   38.7M | slab   65.1M |
MEM | tot     3.8G | free    2.2G | cache 635.8M | buff   38.7M | slab   65.1M |
MEM | tot     3.8G | free    2.2G | cache 635.8M | buff   38.7M | slab   65.1M |
MEM | tot     3.8G | free    2.2G | cache 635.8M | buff   38.7M | slab   65.1M |
MEM | tot     3.8G | free    2.2G | cache 635.8M | buff   38.7M | slab   65.1M |
MEM | tot     3.8G | free    2.2G | cache 635.8M | buff   38.7M | slab   65.1M |
MEM | tot     3.8G | free    2.2G | cache 635.8M | buff   38.7M | slab   65.1M |
MEM | tot     3.8G | free    2.2G | cache 635.8M | buff   38.7M | slab   65.1M |
MEM | tot     3.8G | free    2.2G | cache 635.8M | buff   38.7M | slab   65.1M |
MEM | tot     3.8G | free    2.2G | cache 635.9M | buff   38.7M | slab   65.1M |
MEM | tot     3.8G | free    2.2G | cache 635.9M | buff   38.7M | slab   65.1M |
MEM | tot     3.8G | free    2.2G | cache 635.9M | buff   38.7M | slab   65.1M |
MEM | tot     3.8G | free    2.2G | cache 635.9M | buff   38.7M | slab   65.1M |
MEM | tot     3.8G | free    2.2G | cache 635.9M | buff   38.7M | slab   65.1M |
MEM | tot     3.8G | free    2.2G | cache 635.9M | buff   38.7M | slab   65.1M |
MEM | tot     3.8G | free    2.2G | cache 635.9M | buff   38.7M | slab   65.1M |
MEM | tot     3.8G | free    2.2G | cache 635.9M | buff   38.7M | slab   65.1M |
MEM | tot     3.8G | free    2.2G | cache 635.9M | buff   38.7M | slab   65.1M |
MEM | tot     3.8G | free    2.2G | cache 636.0M | buff   38.7M | slab   65.1M |
MEM | tot     3.8G | free    2.2G | cache 636.0M | buff   38.7M | slab   65.1M |
MEM | tot     3.8G | free    2.2G | cache 636.0M | buff   38.7M | slab   65.1M |
MEM | tot     3.8G | free    2.2G | cache 636.0M | buff   38.7M | slab   65.1M |
MEM | tot     3.8G | free    2.2G | cache 636.0M | buff   38.7M | slab   65.1M |
MEM | tot     3.8G | free    2.2G | cache 636.0M | buff   38.7M | slab   65.1M |
MEM | tot     3.8G | free    2.2G | cache 636.0M | buff   38.7M | slab   65.1M |
MEM | tot     3.8G | free    2.2G | cache 636.0M | buff   38.7M | slab   65.1M |
MEM | tot     3.8G | free    2.2G | cache 636.0M | buff   38.7M | slab   65.1M |
MEM | tot     3.8G | free    2.2G | cache 636.1M | buff   38.7M | slab   65.1M |
MEM | tot     3.8G | free    2.2G | cache 636.1M | buff   38.7M | slab   65.1M |
MEM | tot     3.8G | free    2.2G | cache 636.1M | buff   38.7M | slab   65.1M |
MEM | tot     3.8G | free    2.2G | cache 636.1M | buff   38.7M | slab   65.1M |
MEM | tot     3.8G | free    2.2G | cache 636.1M | buff   38.7M | slab   65.1M |
MEM | tot     3.8G | free    2.2G | cache 636.1M | buff   38.7M | slab   65.1M |
MEM | tot     3.8G | free    2.2G | cache 636.1M | buff   38.7M | slab   65.1M |
MEM | tot     3.8G | free    2.2G | cache 636.1M | buff   38.7M | slab   65.1M |
MEM | tot     3.8G | free    2.2G | cache 636.1M | buff   38.8M | slab   65.1M |
MEM | tot     3.8G | free    2.2G | cache 636.2M | buff   38.8M | slab   65.1M |
MEM | tot     3.8G | free    2.2G | cache 636.2M | buff   38.8M | slab   65.1M |
MEM | tot     3.8G | free    2.2G | cache 636.2M | buff   38.8M | slab   65.1M |
MEM | tot     3.8G | free    2.2G | cache 636.2M | buff   38.8M | slab   65.1M |
MEM | tot     3.8G | free    2.2G | cache 636.2M | buff   38.8M | slab   65.1M |
MEM | tot     3.8G | free    2.2G | cache 636.2M | buff   38.8M | slab   65.1M |
MEM | tot     3.8G | free    2.2G | cache 636.2M | buff   38.8M | slab   65.1M |
MEM | tot     3.8G | free    2.2G | cache 636.2M | buff   38.8M | slab   65.1M |
MEM | tot     3.8G | free    2.2G | cache 636.2M | buff   38.8M | slab   65.1M |
MEM | tot     3.8G | free    2.2G | cache 636.2M | buff   38.8M | slab   65.1M |
MEM | tot     3.8G | free    2.2G | cache 636.3M | buff   38.8M | slab   65.1M |
MEM | tot     3.8G | free    2.2G | cache 636.3M | buff   38.8M | slab   65.1M |
MEM | tot     3.8G | free    2.2G | cache 636.3M | buff   38.8M | slab   65.1M |
MEM | tot     3.8G | free    2.2G | cache 636.3M | buff   38.8M | slab   65.1M |
MEM | tot     3.8G | free    2.2G | cache 636.3M | buff   38.8M | slab   65.1M |
MEM | tot     3.8G | free    2.2G | cache 636.3M | buff   38.8M | slab   65.1M |
MEM | tot     3.8G | free    2.2G | cache 636.3M | buff   38.8M | slab   65.1M |
MEM | tot     3.8G | free    2.2G | cache 636.4M | buff   38.8M | slab   65.1M |
MEM | tot     3.8G | free    2.2G | cache 636.4M | buff   38.8M | slab   65.1M |
MEM | tot     3.8G | free    2.2G | cache 636.4M | buff   38.8M | slab   65.1M |
MEM | tot     3.8G | free    2.2G | cache 631.9M | buff   38.8M | slab   65.1M |
MEM | tot     3.8G | free    2.2G | cache 632.0M | buff   38.8M | slab   65.1M |
MEM | tot     3.8G | free    2.2G | cache 632.0M | buff   38.8M | slab   65.1M |
MEM | tot     3.8G | free    2.2G | cache 632.0M | buff   38.8M | slab   65.1M |
MEM | tot     3.8G | free    2.2G | cache 632.0M | buff   38.8M | slab   65.1M |
MEM | tot     3.8G | free    2.2G | cache 632.0M | buff   38.8M | slab   65.1M |
MEM | tot     3.8G | free    2.2G | cache 632.0M | buff   38.8M | slab   65.1M |
MEM | tot     3.8G | free    2.2G | cache 632.0M | buff   38.8M | slab   65.1M |
MEM | tot     3.8G | free    2.2G | cache 632.0M | buff   38.8M | slab   65.1M |
MEM | tot     3.8G | free    2.2G | cache 632.0M | buff   38.8M | slab   65.1M |
MEM | tot     3.8G | free    2.2G | cache 632.1M | buff   38.8M | slab   65.1M |
MEM | tot     3.8G | free    2.2G | cache 632.1M | buff   38.8M | slab   65.1M |
MEM | tot     3.8G | free    2.2G | cache 632.1M | buff   38.8M | slab   65.1M |
MEM | tot     3.8G | free    2.2G | cache 632.1M | buff   38.8M | slab   65.1M |
MEM | tot     3.8G | free    2.2G | cache 632.1M | buff   38.8M | slab   65.1M |
MEM | tot     3.8G | free    2.2G | cache 632.1M | buff   38.8M | slab   65.1M |
MEM | tot     3.8G | free    2.2G | cache 632.1M | buff   38.8M | slab   65.1M |
MEM | tot     3.8G | free    2.2G | cache 632.1M | buff   38.8M | slab   65.1M |
MEM | tot     3.8G | free    2.2G | cache 632.1M | buff   38.8M | slab   65.1M |
MEM | tot     3.8G | free    2.2G | cache 632.2M | buff   38.8M | slab   65.1M |
MEM | tot     3.8G | free    2.2G | cache 632.2M | buff   38.8M | slab   65.1M |
MEM | tot     3.8G | free    2.2G | cache 632.2M | buff   38.8M | slab   65.1M |
MEM | tot     3.8G | free    2.2G | cache 632.2M | buff   38.8M | slab   65.1M |
MEM | tot     3.8G | free    2.2G | cache 632.2M | buff   38.8M | slab   65.1M |
MEM | tot     3.8G | free    2.2G | cache 632.2M | buff   38.8M | slab   65.1M |
MEM | tot     3.8G | free    2.2G | cache 632.2M | buff   38.8M | slab   65.1M |
MEM | tot     3.8G | free    2.2G | cache 632.2M | buff   38.8M | slab   65.1M |
MEM | tot     3.8G | free    2.2G | cache 632.2M | buff   38.8M | slab   65.1M |
MEM | tot     3.8G | free    2.2G | cache 632.3M | buff   38.8M | slab   65.1M |
MEM | tot     3.8G | free    2.2G | cache 632.3M | buff   38.8M | slab   65.1M |
MEM | tot     3.8G | free    2.2G | cache 632.3M | buff   38.8M | slab   65.1M |
MEM | tot     3.8G | free    2.2G | cache 632.3M | buff   38.8M | slab   65.1M |
MEM | tot     3.8G | free    2.2G | cache 632.3M | buff   38.8M | slab   65.1M |
MEM | tot     3.8G | free    2.2G | cache 632.3M | buff   38.8M | slab   65.1M |
MEM | tot     3.8G | free    2.2G | cache 632.3M | buff   38.8M | slab   65.1M |
MEM | tot     3.8G | free    2.2G | cache 632.3M | buff   38.8M | slab   65.1M |
MEM | tot     3.8G | free    2.2G | cache 632.4M | buff   38.8M | slab   65.1M |
MEM | tot     3.8G | free    2.2G | cache 632.4M | buff   38.8M | slab   65.1M |
MEM | tot     3.8G | free    2.2G | cache 632.4M | buff   38.8M | slab   65.1M |
MEM | tot     3.8G | free    2.2G | cache 632.4M | buff   38.9M | slab   65.1M |
MEM | tot     3.8G | free    2.2G | cache 632.4M | buff   38.9M | slab   65.1M |
MEM | tot     3.8G | free    2.2G | cache 632.4M | buff   38.9M | slab   65.1M |
MEM | tot     3.8G | free    2.2G | cache 632.4M | buff   38.9M | slab   65.1M |
MEM | tot     3.8G | free    2.2G | cache 632.4M | buff   38.9M | slab   65.1M |
MEM | tot     3.8G | free    2.2G | cache 632.4M | buff   38.9M | slab   65.1M |
MEM | tot     3.8G | free    2.2G | cache 632.5M | buff   38.9M | slab   65.1M |
MEM | tot     3.8G | free    2.2G | cache 632.5M | buff   38.9M | slab   65.1M |
MEM | tot     3.8G | free    2.2G | cache 632.5M | buff   38.9M | slab   65.1M |
MEM | tot     3.8G | free    2.2G | cache 632.5M | buff   38.9M | slab   65.1M |
MEM | tot     3.8G | free    2.2G | cache 632.5M | buff   38.9M | slab   65.1M |
MEM | tot     3.8G | free    2.2G | cache 632.5M | buff   38.9M | slab   65.1M |
MEM | tot     3.8G | free    2.2G | cache 632.5M | buff   38.9M | slab   65.1M |
MEM | tot     3.8G | free    2.2G | cache 632.5M | buff   38.9M | slab   65.1M |
MEM | tot     3.8G | free    2.2G | cache 632.5M | buff   38.9M | slab   65.1M |
MEM | tot     3.8G | free    2.2G | cache 632.5M | buff   38.9M | slab   65.1M |
MEM | tot     3.8G | free    2.2G | cache 632.6M | buff   38.9M | slab   65.1M |
MEM | tot     3.8G | free    2.2G | cache 632.6M | buff   38.9M | slab   65.1M |
MEM | tot     3.8G | free    2.2G | cache 632.6M | buff   38.9M | slab   65.1M |
MEM | tot     3.8G | free    2.2G | cache 632.6M | buff   38.9M | slab   65.1M |
MEM | tot     3.8G | free    2.2G | cache 632.6M | buff   38.9M | slab   65.1M |
MEM | tot     3.8G | free    2.2G | cache 632.6M | buff   38.9M | slab   65.1M |
MEM | tot     3.8G | free    2.2G | cache 632.6M | buff   38.9M | slab   65.1M |
MEM | tot     3.8G | free    2.2G | cache 632.6M | buff   38.9M | slab   65.1M |
MEM | tot     3.8G | free    2.2G | cache 632.7M | buff   38.9M | slab   65.1M |
MEM | tot     3.8G | free    2.2G | cache 632.7M | buff   38.9M | slab   65.1M |
MEM | tot     3.8G | free    2.2G | cache 632.7M | buff   38.9M | slab   65.1M |
MEM | tot     3.8G | free    2.2G | cache 632.7M | buff   38.9M | slab   65.1M |
MEM | tot     3.8G | free    2.2G | cache 632.7M | buff   38.9M | slab   65.1M |
MEM | tot     3.8G | free    2.2G | cache 632.7M | buff   38.9M | slab   65.1M |
MEM | tot     3.8G | free    2.2G | cache 632.7M | buff   38.9M | slab   65.1M |
MEM | tot     3.8G | free    2.2G | cache 632.7M | buff   38.9M | slab   65.1M |
MEM | tot     3.8G | free    2.2G | cache 632.7M | buff   38.9M | slab   65.1M |
MEM | tot     3.8G | free    2.2G | cache 632.8M | buff   38.9M | slab   65.1M |
MEM | tot     3.8G | free    2.2G | cache 632.8M | buff   38.9M | slab   65.1M |
MEM | tot     3.8G | free    2.2G | cache 632.8M | buff   38.9M | slab   65.1M |
MEM | tot     3.8G | free    2.2G | cache 632.8M | buff   38.9M | slab   65.1M |
MEM | tot     3.8G | free    2.2G | cache 632.8M | buff   38.9M | slab   65.1M |
MEM | tot     3.8G | free    2.2G | cache 632.8M | buff   38.9M | slab   65.1M |
MEM | tot     3.8G | free    2.2G | cache 632.8M | buff   38.9M | slab   65.1M |
MEM | tot     3.8G | free    2.2G | cache 632.8M | buff   38.9M | slab   65.1M |
MEM | tot     3.8G | free    2.2G | cache 632.8M | buff   38.9M | slab   65.1M |
MEM | tot     3.8G | free    2.2G | cache 632.9M | buff   38.9M | slab   65.1M |
MEM | tot     3.8G | free    2.2G | cache 632.9M | buff   38.9M | slab   65.1M |
MEM | tot     3.8G | free    2.2G | cache 632.9M | buff   38.9M | slab   65.1M |
MEM | tot     3.8G | free    2.2G | cache 632.9M | buff   38.9M | slab   65.1M |
MEM | tot     3.8G | free    2.2G | cache 632.9M | buff   38.9M | slab   65.1M |
MEM | tot     3.8G | free    2.2G | cache 632.9M | buff   38.9M | slab   65.1M |
MEM | tot     3.8G | free    2.2G | cache 632.9M | buff   38.9M | slab   65.1M |
MEM | tot     3.8G | free    2.2G | cache 632.9M | buff   38.9M | slab   65.1M |
MEM | tot     3.8G | free    2.2G | cache 632.9M | buff   38.9M | slab   65.1M |
MEM | tot     3.8G | free    2.2G | cache 633.0M | buff   38.9M | slab   65.1M |
MEM | tot     3.8G | free    2.2G | cache 633.0M | buff   38.9M | slab   65.1M |
MEM | tot     3.8G | free    2.2G | cache 633.0M | buff   38.9M | slab   65.1M |
MEM | tot     3.8G | free    2.2G | cache 633.0M | buff   38.9M | slab   65.1M |
MEM | tot     3.8G | free    2.2G | cache 633.0M | buff   38.9M | slab   65.1M |
MEM | tot     3.8G | free    2.2G | cache 633.0M | buff   38.9M | slab   65.1M |
MEM | tot     3.8G | free    2.2G | cache 633.0M | buff   38.9M | slab   65.1M |
MEM | tot     3.8G | free    2.2G | cache 633.0M | buff   38.9M | slab   65.1M |
MEM | tot     3.8G | free    2.2G | cache 633.1M | buff   38.9M | slab   65.1M |
MEM | tot     3.8G | free    2.2G | cache 633.1M | buff   38.9M | slab   65.1M |
MEM | tot     3.8G | free    2.2G | cache 633.1M | buff   38.9M | slab   65.1M |
MEM | tot     3.8G | free    2.2G | cache 633.1M | buff   38.9M | slab   65.1M |
MEM | tot     3.8G | free    2.2G | cache 633.1M | buff   38.9M | slab   65.1M |
MEM | tot     3.8G | free    2.2G | cache 633.1M | buff   38.9M | slab   65.1M |
MEM | tot     3.8G | free    2.2G | cache 633.1M | buff   39.0M | slab   65.1M |
MEM | tot     3.8G | free    2.2G | cache 633.1M | buff   39.0M | slab   65.1M |
MEM | tot     3.8G | free    2.2G | cache 633.1M | buff   39.0M | slab   65.1M |
MEM | tot     3.8G | free    2.2G | cache 633.2M | buff   39.0M | slab   65.1M |
MEM | tot     3.8G | free    2.2G | cache 633.2M | buff   39.0M | slab   65.1M |
MEM | tot     3.8G | free    2.2G | cache 633.2M | buff   39.0M | slab   65.1M |
MEM | tot     3.8G | free    2.2G | cache 633.2M | buff   39.0M | slab   65.1M |
MEM | tot     3.8G | free    2.2G | cache 633.2M | buff   39.0M | slab   65.1M |
MEM | tot     3.8G | free    2.2G | cache 633.2M | buff   39.0M | slab   65.1M |
MEM | tot     3.8G | free    2.2G | cache 633.2M | buff   39.0M | slab   65.1M |
MEM | tot     3.8G | free    2.2G | cache 633.2M | buff   39.0M | slab   65.1M |
MEM | tot     3.8G | free    2.2G | cache 633.2M | buff   39.0M | slab   65.1M |
MEM | tot     3.8G | free    2.2G | cache 633.3M | buff   39.0M | slab   65.1M |
MEM | tot     3.8G | free    2.2G | cache 633.3M | buff   39.0M | slab   65.1M |
MEM | tot     3.8G | free    2.2G | cache 633.3M | buff   39.0M | slab   65.1M |
MEM | tot     3.8G | free    2.2G | cache 633.4M | buff   39.0M | slab   65.1M |
MEM | tot     3.8G | free    2.2G | cache 633.4M | buff   39.0M | slab   65.1M |
