MEM | tot     3.8G | free    2.2G | cache 627.9M | buff   39.2M | slab   65.1M |
MEM | tot     3.8G | free    2.2G | cache 636.7M | buff   39.2M | slab   65.2M |
MEM | tot     3.8G | free    2.2G | cache 645.7M | buff   39.2M | slab   65.2M |
MEM | tot     3.8G | free    2.2G | cache 645.8M | buff   39.2M | slab   65.2M |
MEM | tot     3.8G | free    2.2G | cache 645.8M | buff   39.2M | slab   65.2M |
MEM | tot     3.8G | free    2.2G | cache 645.8M | buff   39.2M | slab   65.2M |
MEM | tot     3.8G | free    2.2G | cache 645.6M | buff   39.2M | slab   65.3M |
MEM | tot     3.8G | free    2.2G | cache 636.4M | buff   39.2M | slab   65.3M |
MEM | tot     3.8G | free    2.2G | cache 635.7M | buff   39.2M | slab   65.2M |
MEM | tot     3.8G | free    2.2G | cache 635.6M | buff   39.2M | slab   65.2M |
MEM | tot     3.8G | free    2.2G | cache 635.7M | buff   39.2M | slab   65.2M |
MEM | tot     3.8G | free    2.2G | cache 635.7M | buff   39.2M | slab   65.2M |
MEM | tot     3.8G | free    2.2G | cache 635.7M | buff   39.2M | slab   65.2M |
MEM | tot     3.8G | free    2.2G | cache 635.7M | buff   39.2M | slab   65.2M |
MEM | tot     3.8G | free    2.2G | cache 635.7M | buff   39.2M | slab   65.2M |
MEM | tot     3.8G | free    2.2G | cache 635.7M | buff   39.2M | slab   65.2M |
MEM | tot     3.8G | free    2.2G | cache 635.7M | buff   39.2M | slab   65.2M |
MEM | tot     3.8G | free    2.2G | cache 635.7M | buff   39.2M | slab   65.2M |
MEM | tot     3.8G | free    2.2G | cache 635.8M | buff   39.2M | slab   65.2M |
MEM | tot     3.8G | free    2.2G | cache 635.8M | buff   39.2M | slab   65.2M |
MEM | tot     3.8G | free    2.2G | cache 635.8M | buff   39.2M | slab   65.2M |
MEM | tot     3.8G | free    2.2G | cache 635.8M | buff   39.2M | slab   65.2M |
MEM | tot     3.8G | free    2.2G | cache 635.9M | buff   39.2M | slab   65.2M |
MEM | tot     3.8G | free    2.2G | cache 635.9M | buff   39.2M | slab   65.2M |
MEM | tot     3.8G | free    2.2G | cache 636.0M | buff   39.2M | slab   65.2M |
MEM | tot     3.8G | free    2.2G | cache 636.0M | buff   39.2M | slab   65.2M |
MEM | tot     3.8G | free    2.2G | cache 636.0M | buff   39.2M | slab   65.2M |
MEM | tot     3.8G | free    2.2G | cache 636.0M | buff   39.2M | slab   65.2M |
MEM | tot     3.8G | free    2.2G | cache 636.0M | buff   39.2M | slab   65.2M |
MEM | tot     3.8G | free    2.2G | cache 636.0M | buff   39.3M | slab   65.2M |
MEM | tot     3.8G | free    2.2G | cache 636.0M | buff   39.3M | slab   65.2M |
MEM | tot     3.8G | free    2.2G | cache 636.0M | buff   39.3M | slab   65.2M |
MEM | tot     3.8G | free    2.2G | cache 636.0M | buff   39.3M | slab   65.2M |
MEM | tot     3.8G | free    2.2G | cache 636.1M | buff   39.3M | slab   65.2M |
MEM | tot     3.8G | free    2.2G | cache 636.1M | buff   39.3M | slab   65.2M |
MEM | tot     3.8G | free    2.2G | cache 636.1M | buff   39.3M | slab   65.2M |
MEM | tot     3.8G | free    2.2G | cache 636.1M | buff   39.3M | slab   65.2M |
MEM | tot     3.8G | free    2.2G | cache 636.1M | buff   39.3M | slab   65.2M |
MEM | tot     3.8G | free    2.2G | cache 636.1M | buff   39.3M | slab   65.2M |
MEM | tot     3.8G | free    2.2G | cache 636.1M | buff   39.3M | slab   65.2M |
MEM | tot     3.8G | free    2.2G | cache 636.1M | buff   39.3M | slab   65.2M |
MEM | tot     3.8G | free    2.2G | cache 636.1M | buff   39.3M | slab   65.2M |
MEM | tot     3.8G | free    2.2G | cache 636.2M | buff   39.3M | slab   65.2M |
MEM | tot     3.8G | free    2.2G | cache 636.2M | buff   39.3M | slab   65.2M |
MEM | tot     3.8G | free    2.2G | cache 636.2M | buff   39.3M | slab   65.2M |
MEM | tot     3.8G | free    2.2G | cache 636.2M | buff   39.3M | slab   65.2M |
MEM | tot     3.8G | free    2.2G | cache 636.2M | buff   39.3M | slab   65.2M |
MEM | tot     3.8G | free    2.2G | cache 636.2M | buff   39.3M | slab   65.2M |
MEM | tot     3.8G | free    2.2G | cache 636.2M | buff   39.3M | slab   65.2M |
MEM | tot     3.8G | free    2.2G | cache 636.2M | buff   39.3M | slab   65.2M |
MEM | tot     3.8G | free    2.2G | cache 636.2M | buff   39.3M | slab   65.2M |
MEM | tot     3.8G | free    2.2G | cache 636.3M | buff   39.3M | slab   65.2M |
MEM | tot     3.8G | free    2.2G | cache 636.3M | buff   39.3M | slab   65.2M |
MEM | tot     3.8G | free    2.2G | cache 636.3M | buff   39.3M | slab   65.2M |
MEM | tot     3.8G | free    2.2G | cache 636.3M | buff   39.3M | slab   65.2M |
MEM | tot     3.8G | free    2.2G | cache 636.3M | buff   39.3M | slab   65.2M |
MEM | tot     3.8G | free    2.2G | cache 636.3M | buff   39.3M | slab   65.2M |
MEM | tot     3.8G | free    2.2G | cache 636.3M | buff   39.3M | slab   65.2M |
MEM | tot     3.8G | free    2.2G | cache 636.3M | buff   39.3M | slab   65.2M |
MEM | tot     3.8G | free    2.2G | cache 636.3M | buff   39.3M | slab   65.2M |
MEM | tot     3.8G | free    2.2G | cache 636.4M | buff   39.3M | slab   65.2M |
MEM | tot     3.8G | free    2.2G | cache 636.4M | buff   39.3M | slab   65.2M |
MEM | tot     3.8G | free    2.2G | cache 636.4M | buff   39.3M | slab   65.2M |
MEM | tot     3.8G | free    2.2G | cache 636.4M | buff   39.3M | slab   65.2M |
MEM | tot     3.8G | free    2.2G | cache 636.4M | buff   39.3M | slab   65.2M |
MEM | tot     3.8G | free    2.2G | cache 636.4M | buff   39.3M | slab   65.2M |
MEM | tot     3.8G | free    2.2G | cache 636.4M | buff   39.3M | slab   65.2M |
MEM | tot     3.8G | free    2.2G | cache 636.4M | buff   39.3M | slab   65.2M |
MEM | tot     3.8G | free    2.2G | cache 636.4M | buff   39.3M | slab   65.2M |
MEM | tot     3.8G | free    2.2G | cache 636.4M | buff   39.3M | slab   65.2M |
MEM | tot     3.8G | free    2.2G | cache 636.5M | buff   39.3M | slab   65.2M |
MEM | tot     3.8G | free    2.2G | cache 636.5M | buff   39.3M | slab   65.2M |
MEM | tot     3.8G | free    2.2G | cache 632.2M | buff   39.3M | slab   65.2M |
MEM | tot     3.8G | free    2.2G | cache 632.2M | buff   39.3M | slab   65.2M |
MEM | tot     3.8G | free    2.2G | cache 632.2M | buff   39.3M | slab   65.2M |
MEM | tot     3.8G | free    2.2G | cache 632.2M | buff   39.3M | slab   65.2M |
MEM | tot     3.8G | free    2.2G | cache 632.2M | buff   39.3M | slab   65.2M |
MEM | tot     3.8G | free    2.2G | cache 632.2M | buff   39.3M | slab   65.2M |
MEM | tot     3.8G | free    2.2G | cache 632.2M | buff   39.3M | slab   65.2M |
MEM | tot     3.8G | free    2.2G | cache 632.2M | buff   39.3M | slab   65.2M |
MEM | tot     3.8G | free    2.2G | cache 632.3M | buff   39.3M | slab   65.2M |
MEM | tot     3.8G | free    2.2G | cache 632.3M | buff   39.3M | slab   65.2M |
MEM | tot     3.8G | free    2.2G | cache 632.3M | buff   39.3M | slab   65.2M |
MEM | tot     3.8G | free    2.2G | cache 632.3M | buff   39.3M | slab   65.2M |
MEM | tot     3.8G | free    2.2G | cache 632.3M | buff   39.3M | slab   65.2M |
MEM | tot     3.8G | free    2.2G | cache 632.3M | buff   39.3M | slab   65.2M |
MEM | tot     3.8G | free    2.2G | cache 632.3M | buff   39.3M | slab   65.2M |
MEM | tot     3.8G | free    2.2G | cache 632.3M | buff   39.3M | slab   65.2M |
MEM | tot     3.8G | free    2.2G | cache 632.4M | buff   39.3M | slab   65.2M |
MEM | tot     3.8G | free    2.2G | cache 632.4M | buff   39.3M | slab   65.2M |
MEM | tot     3.8G | free    2.2G | cache 632.4M | buff   39.3M | slab   65.2M |
MEM | tot     3.8G | free    2.2G | cache 632.4M | buff   39.3M | slab   65.2M |
MEM | tot     3.8G | free    2.2G | cache 632.4M | buff   39.3M | slab   65.2M |
MEM | tot     3.8G | free    2.2G | cache 632.4M | buff   39.3M | slab   65.2M |
MEM | tot     3.8G | free    2.2G | cache 632.4M | buff   39.4M | slab   65.2M |
MEM | tot     3.8G | free    2.2G | cache 632.4M | buff   39.4M | slab   65.2M |
MEM | tot     3.8G | free    2.2G | cache 632.4M | buff   39.4M | slab   65.2M |
MEM | tot     3.8G | free    2.2G | cache 632.5M | buff   39.4M | slab   65.2M |
