E,tot,"3,8",free,"2,2",cache,"627,8",buff,39,slab,"64,9",,"1,6"
E,tot,"3,8",free,"2,2",cache,"638,9",buff,39,slab,"65,1",,"1,6"
E,tot,"3,8",free,"2,2",cache,"645,7",buff,39,slab,"65,2",,"1,6"
E,tot,"3,8",free,"2,2",cache,"645,7",buff,39,slab,"65,2",,"1,6"
E,tot,"3,8",free,"2,2",cache,"645,8",buff,39,slab,"65,2",,"1,6"
E,tot,"3,8",free,"2,2",cache,"645,8",buff,39,slab,"65,2",,"1,6"
E,tot,"3,8",free,"2,2",cache,"645,8",buff,39,slab,"65,3",,"1,6"
E,tot,"3,8",free,"2,2",cache,"635,6",buff,39,slab,"65,2",,"1,6"
E,tot,"3,8",free,"2,2",cache,"635,6",buff,39,slab,"65,2",,"1,6"
E,tot,"3,8",free,"2,2",cache,"635,6",buff,39,slab,"65,2",,"1,6"
E,tot,"3,8",free,"2,2",cache,"635,6",buff,39,slab,"65,2",,"1,6"
E,tot,"3,8",free,"2,2",cache,"635,6",buff,39,slab,"65,2",,"1,6"
E,tot,"3,8",free,"2,2",cache,"635,6",buff,39,slab,"65,2",,"1,6"
E,tot,"3,8",free,"2,2",cache,"635,6",buff,39,slab,"65,2",,"1,6"
E,tot,"3,8",free,"2,2",cache,"635,6",buff,39,slab,"65,2",,"1,6"
E,tot,"3,8",free,"2,2",cache,"635,6",buff,39,slab,"65,2",,"1,6"
E,tot,"3,8",free,"2,2",cache,"635,6",buff,39,slab,"65,2",,"1,6"
E,tot,"3,8",free,"2,2",cache,"635,6",buff,39,slab,"65,2",,"1,6"
E,tot,"3,8",free,"2,2",cache,"635,7",buff,39,slab,"65,2",,"1,6"
E,tot,"3,8",free,"2,2",cache,"635,7",buff,39,slab,"65,2",,"1,6"
E,tot,"3,8",free,"2,2",cache,"635,7",buff,39,slab,"65,2",,"1,6"
,,,,,,,,,,,,
,,,,,,,,,,,média,"1,6"
,,,,,,,,,,,DP,0
