E,tot,"3,8",free,"2,2",cache,629,buff,"38,7",slab,"64,9",,"1,6"
E,tot,"3,8",free,"2,2",cache,"637,9",buff,"38,7",slab,"65,1",,"1,6"
E,tot,"3,8",free,"2,2",cache,638,buff,"38,7",slab,"65,1",,"1,6"
E,tot,"3,8",free,"2,2",cache,"636,5",buff,"38,7",slab,"65,1",,"1,6"
E,tot,"3,8",free,"2,2",cache,"636,5",buff,"38,7",slab,"65,1",,"1,6"
E,tot,"3,8",free,"2,2",cache,"636,6",buff,"38,7",slab,"65,1",,"1,6"
E,tot,"3,8",free,"2,2",cache,"636,4",buff,"38,7",slab,"65,1",,"1,6"
E,tot,"3,8",free,"2,2",cache,"635,7",buff,"38,7",slab,"65,1",,"1,6"
E,tot,"3,8",free,"2,2",cache,"635,7",buff,"38,7",slab,"65,1",,"1,6"
E,tot,"3,8",free,"2,2",cache,"635,7",buff,"38,7",slab,"65,1",,"1,6"
E,tot,"3,8",free,"2,2",cache,"635,7",buff,"38,7",slab,"65,1",,"1,6"
E,tot,"3,8",free,"2,2",cache,"635,7",buff,"38,7",slab,"65,1",,"1,6"
E,tot,"3,8",free,"2,2",cache,"635,7",buff,"38,7",slab,"65,1",,"1,6"
E,tot,"3,8",free,"2,2",cache,"635,7",buff,"38,7",slab,"65,1",,"1,6"
E,tot,"3,8",free,"2,2",cache,"635,7",buff,"38,7",slab,"65,1",,"1,6"
E,tot,"3,8",free,"2,2",cache,"635,8",buff,"38,7",slab,"65,1",,"1,6"
E,tot,"3,8",free,"2,2",cache,"635,8",buff,"38,7",slab,"65,1",,"1,6"
E,tot,"3,8",free,"2,2",cache,"635,8",buff,"38,7",slab,"65,1",,"1,6"
E,tot,"3,8",free,"2,2",cache,"635,8",buff,"38,7",slab,"65,1",,"1,6"
E,tot,"3,8",free,"2,2",cache,"635,8",buff,"38,7",slab,"65,1",,"1,6"
E,tot,"3,8",free,"2,2",cache,"635,8",buff,"38,7",slab,"65,1",,"1,6"
E,tot,"3,8",free,"2,2",cache,"635,8",buff,"38,7",slab,"65,1",,"1,6"
E,tot,"3,8",free,"2,2",cache,"635,8",buff,"38,7",slab,"65,1",,"1,6"
E,tot,"3,8",free,"2,2",cache,"635,8",buff,"38,7",slab,"65,1",,"1,6"
E,tot,"3,8",free,"2,2",cache,"635,9",buff,"38,7",slab,"65,1",,"1,6"
E,tot,"3,8",free,"2,2",cache,"635,9",buff,"38,7",slab,"65,1",,"1,6"
E,tot,"3,8",free,"2,2",cache,"635,9",buff,"38,7",slab,"65,1",,"1,6"
E,tot,"3,8",free,"2,2",cache,"635,9",buff,"38,7",slab,"65,1",,"1,6"
E,tot,"3,8",free,"2,2",cache,"635,9",buff,"38,7",slab,"65,1",,"1,6"
E,tot,"3,8",free,"2,2",cache,"635,9",buff,"38,7",slab,"65,1",,"1,6"
E,tot,"3,8",free,"2,2",cache,"635,9",buff,"38,7",slab,"65,1",,"1,6"
E,tot,"3,8",free,"2,2",cache,"635,9",buff,"38,7",slab,"65,1",,"1,6"
E,tot,"3,8",free,"2,2",cache,"635,9",buff,"38,7",slab,"65,1",,"1,6"
E,tot,"3,8",free,"2,2",cache,636,buff,"38,7",slab,"65,1",,"1,6"
E,tot,"3,8",free,"2,2",cache,636,buff,"38,7",slab,"65,1",,"1,6"
E,tot,"3,8",free,"2,2",cache,636,buff,"38,7",slab,"65,1",,"1,6"
E,tot,"3,8",free,"2,2",cache,636,buff,"38,7",slab,"65,1",,"1,6"
E,tot,"3,8",free,"2,2",cache,636,buff,"38,7",slab,"65,1",,"1,6"
E,tot,"3,8",free,"2,2",cache,636,buff,"38,7",slab,"65,1",,"1,6"
E,tot,"3,8",free,"2,2",cache,636,buff,"38,7",slab,"65,1",,"1,6"
E,tot,"3,8",free,"2,2",cache,636,buff,"38,7",slab,"65,1",,"1,6"
E,tot,"3,8",free,"2,2",cache,636,buff,"38,7",slab,"65,1",,"1,6"
E,tot,"3,8",free,"2,2",cache,"636,1",buff,"38,7",slab,"65,1",,"1,6"
E,tot,"3,8",free,"2,2",cache,"636,1",buff,"38,7",slab,"65,1",,"1,6"
E,tot,"3,8",free,"2,2",cache,"636,1",buff,"38,7",slab,"65,1",,"1,6"
E,tot,"3,8",free,"2,2",cache,"636,1",buff,"38,7",slab,"65,1",,"1,6"
E,tot,"3,8",free,"2,2",cache,"636,1",buff,"38,7",slab,"65,1",,"1,6"
E,tot,"3,8",free,"2,2",cache,"636,1",buff,"38,7",slab,"65,1",,"1,6"
E,tot,"3,8",free,"2,2",cache,"636,1",buff,"38,7",slab,"65,1",,"1,6"
E,tot,"3,8",free,"2,2",cache,"636,1",buff,"38,7",slab,"65,1",,"1,6"
E,tot,"3,8",free,"2,2",cache,"636,1",buff,"38,8",slab,"65,1",,"1,6"
E,tot,"3,8",free,"2,2",cache,"636,2",buff,"38,8",slab,"65,1",,"1,6"
E,tot,"3,8",free,"2,2",cache,"636,2",buff,"38,8",slab,"65,1",,"1,6"
E,tot,"3,8",free,"2,2",cache,"636,2",buff,"38,8",slab,"65,1",,"1,6"
E,tot,"3,8",free,"2,2",cache,"636,2",buff,"38,8",slab,"65,1",,"1,6"
E,tot,"3,8",free,"2,2",cache,"636,2",buff,"38,8",slab,"65,1",,"1,6"
E,tot,"3,8",free,"2,2",cache,"636,2",buff,"38,8",slab,"65,1",,"1,6"
E,tot,"3,8",free,"2,2",cache,"636,2",buff,"38,8",slab,"65,1",,"1,6"
E,tot,"3,8",free,"2,2",cache,"636,2",buff,"38,8",slab,"65,1",,"1,6"
E,tot,"3,8",free,"2,2",cache,"636,2",buff,"38,8",slab,"65,1",,"1,6"
E,tot,"3,8",free,"2,2",cache,"636,2",buff,"38,8",slab,"65,1",,"1,6"
E,tot,"3,8",free,"2,2",cache,"636,3",buff,"38,8",slab,"65,1",,"1,6"
E,tot,"3,8",free,"2,2",cache,"636,3",buff,"38,8",slab,"65,1",,"1,6"
E,tot,"3,8",free,"2,2",cache,"636,3",buff,"38,8",slab,"65,1",,"1,6"
E,tot,"3,8",free,"2,2",cache,"636,3",buff,"38,8",slab,"65,1",,"1,6"
E,tot,"3,8",free,"2,2",cache,"636,3",buff,"38,8",slab,"65,1",,"1,6"
E,tot,"3,8",free,"2,2",cache,"636,3",buff,"38,8",slab,"65,1",,"1,6"
E,tot,"3,8",free,"2,2",cache,"636,3",buff,"38,8",slab,"65,1",,"1,6"
E,tot,"3,8",free,"2,2",cache,"636,4",buff,"38,8",slab,"65,1",,"1,6"
E,tot,"3,8",free,"2,2",cache,"636,4",buff,"38,8",slab,"65,1",,"1,6"
E,tot,"3,8",free,"2,2",cache,"636,4",buff,"38,8",slab,"65,1",,"1,6"
E,tot,"3,8",free,"2,2",cache,"631,9",buff,"38,8",slab,"65,1",,"1,6"
E,tot,"3,8",free,"2,2",cache,632,buff,"38,8",slab,"65,1",,"1,6"
E,tot,"3,8",free,"2,2",cache,632,buff,"38,8",slab,"65,1",,"1,6"
E,tot,"3,8",free,"2,2",cache,632,buff,"38,8",slab,"65,1",,"1,6"
E,tot,"3,8",free,"2,2",cache,632,buff,"38,8",slab,"65,1",,"1,6"
E,tot,"3,8",free,"2,2",cache,632,buff,"38,8",slab,"65,1",,"1,6"
E,tot,"3,8",free,"2,2",cache,632,buff,"38,8",slab,"65,1",,"1,6"
E,tot,"3,8",free,"2,2",cache,632,buff,"38,8",slab,"65,1",,"1,6"
E,tot,"3,8",free,"2,2",cache,632,buff,"38,8",slab,"65,1",,"1,6"
E,tot,"3,8",free,"2,2",cache,632,buff,"38,8",slab,"65,1",,"1,6"
E,tot,"3,8",free,"2,2",cache,"632,1",buff,"38,8",slab,"65,1",,"1,6"
E,tot,"3,8",free,"2,2",cache,"632,1",buff,"38,8",slab,"65,1",,"1,6"
E,tot,"3,8",free,"2,2",cache,"632,1",buff,"38,8",slab,"65,1",,"1,6"
E,tot,"3,8",free,"2,2",cache,"632,1",buff,"38,8",slab,"65,1",,"1,6"
E,tot,"3,8",free,"2,2",cache,"632,1",buff,"38,8",slab,"65,1",,"1,6"
E,tot,"3,8",free,"2,2",cache,"632,1",buff,"38,8",slab,"65,1",,"1,6"
E,tot,"3,8",free,"2,2",cache,"632,1",buff,"38,8",slab,"65,1",,"1,6"
E,tot,"3,8",free,"2,2",cache,"632,1",buff,"38,8",slab,"65,1",,"1,6"
E,tot,"3,8",free,"2,2",cache,"632,1",buff,"38,8",slab,"65,1",,"1,6"
E,tot,"3,8",free,"2,2",cache,"632,2",buff,"38,8",slab,"65,1",,"1,6"
E,tot,"3,8",free,"2,2",cache,"632,2",buff,"38,8",slab,"65,1",,"1,6"
E,tot,"3,8",free,"2,2",cache,"632,2",buff,"38,8",slab,"65,1",,"1,6"
E,tot,"3,8",free,"2,2",cache,"632,2",buff,"38,8",slab,"65,1",,"1,6"
E,tot,"3,8",free,"2,2",cache,"632,2",buff,"38,8",slab,"65,1",,"1,6"
E,tot,"3,8",free,"2,2",cache,"632,2",buff,"38,8",slab,"65,1",,"1,6"
E,tot,"3,8",free,"2,2",cache,"632,2",buff,"38,8",slab,"65,1",,"1,6"
E,tot,"3,8",free,"2,2",cache,"632,2",buff,"38,8",slab,"65,1",,"1,6"
E,tot,"3,8",free,"2,2",cache,"632,2",buff,"38,8",slab,"65,1",,"1,6"
E,tot,"3,8",free,"2,2",cache,"632,3",buff,"38,8",slab,"65,1",,"1,6"
E,tot,"3,8",free,"2,2",cache,"632,3",buff,"38,8",slab,"65,1",,"1,6"
E,tot,"3,8",free,"2,2",cache,"632,3",buff,"38,8",slab,"65,1",,"1,6"
E,tot,"3,8",free,"2,2",cache,"632,3",buff,"38,8",slab,"65,1",,"1,6"
E,tot,"3,8",free,"2,2",cache,"632,3",buff,"38,8",slab,"65,1",,"1,6"
E,tot,"3,8",free,"2,2",cache,"632,3",buff,"38,8",slab,"65,1",,"1,6"
E,tot,"3,8",free,"2,2",cache,"632,3",buff,"38,8",slab,"65,1",,"1,6"
E,tot,"3,8",free,"2,2",cache,"632,3",buff,"38,8",slab,"65,1",,"1,6"
E,tot,"3,8",free,"2,2",cache,"632,4",buff,"38,8",slab,"65,1",,"1,6"
E,tot,"3,8",free,"2,2",cache,"632,4",buff,"38,8",slab,"65,1",,"1,6"
E,tot,"3,8",free,"2,2",cache,"632,4",buff,"38,8",slab,"65,1",,"1,6"
E,tot,"3,8",free,"2,2",cache,"632,4",buff,"38,9",slab,"65,1",,"1,6"
E,tot,"3,8",free,"2,2",cache,"632,4",buff,"38,9",slab,"65,1",,"1,6"
E,tot,"3,8",free,"2,2",cache,"632,4",buff,"38,9",slab,"65,1",,"1,6"
E,tot,"3,8",free,"2,2",cache,"632,4",buff,"38,9",slab,"65,1",,"1,6"
E,tot,"3,8",free,"2,2",cache,"632,4",buff,"38,9",slab,"65,1",,"1,6"
E,tot,"3,8",free,"2,2",cache,"632,4",buff,"38,9",slab,"65,1",,"1,6"
E,tot,"3,8",free,"2,2",cache,"632,5",buff,"38,9",slab,"65,1",,"1,6"
E,tot,"3,8",free,"2,2",cache,"632,5",buff,"38,9",slab,"65,1",,"1,6"
E,tot,"3,8",free,"2,2",cache,"632,5",buff,"38,9",slab,"65,1",,"1,6"
E,tot,"3,8",free,"2,2",cache,"632,5",buff,"38,9",slab,"65,1",,"1,6"
E,tot,"3,8",free,"2,2",cache,"632,5",buff,"38,9",slab,"65,1",,"1,6"
E,tot,"3,8",free,"2,2",cache,"632,5",buff,"38,9",slab,"65,1",,"1,6"
E,tot,"3,8",free,"2,2",cache,"632,5",buff,"38,9",slab,"65,1",,"1,6"
E,tot,"3,8",free,"2,2",cache,"632,5",buff,"38,9",slab,"65,1",,"1,6"
E,tot,"3,8",free,"2,2",cache,"632,5",buff,"38,9",slab,"65,1",,"1,6"
E,tot,"3,8",free,"2,2",cache,"632,5",buff,"38,9",slab,"65,1",,"1,6"
E,tot,"3,8",free,"2,2",cache,"632,6",buff,"38,9",slab,"65,1",,"1,6"
E,tot,"3,8",free,"2,2",cache,"632,6",buff,"38,9",slab,"65,1",,"1,6"
E,tot,"3,8",free,"2,2",cache,"632,6",buff,"38,9",slab,"65,1",,"1,6"
E,tot,"3,8",free,"2,2",cache,"632,6",buff,"38,9",slab,"65,1",,"1,6"
E,tot,"3,8",free,"2,2",cache,"632,6",buff,"38,9",slab,"65,1",,"1,6"
E,tot,"3,8",free,"2,2",cache,"632,6",buff,"38,9",slab,"65,1",,"1,6"
E,tot,"3,8",free,"2,2",cache,"632,6",buff,"38,9",slab,"65,1",,"1,6"
E,tot,"3,8",free,"2,2",cache,"632,6",buff,"38,9",slab,"65,1",,"1,6"
E,tot,"3,8",free,"2,2",cache,"632,7",buff,"38,9",slab,"65,1",,"1,6"
E,tot,"3,8",free,"2,2",cache,"632,7",buff,"38,9",slab,"65,1",,"1,6"
E,tot,"3,8",free,"2,2",cache,"632,7",buff,"38,9",slab,"65,1",,"1,6"
E,tot,"3,8",free,"2,2",cache,"632,7",buff,"38,9",slab,"65,1",,"1,6"
E,tot,"3,8",free,"2,2",cache,"632,7",buff,"38,9",slab,"65,1",,"1,6"
E,tot,"3,8",free,"2,2",cache,"632,7",buff,"38,9",slab,"65,1",,"1,6"
E,tot,"3,8",free,"2,2",cache,"632,7",buff,"38,9",slab,"65,1",,"1,6"
E,tot,"3,8",free,"2,2",cache,"632,7",buff,"38,9",slab,"65,1",,"1,6"
E,tot,"3,8",free,"2,2",cache,"632,7",buff,"38,9",slab,"65,1",,"1,6"
E,tot,"3,8",free,"2,2",cache,"632,8",buff,"38,9",slab,"65,1",,"1,6"
E,tot,"3,8",free,"2,2",cache,"632,8",buff,"38,9",slab,"65,1",,"1,6"
E,tot,"3,8",free,"2,2",cache,"632,8",buff,"38,9",slab,"65,1",,"1,6"
E,tot,"3,8",free,"2,2",cache,"632,8",buff,"38,9",slab,"65,1",,"1,6"
E,tot,"3,8",free,"2,2",cache,"632,8",buff,"38,9",slab,"65,1",,"1,6"
E,tot,"3,8",free,"2,2",cache,"632,8",buff,"38,9",slab,"65,1",,"1,6"
E,tot,"3,8",free,"2,2",cache,"632,8",buff,"38,9",slab,"65,1",,"1,6"
E,tot,"3,8",free,"2,2",cache,"632,8",buff,"38,9",slab,"65,1",,"1,6"
E,tot,"3,8",free,"2,2",cache,"632,8",buff,"38,9",slab,"65,1",,"1,6"
E,tot,"3,8",free,"2,2",cache,"632,9",buff,"38,9",slab,"65,1",,"1,6"
E,tot,"3,8",free,"2,2",cache,"632,9",buff,"38,9",slab,"65,1",,"1,6"
E,tot,"3,8",free,"2,2",cache,"632,9",buff,"38,9",slab,"65,1",,"1,6"
E,tot,"3,8",free,"2,2",cache,"632,9",buff,"38,9",slab,"65,1",,"1,6"
E,tot,"3,8",free,"2,2",cache,"632,9",buff,"38,9",slab,"65,1",,"1,6"
E,tot,"3,8",free,"2,2",cache,"632,9",buff,"38,9",slab,"65,1",,"1,6"
E,tot,"3,8",free,"2,2",cache,"632,9",buff,"38,9",slab,"65,1",,"1,6"
E,tot,"3,8",free,"2,2",cache,"632,9",buff,"38,9",slab,"65,1",,"1,6"
E,tot,"3,8",free,"2,2",cache,"632,9",buff,"38,9",slab,"65,1",,"1,6"
E,tot,"3,8",free,"2,2",cache,633,buff,"38,9",slab,"65,1",,"1,6"
E,tot,"3,8",free,"2,2",cache,633,buff,"38,9",slab,"65,1",,"1,6"
E,tot,"3,8",free,"2,2",cache,633,buff,"38,9",slab,"65,1",,"1,6"
E,tot,"3,8",free,"2,2",cache,633,buff,"38,9",slab,"65,1",,"1,6"
E,tot,"3,8",free,"2,2",cache,633,buff,"38,9",slab,"65,1",,"1,6"
E,tot,"3,8",free,"2,2",cache,633,buff,"38,9",slab,"65,1",,"1,6"
E,tot,"3,8",free,"2,2",cache,633,buff,"38,9",slab,"65,1",,"1,6"
E,tot,"3,8",free,"2,2",cache,633,buff,"38,9",slab,"65,1",,"1,6"
E,tot,"3,8",free,"2,2",cache,"633,1",buff,"38,9",slab,"65,1",,"1,6"
E,tot,"3,8",free,"2,2",cache,"633,1",buff,"38,9",slab,"65,1",,"1,6"
E,tot,"3,8",free,"2,2",cache,"633,1",buff,"38,9",slab,"65,1",,"1,6"
E,tot,"3,8",free,"2,2",cache,"633,1",buff,"38,9",slab,"65,1",,"1,6"
E,tot,"3,8",free,"2,2",cache,"633,1",buff,"38,9",slab,"65,1",,"1,6"
E,tot,"3,8",free,"2,2",cache,"633,1",buff,"38,9",slab,"65,1",,"1,6"
E,tot,"3,8",free,"2,2",cache,"633,1",buff,39,slab,"65,1",,"1,6"
E,tot,"3,8",free,"2,2",cache,"633,1",buff,39,slab,"65,1",,"1,6"
E,tot,"3,8",free,"2,2",cache,"633,1",buff,39,slab,"65,1",,"1,6"
E,tot,"3,8",free,"2,2",cache,"633,2",buff,39,slab,"65,1",,"1,6"
E,tot,"3,8",free,"2,2",cache,"633,2",buff,39,slab,"65,1",,"1,6"
E,tot,"3,8",free,"2,2",cache,"633,2",buff,39,slab,"65,1",,"1,6"
E,tot,"3,8",free,"2,2",cache,"633,2",buff,39,slab,"65,1",,"1,6"
E,tot,"3,8",free,"2,2",cache,"633,2",buff,39,slab,"65,1",,"1,6"
E,tot,"3,8",free,"2,2",cache,"633,2",buff,39,slab,"65,1",,"1,6"
E,tot,"3,8",free,"2,2",cache,"633,2",buff,39,slab,"65,1",,"1,6"
E,tot,"3,8",free,"2,2",cache,"633,2",buff,39,slab,"65,1",,"1,6"
E,tot,"3,8",free,"2,2",cache,"633,2",buff,39,slab,"65,1",,"1,6"
E,tot,"3,8",free,"2,2",cache,"633,3",buff,39,slab,"65,1",,"1,6"
E,tot,"3,8",free,"2,2",cache,"633,3",buff,39,slab,"65,1",,"1,6"
E,tot,"3,8",free,"2,2",cache,"633,3",buff,39,slab,"65,1",,"1,6"
E,tot,"3,8",free,"2,2",cache,"633,4",buff,39,slab,"65,1",,"1,6"
E,tot,"3,8",free,"2,2",cache,"633,4",buff,39,slab,"65,1",,"1,6"
,,,,,,,,,,,,
,,,,,,,,,,,média,"1,6"
,,,,,,,,,,,DP,0
