CPU,sys,8,user,21,irq,1,idle,57,wait,14,,29
CPU,sys,36,user,64,irq,0,idle,0,wait,0,,100
CPU,sys,20,user,64,irq,0,idle,0,wait,17,,84
CPU,sys,22,user,38,irq,1,idle,0,wait,38,,60
CPU,sys,25,user,26,irq,2,idle,0,wait,48,,51
CPU,sys,23,user,28,irq,1,idle,0,wait,48,,51
CPU,sys,34,user,36,irq,2,idle,0,wait,27,,70
CPU,sys,27,user,35,irq,3,idle,0,wait,35,,62
CPU,sys,25,user,27,irq,1,idle,0,wait,47,,52
CPU,sys,23,user,29,irq,2,idle,0,wait,46,,52
CPU,sys,22,user,28,irq,3,idle,0,wait,46,,50
CPU,sys,29,user,28,irq,1,idle,0,wait,41,,57
CPU,sys,21,user,34,irq,2,idle,0,wait,43,,55
CPU,sys,23,user,32,irq,1,idle,0,wait,44,,55
CPU,sys,20,user,29,irq,2,idle,0,wait,48,,49
CPU,sys,20,user,31,irq,2,idle,0,wait,47,,51
CPU,sys,20,user,29,irq,1,idle,0,wait,50,,49
CPU,sys,22,user,30,irq,2,idle,0,wait,46,,52
CPU,sys,21,user,31,irq,3,idle,0,wait,45,,52
CPU,sys,22,user,30,irq,3,idle,0,wait,44,,52
CPU,sys,24,user,30,irq,2,idle,0,wait,44,,54
CPU,sys,23,user,28,irq,3,idle,0,wait,46,,51
CPU,sys,26,user,26,irq,2,idle,0,wait,45,,52
CPU,sys,20,user,32,irq,2,idle,0,wait,46,,52
CPU,sys,25,user,27,irq,1,idle,0,wait,47,,52
CPU,sys,21,user,27,irq,3,idle,0,wait,48,,48
CPU,sys,20,user,30,irq,1,idle,0,wait,49,,50
CPU,sys,18,user,34,irq,0,idle,0,wait,47,,52
CPU,sys,22,user,26,irq,2,idle,0,wait,50,,48
CPU,sys,18,user,26,irq,3,idle,0,wait,53,,44
CPU,sys,21,user,28,irq,2,idle,0,wait,48,,49
CPU,sys,16,user,33,irq,1,idle,0,wait,50,,49
CPU,sys,14,user,33,irq,2,idle,0,wait,51,,47
CPU,sys,21,user,31,irq,0,idle,0,wait,48,,52
CPU,sys,17,user,35,irq,3,idle,0,wait,44,,52
CPU,sys,22,user,33,irq,0,idle,0,wait,45,,55
CPU,sys,18,user,33,irq,4,idle,0,wait,45,,51
CPU,sys,26,user,31,irq,0,idle,0,wait,43,,57
CPU,sys,19,user,35,irq,4,idle,0,wait,41,,54
CPU,sys,20,user,35,irq,2,idle,0,wait,43,,55
CPU,sys,22,user,33,irq,2,idle,0,wait,43,,55
CPU,sys,22,user,35,irq,2,idle,0,wait,40,,57
CPU,sys,19,user,36,irq,2,idle,0,wait,43,,55
CPU,sys,15,user,23,irq,0,idle,0,wait,61,,38
CPU,sys,19,user,28,irq,2,idle,0,wait,51,,47
CPU,sys,19,user,36,irq,2,idle,0,wait,43,,55
CPU,sys,21,user,33,irq,1,idle,0,wait,45,,54
CPU,sys,19,user,37,irq,1,idle,0,wait,42,,56
CPU,sys,20,user,35,irq,2,idle,0,wait,43,,55
CPU,sys,20,user,35,irq,2,idle,0,wait,43,,55
CPU,sys,24,user,33,irq,1,idle,0,wait,42,,57
CPU,sys,18,user,38,irq,1,idle,0,wait,43,,56
CPU,sys,20,user,39,irq,1,idle,0,wait,40,,59
CPU,sys,20,user,38,irq,1,idle,0,wait,40,,58
CPU,sys,20,user,39,irq,2,idle,0,wait,39,,59
CPU,sys,15,user,36,irq,2,idle,0,wait,47,,51
CPU,sys,26,user,34,irq,2,idle,0,wait,39,,60
CPU,sys,18,user,36,irq,0,idle,0,wait,46,,54
CPU,sys,16,user,42,irq,3,idle,0,wait,40,,58
CPU,sys,22,user,32,irq,0,idle,0,wait,46,,54
CPU,sys,19,user,36,irq,1,idle,0,wait,44,,55
CPU,sys,20,user,29,irq,2,idle,0,wait,49,,49
CPU,sys,18,user,37,irq,3,idle,0,wait,42,,55
CPU,sys,17,user,34,irq,1,idle,0,wait,48,,51
CPU,sys,17,user,37,irq,1,idle,0,wait,45,,54
CPU,sys,17,user,35,irq,2,idle,0,wait,45,,52
CPU,sys,21,user,35,irq,2,idle,0,wait,42,,56
CPU,sys,19,user,34,irq,3,idle,0,wait,44,,53
CPU,sys,18,user,34,irq,1,idle,0,wait,47,,52
CPU,sys,20,user,34,irq,1,idle,0,wait,44,,54
CPU,sys,19,user,34,irq,0,idle,0,wait,46,,53
CPU,sys,16,user,42,irq,2,idle,0,wait,39,,58
CPU,sys,18,user,29,irq,2,idle,0,wait,51,,47
CPU,sys,20,user,33,irq,2,idle,0,wait,46,,53
CPU,sys,11,user,35,irq,2,idle,0,wait,52,,46
CPU,sys,18,user,33,irq,2,idle,0,wait,47,,51
CPU,sys,13,user,33,irq,2,idle,0,wait,52,,46
CPU,sys,18,user,34,irq,2,idle,0,wait,46,,52
CPU,sys,20,user,31,irq,1,idle,0,wait,48,,51
CPU,sys,16,user,28,irq,2,idle,0,wait,54,,44
CPU,sys,17,user,32,irq,1,idle,0,wait,50,,49
CPU,sys,16,user,33,irq,1,idle,0,wait,49,,49
CPU,sys,16,user,38,irq,0,idle,0,wait,45,,54
CPU,sys,18,user,32,irq,1,idle,0,wait,49,,50
CPU,sys,18,user,31,irq,3,idle,0,wait,48,,49
CPU,sys,16,user,32,irq,0,idle,0,wait,52,,48
CPU,sys,16,user,27,irq,1,idle,0,wait,55,,43
CPU,sys,14,user,33,irq,2,idle,0,wait,51,,47
CPU,sys,14,user,38,irq,2,idle,0,wait,47,,52
CPU,sys,14,user,38,irq,2,idle,0,wait,46,,52
CPU,sys,17,user,34,irq,2,idle,0,wait,47,,51
CPU,sys,16,user,34,irq,2,idle,0,wait,48,,50
CPU,sys,16,user,39,irq,2,idle,0,wait,42,,55
CPU,sys,19,user,36,irq,1,idle,0,wait,44,,55
CPU,sys,13,user,37,irq,1,idle,0,wait,49,,50
CPU,sys,18,user,33,irq,1,idle,0,wait,48,,51
CPU,sys,20,user,31,irq,2,idle,0,wait,48,,51
CPU,sys,19,user,35,irq,1,idle,0,wait,45,,54
CPU,sys,15,user,37,irq,2,idle,0,wait,46,,52
CPU,sys,15,user,36,irq,0,idle,0,wait,47,,51
CPU,sys,16,user,34,irq,1,idle,0,wait,48,,50
CPU,sys,18,user,39,irq,2,idle,0,wait,40,,57
CPU,sys,16,user,37,irq,1,idle,0,wait,46,,53
CPU,sys,18,user,38,irq,0,idle,0,wait,44,,56
CPU,sys,19,user,34,irq,1,idle,0,wait,46,,53
CPU,sys,17,user,46,irq,2,idle,0,wait,34,,63
CPU,sys,21,user,42,irq,1,idle,0,wait,36,,63
CPU,sys,18,user,41,irq,1,idle,0,wait,41,,59
CPU,sys,18,user,39,irq,5,idle,0,wait,38,,57
CPU,sys,23,user,37,irq,2,idle,0,wait,38,,60
CPU,sys,21,user,43,irq,0,idle,0,wait,36,,64
CPU,sys,18,user,38,irq,2,idle,0,wait,42,,56
CPU,sys,16,user,46,irq,2,idle,0,wait,36,,62
CPU,sys,19,user,38,irq,3,idle,0,wait,39,,57
CPU,sys,17,user,44,irq,2,idle,0,wait,38,,61
CPU,sys,18,user,41,irq,1,idle,0,wait,40,,59
CPU,sys,19,user,42,irq,3,idle,0,wait,36,,61
CPU,sys,14,user,47,irq,0,idle,0,wait,39,,61
CPU,sys,19,user,42,irq,2,idle,0,wait,35,,61
CPU,sys,18,user,43,irq,1,idle,0,wait,38,,61
CPU,sys,17,user,42,irq,2,idle,0,wait,38,,59
CPU,sys,19,user,42,irq,2,idle,0,wait,36,,61
CPU,sys,16,user,43,irq,1,idle,0,wait,41,,59
CPU,sys,19,user,44,irq,2,idle,0,wait,35,,63
CPU,sys,16,user,41,irq,1,idle,0,wait,42,,57
CPU,sys,19,user,34,irq,1,idle,0,wait,46,,53
CPU,sys,12,user,33,irq,2,idle,0,wait,53,,45
CPU,sys,12,user,37,irq,0,idle,0,wait,51,,49
CPU,sys,15,user,29,irq,1,idle,0,wait,54,,44
CPU,sys,13,user,38,irq,2,idle,0,wait,46,,51
CPU,sys,16,user,34,irq,2,idle,0,wait,49,,50
CPU,sys,13,user,39,irq,2,idle,0,wait,44,,52
CPU,sys,16,user,36,irq,3,idle,0,wait,45,,52
CPU,sys,18,user,34,irq,2,idle,0,wait,46,,52
CPU,sys,18,user,38,irq,1,idle,0,wait,42,,56
CPU,sys,14,user,38,irq,2,idle,0,wait,47,,52
CPU,sys,14,user,40,irq,1,idle,0,wait,44,,54
CPU,sys,20,user,40,irq,1,idle,0,wait,39,,60
CPU,sys,18,user,38,irq,2,idle,0,wait,42,,56
CPU,sys,14,user,38,irq,2,idle,0,wait,47,,52
CPU,sys,19,user,37,irq,2,idle,0,wait,42,,56
CPU,sys,19,user,36,irq,0,idle,0,wait,44,,55
CPU,sys,16,user,41,irq,0,idle,0,wait,41,,57
CPU,sys,18,user,35,irq,2,idle,0,wait,45,,53
CPU,sys,17,user,39,irq,2,idle,0,wait,42,,56
CPU,sys,20,user,37,irq,0,idle,0,wait,43,,57
CPU,sys,18,user,40,irq,0,idle,0,wait,42,,58
CPU,sys,14,user,42,irq,2,idle,0,wait,41,,56
CPU,sys,18,user,45,irq,1,idle,0,wait,36,,63
CPU,sys,17,user,48,irq,1,idle,0,wait,34,,65
CPU,sys,20,user,42,irq,1,idle,0,wait,38,,62
CPU,sys,17,user,47,irq,1,idle,0,wait,35,,64
CPU,sys,15,user,38,irq,2,idle,0,wait,45,,53
CPU,sys,16,user,43,irq,2,idle,0,wait,39,,59
CPU,sys,15,user,38,irq,0,idle,0,wait,47,,53
CPU,sys,14,user,41,irq,2,idle,0,wait,43,,55
CPU,sys,15,user,35,irq,0,idle,0,wait,48,,50
CPU,sys,17,user,37,irq,1,idle,0,wait,44,,54
CPU,sys,17,user,34,irq,3,idle,0,wait,45,,51
CPU,sys,16,user,37,irq,1,idle,0,wait,46,,53
CPU,sys,15,user,40,irq,1,idle,0,wait,44,,55
CPU,sys,16,user,38,irq,1,idle,0,wait,44,,54
CPU,sys,14,user,39,irq,2,idle,0,wait,44,,53
CPU,sys,12,user,38,irq,0,idle,0,wait,49,,50
CPU,sys,12,user,41,irq,1,idle,0,wait,46,,53
CPU,sys,14,user,40,irq,0,idle,0,wait,45,,54
CPU,sys,14,user,40,irq,2,idle,0,wait,44,,54
CPU,sys,18,user,34,irq,1,idle,0,wait,47,,52
CPU,sys,16,user,36,irq,1,idle,0,wait,46,,52
CPU,sys,12,user,37,irq,1,idle,0,wait,50,,49
CPU,sys,12,user,42,irq,0,idle,0,wait,46,,54
CPU,sys,10,user,40,irq,1,idle,0,wait,48,,50
CPU,sys,15,user,40,irq,2,idle,0,wait,42,,55
CPU,sys,14,user,41,irq,0,idle,0,wait,45,,55
CPU,sys,20,user,35,irq,1,idle,0,wait,44,,55
CPU,sys,19,user,41,irq,1,idle,0,wait,39,,60
CPU,sys,17,user,40,irq,1,idle,0,wait,42,,57
CPU,sys,15,user,37,irq,1,idle,0,wait,46,,52
CPU,sys,18,user,40,irq,2,idle,0,wait,40,,58
CPU,sys,16,user,37,irq,1,idle,0,wait,46,,53
CPU,sys,15,user,38,irq,1,idle,0,wait,45,,53
CPU,sys,14,user,43,irq,0,idle,0,wait,42,,57
CPU,sys,16,user,38,irq,1,idle,0,wait,44,,54
CPU,sys,14,user,42,irq,1,idle,0,wait,42,,56
CPU,sys,16,user,42,irq,0,idle,0,wait,41,,58
CPU,sys,17,user,39,irq,1,idle,0,wait,43,,56
CPU,sys,15,user,39,irq,1,idle,0,wait,45,,54
CPU,sys,14,user,41,irq,0,idle,0,wait,45,,55
CPU,sys,17,user,35,irq,0,idle,0,wait,48,,52
CPU,sys,13,user,39,irq,1,idle,0,wait,46,,52
CPU,sys,15,user,41,irq,0,idle,0,wait,44,,56
CPU,sys,12,user,44,irq,1,idle,0,wait,42,,56
,,,,,,,,,,,,
,,,,,,,,,,,média,"54,3507853403141"
,,,,,,,,,,,DP,"6,0137987741347"
