CPU,sys,8,user,23,irq,1,idle,54,wait,14,,31
CPU,sys,31,user,69,irq,0,idle,0,wait,0,,100
CPU,sys,26,user,74,irq,0,idle,0,wait,0,,100
CPU,sys,26,user,74,irq,0,idle,0,wait,0,,100
CPU,sys,23,user,75,irq,2,idle,0,wait,0,,98
CPU,sys,27,user,70,irq,3,idle,0,wait,0,,97
CPU,sys,45,user,54,irq,1,idle,0,wait,0,,99
CPU,sys,30,user,68,irq,2,idle,0,wait,0,,98
CPU,sys,34,user,62,irq,4,idle,0,wait,0,,96
CPU,sys,30,user,67,irq,3,idle,0,wait,0,,97
CPU,sys,33,user,62,irq,5,idle,0,wait,0,,95
CPU,sys,32,user,65,irq,3,idle,0,wait,0,,97
CPU,sys,26,user,71,irq,3,idle,0,wait,0,,97
CPU,sys,29,user,66,irq,5,idle,0,wait,0,,95
CPU,sys,34,user,62,irq,4,idle,0,wait,0,,96
CPU,sys,26,user,71,irq,3,idle,0,wait,0,,97
CPU,sys,30,user,67,irq,3,idle,0,wait,0,,97
CPU,sys,28,user,69,irq,3,idle,0,wait,0,,97
CPU,sys,28,user,67,irq,5,idle,0,wait,0,,95
CPU,sys,33,user,63,irq,4,idle,0,wait,0,,96
CPU,sys,26,user,69,irq,5,idle,0,wait,0,,95
CPU,sys,26,user,69,irq,5,idle,0,wait,0,,95
CPU,sys,26,user,39,irq,2,idle,0,wait,33,,65
CPU,sys,27,user,22,irq,3,idle,0,wait,48,,49
CPU,sys,22,user,18,irq,2,idle,0,wait,58,,40
CPU,sys,18,user,18,irq,2,idle,0,wait,63,,36
CPU,sys,17,user,21,irq,2,idle,0,wait,59,,38
CPU,sys,21,user,26,irq,2,idle,0,wait,51,,47
CPU,sys,19,user,23,irq,1,idle,0,wait,57,,42
CPU,sys,22,user,15,irq,1,idle,0,wait,62,,37
CPU,sys,14,user,20,irq,1,idle,0,wait,66,,34
CPU,sys,18,user,20,irq,3,idle,0,wait,59,,38
CPU,sys,17,user,19,irq,4,idle,0,wait,59,,36
CPU,sys,17,user,19,irq,2,idle,0,wait,62,,36
CPU,sys,14,user,21,irq,0,idle,0,wait,65,,35
CPU,sys,13,user,19,irq,1,idle,0,wait,65,,32
CPU,sys,18,user,20,irq,1,idle,0,wait,61,,38
CPU,sys,21,user,17,irq,3,idle,0,wait,59,,38
CPU,sys,16,user,18,irq,0,idle,0,wait,67,,34
CPU,sys,17,user,12,irq,3,idle,0,wait,67,,29
CPU,sys,19,user,15,irq,1,idle,0,wait,64,,34
CPU,sys,18,user,18,irq,3,idle,0,wait,60,,36
CPU,sys,21,user,21,irq,2,idle,0,wait,56,,42
CPU,sys,21,user,22,irq,4,idle,0,wait,53,,43
CPU,sys,24,user,22,irq,2,idle,0,wait,51,,46
CPU,sys,21,user,21,irq,4,idle,0,wait,53,,42
CPU,sys,20,user,26,irq,0,idle,0,wait,54,,46
CPU,sys,24,user,27,irq,2,idle,0,wait,47,,51
CPU,sys,24,user,24,irq,2,idle,0,wait,49,,48
CPU,sys,27,user,26,irq,3,idle,0,wait,45,,53
CPU,sys,26,user,22,irq,2,idle,0,wait,49,,48
CPU,sys,22,user,24,irq,2,idle,0,wait,53,,46
CPU,sys,21,user,27,irq,1,idle,0,wait,52,,48
CPU,sys,20,user,15,irq,3,idle,0,wait,62,,35
CPU,sys,22,user,21,irq,1,idle,0,wait,57,,43
CPU,sys,23,user,13,irq,2,idle,0,wait,62,,36
CPU,sys,16,user,18,irq,1,idle,0,wait,64,,34
CPU,sys,18,user,18,irq,2,idle,0,wait,62,,36
CPU,sys,15,user,20,irq,2,idle,0,wait,63,,35
CPU,sys,19,user,16,irq,3,idle,0,wait,62,,35
CPU,sys,22,user,20,irq,1,idle,0,wait,58,,42
CPU,sys,18,user,20,irq,2,idle,0,wait,61,,38
CPU,sys,18,user,18,irq,2,idle,0,wait,63,,36
CPU,sys,20,user,19,irq,1,idle,0,wait,59,,39
CPU,sys,21,user,19,irq,1,idle,0,wait,59,,40
CPU,sys,21,user,18,irq,2,idle,0,wait,59,,39
CPU,sys,28,user,20,irq,6,idle,0,wait,45,,48
CPU,sys,17,user,25,irq,2,idle,0,wait,56,,42
CPU,sys,27,user,19,irq,1,idle,0,wait,53,,46
CPU,sys,24,user,26,irq,2,idle,0,wait,48,,50
CPU,sys,22,user,25,irq,4,idle,0,wait,49,,47
CPU,sys,20,user,26,irq,4,idle,0,wait,50,,46
CPU,sys,22,user,24,irq,2,idle,0,wait,53,,46
CPU,sys,22,user,25,irq,1,idle,0,wait,53,,47
CPU,sys,26,user,23,irq,2,idle,0,wait,49,,49
CPU,sys,22,user,22,irq,3,idle,0,wait,52,,44
CPU,sys,24,user,20,irq,2,idle,0,wait,54,,44
CPU,sys,22,user,15,irq,4,idle,0,wait,60,,37
CPU,sys,26,user,31,irq,3,idle,0,wait,40,,57
CPU,sys,28,user,28,irq,3,idle,0,wait,40,,56
CPU,sys,25,user,33,irq,2,idle,0,wait,40,,58
CPU,sys,27,user,24,irq,2,idle,0,wait,46,,51
CPU,sys,21,user,22,irq,2,idle,0,wait,54,,43
CPU,sys,24,user,20,irq,2,idle,0,wait,54,,44
CPU,sys,18,user,18,irq,2,idle,0,wait,62,,36
CPU,sys,25,user,18,irq,2,idle,0,wait,55,,43
CPU,sys,26,user,24,irq,3,idle,0,wait,47,,50
CPU,sys,25,user,30,irq,3,idle,0,wait,42,,55
CPU,sys,27,user,29,irq,3,idle,0,wait,42,,56
CPU,sys,24,user,29,irq,2,idle,0,wait,45,,53
CPU,sys,22,user,15,irq,1,idle,0,wait,61,,37
CPU,sys,21,user,21,irq,3,idle,0,wait,56,,42
CPU,sys,26,user,20,irq,2,idle,0,wait,52,,46
CPU,sys,28,user,20,irq,1,idle,0,wait,52,,48
CPU,sys,23,user,29,irq,3,idle,0,wait,45,,52
CPU,sys,23,user,25,irq,3,idle,0,wait,49,,48
CPU,sys,24,user,28,irq,0,idle,0,wait,48,,52
CPU,sys,21,user,33,irq,4,idle,0,wait,42,,54
,,,,,,,,,,,,
,,,,,,,,,,,média,"55,0412371134021"
,,,,,,,,,,,DP,"23,1025420344517"
