CPU,sys,8,user,22,irq,1,idle,55,wait,14,,30
CPU,sys,33,user,67,irq,0,idle,0,wait,0,,100
CPU,sys,23,user,76,irq,1,idle,0,wait,0,,99
CPU,sys,35,user,63,irq,2,idle,0,wait,0,,98
CPU,sys,29,user,69,irq,2,idle,0,wait,0,,98
CPU,sys,30,user,66,irq,4,idle,0,wait,0,,96
CPU,sys,34,user,64,irq,2,idle,0,wait,0,,98
CPU,sys,38,user,60,irq,2,idle,0,wait,0,,98
CPU,sys,30,user,68,irq,2,idle,0,wait,0,,98
CPU,sys,26,user,68,irq,6,idle,0,wait,0,,94
CPU,sys,25,user,73,irq,2,idle,0,wait,0,,98
CPU,sys,30,user,68,irq,2,idle,0,wait,0,,98
CPU,sys,28,user,71,irq,1,idle,0,wait,0,,99
CPU,sys,32,user,64,irq,4,idle,0,wait,0,,96
CPU,sys,30,user,69,irq,1,idle,0,wait,0,,99
CPU,sys,35,user,61,irq,4,idle,0,wait,0,,96
CPU,sys,27,user,71,irq,2,idle,0,wait,0,,98
CPU,sys,27,user,70,irq,3,idle,0,wait,0,,97
CPU,sys,29,user,70,irq,1,idle,0,wait,0,,99
CPU,sys,27,user,69,irq,4,idle,0,wait,0,,96
CPU,sys,26,user,72,irq,2,idle,0,wait,0,,98
CPU,sys,20,user,75,irq,2,idle,0,wait,3,,95
CPU,sys,8,user,84,irq,0,idle,0,wait,8,,92
CPU,sys,10,user,80,irq,1,idle,0,wait,9,,90
CPU,sys,8,user,88,irq,0,idle,0,wait,4,,96
CPU,sys,8,user,87,irq,0,idle,0,wait,5,,95
CPU,sys,6,user,89,irq,0,idle,0,wait,5,,95
CPU,sys,8,user,87,irq,0,idle,0,wait,4,,95
CPU,sys,13,user,81,irq,1,idle,0,wait,5,,94
CPU,sys,8,user,87,irq,0,idle,0,wait,5,,95
CPU,sys,10,user,85,irq,0,idle,0,wait,5,,95
CPU,sys,9,user,86,irq,0,idle,0,wait,5,,95
CPU,sys,9,user,87,irq,0,idle,0,wait,4,,96
CPU,sys,7,user,84,irq,2,idle,0,wait,7,,91
CPU,sys,9,user,86,irq,0,idle,0,wait,5,,95
CPU,sys,10,user,85,irq,0,idle,0,wait,5,,95
CPU,sys,8,user,87,irq,0,idle,0,wait,5,,95
CPU,sys,9,user,86,irq,0,idle,0,wait,5,,95
CPU,sys,10,user,84,irq,1,idle,0,wait,5,,94
CPU,sys,8,user,87,irq,0,idle,0,wait,5,,95
CPU,sys,10,user,83,irq,1,idle,0,wait,6,,93
CPU,sys,9,user,86,irq,0,idle,0,wait,5,,95
CPU,sys,11,user,84,irq,0,idle,0,wait,5,,95
CPU,sys,10,user,86,irq,0,idle,0,wait,4,,96
CPU,sys,7,user,88,irq,0,idle,0,wait,5,,95
CPU,sys,9,user,86,irq,0,idle,0,wait,5,,95
CPU,sys,8,user,86,irq,1,idle,0,wait,5,,94
CPU,sys,10,user,85,irq,1,idle,0,wait,4,,95
CPU,sys,8,user,85,irq,0,idle,0,wait,7,,93
CPU,sys,10,user,84,irq,0,idle,1,wait,5,,94
CPU,sys,7,user,88,irq,1,idle,0,wait,4,,95
CPU,sys,6,user,88,irq,1,idle,0,wait,5,,94
CPU,sys,9,user,86,irq,0,idle,0,wait,5,,95
CPU,sys,9,user,86,irq,0,idle,0,wait,5,,95
CPU,sys,10,user,85,irq,0,idle,0,wait,5,,95
CPU,sys,9,user,87,irq,0,idle,0,wait,4,,96
CPU,sys,9,user,85,irq,1,idle,0,wait,5,,94
CPU,sys,8,user,88,irq,0,idle,0,wait,4,,96
CPU,sys,9,user,85,irq,0,idle,0,wait,6,,94
CPU,sys,9,user,84,irq,0,idle,0,wait,7,,93
CPU,sys,8,user,86,irq,1,idle,0,wait,5,,94
CPU,sys,9,user,86,irq,0,idle,0,wait,5,,95
CPU,sys,7,user,89,irq,0,idle,0,wait,4,,96
CPU,sys,8,user,86,irq,0,idle,0,wait,6,,94
CPU,sys,10,user,85,irq,0,idle,0,wait,5,,95
CPU,sys,8,user,86,irq,0,idle,0,wait,6,,94
CPU,sys,6,user,84,irq,0,idle,0,wait,10,,90
CPU,sys,10,user,77,irq,0,idle,0,wait,13,,87
CPU,sys,9,user,78,irq,0,idle,0,wait,13,,87
CPU,sys,12,user,75,irq,0,idle,0,wait,13,,87
CPU,sys,8,user,79,irq,1,idle,0,wait,12,,87
CPU,sys,9,user,78,irq,0,idle,0,wait,13,,87
CPU,sys,9,user,86,irq,1,idle,0,wait,4,,95
CPU,sys,9,user,85,irq,0,idle,0,wait,6,,94
CPU,sys,9,user,87,irq,0,idle,0,wait,4,,96
CPU,sys,10,user,84,irq,0,idle,0,wait,6,,94
CPU,sys,9,user,88,irq,0,idle,0,wait,3,,97
CPU,sys,7,user,88,irq,0,idle,0,wait,5,,95
CPU,sys,10,user,86,irq,0,idle,0,wait,4,,96
CPU,sys,8,user,88,irq,0,idle,0,wait,4,,96
CPU,sys,9,user,84,irq,1,idle,0,wait,6,,93
CPU,sys,6,user,84,irq,1,idle,0,wait,9,,90
CPU,sys,9,user,86,irq,0,idle,0,wait,5,,95
CPU,sys,8,user,83,irq,0,idle,0,wait,9,,91
CPU,sys,10,user,85,irq,0,idle,0,wait,5,,95
CPU,sys,8,user,88,irq,0,idle,0,wait,4,,96
CPU,sys,7,user,89,irq,0,idle,0,wait,4,,96
CPU,sys,11,user,78,irq,0,idle,0,wait,11,,89
CPU,sys,9,user,87,irq,0,idle,0,wait,4,,96
CPU,sys,8,user,77,irq,0,idle,0,wait,15,,85
CPU,sys,10,user,79,irq,0,idle,0,wait,10,,89
CPU,sys,9,user,80,irq,0,idle,0,wait,11,,89
CPU,sys,8,user,82,irq,0,idle,0,wait,10,,90
CPU,sys,10,user,81,irq,0,idle,0,wait,9,,91
CPU,sys,8,user,80,irq,1,idle,0,wait,11,,88
CPU,sys,10,user,74,irq,0,idle,0,wait,16,,84
CPU,sys,11,user,79,irq,0,idle,0,wait,10,,90
CPU,sys,8,user,83,irq,0,idle,0,wait,9,,91
CPU,sys,8,user,80,irq,1,idle,0,wait,11,,88
CPU,sys,11,user,79,irq,0,idle,0,wait,10,,90
CPU,sys,9,user,81,irq,0,idle,0,wait,10,,90
CPU,sys,8,user,81,irq,0,idle,0,wait,11,,89
CPU,sys,10,user,85,irq,0,idle,0,wait,5,,95
CPU,sys,7,user,87,irq,1,idle,0,wait,5,,94
CPU,sys,7,user,88,irq,0,idle,0,wait,5,,95
CPU,sys,8,user,86,irq,1,idle,0,wait,5,,94
CPU,sys,12,user,82,irq,0,idle,0,wait,6,,94
CPU,sys,10,user,85,irq,1,idle,0,wait,4,,95
CPU,sys,10,user,86,irq,0,idle,0,wait,4,,96
CPU,sys,9,user,87,irq,0,idle,0,wait,4,,96
CPU,sys,7,user,89,irq,0,idle,0,wait,4,,96
CPU,sys,7,user,88,irq,1,idle,0,wait,4,,95
CPU,sys,10,user,86,irq,0,idle,0,wait,4,,96
CPU,sys,9,user,87,irq,0,idle,0,wait,4,,96
CPU,sys,8,user,83,irq,2,idle,0,wait,7,,91
CPU,sys,10,user,87,irq,0,idle,0,wait,3,,97
CPU,sys,8,user,86,irq,1,idle,0,wait,5,,94
CPU,sys,7,user,89,irq,0,idle,0,wait,4,,96
CPU,sys,8,user,87,irq,0,idle,0,wait,5,,95
CPU,sys,9,user,86,irq,1,idle,0,wait,4,,95
CPU,sys,10,user,85,irq,0,idle,0,wait,5,,95
CPU,sys,10,user,84,irq,0,idle,0,wait,5,,94
CPU,sys,7,user,87,irq,1,idle,0,wait,5,,94
CPU,sys,9,user,85,irq,1,idle,0,wait,5,,94
,,,,,,,,,,,,
,,,,,,,,,,,média,"94,1138211382114"
,,,,,,,,,,,DP,"3,12368858261973"
