E,tot,"3,8",free,"2,2",cache,"627,9",buff,"39,2",slab,"65,1",,"1,6"
E,tot,"3,8",free,"2,2",cache,"636,7",buff,"39,2",slab,"65,2",,"1,6"
E,tot,"3,8",free,"2,2",cache,"645,7",buff,"39,2",slab,"65,2",,"1,6"
E,tot,"3,8",free,"2,2",cache,"645,8",buff,"39,2",slab,"65,2",,"1,6"
E,tot,"3,8",free,"2,2",cache,"645,8",buff,"39,2",slab,"65,2",,"1,6"
E,tot,"3,8",free,"2,2",cache,"645,8",buff,"39,2",slab,"65,2",,"1,6"
E,tot,"3,8",free,"2,2",cache,"645,6",buff,"39,2",slab,"65,3",,"1,6"
E,tot,"3,8",free,"2,2",cache,"636,4",buff,"39,2",slab,"65,3",,"1,6"
E,tot,"3,8",free,"2,2",cache,"635,7",buff,"39,2",slab,"65,2",,"1,6"
E,tot,"3,8",free,"2,2",cache,"635,6",buff,"39,2",slab,"65,2",,"1,6"
E,tot,"3,8",free,"2,2",cache,"635,7",buff,"39,2",slab,"65,2",,"1,6"
E,tot,"3,8",free,"2,2",cache,"635,7",buff,"39,2",slab,"65,2",,"1,6"
E,tot,"3,8",free,"2,2",cache,"635,7",buff,"39,2",slab,"65,2",,"1,6"
E,tot,"3,8",free,"2,2",cache,"635,7",buff,"39,2",slab,"65,2",,"1,6"
E,tot,"3,8",free,"2,2",cache,"635,7",buff,"39,2",slab,"65,2",,"1,6"
E,tot,"3,8",free,"2,2",cache,"635,7",buff,"39,2",slab,"65,2",,"1,6"
E,tot,"3,8",free,"2,2",cache,"635,7",buff,"39,2",slab,"65,2",,"1,6"
E,tot,"3,8",free,"2,2",cache,"635,7",buff,"39,2",slab,"65,2",,"1,6"
E,tot,"3,8",free,"2,2",cache,"635,8",buff,"39,2",slab,"65,2",,"1,6"
E,tot,"3,8",free,"2,2",cache,"635,8",buff,"39,2",slab,"65,2",,"1,6"
E,tot,"3,8",free,"2,2",cache,"635,8",buff,"39,2",slab,"65,2",,"1,6"
E,tot,"3,8",free,"2,2",cache,"635,8",buff,"39,2",slab,"65,2",,"1,6"
E,tot,"3,8",free,"2,2",cache,"635,9",buff,"39,2",slab,"65,2",,"1,6"
E,tot,"3,8",free,"2,2",cache,"635,9",buff,"39,2",slab,"65,2",,"1,6"
E,tot,"3,8",free,"2,2",cache,636,buff,"39,2",slab,"65,2",,"1,6"
E,tot,"3,8",free,"2,2",cache,636,buff,"39,2",slab,"65,2",,"1,6"
E,tot,"3,8",free,"2,2",cache,636,buff,"39,2",slab,"65,2",,"1,6"
E,tot,"3,8",free,"2,2",cache,636,buff,"39,2",slab,"65,2",,"1,6"
E,tot,"3,8",free,"2,2",cache,636,buff,"39,2",slab,"65,2",,"1,6"
E,tot,"3,8",free,"2,2",cache,636,buff,"39,3",slab,"65,2",,"1,6"
E,tot,"3,8",free,"2,2",cache,636,buff,"39,3",slab,"65,2",,"1,6"
E,tot,"3,8",free,"2,2",cache,636,buff,"39,3",slab,"65,2",,"1,6"
E,tot,"3,8",free,"2,2",cache,636,buff,"39,3",slab,"65,2",,"1,6"
E,tot,"3,8",free,"2,2",cache,"636,1",buff,"39,3",slab,"65,2",,"1,6"
E,tot,"3,8",free,"2,2",cache,"636,1",buff,"39,3",slab,"65,2",,"1,6"
E,tot,"3,8",free,"2,2",cache,"636,1",buff,"39,3",slab,"65,2",,"1,6"
E,tot,"3,8",free,"2,2",cache,"636,1",buff,"39,3",slab,"65,2",,"1,6"
E,tot,"3,8",free,"2,2",cache,"636,1",buff,"39,3",slab,"65,2",,"1,6"
E,tot,"3,8",free,"2,2",cache,"636,1",buff,"39,3",slab,"65,2",,"1,6"
E,tot,"3,8",free,"2,2",cache,"636,1",buff,"39,3",slab,"65,2",,"1,6"
E,tot,"3,8",free,"2,2",cache,"636,1",buff,"39,3",slab,"65,2",,"1,6"
E,tot,"3,8",free,"2,2",cache,"636,1",buff,"39,3",slab,"65,2",,"1,6"
E,tot,"3,8",free,"2,2",cache,"636,2",buff,"39,3",slab,"65,2",,"1,6"
E,tot,"3,8",free,"2,2",cache,"636,2",buff,"39,3",slab,"65,2",,"1,6"
E,tot,"3,8",free,"2,2",cache,"636,2",buff,"39,3",slab,"65,2",,"1,6"
E,tot,"3,8",free,"2,2",cache,"636,2",buff,"39,3",slab,"65,2",,"1,6"
E,tot,"3,8",free,"2,2",cache,"636,2",buff,"39,3",slab,"65,2",,"1,6"
E,tot,"3,8",free,"2,2",cache,"636,2",buff,"39,3",slab,"65,2",,"1,6"
E,tot,"3,8",free,"2,2",cache,"636,2",buff,"39,3",slab,"65,2",,"1,6"
E,tot,"3,8",free,"2,2",cache,"636,2",buff,"39,3",slab,"65,2",,"1,6"
E,tot,"3,8",free,"2,2",cache,"636,2",buff,"39,3",slab,"65,2",,"1,6"
E,tot,"3,8",free,"2,2",cache,"636,3",buff,"39,3",slab,"65,2",,"1,6"
E,tot,"3,8",free,"2,2",cache,"636,3",buff,"39,3",slab,"65,2",,"1,6"
E,tot,"3,8",free,"2,2",cache,"636,3",buff,"39,3",slab,"65,2",,"1,6"
E,tot,"3,8",free,"2,2",cache,"636,3",buff,"39,3",slab,"65,2",,"1,6"
E,tot,"3,8",free,"2,2",cache,"636,3",buff,"39,3",slab,"65,2",,"1,6"
E,tot,"3,8",free,"2,2",cache,"636,3",buff,"39,3",slab,"65,2",,"1,6"
E,tot,"3,8",free,"2,2",cache,"636,3",buff,"39,3",slab,"65,2",,"1,6"
E,tot,"3,8",free,"2,2",cache,"636,3",buff,"39,3",slab,"65,2",,"1,6"
E,tot,"3,8",free,"2,2",cache,"636,3",buff,"39,3",slab,"65,2",,"1,6"
E,tot,"3,8",free,"2,2",cache,"636,4",buff,"39,3",slab,"65,2",,"1,6"
E,tot,"3,8",free,"2,2",cache,"636,4",buff,"39,3",slab,"65,2",,"1,6"
E,tot,"3,8",free,"2,2",cache,"636,4",buff,"39,3",slab,"65,2",,"1,6"
E,tot,"3,8",free,"2,2",cache,"636,4",buff,"39,3",slab,"65,2",,"1,6"
E,tot,"3,8",free,"2,2",cache,"636,4",buff,"39,3",slab,"65,2",,"1,6"
E,tot,"3,8",free,"2,2",cache,"636,4",buff,"39,3",slab,"65,2",,"1,6"
E,tot,"3,8",free,"2,2",cache,"636,4",buff,"39,3",slab,"65,2",,"1,6"
E,tot,"3,8",free,"2,2",cache,"636,4",buff,"39,3",slab,"65,2",,"1,6"
E,tot,"3,8",free,"2,2",cache,"636,4",buff,"39,3",slab,"65,2",,"1,6"
E,tot,"3,8",free,"2,2",cache,"636,4",buff,"39,3",slab,"65,2",,"1,6"
E,tot,"3,8",free,"2,2",cache,"636,5",buff,"39,3",slab,"65,2",,"1,6"
E,tot,"3,8",free,"2,2",cache,"636,5",buff,"39,3",slab,"65,2",,"1,6"
E,tot,"3,8",free,"2,2",cache,"632,2",buff,"39,3",slab,"65,2",,"1,6"
E,tot,"3,8",free,"2,2",cache,"632,2",buff,"39,3",slab,"65,2",,"1,6"
E,tot,"3,8",free,"2,2",cache,"632,2",buff,"39,3",slab,"65,2",,"1,6"
E,tot,"3,8",free,"2,2",cache,"632,2",buff,"39,3",slab,"65,2",,"1,6"
E,tot,"3,8",free,"2,2",cache,"632,2",buff,"39,3",slab,"65,2",,"1,6"
E,tot,"3,8",free,"2,2",cache,"632,2",buff,"39,3",slab,"65,2",,"1,6"
E,tot,"3,8",free,"2,2",cache,"632,2",buff,"39,3",slab,"65,2",,"1,6"
E,tot,"3,8",free,"2,2",cache,"632,2",buff,"39,3",slab,"65,2",,"1,6"
E,tot,"3,8",free,"2,2",cache,"632,3",buff,"39,3",slab,"65,2",,"1,6"
E,tot,"3,8",free,"2,2",cache,"632,3",buff,"39,3",slab,"65,2",,"1,6"
E,tot,"3,8",free,"2,2",cache,"632,3",buff,"39,3",slab,"65,2",,"1,6"
E,tot,"3,8",free,"2,2",cache,"632,3",buff,"39,3",slab,"65,2",,"1,6"
E,tot,"3,8",free,"2,2",cache,"632,3",buff,"39,3",slab,"65,2",,"1,6"
E,tot,"3,8",free,"2,2",cache,"632,3",buff,"39,3",slab,"65,2",,"1,6"
E,tot,"3,8",free,"2,2",cache,"632,3",buff,"39,3",slab,"65,2",,"1,6"
E,tot,"3,8",free,"2,2",cache,"632,3",buff,"39,3",slab,"65,2",,"1,6"
E,tot,"3,8",free,"2,2",cache,"632,4",buff,"39,3",slab,"65,2",,"1,6"
E,tot,"3,8",free,"2,2",cache,"632,4",buff,"39,3",slab,"65,2",,"1,6"
E,tot,"3,8",free,"2,2",cache,"632,4",buff,"39,3",slab,"65,2",,"1,6"
E,tot,"3,8",free,"2,2",cache,"632,4",buff,"39,3",slab,"65,2",,"1,6"
E,tot,"3,8",free,"2,2",cache,"632,4",buff,"39,3",slab,"65,2",,"1,6"
E,tot,"3,8",free,"2,2",cache,"632,4",buff,"39,3",slab,"65,2",,"1,6"
E,tot,"3,8",free,"2,2",cache,"632,4",buff,"39,4",slab,"65,2",,"1,6"
E,tot,"3,8",free,"2,2",cache,"632,4",buff,"39,4",slab,"65,2",,"1,6"
E,tot,"3,8",free,"2,2",cache,"632,4",buff,"39,4",slab,"65,2",,"1,6"
E,tot,"3,8",free,"2,2",cache,"632,5",buff,"39,4",slab,"65,2",,"1,6"
,,,,,,,,,,,,
,,,,,,,,,,,média,"1,6"
,,,,,,,,,,,DP,0
