CPU,sys,8,user,22,irq,1,idle,55,wait,14,,30
CPU,sys,32,user,68,irq,0,idle,0,wait,0,,100
CPU,sys,28,user,71,irq,1,idle,0,wait,0,,99
CPU,sys,29,user,70,irq,1,idle,0,wait,0,,99
CPU,sys,31,user,65,irq,4,idle,0,wait,0,,96
CPU,sys,28,user,69,irq,3,idle,0,wait,0,,97
CPU,sys,43,user,55,irq,2,idle,0,wait,0,,98
CPU,sys,32,user,65,irq,3,idle,0,wait,0,,97
CPU,sys,31,user,65,irq,4,idle,0,wait,0,,96
CPU,sys,29,user,69,irq,2,idle,0,wait,0,,98
CPU,sys,30,user,68,irq,2,idle,0,wait,0,,98
CPU,sys,31,user,66,irq,2,idle,0,wait,0,,97
CPU,sys,31,user,67,irq,2,idle,0,wait,0,,98
CPU,sys,29,user,65,irq,6,idle,0,wait,0,,94
CPU,sys,29,user,68,irq,3,idle,0,wait,0,,97
CPU,sys,28,user,69,irq,3,idle,0,wait,0,,97
CPU,sys,34,user,64,irq,2,idle,0,wait,0,,98
CPU,sys,27,user,70,irq,3,idle,0,wait,0,,97
CPU,sys,35,user,63,irq,2,idle,0,wait,0,,98
CPU,sys,34,user,60,irq,6,idle,0,wait,0,,94
CPU,sys,30,user,67,irq,3,idle,0,wait,0,,97
,,,,,,,,,,,,
,,,,,,,,,,,média,"97,25"
,,,,,,,,,,,DP,"1,48235232689554"
