MEM | tot     3.8G | free  812.8M | cache   1.6G | buff   78.5M | slab  105.4M |
MEM | numnode    1 | shmem  65.1M | shrss  35.8M | tcpsk   0.0M | udpsk   0.0M |
MEM | tot     3.8G | free  787.6M | cache   1.6G | buff   78.5M | slab  105.5M |
MEM | numnode    1 | shmem  66.2M | shrss  35.8M | tcpsk   0.0M | udpsk   0.0M |
MEM | tot     3.8G | free  785.4M | cache   1.6G | buff   78.5M | slab  105.5M |
MEM | numnode    1 | shmem  66.4M | shrss  35.8M | tcpsk   0.0M | udpsk   0.0M |
MEM | tot     3.8G | free  786.2M | cache   1.6G | buff   78.5M | slab  105.5M |
MEM | numnode    1 | shmem  66.4M | shrss  35.8M | tcpsk   0.0M | udpsk   0.0M |
MEM | tot     3.8G | free  784.4M | cache   1.6G | buff   78.5M | slab  105.5M |
MEM | numnode    1 | shmem  66.4M | shrss  35.8M | tcpsk   0.0M | udpsk   0.0M |
MEM | tot     3.8G | free  782.4M | cache   1.6G | buff   78.5M | slab  105.5M |
MEM | numnode    1 | shmem  66.4M | shrss  35.8M | tcpsk   0.0M | udpsk   0.0M |
MEM | tot     3.8G | free  782.2M | cache   1.6G | buff   78.5M | slab  105.5M |
MEM | numnode    1 | shmem  66.4M | shrss  35.8M | tcpsk   0.0M | udpsk   0.0M |
MEM | tot     3.8G | free  782.4M | cache   1.6G | buff   78.5M | slab  105.4M |
MEM | numnode    1 | shmem  64.2M | shrss  35.8M | tcpsk   0.0M | udpsk   0.0M |
MEM | tot     3.8G | free  782.6M | cache   1.6G | buff   78.5M | slab  105.4M |
MEM | numnode    1 | shmem  64.2M | shrss  35.8M | tcpsk   0.0M | udpsk   0.0M |
MEM | tot     3.8G | free  783.4M | cache   1.6G | buff   78.5M | slab  105.4M |
MEM | numnode    1 | shmem  64.2M | shrss  35.8M | tcpsk   0.0M | udpsk   0.0M |
MEM | tot     3.8G | free  783.4M | cache   1.6G | buff   78.5M | slab  105.4M |
MEM | numnode    1 | shmem  64.2M | shrss  35.8M | tcpsk   0.0M | udpsk   0.0M |
MEM | tot     3.8G | free  783.4M | cache   1.6G | buff   78.5M | slab  105.4M |
MEM | numnode    1 | shmem  64.2M | shrss  35.8M | tcpsk   0.0M | udpsk   0.0M |
MEM | tot     3.8G | free  783.4M | cache   1.6G | buff   78.5M | slab  105.4M |
MEM | numnode    1 | shmem  64.2M | shrss  35.8M | tcpsk   0.0M | udpsk   0.0M |
MEM | tot     3.8G | free  783.4M | cache   1.6G | buff   78.5M | slab  105.4M |
MEM | numnode    1 | shmem  64.2M | shrss  35.8M | tcpsk   0.0M | udpsk   0.0M |
MEM | tot     3.8G | free  783.4M | cache   1.6G | buff   78.5M | slab  105.4M |
MEM | numnode    1 | shmem  64.2M | shrss  35.8M | tcpsk   0.0M | udpsk   0.0M |
MEM | tot     3.8G | free  783.1M | cache   1.6G | buff   78.5M | slab  105.4M |
MEM | numnode    1 | shmem  64.2M | shrss  35.8M | tcpsk   0.0M | udpsk   0.0M |
