MEM | tot     3.8G | free  813.7M | cache   1.6G | buff   78.5M | slab  105.4M |
MEM | numnode    1 | shmem  64.9M | shrss  35.8M | tcpsk   0.0M | udpsk   0.0M |
MEM | tot     3.8G | free  789.9M | cache   1.6G | buff   78.5M | slab  105.4M |
MEM | numnode    1 | shmem  65.4M | shrss  35.8M | tcpsk   0.0M | udpsk   0.0M |
MEM | tot     3.8G | free  789.6M | cache   1.6G | buff   78.5M | slab  105.5M |
MEM | numnode    1 | shmem  66.1M | shrss  35.8M | tcpsk   0.0M | udpsk   0.0M |
MEM | tot     3.8G | free  787.8M | cache   1.6G | buff   78.5M | slab  105.5M |
MEM | numnode    1 | shmem  66.2M | shrss  35.8M | tcpsk   0.0M | udpsk   0.0M |
MEM | tot     3.8G | free  785.9M | cache   1.6G | buff   78.5M | slab  105.5M |
MEM | numnode    1 | shmem  66.2M | shrss  35.8M | tcpsk   0.0M | udpsk   0.0M |
MEM | tot     3.8G | free  785.9M | cache   1.6G | buff   78.5M | slab  105.5M |
MEM | numnode    1 | shmem  66.2M | shrss  35.8M | tcpsk   0.0M | udpsk   0.0M |
MEM | tot     3.8G | free  784.1M | cache   1.6G | buff   78.5M | slab  105.5M |
MEM | numnode    1 | shmem  66.2M | shrss  35.8M | tcpsk   0.0M | udpsk   0.0M |
MEM | tot     3.8G | free  783.6M | cache   1.6G | buff   78.5M | slab  105.5M |
MEM | numnode    1 | shmem  64.2M | shrss  35.8M | tcpsk   0.0M | udpsk   0.0M |
MEM | tot     3.8G | free  783.8M | cache   1.6G | buff   78.5M | slab  105.4M |
MEM | numnode    1 | shmem  64.2M | shrss  35.8M | tcpsk   0.0M | udpsk   0.0M |
MEM | tot     3.8G | free  784.3M | cache   1.6G | buff   78.5M | slab  105.4M |
MEM | numnode    1 | shmem  64.2M | shrss  35.8M | tcpsk   0.0M | udpsk   0.0M |
MEM | tot     3.8G | free  784.3M | cache   1.6G | buff   78.5M | slab  105.4M |
MEM | numnode    1 | shmem  64.2M | shrss  35.8M | tcpsk   0.0M | udpsk   0.0M |
