MEM | tot     3.8G | free  814.0M | cache   1.6G | buff   78.5M | slab  105.4M |
MEM | numnode    1 | shmem  65.4M | shrss  35.8M | tcpsk   0.0M | udpsk   0.0M |
MEM | tot     3.8G | free  790.3M | cache   1.6G | buff   78.5M | slab  105.5M |
MEM | numnode    1 | shmem  65.9M | shrss  35.8M | tcpsk   0.0M | udpsk   0.0M |
MEM | tot     3.8G | free  789.8M | cache   1.6G | buff   78.5M | slab  105.5M |
MEM | numnode    1 | shmem  66.4M | shrss  35.8M | tcpsk   0.0M | udpsk   0.0M |
MEM | tot     3.8G | free  788.1M | cache   1.6G | buff   78.5M | slab  105.5M |
MEM | numnode    1 | shmem  66.4M | shrss  35.8M | tcpsk   0.0M | udpsk   0.0M |
MEM | tot     3.8G | free  788.1M | cache   1.6G | buff   78.5M | slab  105.5M |
MEM | numnode    1 | shmem  66.4M | shrss  35.8M | tcpsk   0.0M | udpsk   0.0M |
MEM | tot     3.8G | free  786.1M | cache   1.6G | buff   78.5M | slab  105.5M |
MEM | numnode    1 | shmem  66.4M | shrss  35.8M | tcpsk   0.0M | udpsk   0.0M |
MEM | tot     3.8G | free  783.8M | cache   1.6G | buff   78.5M | slab  105.4M |
MEM | numnode    1 | shmem  66.4M | shrss  35.8M | tcpsk   0.0M | udpsk   0.0M |
MEM | tot     3.8G | free  786.8M | cache   1.6G | buff   78.5M | slab  105.4M |
MEM | numnode    1 | shmem  63.9M | shrss  35.8M | tcpsk   0.0M | udpsk   0.0M |
MEM | tot     3.8G | free  784.8M | cache   1.6G | buff   78.5M | slab  105.4M |
MEM | numnode    1 | shmem  63.9M | shrss  35.8M | tcpsk   0.0M | udpsk   0.0M |
