MEM | tot     3.8G | free  811.8M | cache   1.6G | buff   78.5M | slab  105.4M |
MEM | numnode    1 | shmem  67.4M | shrss  35.8M | tcpsk   0.0M | udpsk   0.0M |
MEM | tot     3.8G | free  795.6M | cache   1.6G | buff   78.5M | slab  105.4M |
MEM | numnode    1 | shmem  67.4M | shrss  35.8M | tcpsk   0.0M | udpsk   0.0M |
MEM | tot     3.8G | free  789.6M | cache   1.6G | buff   78.5M | slab  105.4M |
MEM | numnode    1 | shmem  67.4M | shrss  35.8M | tcpsk   0.0M | udpsk   0.0M |
MEM | tot     3.8G | free  790.1M | cache   1.6G | buff   78.5M | slab  105.4M |
MEM | numnode    1 | shmem  67.4M | shrss  35.8M | tcpsk   0.0M | udpsk   0.0M |
MEM | tot     3.8G | free  791.0M | cache   1.6G | buff   78.5M | slab  105.4M |
MEM | numnode    1 | shmem  65.9M | shrss  35.8M | tcpsk   0.0M | udpsk   0.0M |
MEM | tot     3.8G | free  790.8M | cache   1.6G | buff   78.5M | slab  105.5M |
MEM | numnode    1 | shmem  65.9M | shrss  35.8M | tcpsk   0.0M | udpsk   0.0M |
MEM | tot     3.8G | free  791.5M | cache   1.6G | buff   78.5M | slab  105.4M |
MEM | numnode    1 | shmem  65.9M | shrss  35.8M | tcpsk   0.0M | udpsk   0.0M |
MEM | tot     3.8G | free  793.3M | cache   1.6G | buff   78.5M | slab  105.4M |
MEM | numnode    1 | shmem  64.4M | shrss  35.8M | tcpsk   0.0M | udpsk   0.0M |
MEM | tot     3.8G | free  793.3M | cache   1.6G | buff   78.5M | slab  105.4M |
MEM | numnode    1 | shmem  64.4M | shrss  35.8M | tcpsk   0.0M | udpsk   0.0M |
MEM | tot     3.8G | free  793.8M | cache   1.6G | buff   78.5M | slab  105.4M |
MEM | numnode    1 | shmem  64.4M | shrss  35.8M | tcpsk   0.0M | udpsk   0.0M |
MEM | tot     3.8G | free  793.5M | cache   1.6G | buff   78.5M | slab  105.4M |
MEM | numnode    1 | shmem  64.4M | shrss  35.8M | tcpsk   0.0M | udpsk   0.0M |
MEM | tot     3.8G | free  794.0M | cache   1.6G | buff   78.5M | slab  105.4M |
MEM | numnode    1 | shmem  64.4M | shrss  35.8M | tcpsk   0.0M | udpsk   0.0M |
MEM | tot     3.8G | free  794.0M | cache   1.6G | buff   78.5M | slab  105.4M |
MEM | numnode    1 | shmem  64.4M | shrss  35.8M | tcpsk   0.0M | udpsk   0.0M |
MEM | tot     3.8G | free  794.0M | cache   1.6G | buff   78.5M | slab  105.4M |
MEM | numnode    1 | shmem  64.4M | shrss  35.8M | tcpsk   0.0M | udpsk   0.0M |
MEM | tot     3.8G | free  794.0M | cache   1.6G | buff   78.5M | slab  105.4M |
MEM | numnode    1 | shmem  64.4M | shrss  35.8M | tcpsk   0.0M | udpsk   0.0M |
MEM | tot     3.8G | free  794.0M | cache   1.6G | buff   78.5M | slab  105.4M |
MEM | numnode    1 | shmem  64.4M | shrss  35.8M | tcpsk   0.0M | udpsk   0.0M |
MEM | tot     3.8G | free  794.0M | cache   1.6G | buff   78.5M | slab  105.4M |
MEM | numnode    1 | shmem  64.4M | shrss  35.8M | tcpsk   0.0M | udpsk   0.0M |
