MEM | tot     3.8G | free  801.1M | cache   1.6G | buff   78.9M | slab  105.5M |
MEM | numnode    1 | shmem  65.4M | shrss  35.8M | tcpsk   0.0M | udpsk   0.0M |
MEM | tot     3.8G | free  777.4M | cache   1.6G | buff   78.9M | slab  105.6M |
MEM | numnode    1 | shmem  66.0M | shrss  35.8M | tcpsk   0.0M | udpsk   0.0M |
MEM | tot     3.8G | free  776.1M | cache   1.6G | buff   78.9M | slab  105.6M |
MEM | numnode    1 | shmem  66.4M | shrss  35.8M | tcpsk   0.0M | udpsk   0.0M |
MEM | tot     3.8G | free  774.4M | cache   1.6G | buff   78.9M | slab  105.6M |
MEM | numnode    1 | shmem  66.5M | shrss  35.8M | tcpsk   0.0M | udpsk   0.0M |
MEM | tot     3.8G | free  772.4M | cache   1.6G | buff   78.9M | slab  105.6M |
MEM | numnode    1 | shmem  66.5M | shrss  35.8M | tcpsk   0.0M | udpsk   0.0M |
MEM | tot     3.8G | free  773.2M | cache   1.6G | buff   78.9M | slab  105.6M |
MEM | numnode    1 | shmem  66.5M | shrss  35.8M | tcpsk   0.0M | udpsk   0.0M |
MEM | tot     3.8G | free  771.9M | cache   1.6G | buff   78.9M | slab  105.6M |
MEM | numnode    1 | shmem  66.5M | shrss  35.8M | tcpsk   0.0M | udpsk   0.0M |
MEM | tot     3.8G | free  773.6M | cache   1.6G | buff   78.9M | slab  105.6M |
MEM | numnode    1 | shmem  64.0M | shrss  35.8M | tcpsk   0.0M | udpsk   0.0M |
MEM | tot     3.8G | free  772.1M | cache   1.6G | buff   78.9M | slab  105.5M |
MEM | numnode    1 | shmem  64.0M | shrss  35.8M | tcpsk   0.0M | udpsk   0.0M |
MEM | tot     3.8G | free  772.1M | cache   1.6G | buff   78.9M | slab  105.5M |
MEM | numnode    1 | shmem  64.0M | shrss  35.8M | tcpsk   0.0M | udpsk   0.0M |
MEM | tot     3.8G | free  772.1M | cache   1.6G | buff   78.9M | slab  105.5M |
MEM | numnode    1 | shmem  64.0M | shrss  35.8M | tcpsk   0.0M | udpsk   0.0M |
MEM | tot     3.8G | free  773.0M | cache   1.6G | buff   78.9M | slab  105.5M |
MEM | numnode    1 | shmem  64.0M | shrss  35.8M | tcpsk   0.0M | udpsk   0.0M |
MEM | tot     3.8G | free  772.8M | cache   1.6G | buff   78.9M | slab  105.5M |
MEM | numnode    1 | shmem  64.0M | shrss  35.8M | tcpsk   0.0M | udpsk   0.0M |
MEM | tot     3.8G | free  772.8M | cache   1.6G | buff   78.9M | slab  105.5M |
MEM | numnode    1 | shmem  64.0M | shrss  35.8M | tcpsk   0.0M | udpsk   0.0M |
MEM | tot     3.8G | free  772.8M | cache   1.6G | buff   78.9M | slab  105.5M |
MEM | numnode    1 | shmem  64.0M | shrss  35.8M | tcpsk   0.0M | udpsk   0.0M |
MEM | tot     3.8G | free  772.8M | cache   1.6G | buff   78.9M | slab  105.5M |
MEM | numnode    1 | shmem  64.0M | shrss  35.8M | tcpsk   0.0M | udpsk   0.0M |
MEM | tot     3.8G | free  772.6M | cache   1.6G | buff   78.9M | slab  105.5M |
MEM | numnode    1 | shmem  64.0M | shrss  35.8M | tcpsk   0.0M | udpsk   0.0M |
