MEM | tot     3.8G | free  803.5M | cache   1.6G | buff   78.8M | slab  105.5M |
MEM | numnode    1 | shmem  64.9M | shrss  35.8M | tcpsk   0.0M | udpsk   0.0M |
MEM | tot     3.8G | free  778.6M | cache   1.6G | buff   78.8M | slab  105.6M |
MEM | numnode    1 | shmem  66.0M | shrss  35.8M | tcpsk   0.0M | udpsk   0.0M |
MEM | tot     3.8G | free  778.6M | cache   1.6G | buff   78.8M | slab  105.6M |
MEM | numnode    1 | shmem  66.5M | shrss  35.8M | tcpsk   0.0M | udpsk   0.0M |
MEM | tot     3.8G | free  776.6M | cache   1.6G | buff   78.8M | slab  105.6M |
MEM | numnode    1 | shmem  66.5M | shrss  35.8M | tcpsk   0.0M | udpsk   0.0M |
MEM | tot     3.8G | free  774.7M | cache   1.6G | buff   78.8M | slab  105.6M |
MEM | numnode    1 | shmem  66.5M | shrss  35.8M | tcpsk   0.0M | udpsk   0.0M |
MEM | tot     3.8G | free  774.7M | cache   1.6G | buff   78.8M | slab  105.6M |
MEM | numnode    1 | shmem  66.5M | shrss  35.8M | tcpsk   0.0M | udpsk   0.0M |
MEM | tot     3.8G | free  772.4M | cache   1.6G | buff   78.8M | slab  105.5M |
MEM | numnode    1 | shmem  66.5M | shrss  35.8M | tcpsk   0.0M | udpsk   0.0M |
MEM | tot     3.8G | free  772.6M | cache   1.6G | buff   78.8M | slab  105.5M |
MEM | numnode    1 | shmem  64.5M | shrss  35.8M | tcpsk   0.0M | udpsk   0.0M |
MEM | tot     3.8G | free  772.6M | cache   1.6G | buff   78.8M | slab  105.5M |
MEM | numnode    1 | shmem  64.5M | shrss  35.8M | tcpsk   0.0M | udpsk   0.0M |
MEM | tot     3.8G | free  772.6M | cache   1.6G | buff   78.8M | slab  105.5M |
MEM | numnode    1 | shmem  64.5M | shrss  35.8M | tcpsk   0.0M | udpsk   0.0M |
MEM | tot     3.8G | free  772.6M | cache   1.6G | buff   78.8M | slab  105.5M |
MEM | numnode    1 | shmem  64.5M | shrss  35.8M | tcpsk   0.0M | udpsk   0.0M |
