MEM | tot     3.8G | free  793.1M | cache   1.6G | buff   78.8M | slab  105.5M |
MEM | numnode    1 | shmem  68.5M | shrss  35.8M | tcpsk   0.0M | udpsk   0.0M |
MEM | tot     3.8G | free  777.0M | cache   1.6G | buff   78.8M | slab  105.6M |
MEM | numnode    1 | shmem  68.5M | shrss  35.8M | tcpsk   0.0M | udpsk   0.0M |
MEM | tot     3.8G | free  773.0M | cache   1.6G | buff   78.8M | slab  105.5M |
MEM | numnode    1 | shmem  68.0M | shrss  35.8M | tcpsk   0.0M | udpsk   0.0M |
MEM | tot     3.8G | free  775.4M | cache   1.6G | buff   78.8M | slab  105.5M |
MEM | numnode    1 | shmem  66.0M | shrss  35.8M | tcpsk   0.0M | udpsk   0.0M |
MEM | tot     3.8G | free  775.4M | cache   1.6G | buff   78.8M | slab  105.5M |
MEM | numnode    1 | shmem  66.0M | shrss  35.8M | tcpsk   0.0M | udpsk   0.0M |
MEM | tot     3.8G | free  775.9M | cache   1.6G | buff   78.8M | slab  105.6M |
MEM | numnode    1 | shmem  66.0M | shrss  35.8M | tcpsk   0.0M | udpsk   0.0M |
MEM | tot     3.8G | free  775.4M | cache   1.6G | buff   78.8M | slab  105.6M |
MEM | numnode    1 | shmem  66.0M | shrss  35.8M | tcpsk   0.0M | udpsk   0.0M |
MEM | tot     3.8G | free  776.2M | cache   1.6G | buff   78.8M | slab  105.6M |
MEM | numnode    1 | shmem  64.5M | shrss  35.8M | tcpsk   0.0M | udpsk   0.0M |
MEM | tot     3.8G | free  776.2M | cache   1.6G | buff   78.8M | slab  105.6M |
MEM | numnode    1 | shmem  64.5M | shrss  35.8M | tcpsk   0.0M | udpsk   0.0M |
MEM | tot     3.8G | free  776.2M | cache   1.6G | buff   78.8M | slab  105.6M |
MEM | numnode    1 | shmem  64.5M | shrss  35.8M | tcpsk   0.0M | udpsk   0.0M |
MEM | tot     3.8G | free  776.2M | cache   1.6G | buff   78.8M | slab  105.6M |
MEM | numnode    1 | shmem  64.5M | shrss  35.8M | tcpsk   0.0M | udpsk   0.0M |
MEM | tot     3.8G | free  776.9M | cache   1.6G | buff   78.8M | slab  105.6M |
MEM | numnode    1 | shmem  64.5M | shrss  35.8M | tcpsk   0.0M | udpsk   0.0M |
MEM | tot     3.8G | free  776.9M | cache   1.6G | buff   78.8M | slab  105.6M |
MEM | numnode    1 | shmem  64.5M | shrss  35.8M | tcpsk   0.0M | udpsk   0.0M |
MEM | tot     3.8G | free  776.9M | cache   1.6G | buff   78.8M | slab  105.6M |
MEM | numnode    1 | shmem  64.5M | shrss  35.8M | tcpsk   0.0M | udpsk   0.0M |
MEM | tot     3.8G | free  776.9M | cache   1.6G | buff   78.8M | slab  105.6M |
MEM | numnode    1 | shmem  64.5M | shrss  35.8M | tcpsk   0.0M | udpsk   0.0M |
MEM | tot     3.8G | free  777.2M | cache   1.6G | buff   78.8M | slab  105.6M |
MEM | numnode    1 | shmem  64.5M | shrss  35.8M | tcpsk   0.0M | udpsk   0.0M |
MEM | tot     3.8G | free  777.2M | cache   1.6G | buff   78.8M | slab  105.6M |
MEM | numnode    1 | shmem  64.5M | shrss  35.8M | tcpsk   0.0M | udpsk   0.0M |
