MEM | tot     3.8G | free  795.1M | cache   1.6G | buff   78.8M | slab  105.5M |
MEM | numnode    1 | shmem  65.4M | shrss  35.8M | tcpsk   0.0M | udpsk   0.0M |
MEM | tot     3.8G | free  776.6M | cache   1.6G | buff   78.8M | slab  105.6M |
MEM | numnode    1 | shmem  66.0M | shrss  35.8M | tcpsk   0.0M | udpsk   0.0M |
MEM | tot     3.8G | free  778.3M | cache   1.6G | buff   78.8M | slab  105.6M |
MEM | numnode    1 | shmem  66.0M | shrss  35.8M | tcpsk   0.0M | udpsk   0.0M |
MEM | tot     3.8G | free  776.6M | cache   1.6G | buff   78.8M | slab  105.6M |
MEM | numnode    1 | shmem  66.5M | shrss  35.8M | tcpsk   0.0M | udpsk   0.0M |
MEM | tot     3.8G | free  777.1M | cache   1.6G | buff   78.8M | slab  105.6M |
MEM | numnode    1 | shmem  66.5M | shrss  35.8M | tcpsk   0.0M | udpsk   0.0M |
MEM | tot     3.8G | free  775.1M | cache   1.6G | buff   78.8M | slab  105.6M |
MEM | numnode    1 | shmem  66.5M | shrss  35.8M | tcpsk   0.0M | udpsk   0.0M |
MEM | tot     3.8G | free  774.9M | cache   1.6G | buff   78.8M | slab  105.6M |
MEM | numnode    1 | shmem  66.5M | shrss  35.8M | tcpsk   0.0M | udpsk   0.0M |
MEM | tot     3.8G | free  772.9M | cache   1.6G | buff   78.8M | slab  105.6M |
MEM | numnode    1 | shmem  66.5M | shrss  35.8M | tcpsk   0.0M | udpsk   0.0M |
MEM | tot     3.8G | free  776.0M | cache   1.6G | buff   78.8M | slab  105.6M |
MEM | numnode    1 | shmem  64.0M | shrss  35.8M | tcpsk   0.0M | udpsk   0.0M |
MEM | tot     3.8G | free  774.1M | cache   1.6G | buff   78.8M | slab  105.6M |
MEM | numnode    1 | shmem  64.0M | shrss  35.8M | tcpsk   0.0M | udpsk   0.0M |
