MEM | tot     3.8G | free    2.5G | cache 559.1M | buff   30.6M | slab   62.0M |
MEM | tot     3.8G | free    2.5G | cache 561.1M | buff   30.6M | slab   62.1M |
MEM | tot     3.8G | free    2.4G | cache 570.6M | buff   30.6M | slab   62.1M |
MEM | tot     3.8G | free    2.4G | cache 570.6M | buff   30.6M | slab   62.1M |
MEM | tot     3.8G | free    2.4G | cache 570.6M | buff   30.6M | slab   62.1M |
MEM | tot     3.8G | free    2.4G | cache 570.7M | buff   30.6M | slab   62.1M |
MEM | tot     3.8G | free    2.4G | cache 570.4M | buff   30.6M | slab   62.2M |
MEM | tot     3.8G | free    2.4G | cache 562.4M | buff   30.6M | slab   62.1M |
MEM | tot     3.8G | free    2.4G | cache 562.5M | buff   30.6M | slab   62.1M |
MEM | tot     3.8G | free    2.4G | cache 562.5M | buff   30.6M | slab   62.1M |
MEM | tot     3.8G | free    2.4G | cache 562.5M | buff   30.6M | slab   62.1M |
MEM | tot     3.8G | free    2.4G | cache 562.5M | buff   30.6M | slab   62.1M |
MEM | tot     3.8G | free    2.4G | cache 562.5M | buff   30.6M | slab   62.1M |
MEM | tot     3.8G | free    2.4G | cache 562.5M | buff   30.6M | slab   62.1M |
MEM | tot     3.8G | free    2.4G | cache 562.5M | buff   30.6M | slab   62.1M |
MEM | tot     3.8G | free    2.4G | cache 562.5M | buff   30.7M | slab   62.1M |
MEM | tot     3.8G | free    2.4G | cache 562.5M | buff   30.7M | slab   62.1M |
MEM | tot     3.8G | free    2.4G | cache 562.6M | buff   30.7M | slab   62.1M |
MEM | tot     3.8G | free    2.4G | cache 562.6M | buff   30.7M | slab   62.1M |
MEM | tot     3.8G | free    2.4G | cache 562.6M | buff   30.7M | slab   62.1M |
MEM | tot     3.8G | free    2.4G | cache 562.6M | buff   30.7M | slab   62.1M |
MEM | tot     3.8G | free    2.4G | cache 562.6M | buff   30.7M | slab   62.1M |
MEM | tot     3.8G | free    2.4G | cache 562.6M | buff   30.7M | slab   62.1M |
MEM | tot     3.8G | free    2.4G | cache 562.6M | buff   30.7M | slab   62.2M |
MEM | tot     3.8G | free    2.4G | cache 562.7M | buff   30.7M | slab   62.2M |
MEM | tot     3.8G | free    2.4G | cache 562.7M | buff   30.7M | slab   62.2M |
MEM | tot     3.8G | free    2.4G | cache 562.7M | buff   30.7M | slab   62.2M |
MEM | tot     3.8G | free    2.4G | cache 562.7M | buff   30.7M | slab   62.2M |
MEM | tot     3.8G | free    2.4G | cache 562.7M | buff   30.7M | slab   62.2M |
MEM | tot     3.8G | free    2.4G | cache 562.7M | buff   30.7M | slab   62.2M |
MEM | tot     3.8G | free    2.4G | cache 562.7M | buff   30.7M | slab   62.2M |
MEM | tot     3.8G | free    2.4G | cache 562.7M | buff   30.7M | slab   62.2M |
MEM | tot     3.8G | free    2.4G | cache 562.7M | buff   30.7M | slab   62.2M |
MEM | tot     3.8G | free    2.4G | cache 562.8M | buff   30.7M | slab   62.2M |
MEM | tot     3.8G | free    2.4G | cache 562.8M | buff   30.7M | slab   62.2M |
MEM | tot     3.8G | free    2.4G | cache 562.8M | buff   30.7M | slab   62.2M |
MEM | tot     3.8G | free    2.4G | cache 562.8M | buff   30.7M | slab   62.2M |
MEM | tot     3.8G | free    2.4G | cache 562.8M | buff   30.7M | slab   62.2M |
MEM | tot     3.8G | free    2.4G | cache 562.8M | buff   30.7M | slab   62.2M |
MEM | tot     3.8G | free    2.4G | cache 562.8M | buff   30.7M | slab   62.2M |
MEM | tot     3.8G | free    2.4G | cache 562.8M | buff   30.7M | slab   62.2M |
MEM | tot     3.8G | free    2.4G | cache 562.8M | buff   30.7M | slab   62.2M |
MEM | tot     3.8G | free    2.4G | cache 562.9M | buff   30.7M | slab   62.2M |
MEM | tot     3.8G | free    2.4G | cache 562.9M | buff   30.7M | slab   62.2M |
MEM | tot     3.8G | free    2.4G | cache 562.9M | buff   30.7M | slab   62.2M |
MEM | tot     3.8G | free    2.4G | cache 562.9M | buff   30.7M | slab   62.2M |
MEM | tot     3.8G | free    2.4G | cache 562.9M | buff   30.7M | slab   62.2M |
MEM | tot     3.8G | free    2.4G | cache 562.9M | buff   30.7M | slab   62.2M |
MEM | tot     3.8G | free    2.4G | cache 562.9M | buff   30.7M | slab   62.2M |
MEM | tot     3.8G | free    2.4G | cache 562.9M | buff   30.7M | slab   62.2M |
MEM | tot     3.8G | free    2.4G | cache 562.9M | buff   30.7M | slab   62.2M |
MEM | tot     3.8G | free    2.4G | cache 563.0M | buff   30.7M | slab   62.2M |
MEM | tot     3.8G | free    2.4G | cache 563.0M | buff   30.7M | slab   62.2M |
MEM | tot     3.8G | free    2.4G | cache 563.0M | buff   30.7M | slab   62.2M |
MEM | tot     3.8G | free    2.4G | cache 563.0M | buff   30.7M | slab   62.2M |
MEM | tot     3.8G | free    2.4G | cache 563.0M | buff   30.7M | slab   62.2M |
MEM | tot     3.8G | free    2.4G | cache 563.0M | buff   30.7M | slab   62.2M |
MEM | tot     3.8G | free    2.4G | cache 563.0M | buff   30.7M | slab   62.2M |
MEM | tot     3.8G | free    2.4G | cache 563.0M | buff   30.7M | slab   62.2M |
MEM | tot     3.8G | free    2.4G | cache 563.0M | buff   30.7M | slab   62.2M |
MEM | tot     3.8G | free    2.4G | cache 563.1M | buff   30.7M | slab   62.2M |
MEM | tot     3.8G | free    2.4G | cache 559.1M | buff   30.7M | slab   62.2M |
MEM | tot     3.8G | free    2.4G | cache 559.1M | buff   30.7M | slab   62.2M |
MEM | tot     3.8G | free    2.4G | cache 559.1M | buff   30.7M | slab   62.2M |
MEM | tot     3.8G | free    2.4G | cache 559.1M | buff   30.7M | slab   62.2M |
MEM | tot     3.8G | free    2.4G | cache 559.1M | buff   30.7M | slab   62.2M |
MEM | tot     3.8G | free    2.4G | cache 559.1M | buff   30.7M | slab   62.2M |
MEM | tot     3.8G | free    2.4G | cache 559.1M | buff   30.8M | slab   62.2M |
MEM | tot     3.8G | free    2.4G | cache 559.1M | buff   30.8M | slab   62.2M |
MEM | tot     3.8G | free    2.4G | cache 559.2M | buff   30.8M | slab   62.2M |
MEM | tot     3.8G | free    2.4G | cache 559.2M | buff   30.8M | slab   62.2M |
MEM | tot     3.8G | free    2.4G | cache 554.9M | buff   30.8M | slab   62.2M |
MEM | tot     3.8G | free    2.4G | cache 554.9M | buff   30.8M | slab   62.2M |
MEM | tot     3.8G | free    2.4G | cache 554.9M | buff   30.8M | slab   62.2M |
MEM | tot     3.8G | free    2.4G | cache 554.9M | buff   30.8M | slab   62.2M |
MEM | tot     3.8G | free    2.4G | cache 554.9M | buff   30.8M | slab   62.2M |
MEM | tot     3.8G | free    2.4G | cache 554.9M | buff   30.8M | slab   62.2M |
MEM | tot     3.8G | free    2.4G | cache 554.9M | buff   30.8M | slab   62.2M |
MEM | tot     3.8G | free    2.4G | cache 554.9M | buff   30.8M | slab   62.2M |
MEM | tot     3.8G | free    2.4G | cache 555.0M | buff   30.8M | slab   62.2M |
MEM | tot     3.8G | free    2.4G | cache 555.0M | buff   30.8M | slab   62.2M |
MEM | tot     3.8G | free    2.4G | cache 555.0M | buff   30.8M | slab   62.2M |
MEM | tot     3.8G | free    2.4G | cache 555.0M | buff   30.8M | slab   62.2M |
MEM | tot     3.8G | free    2.4G | cache 555.0M | buff   30.8M | slab   62.2M |
MEM | tot     3.8G | free    2.4G | cache 555.0M | buff   30.8M | slab   62.2M |
MEM | tot     3.8G | free    2.4G | cache 555.0M | buff   30.8M | slab   62.2M |
MEM | tot     3.8G | free    2.4G | cache 555.0M | buff   30.8M | slab   62.2M |
MEM | tot     3.8G | free    2.4G | cache 555.0M | buff   30.8M | slab   62.2M |
MEM | tot     3.8G | free    2.4G | cache 555.1M | buff   30.8M | slab   62.2M |
MEM | tot     3.8G | free    2.4G | cache 555.1M | buff   30.8M | slab   62.2M |
MEM | tot     3.8G | free    2.4G | cache 555.1M | buff   30.8M | slab   62.2M |
MEM | tot     3.8G | free    2.4G | cache 555.1M | buff   30.8M | slab   62.2M |
MEM | tot     3.8G | free    2.4G | cache 555.1M | buff   30.8M | slab   62.2M |
MEM | tot     3.8G | free    2.4G | cache 555.1M | buff   30.8M | slab   62.2M |
MEM | tot     3.8G | free    2.4G | cache 555.1M | buff   30.8M | slab   62.2M |
MEM | tot     3.8G | free    2.4G | cache 555.1M | buff   30.8M | slab   62.2M |
MEM | tot     3.8G | free    2.4G | cache 555.1M | buff   30.8M | slab   62.2M |
MEM | tot     3.8G | free    2.4G | cache 555.1M | buff   30.8M | slab   62.2M |
MEM | tot     3.8G | free    2.4G | cache 555.2M | buff   30.8M | slab   62.2M |
MEM | tot     3.8G | free    2.4G | cache 555.2M | buff   30.8M | slab   62.2M |
MEM | tot     3.8G | free    2.4G | cache 555.2M | buff   30.8M | slab   62.2M |
MEM | tot     3.8G | free    2.4G | cache 555.2M | buff   30.8M | slab   62.2M |
MEM | tot     3.8G | free    2.4G | cache 555.2M | buff   30.8M | slab   62.2M |
MEM | tot     3.8G | free    2.4G | cache 555.2M | buff   30.8M | slab   62.2M |
MEM | tot     3.8G | free    2.4G | cache 555.2M | buff   30.8M | slab   62.2M |
MEM | tot     3.8G | free    2.4G | cache 555.2M | buff   30.8M | slab   62.2M |
MEM | tot     3.8G | free    2.4G | cache 555.3M | buff   30.8M | slab   62.2M |
MEM | tot     3.8G | free    2.4G | cache 555.3M | buff   30.8M | slab   62.2M |
MEM | tot     3.8G | free    2.4G | cache 555.3M | buff   30.8M | slab   62.2M |
MEM | tot     3.8G | free    2.4G | cache 555.3M | buff   30.8M | slab   62.2M |
MEM | tot     3.8G | free    2.4G | cache 555.3M | buff   30.8M | slab   62.2M |
MEM | tot     3.8G | free    2.4G | cache 555.3M | buff   30.8M | slab   62.2M |
MEM | tot     3.8G | free    2.4G | cache 555.3M | buff   30.8M | slab   62.2M |
MEM | tot     3.8G | free    2.4G | cache 555.3M | buff   30.8M | slab   62.2M |
MEM | tot     3.8G | free    2.4G | cache 555.3M | buff   30.8M | slab   62.2M |
MEM | tot     3.8G | free    2.4G | cache 555.4M | buff   30.8M | slab   62.2M |
MEM | tot     3.8G | free    2.4G | cache 555.4M | buff   30.8M | slab   62.2M |
MEM | tot     3.8G | free    2.4G | cache 555.4M | buff   30.8M | slab   62.2M |
MEM | tot     3.8G | free    2.4G | cache 555.4M | buff   30.8M | slab   62.2M |
MEM | tot     3.8G | free    2.4G | cache 555.4M | buff   30.8M | slab   62.2M |
MEM | tot     3.8G | free    2.4G | cache 555.4M | buff   30.8M | slab   62.2M |
MEM | tot     3.8G | free    2.4G | cache 555.4M | buff   30.8M | slab   62.2M |
MEM | tot     3.8G | free    2.4G | cache 555.4M | buff   30.8M | slab   62.2M |
