MEM | tot     3.8G | free    2.5G | cache 550.8M | buff   30.8M | slab   61.9M |
MEM | tot     3.8G | free    2.5G | cache 561.2M | buff   30.8M | slab   62.0M |
MEM | tot     3.8G | free    2.4G | cache 570.2M | buff   30.8M | slab   62.2M |
MEM | tot     3.8G | free    2.4G | cache 570.2M | buff   30.8M | slab   62.2M |
MEM | tot     3.8G | free    2.4G | cache 570.2M | buff   30.8M | slab   62.2M |
MEM | tot     3.8G | free    2.4G | cache 570.2M | buff   30.9M | slab   62.2M |
MEM | tot     3.8G | free    2.4G | cache 570.0M | buff   30.9M | slab   62.1M |
MEM | tot     3.8G | free    2.4G | cache 558.5M | buff   30.9M | slab   62.1M |
MEM | tot     3.8G | free    2.4G | cache 558.5M | buff   30.9M | slab   62.1M |
MEM | tot     3.8G | free    2.4G | cache 558.5M | buff   30.9M | slab   62.1M |
MEM | tot     3.8G | free    2.4G | cache 558.5M | buff   30.9M | slab   62.1M |
MEM | tot     3.8G | free    2.4G | cache 558.5M | buff   30.9M | slab   62.1M |
MEM | tot     3.8G | free    2.4G | cache 558.6M | buff   30.9M | slab   62.1M |
MEM | tot     3.8G | free    2.4G | cache 558.6M | buff   30.9M | slab   62.1M |
MEM | tot     3.8G | free    2.4G | cache 558.6M | buff   30.9M | slab   62.1M |
MEM | tot     3.8G | free    2.4G | cache 558.6M | buff   30.9M | slab   62.1M |
MEM | tot     3.8G | free    2.4G | cache 558.6M | buff   30.9M | slab   62.1M |
MEM | tot     3.8G | free    2.4G | cache 558.6M | buff   30.9M | slab   62.1M |
MEM | tot     3.8G | free    2.4G | cache 558.6M | buff   30.9M | slab   62.1M |
MEM | tot     3.8G | free    2.4G | cache 558.6M | buff   30.9M | slab   62.1M |
MEM | tot     3.8G | free    2.4G | cache 558.6M | buff   30.9M | slab   62.1M |
MEM | tot     3.8G | free    2.4G | cache 558.8M | buff   30.9M | slab   62.1M |
MEM | tot     3.8G | free    2.4G | cache 558.8M | buff   30.9M | slab   62.1M |
MEM | tot     3.8G | free    2.4G | cache 558.8M | buff   30.9M | slab   62.1M |
MEM | tot     3.8G | free    2.4G | cache 558.8M | buff   30.9M | slab   62.1M |
MEM | tot     3.8G | free    2.4G | cache 558.8M | buff   30.9M | slab   62.1M |
MEM | tot     3.8G | free    2.4G | cache 558.8M | buff   30.9M | slab   62.1M |
MEM | tot     3.8G | free    2.4G | cache 558.8M | buff   30.9M | slab   62.1M |
MEM | tot     3.8G | free    2.4G | cache 558.9M | buff   30.9M | slab   62.1M |
MEM | tot     3.8G | free    2.4G | cache 558.9M | buff   30.9M | slab   62.1M |
MEM | tot     3.8G | free    2.4G | cache 558.9M | buff   30.9M | slab   62.1M |
MEM | tot     3.8G | free    2.4G | cache 558.9M | buff   30.9M | slab   62.1M |
MEM | tot     3.8G | free    2.4G | cache 558.9M | buff   30.9M | slab   62.1M |
MEM | tot     3.8G | free    2.4G | cache 558.9M | buff   30.9M | slab   62.1M |
MEM | tot     3.8G | free    2.4G | cache 558.9M | buff   30.9M | slab   62.1M |
MEM | tot     3.8G | free    2.4G | cache 558.9M | buff   30.9M | slab   62.1M |
MEM | tot     3.8G | free    2.4G | cache 558.9M | buff   30.9M | slab   62.1M |
MEM | tot     3.8G | free    2.4G | cache 559.0M | buff   30.9M | slab   62.1M |
MEM | tot     3.8G | free    2.4G | cache 559.0M | buff   30.9M | slab   62.1M |
MEM | tot     3.8G | free    2.4G | cache 559.0M | buff   30.9M | slab   62.1M |
MEM | tot     3.8G | free    2.4G | cache 559.0M | buff   30.9M | slab   62.1M |
MEM | tot     3.8G | free    2.4G | cache 559.0M | buff   30.9M | slab   62.1M |
MEM | tot     3.8G | free    2.4G | cache 559.0M | buff   30.9M | slab   62.1M |
MEM | tot     3.8G | free    2.4G | cache 559.0M | buff   30.9M | slab   62.1M |
MEM | tot     3.8G | free    2.4G | cache 559.0M | buff   30.9M | slab   62.1M |
MEM | tot     3.8G | free    2.4G | cache 559.1M | buff   30.9M | slab   62.1M |
MEM | tot     3.8G | free    2.4G | cache 559.1M | buff   30.9M | slab   62.1M |
MEM | tot     3.8G | free    2.4G | cache 559.1M | buff   30.9M | slab   62.1M |
MEM | tot     3.8G | free    2.4G | cache 559.1M | buff   30.9M | slab   62.1M |
MEM | tot     3.8G | free    2.4G | cache 559.1M | buff   30.9M | slab   62.1M |
MEM | tot     3.8G | free    2.4G | cache 559.1M | buff   30.9M | slab   62.1M |
MEM | tot     3.8G | free    2.4G | cache 559.1M | buff   30.9M | slab   62.4M |
MEM | tot     3.8G | free    2.4G | cache 559.2M | buff   30.9M | slab   62.4M |
MEM | tot     3.8G | free    2.4G | cache 559.2M | buff   30.9M | slab   62.4M |
MEM | tot     3.8G | free    2.4G | cache 559.2M | buff   30.9M | slab   62.4M |
MEM | tot     3.8G | free    2.4G | cache 559.2M | buff   30.9M | slab   62.4M |
MEM | tot     3.8G | free    2.4G | cache 559.2M | buff   30.9M | slab   62.4M |
MEM | tot     3.8G | free    2.4G | cache 559.2M | buff   30.9M | slab   62.4M |
MEM | tot     3.8G | free    2.4G | cache 559.2M | buff   30.9M | slab   62.4M |
MEM | tot     3.8G | free    2.4G | cache 559.2M | buff   30.9M | slab   62.4M |
MEM | tot     3.8G | free    2.4G | cache 559.2M | buff   30.9M | slab   62.4M |
MEM | tot     3.8G | free    2.4G | cache 559.3M | buff   30.9M | slab   62.4M |
MEM | tot     3.8G | free    2.4G | cache 559.3M | buff   30.9M | slab   62.4M |
MEM | tot     3.8G | free    2.4G | cache 559.3M | buff   30.9M | slab   62.4M |
MEM | tot     3.8G | free    2.4G | cache 559.3M | buff   30.9M | slab   62.4M |
MEM | tot     3.8G | free    2.4G | cache 559.3M | buff   30.9M | slab   62.4M |
MEM | tot     3.8G | free    2.4G | cache 559.3M | buff   30.9M | slab   62.4M |
MEM | tot     3.8G | free    2.4G | cache 559.3M | buff   30.9M | slab   62.4M |
MEM | tot     3.8G | free    2.4G | cache 559.3M | buff   30.9M | slab   62.4M |
MEM | tot     3.8G | free    2.4G | cache 559.3M | buff   30.9M | slab   62.4M |
MEM | tot     3.8G | free    2.4G | cache 559.4M | buff   31.0M | slab   62.4M |
MEM | tot     3.8G | free    2.4G | cache 559.4M | buff   31.0M | slab   62.4M |
MEM | tot     3.8G | free    2.4G | cache 555.1M | buff   31.0M | slab   62.4M |
MEM | tot     3.8G | free    2.4G | cache 555.1M | buff   31.0M | slab   62.4M |
MEM | tot     3.8G | free    2.4G | cache 555.1M | buff   31.0M | slab   62.4M |
MEM | tot     3.8G | free    2.4G | cache 555.1M | buff   31.0M | slab   62.4M |
MEM | tot     3.8G | free    2.4G | cache 555.1M | buff   31.0M | slab   62.4M |
MEM | tot     3.8G | free    2.4G | cache 555.1M | buff   31.0M | slab   62.4M |
MEM | tot     3.8G | free    2.4G | cache 555.1M | buff   31.0M | slab   62.4M |
MEM | tot     3.8G | free    2.4G | cache 555.1M | buff   31.0M | slab   62.4M |
MEM | tot     3.8G | free    2.4G | cache 555.2M | buff   31.0M | slab   62.4M |
MEM | tot     3.8G | free    2.4G | cache 555.2M | buff   31.0M | slab   62.4M |
MEM | tot     3.8G | free    2.4G | cache 555.2M | buff   31.0M | slab   62.4M |
MEM | tot     3.8G | free    2.4G | cache 555.2M | buff   31.0M | slab   62.4M |
MEM | tot     3.8G | free    2.4G | cache 555.2M | buff   31.0M | slab   62.4M |
MEM | tot     3.8G | free    2.4G | cache 555.2M | buff   31.0M | slab   62.4M |
MEM | tot     3.8G | free    2.4G | cache 555.2M | buff   31.0M | slab   62.4M |
MEM | tot     3.8G | free    2.4G | cache 555.2M | buff   31.0M | slab   62.4M |
MEM | tot     3.8G | free    2.4G | cache 555.2M | buff   31.0M | slab   62.4M |
MEM | tot     3.8G | free    2.4G | cache 555.3M | buff   31.0M | slab   62.4M |
MEM | tot     3.8G | free    2.4G | cache 555.3M | buff   31.0M | slab   62.4M |
MEM | tot     3.8G | free    2.4G | cache 555.3M | buff   31.0M | slab   62.4M |
MEM | tot     3.8G | free    2.4G | cache 555.3M | buff   31.0M | slab   62.4M |
MEM | tot     3.8G | free    2.4G | cache 555.3M | buff   31.0M | slab   62.4M |
MEM | tot     3.8G | free    2.4G | cache 555.3M | buff   31.0M | slab   62.4M |
MEM | tot     3.8G | free    2.4G | cache 555.3M | buff   31.0M | slab   62.4M |
MEM | tot     3.8G | free    2.4G | cache 555.3M | buff   31.0M | slab   62.4M |
MEM | tot     3.8G | free    2.4G | cache 555.3M | buff   31.0M | slab   62.4M |
MEM | tot     3.8G | free    2.4G | cache 555.4M | buff   31.0M | slab   62.4M |
MEM | tot     3.8G | free    2.4G | cache 555.4M | buff   31.0M | slab   62.4M |
MEM | tot     3.8G | free    2.4G | cache 555.4M | buff   31.0M | slab   62.4M |
MEM | tot     3.8G | free    2.4G | cache 555.4M | buff   31.0M | slab   62.4M |
MEM | tot     3.8G | free    2.4G | cache 555.4M | buff   31.0M | slab   62.4M |
MEM | tot     3.8G | free    2.4G | cache 555.4M | buff   31.0M | slab   62.4M |
MEM | tot     3.8G | free    2.4G | cache 555.4M | buff   31.0M | slab   62.4M |
MEM | tot     3.8G | free    2.4G | cache 555.4M | buff   31.0M | slab   62.4M |
MEM | tot     3.8G | free    2.4G | cache 555.4M | buff   31.0M | slab   62.4M |
MEM | tot     3.8G | free    2.4G | cache 555.5M | buff   31.0M | slab   62.4M |
MEM | tot     3.8G | free    2.4G | cache 555.5M | buff   31.0M | slab   62.4M |
MEM | tot     3.8G | free    2.4G | cache 555.5M | buff   31.0M | slab   62.4M |
MEM | tot     3.8G | free    2.4G | cache 555.5M | buff   31.0M | slab   62.4M |
MEM | tot     3.8G | free    2.4G | cache 555.5M | buff   31.0M | slab   62.4M |
MEM | tot     3.8G | free    2.4G | cache 555.5M | buff   31.0M | slab   62.4M |
MEM | tot     3.8G | free    2.4G | cache 555.5M | buff   31.0M | slab   62.4M |
