MEM | tot     3.8G | free    2.5G | cache 554.7M | buff   30.6M | slab   61.8M |
MEM | tot     3.8G | free    2.5G | cache 559.4M | buff   30.6M | slab   61.9M |
MEM | tot     3.8G | free    2.4G | cache 570.8M | buff   30.6M | slab   62.1M |
MEM | tot     3.8G | free    2.4G | cache 570.9M | buff   30.6M | slab   62.1M |
MEM | tot     3.8G | free    2.4G | cache 570.9M | buff   30.6M | slab   62.1M |
MEM | tot     3.8G | free    2.4G | cache 570.9M | buff   30.6M | slab   62.1M |
MEM | tot     3.8G | free    2.4G | cache 570.9M | buff   30.6M | slab   62.1M |
MEM | tot     3.8G | free    2.4G | cache 570.5M | buff   30.6M | slab   62.1M |
MEM | tot     3.8G | free    2.4G | cache 562.4M | buff   30.6M | slab   62.1M |
MEM | tot     3.8G | free    2.4G | cache 562.4M | buff   30.6M | slab   62.1M |
MEM | tot     3.8G | free    2.4G | cache 562.5M | buff   30.6M | slab   62.1M |
MEM | tot     3.8G | free    2.4G | cache 562.5M | buff   30.6M | slab   62.1M |
MEM | tot     3.8G | free    2.4G | cache 562.5M | buff   30.6M | slab   62.1M |
MEM | tot     3.8G | free    2.4G | cache 562.5M | buff   30.6M | slab   62.1M |
MEM | tot     3.8G | free    2.4G | cache 562.5M | buff   30.6M | slab   62.1M |
MEM | tot     3.8G | free    2.4G | cache 562.5M | buff   30.6M | slab   62.1M |
MEM | tot     3.8G | free    2.4G | cache 562.5M | buff   30.6M | slab   62.1M |
MEM | tot     3.8G | free    2.4G | cache 562.5M | buff   30.6M | slab   62.1M |
MEM | tot     3.8G | free    2.4G | cache 562.5M | buff   30.6M | slab   62.1M |
MEM | tot     3.8G | free    2.4G | cache 562.6M | buff   30.6M | slab   62.1M |
MEM | tot     3.8G | free    2.4G | cache 562.6M | buff   30.6M | slab   62.1M |
MEM | tot     3.8G | free    2.4G | cache 562.6M | buff   30.6M | slab   62.1M |
