MEM | tot     3.8G | free    2.4G | cache 546.2M | buff   30.3M | slab   60.4M |
MEM | tot     3.8G | free    2.4G | cache 558.1M | buff   30.3M | slab   61.7M |
MEM | tot     3.8G | free    2.4G | cache 561.2M | buff   30.3M | slab   61.8M |
MEM | tot     3.8G | free    2.4G | cache 562.3M | buff   30.3M | slab   61.9M |
MEM | tot     3.8G | free    2.4G | cache 562.3M | buff   30.3M | slab   62.0M |
MEM | tot     3.8G | free    2.4G | cache 569.8M | buff   30.3M | slab   62.0M |
MEM | tot     3.8G | free    2.4G | cache 569.9M | buff   30.3M | slab   62.0M |
MEM | tot     3.8G | free    2.4G | cache 569.1M | buff   30.3M | slab   62.0M |
MEM | tot     3.8G | free    2.4G | cache 569.1M | buff   30.3M | slab   62.0M |
MEM | tot     3.8G | free    2.4G | cache 569.1M | buff   30.3M | slab   62.0M |
MEM | tot     3.8G | free    2.4G | cache 569.1M | buff   30.3M | slab   62.0M |
MEM | tot     3.8G | free    2.4G | cache 569.1M | buff   30.3M | slab   62.0M |
MEM | tot     3.8G | free    2.4G | cache 562.6M | buff   30.3M | slab   62.0M |
MEM | tot     3.8G | free    2.4G | cache 562.2M | buff   30.3M | slab   62.0M |
MEM | tot     3.8G | free    2.4G | cache 561.5M | buff   30.3M | slab   62.0M |
MEM | tot     3.8G | free    2.4G | cache 561.5M | buff   30.3M | slab   62.0M |
MEM | tot     3.8G | free    2.4G | cache 561.5M | buff   30.3M | slab   62.0M |
MEM | tot     3.8G | free    2.4G | cache 561.7M | buff   30.3M | slab   62.0M |
MEM | tot     3.8G | free    2.4G | cache 561.7M | buff   30.3M | slab   62.0M |
MEM | tot     3.8G | free    2.4G | cache 561.8M | buff   30.3M | slab   62.0M |
MEM | tot     3.8G | free    2.4G | cache 561.8M | buff   30.3M | slab   62.0M |
MEM | tot     3.8G | free    2.4G | cache 561.8M | buff   30.3M | slab   62.0M |
MEM | tot     3.8G | free    2.4G | cache 561.8M | buff   30.3M | slab   62.0M |
MEM | tot     3.8G | free    2.4G | cache 561.8M | buff   30.3M | slab   62.0M |
MEM | tot     3.8G | free    2.4G | cache 561.8M | buff   30.3M | slab   62.0M |
MEM | tot     3.8G | free    2.4G | cache 561.8M | buff   30.3M | slab   62.0M |
MEM | tot     3.8G | free    2.5G | cache 561.8M | buff   30.3M | slab   62.0M |
MEM | tot     3.8G | free    2.5G | cache 561.9M | buff   30.3M | slab   62.0M |
MEM | tot     3.8G | free    2.5G | cache 561.9M | buff   30.3M | slab   62.0M |
MEM | tot     3.8G | free    2.5G | cache 561.9M | buff   30.3M | slab   62.0M |
MEM | tot     3.8G | free    2.5G | cache 561.9M | buff   30.3M | slab   62.0M |
MEM | tot     3.8G | free    2.5G | cache 561.9M | buff   30.3M | slab   62.0M |
MEM | tot     3.8G | free    2.5G | cache 561.9M | buff   30.3M | slab   62.0M |
MEM | tot     3.8G | free    2.5G | cache 562.0M | buff   30.3M | slab   62.0M |
MEM | tot     3.8G | free    2.5G | cache 562.0M | buff   30.3M | slab   62.0M |
MEM | tot     3.8G | free    2.5G | cache 562.0M | buff   30.3M | slab   62.0M |
MEM | tot     3.8G | free    2.5G | cache 562.0M | buff   30.3M | slab   62.0M |
MEM | tot     3.8G | free    2.5G | cache 562.0M | buff   30.3M | slab   62.0M |
MEM | tot     3.8G | free    2.5G | cache 562.0M | buff   30.3M | slab   62.0M |
MEM | tot     3.8G | free    2.5G | cache 562.0M | buff   30.3M | slab   62.0M |
MEM | tot     3.8G | free    2.5G | cache 562.2M | buff   30.3M | slab   62.0M |
MEM | tot     3.8G | free    2.5G | cache 562.2M | buff   30.3M | slab   62.0M |
MEM | tot     3.8G | free    2.5G | cache 562.2M | buff   30.3M | slab   62.0M |
MEM | tot     3.8G | free    2.5G | cache 562.2M | buff   30.3M | slab   62.0M |
MEM | tot     3.8G | free    2.5G | cache 562.2M | buff   30.3M | slab   62.0M |
MEM | tot     3.8G | free    2.5G | cache 562.2M | buff   30.3M | slab   62.0M |
MEM | tot     3.8G | free    2.5G | cache 562.2M | buff   30.3M | slab   62.0M |
MEM | tot     3.8G | free    2.5G | cache 562.2M | buff   30.3M | slab   62.0M |
MEM | tot     3.8G | free    2.5G | cache 562.3M | buff   30.3M | slab   62.0M |
MEM | tot     3.8G | free    2.5G | cache 562.3M | buff   30.3M | slab   62.0M |
MEM | tot     3.8G | free    2.5G | cache 562.3M | buff   30.4M | slab   62.0M |
MEM | tot     3.8G | free    2.5G | cache 562.3M | buff   30.4M | slab   62.0M |
MEM | tot     3.8G | free    2.5G | cache 562.3M | buff   30.4M | slab   62.0M |
MEM | tot     3.8G | free    2.5G | cache 562.3M | buff   30.4M | slab   62.0M |
MEM | tot     3.8G | free    2.5G | cache 562.3M | buff   30.4M | slab   62.0M |
MEM | tot     3.8G | free    2.5G | cache 562.3M | buff   30.4M | slab   62.0M |
MEM | tot     3.8G | free    2.5G | cache 562.4M | buff   30.4M | slab   62.0M |
MEM | tot     3.8G | free    2.5G | cache 562.4M | buff   30.4M | slab   62.0M |
MEM | tot     3.8G | free    2.5G | cache 562.4M | buff   30.4M | slab   62.0M |
MEM | tot     3.8G | free    2.5G | cache 562.4M | buff   30.4M | slab   62.0M |
MEM | tot     3.8G | free    2.5G | cache 562.4M | buff   30.4M | slab   62.0M |
MEM | tot     3.8G | free    2.5G | cache 562.4M | buff   30.4M | slab   62.0M |
MEM | tot     3.8G | free    2.5G | cache 562.4M | buff   30.4M | slab   62.0M |
MEM | tot     3.8G | free    2.5G | cache 562.4M | buff   30.4M | slab   62.0M |
MEM | tot     3.8G | free    2.5G | cache 562.4M | buff   30.4M | slab   62.0M |
MEM | tot     3.8G | free    2.5G | cache 562.4M | buff   30.4M | slab   62.0M |
MEM | tot     3.8G | free    2.5G | cache 562.5M | buff   30.4M | slab   62.0M |
MEM | tot     3.8G | free    2.5G | cache 562.5M | buff   30.4M | slab   62.0M |
MEM | tot     3.8G | free    2.5G | cache 562.5M | buff   30.4M | slab   62.0M |
MEM | tot     3.8G | free    2.5G | cache 562.5M | buff   30.4M | slab   62.0M |
MEM | tot     3.8G | free    2.5G | cache 562.5M | buff   30.4M | slab   62.0M |
MEM | tot     3.8G | free    2.5G | cache 558.1M | buff   30.4M | slab   62.0M |
MEM | tot     3.8G | free    2.5G | cache 558.1M | buff   30.4M | slab   62.0M |
MEM | tot     3.8G | free    2.5G | cache 558.1M | buff   30.4M | slab   62.0M |
MEM | tot     3.8G | free    2.5G | cache 558.1M | buff   30.4M | slab   62.0M |
MEM | tot     3.8G | free    2.5G | cache 558.1M | buff   30.4M | slab   62.0M |
MEM | tot     3.8G | free    2.5G | cache 558.1M | buff   30.4M | slab   62.0M |
MEM | tot     3.8G | free    2.5G | cache 558.2M | buff   30.4M | slab   62.0M |
MEM | tot     3.8G | free    2.5G | cache 558.2M | buff   30.4M | slab   62.0M |
MEM | tot     3.8G | free    2.5G | cache 558.2M | buff   30.4M | slab   62.0M |
MEM | tot     3.8G | free    2.5G | cache 558.2M | buff   30.4M | slab   62.0M |
MEM | tot     3.8G | free    2.5G | cache 558.2M | buff   30.4M | slab   62.0M |
MEM | tot     3.8G | free    2.5G | cache 558.2M | buff   30.4M | slab   62.0M |
MEM | tot     3.8G | free    2.5G | cache 558.2M | buff   30.4M | slab   62.0M |
MEM | tot     3.8G | free    2.5G | cache 558.2M | buff   30.4M | slab   62.0M |
MEM | tot     3.8G | free    2.5G | cache 558.2M | buff   30.4M | slab   62.0M |
MEM | tot     3.8G | free    2.5G | cache 558.3M | buff   30.4M | slab   62.0M |
MEM | tot     3.8G | free    2.5G | cache 558.3M | buff   30.4M | slab   62.0M |
MEM | tot     3.8G | free    2.5G | cache 558.3M | buff   30.4M | slab   62.0M |
MEM | tot     3.8G | free    2.5G | cache 558.3M | buff   30.4M | slab   62.0M |
MEM | tot     3.8G | free    2.5G | cache 558.3M | buff   30.4M | slab   62.0M |
MEM | tot     3.8G | free    2.5G | cache 558.3M | buff   30.4M | slab   62.0M |
MEM | tot     3.8G | free    2.5G | cache 558.3M | buff   30.4M | slab   62.0M |
MEM | tot     3.8G | free    2.5G | cache 558.3M | buff   30.4M | slab   62.0M |
MEM | tot     3.8G | free    2.5G | cache 558.4M | buff   30.4M | slab   62.0M |
MEM | tot     3.8G | free    2.5G | cache 558.4M | buff   30.4M | slab   62.0M |
MEM | tot     3.8G | free    2.5G | cache 558.4M | buff   30.4M | slab   62.0M |
MEM | tot     3.8G | free    2.5G | cache 558.4M | buff   30.4M | slab   62.0M |
MEM | tot     3.8G | free    2.5G | cache 558.4M | buff   30.4M | slab   62.0M |
MEM | tot     3.8G | free    2.5G | cache 558.4M | buff   30.4M | slab   62.0M |
MEM | tot     3.8G | free    2.5G | cache 558.4M | buff   30.4M | slab   62.0M |
MEM | tot     3.8G | free    2.5G | cache 558.4M | buff   30.4M | slab   62.0M |
MEM | tot     3.8G | free    2.5G | cache 558.4M | buff   30.4M | slab   62.0M |
MEM | tot     3.8G | free    2.5G | cache 558.5M | buff   30.4M | slab   62.0M |
MEM | tot     3.8G | free    2.5G | cache 558.5M | buff   30.5M | slab   62.0M |
MEM | tot     3.8G | free    2.5G | cache 558.5M | buff   30.5M | slab   62.0M |
MEM | tot     3.8G | free    2.5G | cache 558.5M | buff   30.5M | slab   62.0M |
MEM | tot     3.8G | free    2.5G | cache 558.5M | buff   30.5M | slab   62.0M |
MEM | tot     3.8G | free    2.5G | cache 558.5M | buff   30.5M | slab   62.0M |
MEM | tot     3.8G | free    2.5G | cache 558.5M | buff   30.5M | slab   62.0M |
MEM | tot     3.8G | free    2.5G | cache 558.5M | buff   30.5M | slab   62.0M |
MEM | tot     3.8G | free    2.5G | cache 558.5M | buff   30.5M | slab   62.0M |
MEM | tot     3.8G | free    2.5G | cache 558.6M | buff   30.5M | slab   62.0M |
MEM | tot     3.8G | free    2.5G | cache 558.6M | buff   30.5M | slab   62.0M |
MEM | tot     3.8G | free    2.5G | cache 558.6M | buff   30.5M | slab   62.0M |
MEM | tot     3.8G | free    2.5G | cache 558.6M | buff   30.5M | slab   62.0M |
MEM | tot     3.8G | free    2.5G | cache 558.6M | buff   30.5M | slab   62.0M |
MEM | tot     3.8G | free    2.5G | cache 558.6M | buff   30.5M | slab   62.0M |
MEM | tot     3.8G | free    2.5G | cache 558.6M | buff   30.5M | slab   62.0M |
MEM | tot     3.8G | free    2.5G | cache 558.6M | buff   30.5M | slab   62.0M |
MEM | tot     3.8G | free    2.5G | cache 558.6M | buff   30.5M | slab   62.0M |
MEM | tot     3.8G | free    2.5G | cache 558.7M | buff   30.5M | slab   62.0M |
MEM | tot     3.8G | free    2.5G | cache 558.7M | buff   30.5M | slab   62.0M |
MEM | tot     3.8G | free    2.5G | cache 558.7M | buff   30.5M | slab   62.0M |
MEM | tot     3.8G | free    2.5G | cache 558.7M | buff   30.5M | slab   62.0M |
MEM | tot     3.8G | free    2.5G | cache 558.7M | buff   30.5M | slab   62.0M |
MEM | tot     3.8G | free    2.5G | cache 558.7M | buff   30.5M | slab   62.0M |
MEM | tot     3.8G | free    2.5G | cache 558.7M | buff   30.5M | slab   62.0M |
MEM | tot     3.8G | free    2.5G | cache 558.7M | buff   30.5M | slab   62.0M |
MEM | tot     3.8G | free    2.5G | cache 558.7M | buff   30.5M | slab   62.0M |
MEM | tot     3.8G | free    2.5G | cache 560.0M | buff   30.5M | slab   62.0M |
MEM | tot     3.8G | free    2.5G | cache 560.0M | buff   30.5M | slab   62.0M |
MEM | tot     3.8G | free    2.5G | cache 560.0M | buff   30.5M | slab   62.0M |
MEM | tot     3.8G | free    2.5G | cache 560.0M | buff   30.5M | slab   62.0M |
MEM | tot     3.8G | free    2.5G | cache 560.1M | buff   30.5M | slab   62.0M |
MEM | tot     3.8G | free    2.5G | cache 558.8M | buff   30.5M | slab   62.0M |
MEM | tot     3.8G | free    2.5G | cache 558.8M | buff   30.5M | slab   62.0M |
MEM | tot     3.8G | free    2.5G | cache 558.8M | buff   30.5M | slab   62.0M |
MEM | tot     3.8G | free    2.5G | cache 558.8M | buff   30.5M | slab   62.0M |
MEM | tot     3.8G | free    2.5G | cache 558.9M | buff   30.5M | slab   62.0M |
MEM | tot     3.8G | free    2.5G | cache 558.9M | buff   30.5M | slab   62.0M |
MEM | tot     3.8G | free    2.5G | cache 558.9M | buff   30.5M | slab   62.0M |
MEM | tot     3.8G | free    2.5G | cache 558.9M | buff   30.5M | slab   62.0M |
MEM | tot     3.8G | free    2.5G | cache 558.9M | buff   30.5M | slab   62.0M |
MEM | tot     3.8G | free    2.5G | cache 558.9M | buff   30.5M | slab   62.0M |
MEM | tot     3.8G | free    2.5G | cache 558.9M | buff   30.5M | slab   62.0M |
MEM | tot     3.8G | free    2.5G | cache 558.9M | buff   30.5M | slab   62.0M |
MEM | tot     3.8G | free    2.5G | cache 558.9M | buff   30.5M | slab   62.0M |
MEM | tot     3.8G | free    2.5G | cache 559.0M | buff   30.5M | slab   62.0M |
MEM | tot     3.8G | free    2.5G | cache 559.0M | buff   30.5M | slab   62.0M |
MEM | tot     3.8G | free    2.5G | cache 559.0M | buff   30.5M | slab   62.0M |
MEM | tot     3.8G | free    2.5G | cache 559.0M | buff   30.5M | slab   62.0M |
MEM | tot     3.8G | free    2.5G | cache 559.0M | buff   30.5M | slab   62.0M |
MEM | tot     3.8G | free    2.5G | cache 559.0M | buff   30.5M | slab   62.0M |
MEM | tot     3.8G | free    2.5G | cache 559.0M | buff   30.5M | slab   62.0M |
MEM | tot     3.8G | free    2.5G | cache 559.0M | buff   30.5M | slab   62.0M |
MEM | tot     3.8G | free    2.5G | cache 559.0M | buff   30.5M | slab   62.0M |
MEM | tot     3.8G | free    2.5G | cache 559.1M | buff   30.5M | slab   62.0M |
MEM | tot     3.8G | free    2.5G | cache 559.1M | buff   30.5M | slab   62.0M |
MEM | tot     3.8G | free    2.5G | cache 559.1M | buff   30.6M | slab   62.0M |
MEM | tot     3.8G | free    2.5G | cache 559.1M | buff   30.6M | slab   62.0M |
MEM | tot     3.8G | free    2.5G | cache 559.1M | buff   30.6M | slab   62.0M |
MEM | tot     3.8G | free    2.5G | cache 559.1M | buff   30.6M | slab   62.0M |
MEM | tot     3.8G | free    2.5G | cache 559.1M | buff   30.6M | slab   62.0M |
MEM | tot     3.8G | free    2.5G | cache 559.1M | buff   30.6M | slab   62.0M |
MEM | tot     3.8G | free    2.5G | cache 559.1M | buff   30.6M | slab   62.0M |
MEM | tot     3.8G | free    2.5G | cache 559.2M | buff   30.6M | slab   62.0M |
MEM | tot     3.8G | free    2.5G | cache 559.2M | buff   30.6M | slab   62.0M |
MEM | tot     3.8G | free    2.5G | cache 559.2M | buff   30.6M | slab   62.0M |
MEM | tot     3.8G | free    2.5G | cache 559.2M | buff   30.6M | slab   62.0M |
MEM | tot     3.8G | free    2.5G | cache 559.2M | buff   30.6M | slab   62.0M |
MEM | tot     3.8G | free    2.5G | cache 559.2M | buff   30.6M | slab   62.0M |
MEM | tot     3.8G | free    2.5G | cache 559.3M | buff   30.6M | slab   62.0M |
MEM | tot     3.8G | free    2.5G | cache 559.3M | buff   30.6M | slab   62.0M |
MEM | tot     3.8G | free    2.5G | cache 559.3M | buff   30.6M | slab   62.0M |
MEM | tot     3.8G | free    2.5G | cache 559.4M | buff   30.6M | slab   62.0M |
MEM | tot     3.8G | free    2.5G | cache 559.4M | buff   30.6M | slab   62.0M |
MEM | tot     3.8G | free    2.5G | cache 559.4M | buff   30.6M | slab   62.0M |
MEM | tot     3.8G | free    2.5G | cache 559.4M | buff   30.6M | slab   62.0M |
MEM | tot     3.8G | free    2.5G | cache 559.4M | buff   30.6M | slab   62.0M |
MEM | tot     3.8G | free    2.5G | cache 559.4M | buff   30.6M | slab   62.0M |
MEM | tot     3.8G | free    2.5G | cache 559.4M | buff   30.6M | slab   62.0M |
MEM | tot     3.8G | free    2.5G | cache 559.4M | buff   30.6M | slab   62.0M |
MEM | tot     3.8G | free    2.5G | cache 559.5M | buff   30.6M | slab   62.0M |
MEM | tot     3.8G | free    2.5G | cache 559.5M | buff   30.6M | slab   62.0M |
MEM | tot     3.8G | free    2.5G | cache 559.5M | buff   30.6M | slab   62.0M |
MEM | tot     3.8G | free    2.5G | cache 559.5M | buff   30.6M | slab   62.0M |
MEM | tot     3.8G | free    2.5G | cache 559.6M | buff   30.6M | slab   62.0M |
MEM | tot     3.8G | free    2.5G | cache 559.6M | buff   30.6M | slab   62.0M |
MEM | tot     3.8G | free    2.5G | cache 559.6M | buff   30.6M | slab   62.0M |
