CPU,sys,12,user,26,irq,0,idle,55,wait,7,,38
CPU,sys,36,user,52,irq,0,idle,0,wait,12,,88
CPU,sys,20,user,54,irq,0,idle,0,wait,26,,74
CPU,sys,31,user,36,irq,2,idle,0,wait,32,,67
CPU,sys,35,user,42,irq,4,idle,0,wait,18,,77
CPU,sys,34,user,62,irq,4,idle,0,wait,0,,96
CPU,sys,30,user,58,irq,2,idle,0,wait,10,,88
CPU,sys,26,user,52,irq,4,idle,0,wait,18,,78
CPU,sys,30,user,64,irq,2,idle,0,wait,3,,94
CPU,sys,26,user,30,irq,0,idle,0,wait,43,,56
CPU,sys,23,user,35,irq,2,idle,0,wait,40,,58
CPU,sys,24,user,33,irq,3,idle,0,wait,40,,57
CPU,sys,23,user,34,irq,3,idle,0,wait,40,,57
CPU,sys,20,user,38,irq,2,idle,0,wait,40,,58
CPU,sys,20,user,35,irq,4,idle,0,wait,41,,55
CPU,sys,20,user,47,irq,3,idle,0,wait,30,,67
CPU,sys,23,user,71,irq,3,idle,0,wait,3,,94
CPU,sys,18,user,72,irq,3,idle,0,wait,6,,90
CPU,sys,23,user,67,irq,1,idle,0,wait,9,,90
CPU,sys,23,user,36,irq,4,idle,0,wait,37,,59
CPU,sys,26,user,30,irq,2,idle,0,wait,43,,56
CPU,sys,27,user,29,irq,2,idle,0,wait,42,,56
CPU,sys,22,user,33,irq,1,idle,0,wait,44,,55
CPU,sys,22,user,32,irq,3,idle,0,wait,43,,54
CPU,sys,22,user,34,irq,2,idle,0,wait,42,,56
CPU,sys,21,user,44,irq,2,idle,0,wait,33,,65
CPU,sys,22,user,40,irq,2,idle,0,wait,36,,62
CPU,sys,17,user,39,irq,3,idle,0,wait,41,,56
CPU,sys,20,user,34,irq,1,idle,0,wait,45,,54
CPU,sys,20,user,29,irq,5,idle,0,wait,46,,49
CPU,sys,18,user,36,irq,2,idle,0,wait,44,,54
CPU,sys,17,user,33,irq,1,idle,0,wait,49,,50
CPU,sys,20,user,31,irq,2,idle,0,wait,46,,51
CPU,sys,21,user,35,irq,4,idle,0,wait,40,,56
CPU,sys,17,user,41,irq,0,idle,0,wait,42,,58
CPU,sys,24,user,39,irq,2,idle,0,wait,34,,63
CPU,sys,18,user,35,irq,2,idle,0,wait,44,,53
CPU,sys,19,user,36,irq,4,idle,0,wait,41,,55
CPU,sys,25,user,32,irq,2,idle,0,wait,41,,57
CPU,sys,26,user,31,irq,2,idle,0,wait,41,,57
CPU,sys,25,user,46,irq,2,idle,0,wait,27,,71
CPU,sys,20,user,37,irq,2,idle,0,wait,41,,57
CPU,sys,19,user,34,irq,4,idle,0,wait,42,,53
CPU,sys,24,user,35,irq,2,idle,0,wait,39,,59
CPU,sys,23,user,37,irq,2,idle,0,wait,38,,60
CPU,sys,19,user,42,irq,3,idle,0,wait,36,,61
CPU,sys,21,user,40,irq,2,idle,0,wait,37,,61
CPU,sys,22,user,40,irq,1,idle,0,wait,37,,62
CPU,sys,21,user,40,irq,2,idle,0,wait,37,,61
CPU,sys,23,user,39,irq,3,idle,0,wait,35,,62
CPU,sys,21,user,38,irq,3,idle,0,wait,38,,59
CPU,sys,21,user,38,irq,0,idle,0,wait,41,,59
CPU,sys,22,user,37,irq,3,idle,0,wait,38,,59
CPU,sys,20,user,39,irq,1,idle,0,wait,40,,59
CPU,sys,18,user,40,irq,2,idle,0,wait,40,,58
CPU,sys,19,user,32,irq,2,idle,0,wait,47,,51
CPU,sys,24,user,35,irq,1,idle,0,wait,40,,59
CPU,sys,18,user,37,irq,2,idle,0,wait,41,,55
CPU,sys,27,user,31,irq,2,idle,0,wait,40,,58
CPU,sys,21,user,31,irq,2,idle,0,wait,46,,52
CPU,sys,18,user,38,irq,3,idle,0,wait,41,,56
CPU,sys,20,user,32,irq,3,idle,0,wait,45,,52
CPU,sys,17,user,41,irq,2,idle,0,wait,40,,58
CPU,sys,19,user,38,irq,1,idle,0,wait,43,,57
CPU,sys,20,user,40,irq,0,idle,0,wait,40,,60
CPU,sys,22,user,33,irq,3,idle,0,wait,43,,55
CPU,sys,21,user,33,irq,2,idle,0,wait,44,,54
CPU,sys,19,user,39,irq,1,idle,0,wait,41,,58
CPU,sys,18,user,42,irq,2,idle,0,wait,38,,60
CPU,sys,17,user,43,irq,2,idle,0,wait,38,,60
CPU,sys,18,user,39,irq,1,idle,0,wait,43,,57
CPU,sys,21,user,36,irq,2,idle,0,wait,41,,57
CPU,sys,14,user,42,irq,3,idle,0,wait,40,,56
CPU,sys,19,user,42,irq,2,idle,0,wait,37,,61
CPU,sys,19,user,36,irq,1,idle,0,wait,43,,55
CPU,sys,19,user,37,irq,2,idle,0,wait,41,,56
CPU,sys,19,user,41,irq,1,idle,0,wait,40,,60
CPU,sys,21,user,42,irq,2,idle,0,wait,35,,63
CPU,sys,18,user,43,irq,0,idle,0,wait,39,,61
CPU,sys,20,user,42,irq,1,idle,0,wait,37,,62
CPU,sys,21,user,38,irq,1,idle,0,wait,39,,59
CPU,sys,20,user,37,irq,1,idle,0,wait,42,,57
CPU,sys,18,user,38,irq,2,idle,0,wait,43,,56
CPU,sys,18,user,39,irq,1,idle,0,wait,42,,57
CPU,sys,19,user,39,irq,1,idle,0,wait,41,,58
CPU,sys,12,user,19,irq,0,idle,0,wait,69,,31
CPU,sys,17,user,39,irq,1,idle,0,wait,42,,56
CPU,sys,16,user,36,irq,1,idle,0,wait,47,,52
CPU,sys,17,user,40,irq,1,idle,0,wait,41,,57
CPU,sys,17,user,35,irq,2,idle,0,wait,45,,52
CPU,sys,20,user,43,irq,2,idle,0,wait,35,,63
CPU,sys,17,user,38,irq,3,idle,0,wait,42,,55
CPU,sys,17,user,41,irq,1,idle,0,wait,41,,58
CPU,sys,18,user,40,irq,1,idle,0,wait,41,,58
CPU,sys,16,user,39,irq,2,idle,0,wait,42,,55
CPU,sys,17,user,45,irq,0,idle,0,wait,38,,62
CPU,sys,18,user,43,irq,0,idle,0,wait,40,,61
CPU,sys,18,user,44,irq,1,idle,0,wait,38,,62
CPU,sys,13,user,39,irq,2,idle,0,wait,46,,52
CPU,sys,19,user,40,irq,1,idle,0,wait,40,,59
CPU,sys,18,user,38,irq,1,idle,0,wait,42,,56
CPU,sys,18,user,41,irq,1,idle,0,wait,40,,59
CPU,sys,15,user,39,irq,1,idle,0,wait,45,,54
CPU,sys,18,user,39,irq,1,idle,0,wait,42,,57
CPU,sys,20,user,46,irq,1,idle,0,wait,33,,66
CPU,sys,18,user,42,irq,1,idle,0,wait,39,,60
CPU,sys,17,user,38,irq,0,idle,0,wait,45,,55
CPU,sys,16,user,42,irq,1,idle,0,wait,42,,58
CPU,sys,14,user,39,irq,1,idle,0,wait,45,,53
CPU,sys,16,user,39,irq,1,idle,0,wait,44,,55
CPU,sys,21,user,32,irq,0,idle,0,wait,47,,53
CPU,sys,18,user,40,irq,1,idle,0,wait,40,,58
CPU,sys,19,user,39,irq,1,idle,0,wait,40,,58
CPU,sys,17,user,36,irq,0,idle,0,wait,47,,53
CPU,sys,17,user,41,irq,2,idle,0,wait,40,,58
CPU,sys,19,user,41,irq,1,idle,0,wait,39,,60
CPU,sys,14,user,43,irq,2,idle,0,wait,41,,57
CPU,sys,17,user,39,irq,0,idle,0,wait,44,,56
CPU,sys,15,user,44,irq,4,idle,0,wait,36,,59
CPU,sys,16,user,39,irq,2,idle,0,wait,42,,55
CPU,sys,15,user,44,irq,1,idle,0,wait,39,,59
CPU,sys,16,user,38,irq,2,idle,0,wait,44,,54
CPU,sys,19,user,39,irq,1,idle,0,wait,41,,58
CPU,sys,13,user,43,irq,2,idle,0,wait,41,,56
CPU,sys,19,user,39,irq,1,idle,0,wait,40,,58
CPU,sys,18,user,37,irq,1,idle,0,wait,43,,55
CPU,sys,14,user,42,irq,1,idle,0,wait,43,,56
CPU,sys,18,user,41,irq,2,idle,0,wait,39,,59
CPU,sys,18,user,40,irq,0,idle,0,wait,42,,58
CPU,sys,13,user,43,irq,3,idle,0,wait,41,,56
CPU,sys,22,user,49,irq,1,idle,0,wait,27,,71
CPU,sys,17,user,37,irq,2,idle,0,wait,42,,54
CPU,sys,16,user,44,irq,1,idle,0,wait,39,,60
CPU,sys,16,user,44,irq,1,idle,0,wait,39,,60
CPU,sys,18,user,35,irq,2,idle,0,wait,46,,53
CPU,sys,19,user,38,irq,2,idle,0,wait,41,,57
CPU,sys,15,user,36,irq,1,idle,0,wait,47,,51
CPU,sys,15,user,38,irq,1,idle,0,wait,46,,53
CPU,sys,15,user,36,irq,1,idle,1,wait,47,,51
CPU,sys,14,user,37,irq,1,idle,0,wait,47,,51
CPU,sys,15,user,37,irq,1,idle,0,wait,45,,52
CPU,sys,16,user,43,irq,1,idle,0,wait,41,,59
CPU,sys,15,user,41,irq,1,idle,0,wait,42,,56
CPU,sys,18,user,40,irq,1,idle,0,wait,41,,58
CPU,sys,15,user,37,irq,1,idle,0,wait,46,,52
CPU,sys,16,user,37,irq,1,idle,0,wait,46,,53
CPU,sys,15,user,37,irq,2,idle,0,wait,46,,52
CPU,sys,18,user,37,irq,1,idle,0,wait,44,,55
CPU,sys,14,user,39,irq,1,idle,0,wait,45,,53
CPU,sys,17,user,42,irq,2,idle,0,wait,38,,59
CPU,sys,13,user,44,irq,1,idle,0,wait,41,,57
CPU,sys,16,user,38,irq,1,idle,0,wait,44,,54
CPU,sys,13,user,37,irq,1,idle,0,wait,48,,50
CPU,sys,14,user,32,irq,0,idle,0,wait,54,,46
CPU,sys,16,user,33,irq,1,idle,0,wait,50,,49
CPU,sys,13,user,32,irq,1,idle,0,wait,54,,45
CPU,sys,13,user,36,irq,1,idle,0,wait,49,,49
CPU,sys,14,user,31,irq,0,idle,0,wait,55,,45
CPU,sys,15,user,33,irq,2,idle,0,wait,49,,48
CPU,sys,10,user,35,irq,0,idle,0,wait,54,,45
CPU,sys,14,user,32,irq,1,idle,0,wait,53,,46
CPU,sys,12,user,33,irq,0,idle,0,wait,55,,45
CPU,sys,16,user,34,irq,1,idle,0,wait,49,,50
CPU,sys,15,user,33,irq,0,idle,0,wait,52,,48
CPU,sys,11,user,38,irq,2,idle,0,wait,49,,49
CPU,sys,18,user,38,irq,1,idle,0,wait,42,,56
CPU,sys,14,user,33,irq,1,idle,0,wait,51,,47
CPU,sys,15,user,31,irq,2,idle,0,wait,52,,46
CPU,sys,13,user,33,irq,1,idle,0,wait,53,,46
CPU,sys,11,user,36,irq,1,idle,0,wait,52,,47
CPU,sys,15,user,32,irq,2,idle,0,wait,51,,47
CPU,sys,15,user,34,irq,2,idle,0,wait,49,,49
CPU,sys,13,user,37,irq,0,idle,0,wait,50,,50
CPU,sys,15,user,27,irq,2,idle,0,wait,56,,42
CPU,sys,15,user,40,irq,2,idle,0,wait,42,,55
CPU,sys,17,user,37,irq,1,idle,0,wait,45,,54
CPU,sys,12,user,45,irq,2,idle,0,wait,40,,57
CPU,sys,13,user,41,irq,0,idle,0,wait,45,,54
CPU,sys,12,user,43,irq,0,idle,0,wait,44,,55
CPU,sys,19,user,40,irq,0,idle,0,wait,42,,59
CPU,sys,15,user,42,irq,1,idle,0,wait,42,,57
CPU,sys,15,user,43,irq,0,idle,0,wait,41,,58
CPU,sys,16,user,42,irq,1,idle,0,wait,40,,58
CPU,sys,15,user,41,irq,1,idle,0,wait,43,,56
CPU,sys,12,user,47,irq,0,idle,0,wait,41,,59
CPU,sys,14,user,44,irq,2,idle,0,wait,40,,58
CPU,sys,12,user,40,irq,1,idle,0,wait,47,,52
CPU,sys,16,user,41,irq,0,idle,0,wait,42,,57
CPU,sys,14,user,35,irq,1,idle,0,wait,50,,49
CPU,sys,13,user,43,irq,0,idle,0,wait,44,,56
,,,,,,,,,,,,
,,,,,,,,,,,média,"57,3703703703704"
,,,,,,,,,,,DP,"8,76588954658608"
