CPU,sys,15,user,32,irq,1,idle,31,wait,22,,47
CPU,sys,38,user,62,irq,0,idle,0,wait,0,,100
CPU,sys,28,user,72,irq,0,idle,0,wait,0,,100
CPU,sys,26,user,72,irq,2,idle,0,wait,0,,98
CPU,sys,32,user,64,irq,3,idle,0,wait,0,,96
CPU,sys,32,user,65,irq,3,idle,0,wait,0,,97
CPU,sys,37,user,62,irq,1,idle,0,wait,0,,99
CPU,sys,26,user,69,irq,5,idle,0,wait,0,,95
CPU,sys,34,user,65,irq,1,idle,0,wait,0,,99
CPU,sys,26,user,72,irq,2,idle,0,wait,0,,98
CPU,sys,29,user,68,irq,3,idle,0,wait,0,,97
CPU,sys,29,user,68,irq,3,idle,0,wait,0,,97
CPU,sys,30,user,67,irq,3,idle,0,wait,0,,97
CPU,sys,27,user,67,irq,6,idle,0,wait,0,,94
CPU,sys,26,user,72,irq,2,idle,0,wait,0,,98
CPU,sys,25,user,72,irq,3,idle,0,wait,0,,97
CPU,sys,31,user,62,irq,7,idle,0,wait,0,,93
CPU,sys,26,user,70,irq,4,idle,0,wait,0,,96
CPU,sys,28,user,70,irq,2,idle,0,wait,0,,98
CPU,sys,29,user,68,irq,3,idle,0,wait,0,,97
CPU,sys,24,user,73,irq,3,idle,0,wait,0,,97
CPU,sys,31,user,65,irq,4,idle,0,wait,0,,96
,,,,,,,,,,,,
,,,,,,,,,,,média,"97,0952380952381"
,,,,,,,,,,,DP,"1,75797502555531"
