E,tot,"3,8",free,"2,4",cache,"546,2",buff,"30,3",slab,"60,4",,"1,4"
E,tot,"3,8",free,"2,4",cache,"558,1",buff,"30,3",slab,"61,7",,"1,4"
E,tot,"3,8",free,"2,4",cache,"561,2",buff,"30,3",slab,"61,8",,"1,4"
E,tot,"3,8",free,"2,4",cache,"562,3",buff,"30,3",slab,"61,9",,"1,4"
E,tot,"3,8",free,"2,4",cache,"562,3",buff,"30,3",slab,62,,"1,4"
E,tot,"3,8",free,"2,4",cache,"569,8",buff,"30,3",slab,62,,"1,4"
E,tot,"3,8",free,"2,4",cache,"569,9",buff,"30,3",slab,62,,"1,4"
E,tot,"3,8",free,"2,4",cache,"569,1",buff,"30,3",slab,62,,"1,4"
E,tot,"3,8",free,"2,4",cache,"569,1",buff,"30,3",slab,62,,"1,4"
E,tot,"3,8",free,"2,4",cache,"569,1",buff,"30,3",slab,62,,"1,4"
E,tot,"3,8",free,"2,4",cache,"569,1",buff,"30,3",slab,62,,"1,4"
E,tot,"3,8",free,"2,4",cache,"569,1",buff,"30,3",slab,62,,"1,4"
E,tot,"3,8",free,"2,4",cache,"562,6",buff,"30,3",slab,62,,"1,4"
E,tot,"3,8",free,"2,4",cache,"562,2",buff,"30,3",slab,62,,"1,4"
E,tot,"3,8",free,"2,4",cache,"561,5",buff,"30,3",slab,62,,"1,4"
E,tot,"3,8",free,"2,4",cache,"561,5",buff,"30,3",slab,62,,"1,4"
E,tot,"3,8",free,"2,4",cache,"561,5",buff,"30,3",slab,62,,"1,4"
E,tot,"3,8",free,"2,4",cache,"561,7",buff,"30,3",slab,62,,"1,4"
E,tot,"3,8",free,"2,4",cache,"561,7",buff,"30,3",slab,62,,"1,4"
E,tot,"3,8",free,"2,4",cache,"561,8",buff,"30,3",slab,62,,"1,4"
E,tot,"3,8",free,"2,4",cache,"561,8",buff,"30,3",slab,62,,"1,4"
E,tot,"3,8",free,"2,4",cache,"561,8",buff,"30,3",slab,62,,"1,4"
E,tot,"3,8",free,"2,4",cache,"561,8",buff,"30,3",slab,62,,"1,4"
E,tot,"3,8",free,"2,4",cache,"561,8",buff,"30,3",slab,62,,"1,4"
E,tot,"3,8",free,"2,4",cache,"561,8",buff,"30,3",slab,62,,"1,4"
E,tot,"3,8",free,"2,4",cache,"561,8",buff,"30,3",slab,62,,"1,4"
E,tot,"3,8",free,"2,5",cache,"561,8",buff,"30,3",slab,62,,"1,3"
E,tot,"3,8",free,"2,5",cache,"561,9",buff,"30,3",slab,62,,"1,3"
E,tot,"3,8",free,"2,5",cache,"561,9",buff,"30,3",slab,62,,"1,3"
E,tot,"3,8",free,"2,5",cache,"561,9",buff,"30,3",slab,62,,"1,3"
E,tot,"3,8",free,"2,5",cache,"561,9",buff,"30,3",slab,62,,"1,3"
E,tot,"3,8",free,"2,5",cache,"561,9",buff,"30,3",slab,62,,"1,3"
E,tot,"3,8",free,"2,5",cache,"561,9",buff,"30,3",slab,62,,"1,3"
E,tot,"3,8",free,"2,5",cache,562,buff,"30,3",slab,62,,"1,3"
E,tot,"3,8",free,"2,5",cache,562,buff,"30,3",slab,62,,"1,3"
E,tot,"3,8",free,"2,5",cache,562,buff,"30,3",slab,62,,"1,3"
E,tot,"3,8",free,"2,5",cache,562,buff,"30,3",slab,62,,"1,3"
E,tot,"3,8",free,"2,5",cache,562,buff,"30,3",slab,62,,"1,3"
E,tot,"3,8",free,"2,5",cache,562,buff,"30,3",slab,62,,"1,3"
E,tot,"3,8",free,"2,5",cache,562,buff,"30,3",slab,62,,"1,3"
E,tot,"3,8",free,"2,5",cache,"562,2",buff,"30,3",slab,62,,"1,3"
E,tot,"3,8",free,"2,5",cache,"562,2",buff,"30,3",slab,62,,"1,3"
E,tot,"3,8",free,"2,5",cache,"562,2",buff,"30,3",slab,62,,"1,3"
E,tot,"3,8",free,"2,5",cache,"562,2",buff,"30,3",slab,62,,"1,3"
E,tot,"3,8",free,"2,5",cache,"562,2",buff,"30,3",slab,62,,"1,3"
E,tot,"3,8",free,"2,5",cache,"562,2",buff,"30,3",slab,62,,"1,3"
E,tot,"3,8",free,"2,5",cache,"562,2",buff,"30,3",slab,62,,"1,3"
E,tot,"3,8",free,"2,5",cache,"562,2",buff,"30,3",slab,62,,"1,3"
E,tot,"3,8",free,"2,5",cache,"562,3",buff,"30,3",slab,62,,"1,3"
E,tot,"3,8",free,"2,5",cache,"562,3",buff,"30,3",slab,62,,"1,3"
E,tot,"3,8",free,"2,5",cache,"562,3",buff,"30,4",slab,62,,"1,3"
E,tot,"3,8",free,"2,5",cache,"562,3",buff,"30,4",slab,62,,"1,3"
E,tot,"3,8",free,"2,5",cache,"562,3",buff,"30,4",slab,62,,"1,3"
E,tot,"3,8",free,"2,5",cache,"562,3",buff,"30,4",slab,62,,"1,3"
E,tot,"3,8",free,"2,5",cache,"562,3",buff,"30,4",slab,62,,"1,3"
E,tot,"3,8",free,"2,5",cache,"562,3",buff,"30,4",slab,62,,"1,3"
E,tot,"3,8",free,"2,5",cache,"562,4",buff,"30,4",slab,62,,"1,3"
E,tot,"3,8",free,"2,5",cache,"562,4",buff,"30,4",slab,62,,"1,3"
E,tot,"3,8",free,"2,5",cache,"562,4",buff,"30,4",slab,62,,"1,3"
E,tot,"3,8",free,"2,5",cache,"562,4",buff,"30,4",slab,62,,"1,3"
E,tot,"3,8",free,"2,5",cache,"562,4",buff,"30,4",slab,62,,"1,3"
E,tot,"3,8",free,"2,5",cache,"562,4",buff,"30,4",slab,62,,"1,3"
E,tot,"3,8",free,"2,5",cache,"562,4",buff,"30,4",slab,62,,"1,3"
E,tot,"3,8",free,"2,5",cache,"562,4",buff,"30,4",slab,62,,"1,3"
E,tot,"3,8",free,"2,5",cache,"562,4",buff,"30,4",slab,62,,"1,3"
E,tot,"3,8",free,"2,5",cache,"562,4",buff,"30,4",slab,62,,"1,3"
E,tot,"3,8",free,"2,5",cache,"562,5",buff,"30,4",slab,62,,"1,3"
E,tot,"3,8",free,"2,5",cache,"562,5",buff,"30,4",slab,62,,"1,3"
E,tot,"3,8",free,"2,5",cache,"562,5",buff,"30,4",slab,62,,"1,3"
E,tot,"3,8",free,"2,5",cache,"562,5",buff,"30,4",slab,62,,"1,3"
E,tot,"3,8",free,"2,5",cache,"562,5",buff,"30,4",slab,62,,"1,3"
E,tot,"3,8",free,"2,5",cache,"558,1",buff,"30,4",slab,62,,"1,3"
E,tot,"3,8",free,"2,5",cache,"558,1",buff,"30,4",slab,62,,"1,3"
E,tot,"3,8",free,"2,5",cache,"558,1",buff,"30,4",slab,62,,"1,3"
E,tot,"3,8",free,"2,5",cache,"558,1",buff,"30,4",slab,62,,"1,3"
E,tot,"3,8",free,"2,5",cache,"558,1",buff,"30,4",slab,62,,"1,3"
E,tot,"3,8",free,"2,5",cache,"558,1",buff,"30,4",slab,62,,"1,3"
E,tot,"3,8",free,"2,5",cache,"558,2",buff,"30,4",slab,62,,"1,3"
E,tot,"3,8",free,"2,5",cache,"558,2",buff,"30,4",slab,62,,"1,3"
E,tot,"3,8",free,"2,5",cache,"558,2",buff,"30,4",slab,62,,"1,3"
E,tot,"3,8",free,"2,5",cache,"558,2",buff,"30,4",slab,62,,"1,3"
E,tot,"3,8",free,"2,5",cache,"558,2",buff,"30,4",slab,62,,"1,3"
E,tot,"3,8",free,"2,5",cache,"558,2",buff,"30,4",slab,62,,"1,3"
E,tot,"3,8",free,"2,5",cache,"558,2",buff,"30,4",slab,62,,"1,3"
E,tot,"3,8",free,"2,5",cache,"558,2",buff,"30,4",slab,62,,"1,3"
E,tot,"3,8",free,"2,5",cache,"558,2",buff,"30,4",slab,62,,"1,3"
E,tot,"3,8",free,"2,5",cache,"558,3",buff,"30,4",slab,62,,"1,3"
E,tot,"3,8",free,"2,5",cache,"558,3",buff,"30,4",slab,62,,"1,3"
E,tot,"3,8",free,"2,5",cache,"558,3",buff,"30,4",slab,62,,"1,3"
E,tot,"3,8",free,"2,5",cache,"558,3",buff,"30,4",slab,62,,"1,3"
E,tot,"3,8",free,"2,5",cache,"558,3",buff,"30,4",slab,62,,"1,3"
E,tot,"3,8",free,"2,5",cache,"558,3",buff,"30,4",slab,62,,"1,3"
E,tot,"3,8",free,"2,5",cache,"558,3",buff,"30,4",slab,62,,"1,3"
E,tot,"3,8",free,"2,5",cache,"558,3",buff,"30,4",slab,62,,"1,3"
E,tot,"3,8",free,"2,5",cache,"558,4",buff,"30,4",slab,62,,"1,3"
E,tot,"3,8",free,"2,5",cache,"558,4",buff,"30,4",slab,62,,"1,3"
E,tot,"3,8",free,"2,5",cache,"558,4",buff,"30,4",slab,62,,"1,3"
E,tot,"3,8",free,"2,5",cache,"558,4",buff,"30,4",slab,62,,"1,3"
E,tot,"3,8",free,"2,5",cache,"558,4",buff,"30,4",slab,62,,"1,3"
E,tot,"3,8",free,"2,5",cache,"558,4",buff,"30,4",slab,62,,"1,3"
E,tot,"3,8",free,"2,5",cache,"558,4",buff,"30,4",slab,62,,"1,3"
E,tot,"3,8",free,"2,5",cache,"558,4",buff,"30,4",slab,62,,"1,3"
E,tot,"3,8",free,"2,5",cache,"558,4",buff,"30,4",slab,62,,"1,3"
E,tot,"3,8",free,"2,5",cache,"558,5",buff,"30,4",slab,62,,"1,3"
E,tot,"3,8",free,"2,5",cache,"558,5",buff,"30,5",slab,62,,"1,3"
E,tot,"3,8",free,"2,5",cache,"558,5",buff,"30,5",slab,62,,"1,3"
E,tot,"3,8",free,"2,5",cache,"558,5",buff,"30,5",slab,62,,"1,3"
E,tot,"3,8",free,"2,5",cache,"558,5",buff,"30,5",slab,62,,"1,3"
E,tot,"3,8",free,"2,5",cache,"558,5",buff,"30,5",slab,62,,"1,3"
E,tot,"3,8",free,"2,5",cache,"558,5",buff,"30,5",slab,62,,"1,3"
E,tot,"3,8",free,"2,5",cache,"558,5",buff,"30,5",slab,62,,"1,3"
E,tot,"3,8",free,"2,5",cache,"558,5",buff,"30,5",slab,62,,"1,3"
E,tot,"3,8",free,"2,5",cache,"558,6",buff,"30,5",slab,62,,"1,3"
E,tot,"3,8",free,"2,5",cache,"558,6",buff,"30,5",slab,62,,"1,3"
E,tot,"3,8",free,"2,5",cache,"558,6",buff,"30,5",slab,62,,"1,3"
E,tot,"3,8",free,"2,5",cache,"558,6",buff,"30,5",slab,62,,"1,3"
E,tot,"3,8",free,"2,5",cache,"558,6",buff,"30,5",slab,62,,"1,3"
E,tot,"3,8",free,"2,5",cache,"558,6",buff,"30,5",slab,62,,"1,3"
E,tot,"3,8",free,"2,5",cache,"558,6",buff,"30,5",slab,62,,"1,3"
E,tot,"3,8",free,"2,5",cache,"558,6",buff,"30,5",slab,62,,"1,3"
E,tot,"3,8",free,"2,5",cache,"558,6",buff,"30,5",slab,62,,"1,3"
E,tot,"3,8",free,"2,5",cache,"558,7",buff,"30,5",slab,62,,"1,3"
E,tot,"3,8",free,"2,5",cache,"558,7",buff,"30,5",slab,62,,"1,3"
E,tot,"3,8",free,"2,5",cache,"558,7",buff,"30,5",slab,62,,"1,3"
E,tot,"3,8",free,"2,5",cache,"558,7",buff,"30,5",slab,62,,"1,3"
E,tot,"3,8",free,"2,5",cache,"558,7",buff,"30,5",slab,62,,"1,3"
E,tot,"3,8",free,"2,5",cache,"558,7",buff,"30,5",slab,62,,"1,3"
E,tot,"3,8",free,"2,5",cache,"558,7",buff,"30,5",slab,62,,"1,3"
E,tot,"3,8",free,"2,5",cache,"558,7",buff,"30,5",slab,62,,"1,3"
E,tot,"3,8",free,"2,5",cache,"558,7",buff,"30,5",slab,62,,"1,3"
E,tot,"3,8",free,"2,5",cache,560,buff,"30,5",slab,62,,"1,3"
E,tot,"3,8",free,"2,5",cache,560,buff,"30,5",slab,62,,"1,3"
E,tot,"3,8",free,"2,5",cache,560,buff,"30,5",slab,62,,"1,3"
E,tot,"3,8",free,"2,5",cache,560,buff,"30,5",slab,62,,"1,3"
E,tot,"3,8",free,"2,5",cache,"560,1",buff,"30,5",slab,62,,"1,3"
E,tot,"3,8",free,"2,5",cache,"558,8",buff,"30,5",slab,62,,"1,3"
E,tot,"3,8",free,"2,5",cache,"558,8",buff,"30,5",slab,62,,"1,3"
E,tot,"3,8",free,"2,5",cache,"558,8",buff,"30,5",slab,62,,"1,3"
E,tot,"3,8",free,"2,5",cache,"558,8",buff,"30,5",slab,62,,"1,3"
E,tot,"3,8",free,"2,5",cache,"558,9",buff,"30,5",slab,62,,"1,3"
E,tot,"3,8",free,"2,5",cache,"558,9",buff,"30,5",slab,62,,"1,3"
E,tot,"3,8",free,"2,5",cache,"558,9",buff,"30,5",slab,62,,"1,3"
E,tot,"3,8",free,"2,5",cache,"558,9",buff,"30,5",slab,62,,"1,3"
E,tot,"3,8",free,"2,5",cache,"558,9",buff,"30,5",slab,62,,"1,3"
E,tot,"3,8",free,"2,5",cache,"558,9",buff,"30,5",slab,62,,"1,3"
E,tot,"3,8",free,"2,5",cache,"558,9",buff,"30,5",slab,62,,"1,3"
E,tot,"3,8",free,"2,5",cache,"558,9",buff,"30,5",slab,62,,"1,3"
E,tot,"3,8",free,"2,5",cache,"558,9",buff,"30,5",slab,62,,"1,3"
E,tot,"3,8",free,"2,5",cache,559,buff,"30,5",slab,62,,"1,3"
E,tot,"3,8",free,"2,5",cache,559,buff,"30,5",slab,62,,"1,3"
E,tot,"3,8",free,"2,5",cache,559,buff,"30,5",slab,62,,"1,3"
E,tot,"3,8",free,"2,5",cache,559,buff,"30,5",slab,62,,"1,3"
E,tot,"3,8",free,"2,5",cache,559,buff,"30,5",slab,62,,"1,3"
E,tot,"3,8",free,"2,5",cache,559,buff,"30,5",slab,62,,"1,3"
E,tot,"3,8",free,"2,5",cache,559,buff,"30,5",slab,62,,"1,3"
E,tot,"3,8",free,"2,5",cache,559,buff,"30,5",slab,62,,"1,3"
E,tot,"3,8",free,"2,5",cache,559,buff,"30,5",slab,62,,"1,3"
E,tot,"3,8",free,"2,5",cache,"559,1",buff,"30,5",slab,62,,"1,3"
E,tot,"3,8",free,"2,5",cache,"559,1",buff,"30,5",slab,62,,"1,3"
E,tot,"3,8",free,"2,5",cache,"559,1",buff,"30,6",slab,62,,"1,3"
E,tot,"3,8",free,"2,5",cache,"559,1",buff,"30,6",slab,62,,"1,3"
E,tot,"3,8",free,"2,5",cache,"559,1",buff,"30,6",slab,62,,"1,3"
E,tot,"3,8",free,"2,5",cache,"559,1",buff,"30,6",slab,62,,"1,3"
E,tot,"3,8",free,"2,5",cache,"559,1",buff,"30,6",slab,62,,"1,3"
E,tot,"3,8",free,"2,5",cache,"559,1",buff,"30,6",slab,62,,"1,3"
E,tot,"3,8",free,"2,5",cache,"559,1",buff,"30,6",slab,62,,"1,3"
E,tot,"3,8",free,"2,5",cache,"559,2",buff,"30,6",slab,62,,"1,3"
E,tot,"3,8",free,"2,5",cache,"559,2",buff,"30,6",slab,62,,"1,3"
E,tot,"3,8",free,"2,5",cache,"559,2",buff,"30,6",slab,62,,"1,3"
E,tot,"3,8",free,"2,5",cache,"559,2",buff,"30,6",slab,62,,"1,3"
E,tot,"3,8",free,"2,5",cache,"559,2",buff,"30,6",slab,62,,"1,3"
E,tot,"3,8",free,"2,5",cache,"559,2",buff,"30,6",slab,62,,"1,3"
E,tot,"3,8",free,"2,5",cache,"559,3",buff,"30,6",slab,62,,"1,3"
E,tot,"3,8",free,"2,5",cache,"559,3",buff,"30,6",slab,62,,"1,3"
E,tot,"3,8",free,"2,5",cache,"559,3",buff,"30,6",slab,62,,"1,3"
E,tot,"3,8",free,"2,5",cache,"559,4",buff,"30,6",slab,62,,"1,3"
E,tot,"3,8",free,"2,5",cache,"559,4",buff,"30,6",slab,62,,"1,3"
E,tot,"3,8",free,"2,5",cache,"559,4",buff,"30,6",slab,62,,"1,3"
E,tot,"3,8",free,"2,5",cache,"559,4",buff,"30,6",slab,62,,"1,3"
E,tot,"3,8",free,"2,5",cache,"559,4",buff,"30,6",slab,62,,"1,3"
E,tot,"3,8",free,"2,5",cache,"559,4",buff,"30,6",slab,62,,"1,3"
E,tot,"3,8",free,"2,5",cache,"559,4",buff,"30,6",slab,62,,"1,3"
E,tot,"3,8",free,"2,5",cache,"559,4",buff,"30,6",slab,62,,"1,3"
E,tot,"3,8",free,"2,5",cache,"559,5",buff,"30,6",slab,62,,"1,3"
E,tot,"3,8",free,"2,5",cache,"559,5",buff,"30,6",slab,62,,"1,3"
E,tot,"3,8",free,"2,5",cache,"559,5",buff,"30,6",slab,62,,"1,3"
E,tot,"3,8",free,"2,5",cache,"559,5",buff,"30,6",slab,62,,"1,3"
E,tot,"3,8",free,"2,5",cache,"559,6",buff,"30,6",slab,62,,"1,3"
E,tot,"3,8",free,"2,5",cache,"559,6",buff,"30,6",slab,62,,"1,3"
E,tot,"3,8",free,"2,5",cache,"559,6",buff,"30,6",slab,62,,"1,3"
,,,,,,,,,,,,
,,,,,,,,,,,média,"1,31368421052632"
,,,,,,,,,,,DP,"0,0344588591930531"
