E,tot,"3,8",free,"2,5",cache,"550,8",buff,"30,8",slab,"61,9",,"1,3"
E,tot,"3,8",free,"2,5",cache,"561,2",buff,"30,8",slab,62,,"1,3"
E,tot,"3,8",free,"2,4",cache,"570,2",buff,"30,8",slab,"62,2",,"1,4"
E,tot,"3,8",free,"2,4",cache,"570,2",buff,"30,8",slab,"62,2",,"1,4"
E,tot,"3,8",free,"2,4",cache,"570,2",buff,"30,8",slab,"62,2",,"1,4"
E,tot,"3,8",free,"2,4",cache,"570,2",buff,"30,9",slab,"62,2",,"1,4"
E,tot,"3,8",free,"2,4",cache,570,buff,"30,9",slab,"62,1",,"1,4"
E,tot,"3,8",free,"2,4",cache,"558,5",buff,"30,9",slab,"62,1",,"1,4"
E,tot,"3,8",free,"2,4",cache,"558,5",buff,"30,9",slab,"62,1",,"1,4"
E,tot,"3,8",free,"2,4",cache,"558,5",buff,"30,9",slab,"62,1",,"1,4"
E,tot,"3,8",free,"2,4",cache,"558,5",buff,"30,9",slab,"62,1",,"1,4"
E,tot,"3,8",free,"2,4",cache,"558,5",buff,"30,9",slab,"62,1",,"1,4"
E,tot,"3,8",free,"2,4",cache,"558,6",buff,"30,9",slab,"62,1",,"1,4"
E,tot,"3,8",free,"2,4",cache,"558,6",buff,"30,9",slab,"62,1",,"1,4"
E,tot,"3,8",free,"2,4",cache,"558,6",buff,"30,9",slab,"62,1",,"1,4"
E,tot,"3,8",free,"2,4",cache,"558,6",buff,"30,9",slab,"62,1",,"1,4"
E,tot,"3,8",free,"2,4",cache,"558,6",buff,"30,9",slab,"62,1",,"1,4"
E,tot,"3,8",free,"2,4",cache,"558,6",buff,"30,9",slab,"62,1",,"1,4"
E,tot,"3,8",free,"2,4",cache,"558,6",buff,"30,9",slab,"62,1",,"1,4"
E,tot,"3,8",free,"2,4",cache,"558,6",buff,"30,9",slab,"62,1",,"1,4"
E,tot,"3,8",free,"2,4",cache,"558,6",buff,"30,9",slab,"62,1",,"1,4"
E,tot,"3,8",free,"2,4",cache,"558,8",buff,"30,9",slab,"62,1",,"1,4"
E,tot,"3,8",free,"2,4",cache,"558,8",buff,"30,9",slab,"62,1",,"1,4"
E,tot,"3,8",free,"2,4",cache,"558,8",buff,"30,9",slab,"62,1",,"1,4"
E,tot,"3,8",free,"2,4",cache,"558,8",buff,"30,9",slab,"62,1",,"1,4"
E,tot,"3,8",free,"2,4",cache,"558,8",buff,"30,9",slab,"62,1",,"1,4"
E,tot,"3,8",free,"2,4",cache,"558,8",buff,"30,9",slab,"62,1",,"1,4"
E,tot,"3,8",free,"2,4",cache,"558,8",buff,"30,9",slab,"62,1",,"1,4"
E,tot,"3,8",free,"2,4",cache,"558,9",buff,"30,9",slab,"62,1",,"1,4"
E,tot,"3,8",free,"2,4",cache,"558,9",buff,"30,9",slab,"62,1",,"1,4"
E,tot,"3,8",free,"2,4",cache,"558,9",buff,"30,9",slab,"62,1",,"1,4"
E,tot,"3,8",free,"2,4",cache,"558,9",buff,"30,9",slab,"62,1",,"1,4"
E,tot,"3,8",free,"2,4",cache,"558,9",buff,"30,9",slab,"62,1",,"1,4"
E,tot,"3,8",free,"2,4",cache,"558,9",buff,"30,9",slab,"62,1",,"1,4"
E,tot,"3,8",free,"2,4",cache,"558,9",buff,"30,9",slab,"62,1",,"1,4"
E,tot,"3,8",free,"2,4",cache,"558,9",buff,"30,9",slab,"62,1",,"1,4"
E,tot,"3,8",free,"2,4",cache,"558,9",buff,"30,9",slab,"62,1",,"1,4"
E,tot,"3,8",free,"2,4",cache,559,buff,"30,9",slab,"62,1",,"1,4"
E,tot,"3,8",free,"2,4",cache,559,buff,"30,9",slab,"62,1",,"1,4"
E,tot,"3,8",free,"2,4",cache,559,buff,"30,9",slab,"62,1",,"1,4"
E,tot,"3,8",free,"2,4",cache,559,buff,"30,9",slab,"62,1",,"1,4"
E,tot,"3,8",free,"2,4",cache,559,buff,"30,9",slab,"62,1",,"1,4"
E,tot,"3,8",free,"2,4",cache,559,buff,"30,9",slab,"62,1",,"1,4"
E,tot,"3,8",free,"2,4",cache,559,buff,"30,9",slab,"62,1",,"1,4"
E,tot,"3,8",free,"2,4",cache,559,buff,"30,9",slab,"62,1",,"1,4"
E,tot,"3,8",free,"2,4",cache,"559,1",buff,"30,9",slab,"62,1",,"1,4"
E,tot,"3,8",free,"2,4",cache,"559,1",buff,"30,9",slab,"62,1",,"1,4"
E,tot,"3,8",free,"2,4",cache,"559,1",buff,"30,9",slab,"62,1",,"1,4"
E,tot,"3,8",free,"2,4",cache,"559,1",buff,"30,9",slab,"62,1",,"1,4"
E,tot,"3,8",free,"2,4",cache,"559,1",buff,"30,9",slab,"62,1",,"1,4"
E,tot,"3,8",free,"2,4",cache,"559,1",buff,"30,9",slab,"62,1",,"1,4"
E,tot,"3,8",free,"2,4",cache,"559,1",buff,"30,9",slab,"62,4",,"1,4"
E,tot,"3,8",free,"2,4",cache,"559,2",buff,"30,9",slab,"62,4",,"1,4"
E,tot,"3,8",free,"2,4",cache,"559,2",buff,"30,9",slab,"62,4",,"1,4"
E,tot,"3,8",free,"2,4",cache,"559,2",buff,"30,9",slab,"62,4",,"1,4"
E,tot,"3,8",free,"2,4",cache,"559,2",buff,"30,9",slab,"62,4",,"1,4"
E,tot,"3,8",free,"2,4",cache,"559,2",buff,"30,9",slab,"62,4",,"1,4"
E,tot,"3,8",free,"2,4",cache,"559,2",buff,"30,9",slab,"62,4",,"1,4"
E,tot,"3,8",free,"2,4",cache,"559,2",buff,"30,9",slab,"62,4",,"1,4"
E,tot,"3,8",free,"2,4",cache,"559,2",buff,"30,9",slab,"62,4",,"1,4"
E,tot,"3,8",free,"2,4",cache,"559,2",buff,"30,9",slab,"62,4",,"1,4"
E,tot,"3,8",free,"2,4",cache,"559,3",buff,"30,9",slab,"62,4",,"1,4"
E,tot,"3,8",free,"2,4",cache,"559,3",buff,"30,9",slab,"62,4",,"1,4"
E,tot,"3,8",free,"2,4",cache,"559,3",buff,"30,9",slab,"62,4",,"1,4"
E,tot,"3,8",free,"2,4",cache,"559,3",buff,"30,9",slab,"62,4",,"1,4"
E,tot,"3,8",free,"2,4",cache,"559,3",buff,"30,9",slab,"62,4",,"1,4"
E,tot,"3,8",free,"2,4",cache,"559,3",buff,"30,9",slab,"62,4",,"1,4"
E,tot,"3,8",free,"2,4",cache,"559,3",buff,"30,9",slab,"62,4",,"1,4"
E,tot,"3,8",free,"2,4",cache,"559,3",buff,"30,9",slab,"62,4",,"1,4"
E,tot,"3,8",free,"2,4",cache,"559,3",buff,"30,9",slab,"62,4",,"1,4"
E,tot,"3,8",free,"2,4",cache,"559,4",buff,31,slab,"62,4",,"1,4"
E,tot,"3,8",free,"2,4",cache,"559,4",buff,31,slab,"62,4",,"1,4"
E,tot,"3,8",free,"2,4",cache,"555,1",buff,31,slab,"62,4",,"1,4"
E,tot,"3,8",free,"2,4",cache,"555,1",buff,31,slab,"62,4",,"1,4"
E,tot,"3,8",free,"2,4",cache,"555,1",buff,31,slab,"62,4",,"1,4"
E,tot,"3,8",free,"2,4",cache,"555,1",buff,31,slab,"62,4",,"1,4"
E,tot,"3,8",free,"2,4",cache,"555,1",buff,31,slab,"62,4",,"1,4"
E,tot,"3,8",free,"2,4",cache,"555,1",buff,31,slab,"62,4",,"1,4"
E,tot,"3,8",free,"2,4",cache,"555,1",buff,31,slab,"62,4",,"1,4"
E,tot,"3,8",free,"2,4",cache,"555,1",buff,31,slab,"62,4",,"1,4"
E,tot,"3,8",free,"2,4",cache,"555,2",buff,31,slab,"62,4",,"1,4"
E,tot,"3,8",free,"2,4",cache,"555,2",buff,31,slab,"62,4",,"1,4"
E,tot,"3,8",free,"2,4",cache,"555,2",buff,31,slab,"62,4",,"1,4"
E,tot,"3,8",free,"2,4",cache,"555,2",buff,31,slab,"62,4",,"1,4"
E,tot,"3,8",free,"2,4",cache,"555,2",buff,31,slab,"62,4",,"1,4"
E,tot,"3,8",free,"2,4",cache,"555,2",buff,31,slab,"62,4",,"1,4"
E,tot,"3,8",free,"2,4",cache,"555,2",buff,31,slab,"62,4",,"1,4"
E,tot,"3,8",free,"2,4",cache,"555,2",buff,31,slab,"62,4",,"1,4"
E,tot,"3,8",free,"2,4",cache,"555,2",buff,31,slab,"62,4",,"1,4"
E,tot,"3,8",free,"2,4",cache,"555,3",buff,31,slab,"62,4",,"1,4"
E,tot,"3,8",free,"2,4",cache,"555,3",buff,31,slab,"62,4",,"1,4"
E,tot,"3,8",free,"2,4",cache,"555,3",buff,31,slab,"62,4",,"1,4"
E,tot,"3,8",free,"2,4",cache,"555,3",buff,31,slab,"62,4",,"1,4"
E,tot,"3,8",free,"2,4",cache,"555,3",buff,31,slab,"62,4",,"1,4"
E,tot,"3,8",free,"2,4",cache,"555,3",buff,31,slab,"62,4",,"1,4"
E,tot,"3,8",free,"2,4",cache,"555,3",buff,31,slab,"62,4",,"1,4"
E,tot,"3,8",free,"2,4",cache,"555,3",buff,31,slab,"62,4",,"1,4"
E,tot,"3,8",free,"2,4",cache,"555,3",buff,31,slab,"62,4",,"1,4"
E,tot,"3,8",free,"2,4",cache,"555,4",buff,31,slab,"62,4",,"1,4"
E,tot,"3,8",free,"2,4",cache,"555,4",buff,31,slab,"62,4",,"1,4"
E,tot,"3,8",free,"2,4",cache,"555,4",buff,31,slab,"62,4",,"1,4"
E,tot,"3,8",free,"2,4",cache,"555,4",buff,31,slab,"62,4",,"1,4"
E,tot,"3,8",free,"2,4",cache,"555,4",buff,31,slab,"62,4",,"1,4"
E,tot,"3,8",free,"2,4",cache,"555,4",buff,31,slab,"62,4",,"1,4"
E,tot,"3,8",free,"2,4",cache,"555,4",buff,31,slab,"62,4",,"1,4"
E,tot,"3,8",free,"2,4",cache,"555,4",buff,31,slab,"62,4",,"1,4"
E,tot,"3,8",free,"2,4",cache,"555,4",buff,31,slab,"62,4",,"1,4"
E,tot,"3,8",free,"2,4",cache,"555,5",buff,31,slab,"62,4",,"1,4"
E,tot,"3,8",free,"2,4",cache,"555,5",buff,31,slab,"62,4",,"1,4"
E,tot,"3,8",free,"2,4",cache,"555,5",buff,31,slab,"62,4",,"1,4"
E,tot,"3,8",free,"2,4",cache,"555,5",buff,31,slab,"62,4",,"1,4"
E,tot,"3,8",free,"2,4",cache,"555,5",buff,31,slab,"62,4",,"1,4"
E,tot,"3,8",free,"2,4",cache,"555,5",buff,31,slab,"62,4",,"1,4"
E,tot,"3,8",free,"2,4",cache,"555,5",buff,31,slab,"62,4",,"1,4"
,,,,,,,,,,,,
,,,,,,,,,,,média,"1,39824561403509"
,,,,,,,,,,,DP,"0,0131865857044186"
