CPU,sys,15,user,34,irq,1,idle,29,wait,21,,49
CPU,sys,32,user,68,irq,0,idle,0,wait,0,,100
CPU,sys,23,user,76,irq,1,idle,0,wait,0,,99
CPU,sys,32,user,67,irq,1,idle,0,wait,0,,99
CPU,sys,31,user,66,irq,3,idle,0,wait,0,,97
CPU,sys,30,user,67,irq,3,idle,0,wait,0,,97
CPU,sys,44,user,54,irq,2,idle,0,wait,0,,98
CPU,sys,32,user,66,irq,2,idle,0,wait,0,,98
CPU,sys,31,user,63,irq,6,idle,0,wait,0,,94
CPU,sys,29,user,69,irq,2,idle,0,wait,0,,98
CPU,sys,26,user,69,irq,5,idle,0,wait,0,,95
CPU,sys,29,user,69,irq,2,idle,0,wait,0,,98
CPU,sys,28,user,67,irq,5,idle,0,wait,0,,95
CPU,sys,23,user,75,irq,2,idle,0,wait,0,,98
CPU,sys,25,user,71,irq,4,idle,0,wait,0,,96
CPU,sys,34,user,62,irq,4,idle,0,wait,0,,96
CPU,sys,27,user,70,irq,3,idle,0,wait,0,,97
CPU,sys,34,user,62,irq,4,idle,0,wait,0,,96
CPU,sys,27,user,69,irq,4,idle,0,wait,0,,96
CPU,sys,29,user,69,irq,2,idle,0,wait,0,,98
CPU,sys,29,user,69,irq,2,idle,0,wait,0,,98
CPU,sys,30,user,65,irq,4,idle,0,wait,1,,95
CPU,sys,18,user,78,irq,0,idle,0,wait,4,,96
CPU,sys,23,user,77,irq,0,idle,0,wait,0,,100
CPU,sys,21,user,77,irq,1,idle,0,wait,1,,98
CPU,sys,9,user,87,irq,0,idle,0,wait,4,,96
CPU,sys,6,user,89,irq,1,idle,0,wait,4,,95
CPU,sys,10,user,85,irq,0,idle,0,wait,5,,95
CPU,sys,7,user,89,irq,0,idle,0,wait,4,,96
CPU,sys,10,user,86,irq,0,idle,0,wait,4,,96
CPU,sys,9,user,87,irq,0,idle,0,wait,4,,96
CPU,sys,10,user,85,irq,0,idle,0,wait,5,,95
CPU,sys,10,user,85,irq,1,idle,0,wait,4,,95
CPU,sys,11,user,85,irq,0,idle,0,wait,4,,96
CPU,sys,10,user,84,irq,1,idle,0,wait,5,,94
CPU,sys,10,user,86,irq,0,idle,0,wait,4,,96
CPU,sys,10,user,85,irq,1,idle,0,wait,4,,95
CPU,sys,10,user,85,irq,1,idle,0,wait,4,,95
CPU,sys,10,user,85,irq,0,idle,0,wait,5,,95
CPU,sys,13,user,82,irq,0,idle,0,wait,4,,95
CPU,sys,9,user,86,irq,1,idle,0,wait,4,,95
CPU,sys,9,user,86,irq,1,idle,0,wait,4,,95
CPU,sys,11,user,85,irq,0,idle,0,wait,4,,96
CPU,sys,8,user,86,irq,1,idle,0,wait,5,,94
CPU,sys,10,user,86,irq,0,idle,0,wait,4,,96
CPU,sys,10,user,85,irq,1,idle,0,wait,4,,95
CPU,sys,11,user,85,irq,0,idle,0,wait,4,,96
CPU,sys,8,user,87,irq,0,idle,0,wait,5,,95
CPU,sys,8,user,88,irq,0,idle,0,wait,4,,96
CPU,sys,10,user,85,irq,1,idle,0,wait,4,,95
CPU,sys,11,user,84,irq,1,idle,0,wait,4,,95
CPU,sys,9,user,87,irq,0,idle,0,wait,4,,96
CPU,sys,7,user,89,irq,0,idle,0,wait,4,,96
CPU,sys,10,user,84,irq,1,idle,0,wait,5,,94
CPU,sys,10,user,84,irq,1,idle,0,wait,5,,94
CPU,sys,9,user,87,irq,0,idle,0,wait,4,,96
CPU,sys,7,user,89,irq,0,idle,0,wait,4,,96
CPU,sys,8,user,87,irq,1,idle,0,wait,4,,95
CPU,sys,8,user,88,irq,0,idle,0,wait,4,,96
CPU,sys,8,user,87,irq,1,idle,0,wait,4,,95
CPU,sys,8,user,88,irq,0,idle,0,wait,4,,96
CPU,sys,8,user,87,irq,0,idle,0,wait,5,,95
CPU,sys,8,user,88,irq,0,idle,0,wait,4,,96
CPU,sys,9,user,87,irq,0,idle,0,wait,4,,96
CPU,sys,9,user,85,irq,1,idle,0,wait,5,,94
CPU,sys,8,user,88,irq,0,idle,0,wait,4,,96
CPU,sys,9,user,84,irq,1,idle,0,wait,6,,93
CPU,sys,9,user,86,irq,0,idle,0,wait,5,,95
CPU,sys,11,user,85,irq,0,idle,0,wait,4,,96
CPU,sys,13,user,83,irq,0,idle,0,wait,4,,96
CPU,sys,10,user,85,irq,1,idle,0,wait,4,,95
CPU,sys,8,user,86,irq,1,idle,0,wait,5,,94
CPU,sys,10,user,86,irq,0,idle,0,wait,4,,96
CPU,sys,7,user,89,irq,0,idle,0,wait,4,,96
CPU,sys,9,user,87,irq,0,idle,0,wait,4,,96
CPU,sys,10,user,84,irq,1,idle,0,wait,5,,94
CPU,sys,8,user,86,irq,1,idle,0,wait,5,,94
CPU,sys,9,user,87,irq,0,idle,0,wait,4,,96
CPU,sys,8,user,87,irq,0,idle,0,wait,5,,95
CPU,sys,10,user,84,irq,0,idle,0,wait,6,,94
CPU,sys,5,user,91,irq,0,idle,0,wait,4,,96
CPU,sys,8,user,86,irq,0,idle,0,wait,6,,94
CPU,sys,11,user,82,irq,1,idle,0,wait,6,,93
CPU,sys,7,user,89,irq,0,idle,0,wait,4,,96
CPU,sys,11,user,83,irq,1,idle,0,wait,5,,94
CPU,sys,9,user,86,irq,0,idle,0,wait,5,,95
CPU,sys,6,user,89,irq,0,idle,0,wait,5,,95
CPU,sys,9,user,87,irq,0,idle,0,wait,4,,96
CPU,sys,6,user,89,irq,0,idle,0,wait,5,,95
CPU,sys,7,user,88,irq,0,idle,0,wait,5,,95
CPU,sys,10,user,85,irq,0,idle,0,wait,5,,95
CPU,sys,10,user,84,irq,1,idle,0,wait,5,,94
CPU,sys,8,user,87,irq,0,idle,0,wait,5,,95
CPU,sys,8,user,86,irq,1,idle,0,wait,5,,94
CPU,sys,8,user,88,irq,0,idle,0,wait,4,,96
CPU,sys,8,user,87,irq,0,idle,0,wait,5,,95
CPU,sys,8,user,86,irq,0,idle,0,wait,6,,94
CPU,sys,11,user,84,irq,1,idle,0,wait,4,,95
CPU,sys,7,user,87,irq,1,idle,0,wait,5,,94
CPU,sys,8,user,87,irq,1,idle,0,wait,4,,95
CPU,sys,6,user,90,irq,0,idle,0,wait,4,,96
CPU,sys,12,user,82,irq,0,idle,0,wait,6,,94
CPU,sys,6,user,89,irq,1,idle,0,wait,4,,95
CPU,sys,8,user,88,irq,0,idle,0,wait,4,,96
CPU,sys,8,user,82,irq,0,idle,0,wait,10,,90
CPU,sys,7,user,89,irq,0,idle,0,wait,4,,96
CPU,sys,8,user,85,irq,1,idle,0,wait,5,,93
CPU,sys,10,user,85,irq,1,idle,0,wait,4,,95
CPU,sys,10,user,87,irq,0,idle,0,wait,3,,97
CPU,sys,9,user,86,irq,0,idle,0,wait,5,,95
CPU,sys,8,user,89,irq,0,idle,0,wait,3,,97
CPU,sys,10,user,86,irq,0,idle,0,wait,4,,96
CPU,sys,8,user,85,irq,1,idle,0,wait,6,,93
CPU,sys,9,user,88,irq,0,idle,0,wait,3,,97
CPU,sys,11,user,84,irq,0,idle,0,wait,5,,95
CPU,sys,8,user,88,irq,0,idle,0,wait,4,,96
CPU,sys,7,user,89,irq,1,idle,0,wait,3,,96
CPU,sys,10,user,85,irq,0,idle,0,wait,5,,95
CPU,sys,8,user,88,irq,1,idle,0,wait,3,,96
CPU,sys,9,user,86,irq,0,idle,0,wait,5,,95
CPU,sys,8,user,89,irq,0,idle,0,wait,3,,97
CPU,sys,10,user,84,irq,0,idle,0,wait,6,,94
CPU,sys,7,user,89,irq,0,idle,0,wait,4,,96
,,,,,,,,,,,,
,,,,,,,,,,,média,"95,5491803278689"
,,,,,,,,,,,DP,"1,42644712089187"
