CPU,sys,15,user,44,irq,1,idle,23,wait,17,,59
CPU,sys,35,user,65,irq,0,idle,0,wait,0,,100
CPU,sys,27,user,73,irq,0,idle,0,wait,0,,100
CPU,sys,33,user,64,irq,3,idle,0,wait,0,,97
CPU,sys,30,user,67,irq,3,idle,0,wait,0,,97
CPU,sys,21,user,76,irq,3,idle,0,wait,0,,97
CPU,sys,33,user,65,irq,2,idle,0,wait,0,,98
CPU,sys,32,user,64,irq,4,idle,0,wait,0,,96
CPU,sys,32,user,64,irq,4,idle,0,wait,0,,96
CPU,sys,30,user,67,irq,3,idle,0,wait,0,,97
CPU,sys,30,user,66,irq,4,idle,0,wait,0,,96
CPU,sys,32,user,65,irq,3,idle,0,wait,0,,97
CPU,sys,29,user,68,irq,3,idle,0,wait,0,,97
CPU,sys,27,user,68,irq,5,idle,0,wait,0,,95
CPU,sys,30,user,68,irq,2,idle,0,wait,0,,98
CPU,sys,36,user,60,irq,4,idle,0,wait,0,,96
CPU,sys,29,user,68,irq,3,idle,0,wait,0,,97
CPU,sys,26,user,70,irq,4,idle,0,wait,0,,96
CPU,sys,33,user,62,irq,5,idle,0,wait,0,,95
CPU,sys,27,user,69,irq,4,idle,0,wait,0,,96
CPU,sys,29,user,67,irq,4,idle,0,wait,0,,96
CPU,sys,33,user,51,irq,2,idle,0,wait,14,,84
CPU,sys,22,user,22,irq,1,idle,0,wait,55,,44
CPU,sys,19,user,21,irq,1,idle,0,wait,59,,40
CPU,sys,17,user,21,irq,3,idle,0,wait,59,,38
CPU,sys,17,user,24,irq,1,idle,0,wait,57,,41
CPU,sys,24,user,20,irq,1,idle,0,wait,55,,44
CPU,sys,22,user,26,irq,0,idle,0,wait,52,,48
CPU,sys,21,user,22,irq,2,idle,0,wait,55,,43
CPU,sys,21,user,20,irq,1,idle,0,wait,57,,41
CPU,sys,16,user,24,irq,2,idle,0,wait,58,,40
CPU,sys,18,user,22,irq,1,idle,0,wait,60,,40
CPU,sys,17,user,18,irq,2,idle,0,wait,63,,35
CPU,sys,14,user,22,irq,1,idle,0,wait,63,,36
CPU,sys,19,user,18,irq,2,idle,0,wait,61,,37
CPU,sys,18,user,18,irq,2,idle,0,wait,63,,36
CPU,sys,20,user,18,irq,0,idle,0,wait,62,,38
CPU,sys,22,user,17,irq,2,idle,0,wait,59,,39
CPU,sys,15,user,20,irq,1,idle,0,wait,63,,35
CPU,sys,18,user,17,irq,2,idle,0,wait,63,,35
CPU,sys,18,user,17,irq,2,idle,0,wait,64,,35
CPU,sys,14,user,21,irq,2,idle,0,wait,64,,35
CPU,sys,19,user,16,irq,4,idle,0,wait,60,,35
CPU,sys,19,user,19,irq,2,idle,0,wait,60,,38
CPU,sys,14,user,22,irq,2,idle,0,wait,62,,36
CPU,sys,16,user,22,irq,1,idle,0,wait,59,,38
CPU,sys,16,user,19,irq,2,idle,0,wait,63,,35
CPU,sys,14,user,22,irq,1,idle,0,wait,63,,36
CPU,sys,16,user,18,irq,2,idle,0,wait,65,,34
CPU,sys,16,user,17,irq,2,idle,0,wait,63,,33
CPU,sys,13,user,10,irq,2,idle,0,wait,75,,23
CPU,sys,28,user,25,irq,3,idle,0,wait,44,,53
CPU,sys,17,user,18,irq,1,idle,0,wait,63,,35
CPU,sys,20,user,21,irq,2,idle,0,wait,58,,41
CPU,sys,18,user,26,irq,1,idle,0,wait,55,,44
CPU,sys,15,user,21,irq,0,idle,0,wait,63,,36
CPU,sys,17,user,28,irq,2,idle,0,wait,53,,45
CPU,sys,22,user,26,irq,3,idle,0,wait,50,,48
CPU,sys,22,user,24,irq,2,idle,0,wait,52,,46
CPU,sys,19,user,23,irq,1,idle,0,wait,57,,42
CPU,sys,18,user,21,irq,1,idle,0,wait,60,,39
CPU,sys,16,user,20,irq,1,idle,0,wait,63,,36
CPU,sys,21,user,18,irq,2,idle,0,wait,60,,39
CPU,sys,17,user,16,irq,0,idle,0,wait,67,,33
CPU,sys,16,user,20,irq,3,idle,0,wait,60,,36
CPU,sys,14,user,19,irq,1,idle,0,wait,66,,33
CPU,sys,21,user,16,irq,2,idle,0,wait,60,,37
CPU,sys,17,user,17,irq,1,idle,0,wait,63,,34
CPU,sys,16,user,19,irq,2,idle,0,wait,62,,35
CPU,sys,16,user,20,irq,0,idle,0,wait,64,,36
CPU,sys,16,user,20,irq,2,idle,0,wait,61,,36
CPU,sys,16,user,17,irq,2,idle,0,wait,66,,33
CPU,sys,17,user,17,irq,1,idle,0,wait,64,,34
CPU,sys,23,user,15,irq,2,idle,0,wait,60,,38
CPU,sys,13,user,21,irq,0,idle,0,wait,66,,34
CPU,sys,17,user,21,irq,0,idle,0,wait,62,,38
CPU,sys,18,user,16,irq,2,idle,0,wait,64,,34
CPU,sys,19,user,18,irq,1,idle,0,wait,63,,37
CPU,sys,16,user,21,irq,3,idle,0,wait,59,,37
CPU,sys,21,user,20,irq,2,idle,0,wait,58,,41
CPU,sys,21,user,16,irq,2,idle,0,wait,61,,37
CPU,sys,16,user,19,irq,3,idle,0,wait,62,,35
CPU,sys,20,user,18,irq,0,idle,0,wait,62,,38
CPU,sys,18,user,19,irq,1,idle,0,wait,62,,37
CPU,sys,19,user,15,irq,2,idle,0,wait,63,,34
CPU,sys,18,user,19,irq,2,idle,0,wait,62,,37
CPU,sys,20,user,21,irq,2,idle,0,wait,57,,41
CPU,sys,18,user,20,irq,2,idle,0,wait,61,,38
CPU,sys,19,user,18,irq,2,idle,0,wait,61,,37
CPU,sys,19,user,17,irq,1,idle,0,wait,62,,36
CPU,sys,14,user,22,irq,1,idle,0,wait,63,,36
CPU,sys,19,user,19,irq,0,idle,0,wait,61,,38
CPU,sys,18,user,21,irq,1,idle,0,wait,61,,39
CPU,sys,17,user,22,irq,2,idle,0,wait,58,,39
CPU,sys,21,user,18,irq,3,idle,0,wait,59,,39
CPU,sys,16,user,16,irq,4,idle,0,wait,63,,32
CPU,sys,17,user,18,irq,2,idle,0,wait,62,,35
CPU,sys,18,user,19,irq,0,idle,0,wait,62,,37
CPU,sys,17,user,17,irq,2,idle,0,wait,64,,34
CPU,sys,21,user,20,irq,2,idle,0,wait,58,,41
CPU,sys,16,user,22,irq,3,idle,0,wait,59,,38
CPU,sys,22,user,17,irq,1,idle,0,wait,60,,39
CPU,sys,14,user,18,irq,1,idle,0,wait,67,,32
CPU,sys,17,user,23,irq,0,idle,0,wait,60,,40
CPU,sys,15,user,22,irq,2,idle,0,wait,61,,37
CPU,sys,23,user,18,irq,3,idle,0,wait,57,,41
CPU,sys,22,user,22,irq,2,idle,0,wait,53,,44
CPU,sys,19,user,21,irq,2,idle,0,wait,58,,40
CPU,sys,20,user,13,irq,3,idle,0,wait,64,,33
CPU,sys,13,user,22,irq,2,idle,0,wait,63,,35
CPU,sys,22,user,18,irq,2,idle,0,wait,59,,40
CPU,sys,19,user,19,irq,2,idle,0,wait,59,,38
CPU,sys,19,user,18,irq,3,idle,0,wait,61,,37
CPU,sys,15,user,18,irq,1,idle,0,wait,65,,33
,,,,,,,,,,,,
,,,,,,,,,,,média,"48,5486725663717"
,,,,,,,,,,,DP,"23,2190620390271"
