E,tot,"3,8",free,"2,5",cache,"559,1",buff,"30,6",slab,62,,"1,3"
E,tot,"3,8",free,"2,5",cache,"561,1",buff,"30,6",slab,"62,1",,"1,3"
E,tot,"3,8",free,"2,4",cache,"570,6",buff,"30,6",slab,"62,1",,"1,4"
E,tot,"3,8",free,"2,4",cache,"570,6",buff,"30,6",slab,"62,1",,"1,4"
E,tot,"3,8",free,"2,4",cache,"570,6",buff,"30,6",slab,"62,1",,"1,4"
E,tot,"3,8",free,"2,4",cache,"570,7",buff,"30,6",slab,"62,1",,"1,4"
E,tot,"3,8",free,"2,4",cache,"570,4",buff,"30,6",slab,"62,2",,"1,4"
E,tot,"3,8",free,"2,4",cache,"562,4",buff,"30,6",slab,"62,1",,"1,4"
E,tot,"3,8",free,"2,4",cache,"562,5",buff,"30,6",slab,"62,1",,"1,4"
E,tot,"3,8",free,"2,4",cache,"562,5",buff,"30,6",slab,"62,1",,"1,4"
E,tot,"3,8",free,"2,4",cache,"562,5",buff,"30,6",slab,"62,1",,"1,4"
E,tot,"3,8",free,"2,4",cache,"562,5",buff,"30,6",slab,"62,1",,"1,4"
E,tot,"3,8",free,"2,4",cache,"562,5",buff,"30,6",slab,"62,1",,"1,4"
E,tot,"3,8",free,"2,4",cache,"562,5",buff,"30,6",slab,"62,1",,"1,4"
E,tot,"3,8",free,"2,4",cache,"562,5",buff,"30,6",slab,"62,1",,"1,4"
E,tot,"3,8",free,"2,4",cache,"562,5",buff,"30,7",slab,"62,1",,"1,4"
E,tot,"3,8",free,"2,4",cache,"562,5",buff,"30,7",slab,"62,1",,"1,4"
E,tot,"3,8",free,"2,4",cache,"562,6",buff,"30,7",slab,"62,1",,"1,4"
E,tot,"3,8",free,"2,4",cache,"562,6",buff,"30,7",slab,"62,1",,"1,4"
E,tot,"3,8",free,"2,4",cache,"562,6",buff,"30,7",slab,"62,1",,"1,4"
E,tot,"3,8",free,"2,4",cache,"562,6",buff,"30,7",slab,"62,1",,"1,4"
E,tot,"3,8",free,"2,4",cache,"562,6",buff,"30,7",slab,"62,1",,"1,4"
E,tot,"3,8",free,"2,4",cache,"562,6",buff,"30,7",slab,"62,1",,"1,4"
E,tot,"3,8",free,"2,4",cache,"562,6",buff,"30,7",slab,"62,2",,"1,4"
E,tot,"3,8",free,"2,4",cache,"562,7",buff,"30,7",slab,"62,2",,"1,4"
E,tot,"3,8",free,"2,4",cache,"562,7",buff,"30,7",slab,"62,2",,"1,4"
E,tot,"3,8",free,"2,4",cache,"562,7",buff,"30,7",slab,"62,2",,"1,4"
E,tot,"3,8",free,"2,4",cache,"562,7",buff,"30,7",slab,"62,2",,"1,4"
E,tot,"3,8",free,"2,4",cache,"562,7",buff,"30,7",slab,"62,2",,"1,4"
E,tot,"3,8",free,"2,4",cache,"562,7",buff,"30,7",slab,"62,2",,"1,4"
E,tot,"3,8",free,"2,4",cache,"562,7",buff,"30,7",slab,"62,2",,"1,4"
E,tot,"3,8",free,"2,4",cache,"562,7",buff,"30,7",slab,"62,2",,"1,4"
E,tot,"3,8",free,"2,4",cache,"562,7",buff,"30,7",slab,"62,2",,"1,4"
E,tot,"3,8",free,"2,4",cache,"562,8",buff,"30,7",slab,"62,2",,"1,4"
E,tot,"3,8",free,"2,4",cache,"562,8",buff,"30,7",slab,"62,2",,"1,4"
E,tot,"3,8",free,"2,4",cache,"562,8",buff,"30,7",slab,"62,2",,"1,4"
E,tot,"3,8",free,"2,4",cache,"562,8",buff,"30,7",slab,"62,2",,"1,4"
E,tot,"3,8",free,"2,4",cache,"562,8",buff,"30,7",slab,"62,2",,"1,4"
E,tot,"3,8",free,"2,4",cache,"562,8",buff,"30,7",slab,"62,2",,"1,4"
E,tot,"3,8",free,"2,4",cache,"562,8",buff,"30,7",slab,"62,2",,"1,4"
E,tot,"3,8",free,"2,4",cache,"562,8",buff,"30,7",slab,"62,2",,"1,4"
E,tot,"3,8",free,"2,4",cache,"562,8",buff,"30,7",slab,"62,2",,"1,4"
E,tot,"3,8",free,"2,4",cache,"562,9",buff,"30,7",slab,"62,2",,"1,4"
E,tot,"3,8",free,"2,4",cache,"562,9",buff,"30,7",slab,"62,2",,"1,4"
E,tot,"3,8",free,"2,4",cache,"562,9",buff,"30,7",slab,"62,2",,"1,4"
E,tot,"3,8",free,"2,4",cache,"562,9",buff,"30,7",slab,"62,2",,"1,4"
E,tot,"3,8",free,"2,4",cache,"562,9",buff,"30,7",slab,"62,2",,"1,4"
E,tot,"3,8",free,"2,4",cache,"562,9",buff,"30,7",slab,"62,2",,"1,4"
E,tot,"3,8",free,"2,4",cache,"562,9",buff,"30,7",slab,"62,2",,"1,4"
E,tot,"3,8",free,"2,4",cache,"562,9",buff,"30,7",slab,"62,2",,"1,4"
E,tot,"3,8",free,"2,4",cache,"562,9",buff,"30,7",slab,"62,2",,"1,4"
E,tot,"3,8",free,"2,4",cache,563,buff,"30,7",slab,"62,2",,"1,4"
E,tot,"3,8",free,"2,4",cache,563,buff,"30,7",slab,"62,2",,"1,4"
E,tot,"3,8",free,"2,4",cache,563,buff,"30,7",slab,"62,2",,"1,4"
E,tot,"3,8",free,"2,4",cache,563,buff,"30,7",slab,"62,2",,"1,4"
E,tot,"3,8",free,"2,4",cache,563,buff,"30,7",slab,"62,2",,"1,4"
E,tot,"3,8",free,"2,4",cache,563,buff,"30,7",slab,"62,2",,"1,4"
E,tot,"3,8",free,"2,4",cache,563,buff,"30,7",slab,"62,2",,"1,4"
E,tot,"3,8",free,"2,4",cache,563,buff,"30,7",slab,"62,2",,"1,4"
E,tot,"3,8",free,"2,4",cache,563,buff,"30,7",slab,"62,2",,"1,4"
E,tot,"3,8",free,"2,4",cache,"563,1",buff,"30,7",slab,"62,2",,"1,4"
E,tot,"3,8",free,"2,4",cache,"559,1",buff,"30,7",slab,"62,2",,"1,4"
E,tot,"3,8",free,"2,4",cache,"559,1",buff,"30,7",slab,"62,2",,"1,4"
E,tot,"3,8",free,"2,4",cache,"559,1",buff,"30,7",slab,"62,2",,"1,4"
E,tot,"3,8",free,"2,4",cache,"559,1",buff,"30,7",slab,"62,2",,"1,4"
E,tot,"3,8",free,"2,4",cache,"559,1",buff,"30,7",slab,"62,2",,"1,4"
E,tot,"3,8",free,"2,4",cache,"559,1",buff,"30,7",slab,"62,2",,"1,4"
E,tot,"3,8",free,"2,4",cache,"559,1",buff,"30,8",slab,"62,2",,"1,4"
E,tot,"3,8",free,"2,4",cache,"559,1",buff,"30,8",slab,"62,2",,"1,4"
E,tot,"3,8",free,"2,4",cache,"559,2",buff,"30,8",slab,"62,2",,"1,4"
E,tot,"3,8",free,"2,4",cache,"559,2",buff,"30,8",slab,"62,2",,"1,4"
E,tot,"3,8",free,"2,4",cache,"554,9",buff,"30,8",slab,"62,2",,"1,4"
E,tot,"3,8",free,"2,4",cache,"554,9",buff,"30,8",slab,"62,2",,"1,4"
E,tot,"3,8",free,"2,4",cache,"554,9",buff,"30,8",slab,"62,2",,"1,4"
E,tot,"3,8",free,"2,4",cache,"554,9",buff,"30,8",slab,"62,2",,"1,4"
E,tot,"3,8",free,"2,4",cache,"554,9",buff,"30,8",slab,"62,2",,"1,4"
E,tot,"3,8",free,"2,4",cache,"554,9",buff,"30,8",slab,"62,2",,"1,4"
E,tot,"3,8",free,"2,4",cache,"554,9",buff,"30,8",slab,"62,2",,"1,4"
E,tot,"3,8",free,"2,4",cache,"554,9",buff,"30,8",slab,"62,2",,"1,4"
E,tot,"3,8",free,"2,4",cache,555,buff,"30,8",slab,"62,2",,"1,4"
E,tot,"3,8",free,"2,4",cache,555,buff,"30,8",slab,"62,2",,"1,4"
E,tot,"3,8",free,"2,4",cache,555,buff,"30,8",slab,"62,2",,"1,4"
E,tot,"3,8",free,"2,4",cache,555,buff,"30,8",slab,"62,2",,"1,4"
E,tot,"3,8",free,"2,4",cache,555,buff,"30,8",slab,"62,2",,"1,4"
E,tot,"3,8",free,"2,4",cache,555,buff,"30,8",slab,"62,2",,"1,4"
E,tot,"3,8",free,"2,4",cache,555,buff,"30,8",slab,"62,2",,"1,4"
E,tot,"3,8",free,"2,4",cache,555,buff,"30,8",slab,"62,2",,"1,4"
E,tot,"3,8",free,"2,4",cache,555,buff,"30,8",slab,"62,2",,"1,4"
E,tot,"3,8",free,"2,4",cache,"555,1",buff,"30,8",slab,"62,2",,"1,4"
E,tot,"3,8",free,"2,4",cache,"555,1",buff,"30,8",slab,"62,2",,"1,4"
E,tot,"3,8",free,"2,4",cache,"555,1",buff,"30,8",slab,"62,2",,"1,4"
E,tot,"3,8",free,"2,4",cache,"555,1",buff,"30,8",slab,"62,2",,"1,4"
E,tot,"3,8",free,"2,4",cache,"555,1",buff,"30,8",slab,"62,2",,"1,4"
E,tot,"3,8",free,"2,4",cache,"555,1",buff,"30,8",slab,"62,2",,"1,4"
E,tot,"3,8",free,"2,4",cache,"555,1",buff,"30,8",slab,"62,2",,"1,4"
E,tot,"3,8",free,"2,4",cache,"555,1",buff,"30,8",slab,"62,2",,"1,4"
E,tot,"3,8",free,"2,4",cache,"555,1",buff,"30,8",slab,"62,2",,"1,4"
E,tot,"3,8",free,"2,4",cache,"555,1",buff,"30,8",slab,"62,2",,"1,4"
E,tot,"3,8",free,"2,4",cache,"555,2",buff,"30,8",slab,"62,2",,"1,4"
E,tot,"3,8",free,"2,4",cache,"555,2",buff,"30,8",slab,"62,2",,"1,4"
E,tot,"3,8",free,"2,4",cache,"555,2",buff,"30,8",slab,"62,2",,"1,4"
E,tot,"3,8",free,"2,4",cache,"555,2",buff,"30,8",slab,"62,2",,"1,4"
E,tot,"3,8",free,"2,4",cache,"555,2",buff,"30,8",slab,"62,2",,"1,4"
E,tot,"3,8",free,"2,4",cache,"555,2",buff,"30,8",slab,"62,2",,"1,4"
E,tot,"3,8",free,"2,4",cache,"555,2",buff,"30,8",slab,"62,2",,"1,4"
E,tot,"3,8",free,"2,4",cache,"555,2",buff,"30,8",slab,"62,2",,"1,4"
E,tot,"3,8",free,"2,4",cache,"555,3",buff,"30,8",slab,"62,2",,"1,4"
E,tot,"3,8",free,"2,4",cache,"555,3",buff,"30,8",slab,"62,2",,"1,4"
E,tot,"3,8",free,"2,4",cache,"555,3",buff,"30,8",slab,"62,2",,"1,4"
E,tot,"3,8",free,"2,4",cache,"555,3",buff,"30,8",slab,"62,2",,"1,4"
E,tot,"3,8",free,"2,4",cache,"555,3",buff,"30,8",slab,"62,2",,"1,4"
E,tot,"3,8",free,"2,4",cache,"555,3",buff,"30,8",slab,"62,2",,"1,4"
E,tot,"3,8",free,"2,4",cache,"555,3",buff,"30,8",slab,"62,2",,"1,4"
E,tot,"3,8",free,"2,4",cache,"555,3",buff,"30,8",slab,"62,2",,"1,4"
E,tot,"3,8",free,"2,4",cache,"555,3",buff,"30,8",slab,"62,2",,"1,4"
E,tot,"3,8",free,"2,4",cache,"555,4",buff,"30,8",slab,"62,2",,"1,4"
E,tot,"3,8",free,"2,4",cache,"555,4",buff,"30,8",slab,"62,2",,"1,4"
E,tot,"3,8",free,"2,4",cache,"555,4",buff,"30,8",slab,"62,2",,"1,4"
E,tot,"3,8",free,"2,4",cache,"555,4",buff,"30,8",slab,"62,2",,"1,4"
E,tot,"3,8",free,"2,4",cache,"555,4",buff,"30,8",slab,"62,2",,"1,4"
E,tot,"3,8",free,"2,4",cache,"555,4",buff,"30,8",slab,"62,2",,"1,4"
E,tot,"3,8",free,"2,4",cache,"555,4",buff,"30,8",slab,"62,2",,"1,4"
E,tot,"3,8",free,"2,4",cache,"555,4",buff,"30,8",slab,"62,2",,"1,4"
,,,,,,,,,,,,
,,,,,,,,,,,média,"1,39837398373984"
,,,,,,,,,,,DP,"0,0126991663428357"
