MEM | tot     3.8G | free  794.6M | cache   1.6G | buff   78.9M | slab  105.5M |
MEM | numnode    1 | shmem  68.0M | shrss  35.8M | tcpsk   0.0M | udpsk   0.0M |
MEM | tot     3.8G | free  766.5M | cache   1.6G | buff   78.9M | slab  105.6M |
MEM | numnode    1 | shmem  68.0M | shrss  35.8M | tcpsk   0.0M | udpsk   0.0M |
MEM | tot     3.8G | free  764.5M | cache   1.6G | buff   78.9M | slab  105.6M |
MEM | numnode    1 | shmem  67.5M | shrss  35.8M | tcpsk   0.0M | udpsk   0.0M |
MEM | tot     3.8G | free  765.5M | cache   1.6G | buff   78.9M | slab  105.6M |
MEM | numnode    1 | shmem  67.5M | shrss  35.8M | tcpsk   0.0M | udpsk   0.0M |
MEM | tot     3.8G | free  767.5M | cache   1.6G | buff   78.9M | slab  105.6M |
MEM | numnode    1 | shmem  66.0M | shrss  35.8M | tcpsk   0.0M | udpsk   0.0M |
MEM | tot     3.8G | free  777.1M | cache   1.6G | buff   78.9M | slab  105.6M |
MEM | numnode    1 | shmem  66.0M | shrss  35.8M | tcpsk   0.0M | udpsk   0.0M |
MEM | tot     3.8G | free  777.1M | cache   1.6G | buff   78.9M | slab  105.6M |
MEM | numnode    1 | shmem  66.0M | shrss  35.8M | tcpsk   0.0M | udpsk   0.0M |
MEM | tot     3.8G | free  779.8M | cache   1.6G | buff   78.9M | slab  105.6M |
MEM | numnode    1 | shmem  64.5M | shrss  35.8M | tcpsk   0.0M | udpsk   0.0M |
MEM | tot     3.8G | free  779.9M | cache   1.6G | buff   78.9M | slab  105.6M |
MEM | numnode    1 | shmem  64.5M | shrss  35.8M | tcpsk   0.0M | udpsk   0.0M |
MEM | tot     3.8G | free  782.6M | cache   1.6G | buff   78.9M | slab  105.6M |
MEM | numnode    1 | shmem  64.5M | shrss  35.8M | tcpsk   0.0M | udpsk   0.0M |
MEM | tot     3.8G | free  782.6M | cache   1.6G | buff   78.9M | slab  105.6M |
MEM | numnode    1 | shmem  64.5M | shrss  35.8M | tcpsk   0.0M | udpsk   0.0M |
MEM | tot     3.8G | free  782.6M | cache   1.6G | buff   78.9M | slab  105.6M |
MEM | numnode    1 | shmem  64.5M | shrss  35.8M | tcpsk   0.0M | udpsk   0.0M |
MEM | tot     3.8G | free  782.6M | cache   1.6G | buff   78.9M | slab  105.6M |
MEM | numnode    1 | shmem  64.5M | shrss  35.8M | tcpsk   0.0M | udpsk   0.0M |
MEM | tot     3.8G | free  782.6M | cache   1.6G | buff   78.9M | slab  105.6M |
MEM | numnode    1 | shmem  64.5M | shrss  35.8M | tcpsk   0.0M | udpsk   0.0M |
MEM | tot     3.8G | free  782.6M | cache   1.6G | buff   78.9M | slab  105.6M |
MEM | numnode    1 | shmem  64.5M | shrss  35.8M | tcpsk   0.0M | udpsk   0.0M |
MEM | tot     3.8G | free  782.6M | cache   1.6G | buff   78.9M | slab  105.6M |
MEM | numnode    1 | shmem  64.5M | shrss  35.8M | tcpsk   0.0M | udpsk   0.0M |
MEM | tot     3.8G | free  782.6M | cache   1.6G | buff   78.9M | slab  105.6M |
MEM | numnode    1 | shmem  64.5M | shrss  35.8M | tcpsk   0.0M | udpsk   0.0M |
