MEM | tot     3.8G | free  801.3M | cache   1.6G | buff   78.9M | slab  105.6M |
MEM | numnode    1 | shmem  65.3M | shrss  35.8M | tcpsk   0.0M | udpsk   0.0M |
MEM | tot     3.8G | free  776.4M | cache   1.6G | buff   78.9M | slab  105.6M |
MEM | numnode    1 | shmem  66.3M | shrss  35.8M | tcpsk   0.0M | udpsk   0.0M |
MEM | tot     3.8G | free  774.9M | cache   1.6G | buff   78.9M | slab  105.6M |
MEM | numnode    1 | shmem  66.5M | shrss  35.8M | tcpsk   0.0M | udpsk   0.0M |
MEM | tot     3.8G | free  775.4M | cache   1.6G | buff   78.9M | slab  105.6M |
MEM | numnode    1 | shmem  66.5M | shrss  35.8M | tcpsk   0.0M | udpsk   0.0M |
MEM | tot     3.8G | free  773.6M | cache   1.6G | buff   78.9M | slab  105.6M |
MEM | numnode    1 | shmem  66.5M | shrss  35.8M | tcpsk   0.0M | udpsk   0.0M |
MEM | tot     3.8G | free  773.7M | cache   1.6G | buff   78.9M | slab  105.6M |
MEM | numnode    1 | shmem  66.5M | shrss  35.8M | tcpsk   0.0M | udpsk   0.0M |
MEM | tot     3.8G | free  771.4M | cache   1.6G | buff   78.9M | slab  105.6M |
MEM | numnode    1 | shmem  66.5M | shrss  35.8M | tcpsk   0.0M | udpsk   0.0M |
MEM | tot     3.8G | free  771.6M | cache   1.6G | buff   78.9M | slab  105.6M |
MEM | numnode    1 | shmem  64.3M | shrss  35.8M | tcpsk   0.0M | udpsk   0.0M |
MEM | tot     3.8G | free  771.9M | cache   1.6G | buff   79.0M | slab  105.6M |
MEM | numnode    1 | shmem  64.3M | shrss  35.8M | tcpsk   0.0M | udpsk   0.0M |
MEM | tot     3.8G | free  771.9M | cache   1.6G | buff   79.0M | slab  105.6M |
MEM | numnode    1 | shmem  64.3M | shrss  35.8M | tcpsk   0.0M | udpsk   0.0M |
MEM | tot     3.8G | free  771.9M | cache   1.6G | buff   79.0M | slab  105.6M |
MEM | numnode    1 | shmem  64.3M | shrss  35.8M | tcpsk   0.0M | udpsk   0.0M |
MEM | tot     3.8G | free  771.8M | cache   1.6G | buff   79.0M | slab  105.6M |
MEM | numnode    1 | shmem  64.3M | shrss  35.8M | tcpsk   0.0M | udpsk   0.0M |
MEM | tot     3.8G | free  771.8M | cache   1.6G | buff   79.0M | slab  105.6M |
MEM | numnode    1 | shmem  64.3M | shrss  35.8M | tcpsk   0.0M | udpsk   0.0M |
MEM | tot     3.8G | free  771.8M | cache   1.6G | buff   79.0M | slab  105.6M |
MEM | numnode    1 | shmem  64.3M | shrss  35.8M | tcpsk   0.0M | udpsk   0.0M |
MEM | tot     3.8G | free  771.8M | cache   1.6G | buff   79.0M | slab  105.6M |
MEM | numnode    1 | shmem  64.3M | shrss  35.8M | tcpsk   0.0M | udpsk   0.0M |
MEM | tot     3.8G | free  771.8M | cache   1.6G | buff   79.0M | slab  105.6M |
MEM | numnode    1 | shmem  64.3M | shrss  35.8M | tcpsk   0.0M | udpsk   0.0M |
