MEM | tot     3.8G | free  802.2M | cache   1.6G | buff   78.9M | slab  105.5M |
MEM | numnode    1 | shmem  65.5M | shrss  35.8M | tcpsk   0.0M | udpsk   0.0M |
MEM | tot     3.8G | free  779.8M | cache   1.6G | buff   78.9M | slab  105.6M |
MEM | numnode    1 | shmem  66.0M | shrss  35.8M | tcpsk   0.0M | udpsk   0.0M |
MEM | tot     3.8G | free  779.1M | cache   1.6G | buff   78.9M | slab  105.6M |
MEM | numnode    1 | shmem  66.5M | shrss  35.8M | tcpsk   0.0M | udpsk   0.0M |
MEM | tot     3.8G | free  777.9M | cache   1.6G | buff   78.9M | slab  105.6M |
MEM | numnode    1 | shmem  66.5M | shrss  35.8M | tcpsk   0.0M | udpsk   0.0M |
MEM | tot     3.8G | free  777.9M | cache   1.6G | buff   78.9M | slab  105.6M |
MEM | numnode    1 | shmem  66.5M | shrss  35.8M | tcpsk   0.0M | udpsk   0.0M |
MEM | tot     3.8G | free  775.6M | cache   1.6G | buff   78.9M | slab  105.6M |
MEM | numnode    1 | shmem  66.5M | shrss  35.8M | tcpsk   0.0M | udpsk   0.0M |
MEM | tot     3.8G | free  773.3M | cache   1.6G | buff   78.9M | slab  105.6M |
MEM | numnode    1 | shmem  66.5M | shrss  35.8M | tcpsk   0.0M | udpsk   0.0M |
MEM | tot     3.8G | free  773.8M | cache   1.6G | buff   78.9M | slab  105.6M |
MEM | numnode    1 | shmem  66.5M | shrss  35.8M | tcpsk   0.0M | udpsk   0.0M |
MEM | tot     3.8G | free  774.1M | cache   1.6G | buff   78.9M | slab  105.6M |
MEM | numnode    1 | shmem  64.0M | shrss  35.8M | tcpsk   0.0M | udpsk   0.0M |
