MEM | tot     3.8G | free    1.9G | cache 717.4M | buff   57.1M | slab   79.2M |
MEM | tot     3.8G | free    1.9G | cache 717.4M | buff   57.1M | slab   79.2M |
MEM | tot     3.8G | free    1.9G | cache 717.4M | buff   57.1M | slab   79.2M |
MEM | tot     3.8G | free    1.9G | cache 717.9M | buff   57.1M | slab   79.2M |
MEM | tot     3.8G | free    1.9G | cache 717.9M | buff   57.1M | slab   79.2M |
MEM | tot     3.8G | free    1.9G | cache 717.9M | buff   57.1M | slab   79.3M |
MEM | tot     3.8G | free    1.9G | cache 717.9M | buff   57.1M | slab   79.3M |
MEM | tot     3.8G | free    1.9G | cache 717.9M | buff   57.1M | slab   79.3M |
