MEM | tot     3.8G | free    1.9G | cache 719.7M | buff   57.1M | slab   79.0M |
MEM | tot     3.8G | free    1.9G | cache 719.7M | buff   57.1M | slab   79.3M |
MEM | tot     3.8G | free    1.9G | cache 716.6M | buff   57.1M | slab   79.3M |
MEM | tot     3.8G | free    1.9G | cache 716.6M | buff   57.1M | slab   79.2M |
MEM | tot     3.8G | free    1.9G | cache 716.7M | buff   57.1M | slab   79.2M |
MEM | tot     3.8G | free    1.9G | cache 716.8M | buff   57.1M | slab   79.2M |
MEM | tot     3.8G | free    1.9G | cache 716.9M | buff   57.1M | slab   79.2M |
MEM | tot     3.8G | free    1.9G | cache 717.0M | buff   57.1M | slab   79.2M |
MEM | tot     3.8G | free    1.9G | cache 715.3M | buff   57.1M | slab   79.2M |
MEM | tot     3.8G | free    1.9G | cache 712.9M | buff   57.1M | slab   79.2M |
MEM | tot     3.8G | free    1.9G | cache 713.1M | buff   57.1M | slab   79.2M |
MEM | tot     3.8G | free    1.9G | cache 713.1M | buff   57.1M | slab   79.2M |
MEM | tot     3.8G | free    1.9G | cache 713.3M | buff   57.1M | slab   79.2M |
MEM | tot     3.8G | free    1.9G | cache 713.4M | buff   57.1M | slab   79.2M |
