MEM | tot     3.8G | free    1.9G | cache 715.9M | buff   57.1M | slab   79.1M |
MEM | tot     3.8G | free    1.9G | cache 717.5M | buff   57.1M | slab   79.2M |
MEM | tot     3.8G | free    1.9G | cache 717.5M | buff   57.1M | slab   79.3M |
MEM | tot     3.8G | free    1.9G | cache 717.5M | buff   57.1M | slab   79.2M |
MEM | tot     3.8G | free    1.9G | cache 717.6M | buff   57.1M | slab   79.2M |
MEM | tot     3.8G | free    1.9G | cache 717.6M | buff   57.1M | slab   79.2M |
MEM | tot     3.8G | free    1.9G | cache 717.7M | buff   57.1M | slab   79.3M |
MEM | tot     3.8G | free    1.9G | cache 716.7M | buff   57.2M | slab   79.3M |
MEM | tot     3.8G | free    1.9G | cache 716.2M | buff   57.2M | slab   79.3M |
MEM | tot     3.8G | free    1.9G | cache 713.7M | buff   57.2M | slab   79.3M |
MEM | tot     3.8G | free    1.9G | cache 713.7M | buff   57.2M | slab   79.3M |
