CPU,sys,5,user,10,irq,0,idle,84,wait,0,,15
CPU,sys,35,user,65,irq,0,idle,0,wait,0,,100
CPU,sys,37,user,63,irq,0,idle,0,wait,0,,100
CPU,sys,37,user,63,irq,0,idle,0,wait,0,,100
CPU,sys,34,user,64,irq,2,idle,0,wait,0,,98
CPU,sys,37,user,60,irq,3,idle,0,wait,0,,97
CPU,sys,37,user,61,irq,2,idle,0,wait,0,,98
CPU,sys,33,user,66,irq,1,idle,0,wait,0,,99
CPU,sys,35,user,63,irq,2,idle,0,wait,0,,98
CPU,sys,33,user,63,irq,4,idle,0,wait,0,,96
CPU,sys,39,user,58,irq,3,idle,0,wait,0,,97
,,,,,,,,,,,,
,,,,,,,,,,,média,"98,3"
,,,,,,,,,,,DP,"1,41813649241218"
