CPU,sys,5,user,10,irq,0,idle,85,wait,0,,15
CPU,sys,33,user,67,irq,0,idle,0,wait,0,,100
CPU,sys,36,user,64,irq,0,idle,0,wait,0,,100
CPU,sys,36,user,62,irq,1,idle,0,wait,0,,98
CPU,sys,42,user,56,irq,2,idle,0,wait,0,,98
CPU,sys,42,user,58,irq,0,idle,0,wait,0,,100
CPU,sys,33,user,65,irq,2,idle,0,wait,0,,98
CPU,sys,36,user,62,irq,2,idle,0,wait,0,,98
CPU,sys,38,user,59,irq,3,idle,0,wait,0,,97
CPU,sys,38,user,60,irq,2,idle,0,wait,0,,98
CPU,sys,29,user,68,irq,3,idle,0,wait,0,,97
CPU,sys,36,user,60,irq,4,idle,0,wait,0,,96
CPU,sys,40,user,58,irq,2,idle,0,wait,0,,98
CPU,sys,36,user,61,irq,3,idle,0,wait,0,,97
,,,,,,,,,,,,
,,,,,,,,,,,média,"98,0769230769231"
,,,,,,,,,,,DP,"1,3114039117603"
