MEM | tot     3.8G | free    2.4G | cache 561.3M | buff   32.3M | slab   62.8M |
MEM | tot     3.8G | free    2.3G | cache 568.2M | buff   32.3M | slab   62.9M |
MEM | tot     3.8G | free    2.3G | cache 565.0M | buff   32.3M | slab   62.9M |
MEM | tot     3.8G | free    2.3G | cache 564.7M | buff   32.3M | slab   62.9M |
MEM | tot     3.8G | free    2.3G | cache 564.7M | buff   32.3M | slab   62.9M |
MEM | tot     3.8G | free    2.3G | cache 564.8M | buff   32.3M | slab   63.0M |
MEM | tot     3.8G | free    2.3G | cache 564.8M | buff   32.3M | slab   63.0M |
MEM | tot     3.8G | free    2.3G | cache 564.0M | buff   32.3M | slab   63.0M |
MEM | tot     3.8G | free    2.3G | cache 564.0M | buff   32.3M | slab   63.0M |
MEM | tot     3.8G | free    2.3G | cache 564.1M | buff   32.3M | slab   63.0M |
MEM | tot     3.8G | free    2.3G | cache 564.1M | buff   32.3M | slab   63.0M |
MEM | tot     3.8G | free    2.3G | cache 564.1M | buff   32.3M | slab   63.0M |
MEM | tot     3.8G | free    2.3G | cache 563.8M | buff   32.3M | slab   63.0M |
MEM | tot     3.8G | free    2.3G | cache 563.8M | buff   32.3M | slab   63.0M |
MEM | tot     3.8G | free    2.3G | cache 563.9M | buff   32.3M | slab   63.0M |
MEM | tot     3.8G | free    2.3G | cache 563.9M | buff   32.3M | slab   63.0M |
MEM | tot     3.8G | free    2.3G | cache 563.9M | buff   32.3M | slab   63.0M |
MEM | tot     3.8G | free    2.3G | cache 563.9M | buff   32.3M | slab   63.0M |
MEM | tot     3.8G | free    2.3G | cache 563.9M | buff   32.3M | slab   63.0M |
MEM | tot     3.8G | free    2.3G | cache 564.0M | buff   32.3M | slab   63.0M |
MEM | tot     3.8G | free    2.3G | cache 564.0M | buff   32.3M | slab   63.0M |
MEM | tot     3.8G | free    2.3G | cache 564.1M | buff   32.3M | slab   63.0M |
MEM | tot     3.8G | free    2.3G | cache 564.1M | buff   32.3M | slab   63.0M |
MEM | tot     3.8G | free    2.3G | cache 564.1M | buff   32.3M | slab   63.0M |
MEM | tot     3.8G | free    2.3G | cache 564.1M | buff   32.3M | slab   63.0M |
MEM | tot     3.8G | free    2.3G | cache 564.1M | buff   32.3M | slab   63.0M |
MEM | tot     3.8G | free    2.3G | cache 564.1M | buff   32.3M | slab   63.0M |
MEM | tot     3.8G | free    2.3G | cache 564.1M | buff   32.3M | slab   63.0M |
MEM | tot     3.8G | free    2.3G | cache 564.1M | buff   32.3M | slab   63.0M |
MEM | tot     3.8G | free    2.3G | cache 564.2M | buff   32.3M | slab   63.0M |
MEM | tot     3.8G | free    2.3G | cache 564.2M | buff   32.3M | slab   63.0M |
MEM | tot     3.8G | free    2.3G | cache 564.2M | buff   32.3M | slab   63.0M |
MEM | tot     3.8G | free    2.3G | cache 564.2M | buff   32.3M | slab   63.0M |
MEM | tot     3.8G | free    2.3G | cache 564.2M | buff   32.3M | slab   63.0M |
MEM | tot     3.8G | free    2.3G | cache 564.2M | buff   32.3M | slab   63.0M |
MEM | tot     3.8G | free    2.3G | cache 564.2M | buff   32.3M | slab   63.0M |
MEM | tot     3.8G | free    2.3G | cache 564.2M | buff   32.3M | slab   63.0M |
MEM | tot     3.8G | free    2.3G | cache 564.2M | buff   32.3M | slab   63.0M |
MEM | tot     3.8G | free    2.3G | cache 564.3M | buff   32.3M | slab   63.0M |
MEM | tot     3.8G | free    2.3G | cache 564.3M | buff   32.3M | slab   63.0M |
MEM | tot     3.8G | free    2.3G | cache 564.3M | buff   32.3M | slab   63.0M |
MEM | tot     3.8G | free    2.3G | cache 564.3M | buff   32.3M | slab   63.0M |
MEM | tot     3.8G | free    2.3G | cache 564.3M | buff   32.3M | slab   63.0M |
MEM | tot     3.8G | free    2.3G | cache 564.3M | buff   32.3M | slab   63.0M |
MEM | tot     3.8G | free    2.3G | cache 564.3M | buff   32.3M | slab   63.0M |
MEM | tot     3.8G | free    2.3G | cache 564.3M | buff   32.3M | slab   63.0M |
MEM | tot     3.8G | free    2.3G | cache 564.3M | buff   32.3M | slab   63.0M |
MEM | tot     3.8G | free    2.3G | cache 564.4M | buff   32.3M | slab   63.0M |
MEM | tot     3.8G | free    2.3G | cache 564.4M | buff   32.3M | slab   63.0M |
MEM | tot     3.8G | free    2.3G | cache 564.4M | buff   32.4M | slab   63.0M |
MEM | tot     3.8G | free    2.3G | cache 564.4M | buff   32.4M | slab   63.0M |
MEM | tot     3.8G | free    2.3G | cache 564.4M | buff   32.4M | slab   63.0M |
MEM | tot     3.8G | free    2.3G | cache 564.4M | buff   32.4M | slab   63.0M |
MEM | tot     3.8G | free    2.3G | cache 564.4M | buff   32.4M | slab   63.0M |
MEM | tot     3.8G | free    2.3G | cache 564.4M | buff   32.4M | slab   63.0M |
MEM | tot     3.8G | free    2.3G | cache 564.4M | buff   32.4M | slab   63.0M |
MEM | tot     3.8G | free    2.3G | cache 564.5M | buff   32.4M | slab   63.0M |
MEM | tot     3.8G | free    2.3G | cache 564.5M | buff   32.4M | slab   63.0M |
MEM | tot     3.8G | free    2.3G | cache 564.5M | buff   32.4M | slab   63.0M |
MEM | tot     3.8G | free    2.3G | cache 564.5M | buff   32.4M | slab   63.0M |
MEM | tot     3.8G | free    2.3G | cache 564.5M | buff   32.4M | slab   63.0M |
MEM | tot     3.8G | free    2.3G | cache 564.5M | buff   32.4M | slab   63.0M |
MEM | tot     3.8G | free    2.3G | cache 564.5M | buff   32.4M | slab   63.0M |
MEM | tot     3.8G | free    2.3G | cache 564.5M | buff   32.4M | slab   63.0M |
MEM | tot     3.8G | free    2.3G | cache 564.5M | buff   32.4M | slab   63.0M |
MEM | tot     3.8G | free    2.3G | cache 564.6M | buff   32.4M | slab   63.0M |
MEM | tot     3.8G | free    2.3G | cache 564.6M | buff   32.4M | slab   63.0M |
MEM | tot     3.8G | free    2.3G | cache 564.6M | buff   32.4M | slab   63.0M |
MEM | tot     3.8G | free    2.3G | cache 564.6M | buff   32.4M | slab   63.0M |
MEM | tot     3.8G | free    2.3G | cache 564.6M | buff   32.4M | slab   63.0M |
MEM | tot     3.8G | free    2.3G | cache 564.6M | buff   32.4M | slab   63.0M |
MEM | tot     3.8G | free    2.3G | cache 560.2M | buff   32.4M | slab   63.0M |
MEM | tot     3.8G | free    2.3G | cache 560.2M | buff   32.4M | slab   63.0M |
MEM | tot     3.8G | free    2.3G | cache 560.2M | buff   32.4M | slab   63.0M |
MEM | tot     3.8G | free    2.3G | cache 560.2M | buff   32.4M | slab   63.0M |
MEM | tot     3.8G | free    2.3G | cache 560.2M | buff   32.4M | slab   63.0M |
MEM | tot     3.8G | free    2.3G | cache 560.2M | buff   32.4M | slab   63.0M |
MEM | tot     3.8G | free    2.3G | cache 560.2M | buff   32.4M | slab   63.0M |
MEM | tot     3.8G | free    2.3G | cache 560.3M | buff   32.4M | slab   63.0M |
MEM | tot     3.8G | free    2.3G | cache 560.3M | buff   32.4M | slab   63.0M |
MEM | tot     3.8G | free    2.3G | cache 560.3M | buff   32.4M | slab   63.0M |
MEM | tot     3.8G | free    2.3G | cache 560.3M | buff   32.4M | slab   63.0M |
MEM | tot     3.8G | free    2.3G | cache 560.3M | buff   32.4M | slab   63.0M |
MEM | tot     3.8G | free    2.3G | cache 560.3M | buff   32.4M | slab   63.0M |
MEM | tot     3.8G | free    2.3G | cache 560.3M | buff   32.4M | slab   63.0M |
MEM | tot     3.8G | free    2.3G | cache 560.3M | buff   32.4M | slab   63.0M |
MEM | tot     3.8G | free    2.3G | cache 560.4M | buff   32.4M | slab   63.0M |
MEM | tot     3.8G | free    2.3G | cache 560.4M | buff   32.4M | slab   63.0M |
MEM | tot     3.8G | free    2.3G | cache 560.4M | buff   32.4M | slab   63.0M |
MEM | tot     3.8G | free    2.3G | cache 560.4M | buff   32.4M | slab   63.0M |
MEM | tot     3.8G | free    2.3G | cache 560.4M | buff   32.4M | slab   63.0M |
MEM | tot     3.8G | free    2.3G | cache 560.4M | buff   32.4M | slab   63.0M |
MEM | tot     3.8G | free    2.3G | cache 560.4M | buff   32.4M | slab   63.0M |
MEM | tot     3.8G | free    2.3G | cache 560.4M | buff   32.4M | slab   63.0M |
MEM | tot     3.8G | free    2.3G | cache 560.4M | buff   32.4M | slab   63.0M |
MEM | tot     3.8G | free    2.3G | cache 560.4M | buff   32.4M | slab   63.0M |
MEM | tot     3.8G | free    2.3G | cache 560.5M | buff   32.4M | slab   63.0M |
MEM | tot     3.8G | free    2.3G | cache 560.5M | buff   32.4M | slab   63.0M |
MEM | tot     3.8G | free    2.3G | cache 560.5M | buff   32.4M | slab   63.0M |
MEM | tot     3.8G | free    2.3G | cache 560.5M | buff   32.4M | slab   63.0M |
MEM | tot     3.8G | free    2.3G | cache 560.5M | buff   32.4M | slab   63.0M |
MEM | tot     3.8G | free    2.3G | cache 560.5M | buff   32.4M | slab   63.0M |
MEM | tot     3.8G | free    2.3G | cache 560.5M | buff   32.4M | slab   63.0M |
MEM | tot     3.8G | free    2.3G | cache 560.5M | buff   32.4M | slab   63.0M |
MEM | tot     3.8G | free    2.3G | cache 560.6M | buff   32.4M | slab   63.0M |
MEM | tot     3.8G | free    2.3G | cache 560.6M | buff   32.4M | slab   63.0M |
MEM | tot     3.8G | free    2.3G | cache 560.6M | buff   32.4M | slab   63.0M |
MEM | tot     3.8G | free    2.3G | cache 560.6M | buff   32.4M | slab   63.0M |
MEM | tot     3.8G | free    2.3G | cache 560.6M | buff   32.4M | slab   63.0M |
MEM | tot     3.8G | free    2.3G | cache 560.6M | buff   32.5M | slab   63.0M |
MEM | tot     3.8G | free    2.3G | cache 560.6M | buff   32.5M | slab   63.0M |
MEM | tot     3.8G | free    2.3G | cache 560.6M | buff   32.5M | slab   63.0M |
MEM | tot     3.8G | free    2.3G | cache 560.6M | buff   32.5M | slab   63.0M |
MEM | tot     3.8G | free    2.3G | cache 560.7M | buff   32.5M | slab   63.0M |
MEM | tot     3.8G | free    2.3G | cache 560.7M | buff   32.5M | slab   63.0M |
MEM | tot     3.8G | free    2.3G | cache 560.7M | buff   32.5M | slab   63.0M |
MEM | tot     3.8G | free    2.3G | cache 560.7M | buff   32.5M | slab   63.0M |
MEM | tot     3.8G | free    2.3G | cache 560.7M | buff   32.5M | slab   63.0M |
MEM | tot     3.8G | free    2.3G | cache 560.7M | buff   32.5M | slab   63.0M |
MEM | tot     3.8G | free    2.3G | cache 560.7M | buff   32.5M | slab   63.0M |
MEM | tot     3.8G | free    2.3G | cache 560.7M | buff   32.5M | slab   63.0M |
MEM | tot     3.8G | free    2.3G | cache 560.7M | buff   32.5M | slab   63.0M |
MEM | tot     3.8G | free    2.3G | cache 560.8M | buff   32.5M | slab   63.0M |
MEM | tot     3.8G | free    2.3G | cache 560.8M | buff   32.5M | slab   63.0M |
MEM | tot     3.8G | free    2.3G | cache 560.8M | buff   32.5M | slab   63.0M |
MEM | tot     3.8G | free    2.3G | cache 560.8M | buff   32.5M | slab   63.0M |
MEM | tot     3.8G | free    2.3G | cache 560.8M | buff   32.5M | slab   63.0M |
MEM | tot     3.8G | free    2.3G | cache 560.8M | buff   32.5M | slab   63.0M |
MEM | tot     3.8G | free    2.3G | cache 560.8M | buff   32.5M | slab   63.0M |
MEM | tot     3.8G | free    2.3G | cache 560.8M | buff   32.5M | slab   63.0M |
MEM | tot     3.8G | free    2.3G | cache 560.8M | buff   32.5M | slab   63.0M |
MEM | tot     3.8G | free    2.3G | cache 560.9M | buff   32.5M | slab   63.0M |
MEM | tot     3.8G | free    2.3G | cache 560.9M | buff   32.5M | slab   63.0M |
MEM | tot     3.8G | free    2.3G | cache 560.9M | buff   32.5M | slab   63.0M |
MEM | tot     3.8G | free    2.3G | cache 560.9M | buff   32.5M | slab   63.0M |
MEM | tot     3.8G | free    2.3G | cache 560.9M | buff   32.5M | slab   63.0M |
MEM | tot     3.8G | free    2.3G | cache 560.9M | buff   32.5M | slab   63.0M |
MEM | tot     3.8G | free    2.3G | cache 560.9M | buff   32.5M | slab   63.0M |
MEM | tot     3.8G | free    2.3G | cache 560.9M | buff   32.5M | slab   63.0M |
MEM | tot     3.8G | free    2.3G | cache 560.9M | buff   32.5M | slab   63.0M |
MEM | tot     3.8G | free    2.3G | cache 561.0M | buff   32.5M | slab   63.0M |
MEM | tot     3.8G | free    2.3G | cache 561.0M | buff   32.5M | slab   63.0M |
MEM | tot     3.8G | free    2.3G | cache 561.0M | buff   32.5M | slab   63.0M |
MEM | tot     3.8G | free    2.3G | cache 561.0M | buff   32.5M | slab   63.0M |
MEM | tot     3.8G | free    2.3G | cache 561.0M | buff   32.5M | slab   63.0M |
MEM | tot     3.8G | free    2.3G | cache 561.0M | buff   32.5M | slab   63.0M |
MEM | tot     3.8G | free    2.3G | cache 561.0M | buff   32.5M | slab   63.0M |
MEM | tot     3.8G | free    2.3G | cache 561.0M | buff   32.5M | slab   63.0M |
MEM | tot     3.8G | free    2.3G | cache 561.0M | buff   32.5M | slab   63.0M |
MEM | tot     3.8G | free    2.3G | cache 561.1M | buff   32.5M | slab   63.0M |
MEM | tot     3.8G | free    2.3G | cache 561.1M | buff   32.5M | slab   63.0M |
MEM | tot     3.8G | free    2.3G | cache 561.1M | buff   32.5M | slab   63.0M |
MEM | tot     3.8G | free    2.3G | cache 561.1M | buff   32.5M | slab   63.0M |
MEM | tot     3.8G | free    2.3G | cache 561.1M | buff   32.5M | slab   63.0M |
MEM | tot     3.8G | free    2.3G | cache 561.1M | buff   32.5M | slab   63.0M |
MEM | tot     3.8G | free    2.3G | cache 561.1M | buff   32.5M | slab   63.0M |
MEM | tot     3.8G | free    2.3G | cache 561.1M | buff   32.5M | slab   63.0M |
MEM | tot     3.8G | free    2.3G | cache 561.1M | buff   32.5M | slab   63.0M |
MEM | tot     3.8G | free    2.3G | cache 561.2M | buff   32.5M | slab   63.0M |
MEM | tot     3.8G | free    2.3G | cache 561.2M | buff   32.5M | slab   63.0M |
MEM | tot     3.8G | free    2.3G | cache 561.2M | buff   32.5M | slab   63.0M |
MEM | tot     3.8G | free    2.3G | cache 561.2M | buff   32.5M | slab   63.0M |
MEM | tot     3.8G | free    2.3G | cache 561.2M | buff   32.5M | slab   63.0M |
MEM | tot     3.8G | free    2.3G | cache 561.2M | buff   32.5M | slab   63.0M |
MEM | tot     3.8G | free    2.3G | cache 561.2M | buff   32.6M | slab   63.0M |
MEM | tot     3.8G | free    2.3G | cache 561.2M | buff   32.6M | slab   63.0M |
MEM | tot     3.8G | free    2.3G | cache 561.2M | buff   32.6M | slab   63.0M |
MEM | tot     3.8G | free    2.3G | cache 561.3M | buff   32.6M | slab   63.0M |
MEM | tot     3.8G | free    2.3G | cache 561.3M | buff   32.6M | slab   63.0M |
MEM | tot     3.8G | free    2.3G | cache 561.3M | buff   32.6M | slab   63.0M |
MEM | tot     3.8G | free    2.3G | cache 561.3M | buff   32.6M | slab   63.0M |
MEM | tot     3.8G | free    2.3G | cache 561.3M | buff   32.6M | slab   63.0M |
MEM | tot     3.8G | free    2.3G | cache 561.3M | buff   32.6M | slab   63.0M |
MEM | tot     3.8G | free    2.3G | cache 561.3M | buff   32.6M | slab   63.0M |
MEM | tot     3.8G | free    2.3G | cache 561.3M | buff   32.6M | slab   63.0M |
MEM | tot     3.8G | free    2.3G | cache 561.3M | buff   32.6M | slab   63.0M |
MEM | tot     3.8G | free    2.3G | cache 561.4M | buff   32.6M | slab   63.0M |
MEM | tot     3.8G | free    2.3G | cache 561.4M | buff   32.6M | slab   63.0M |
MEM | tot     3.8G | free    2.3G | cache 561.4M | buff   32.6M | slab   63.0M |
MEM | tot     3.8G | free    2.3G | cache 561.4M | buff   32.6M | slab   63.0M |
MEM | tot     3.8G | free    2.3G | cache 561.4M | buff   32.6M | slab   63.0M |
MEM | tot     3.8G | free    2.3G | cache 561.4M | buff   32.6M | slab   63.0M |
MEM | tot     3.8G | free    2.3G | cache 561.4M | buff   32.6M | slab   63.0M |
MEM | tot     3.8G | free    2.3G | cache 561.4M | buff   32.6M | slab   63.0M |
MEM | tot     3.8G | free    2.3G | cache 561.4M | buff   32.6M | slab   63.0M |
MEM | tot     3.8G | free    2.3G | cache 561.5M | buff   32.6M | slab   63.0M |
MEM | tot     3.8G | free    2.3G | cache 561.5M | buff   32.6M | slab   63.0M |
MEM | tot     3.8G | free    2.3G | cache 561.5M | buff   32.6M | slab   63.0M |
