MEM | tot     3.8G | free    2.4G | cache 556.1M | buff   32.8M | slab   62.9M |
MEM | tot     3.8G | free    2.4G | cache 567.1M | buff   32.8M | slab   63.0M |
MEM | tot     3.8G | free    2.3G | cache 574.2M | buff   32.8M | slab   63.0M |
MEM | tot     3.8G | free    2.3G | cache 574.2M | buff   32.8M | slab   63.0M |
MEM | tot     3.8G | free    2.3G | cache 574.2M | buff   32.8M | slab   63.0M |
MEM | tot     3.8G | free    2.3G | cache 574.2M | buff   32.8M | slab   63.0M |
MEM | tot     3.8G | free    2.3G | cache 574.0M | buff   32.8M | slab   63.0M |
MEM | tot     3.8G | free    2.3G | cache 563.8M | buff   32.8M | slab   63.0M |
MEM | tot     3.8G | free    2.3G | cache 563.8M | buff   32.8M | slab   63.0M |
MEM | tot     3.8G | free    2.3G | cache 563.8M | buff   32.8M | slab   63.0M |
MEM | tot     3.8G | free    2.3G | cache 563.8M | buff   32.8M | slab   63.0M |
MEM | tot     3.8G | free    2.3G | cache 563.8M | buff   32.8M | slab   63.0M |
MEM | tot     3.8G | free    2.3G | cache 563.8M | buff   32.8M | slab   63.0M |
MEM | tot     3.8G | free    2.3G | cache 563.8M | buff   32.8M | slab   63.0M |
MEM | tot     3.8G | free    2.3G | cache 563.8M | buff   32.8M | slab   63.0M |
MEM | tot     3.8G | free    2.3G | cache 563.9M | buff   32.8M | slab   63.0M |
MEM | tot     3.8G | free    2.3G | cache 563.9M | buff   32.8M | slab   63.0M |
MEM | tot     3.8G | free    2.3G | cache 563.9M | buff   32.8M | slab   63.0M |
MEM | tot     3.8G | free    2.3G | cache 563.9M | buff   32.8M | slab   63.0M |
MEM | tot     3.8G | free    2.3G | cache 563.9M | buff   32.8M | slab   63.0M |
MEM | tot     3.8G | free    2.3G | cache 563.9M | buff   32.8M | slab   63.0M |
MEM | tot     3.8G | free    2.3G | cache 564.1M | buff   32.8M | slab   63.0M |
MEM | tot     3.8G | free    2.3G | cache 564.1M | buff   32.8M | slab   63.0M |
MEM | tot     3.8G | free    2.3G | cache 564.1M | buff   32.9M | slab   63.0M |
MEM | tot     3.8G | free    2.3G | cache 564.1M | buff   32.9M | slab   63.0M |
MEM | tot     3.8G | free    2.3G | cache 564.1M | buff   32.9M | slab   63.0M |
MEM | tot     3.8G | free    2.3G | cache 564.1M | buff   32.9M | slab   63.0M |
MEM | tot     3.8G | free    2.3G | cache 564.1M | buff   32.9M | slab   63.0M |
MEM | tot     3.8G | free    2.3G | cache 564.1M | buff   32.9M | slab   63.0M |
MEM | tot     3.8G | free    2.3G | cache 564.1M | buff   32.9M | slab   63.0M |
MEM | tot     3.8G | free    2.3G | cache 564.2M | buff   32.9M | slab   63.0M |
MEM | tot     3.8G | free    2.3G | cache 564.2M | buff   32.9M | slab   63.0M |
MEM | tot     3.8G | free    2.3G | cache 564.2M | buff   32.9M | slab   63.0M |
MEM | tot     3.8G | free    2.3G | cache 564.2M | buff   32.9M | slab   63.0M |
MEM | tot     3.8G | free    2.3G | cache 564.2M | buff   32.9M | slab   63.0M |
MEM | tot     3.8G | free    2.3G | cache 564.2M | buff   32.9M | slab   63.0M |
MEM | tot     3.8G | free    2.3G | cache 564.2M | buff   32.9M | slab   63.0M |
MEM | tot     3.8G | free    2.3G | cache 564.2M | buff   32.9M | slab   63.0M |
MEM | tot     3.8G | free    2.3G | cache 564.2M | buff   32.9M | slab   63.0M |
MEM | tot     3.8G | free    2.3G | cache 564.2M | buff   32.9M | slab   63.0M |
MEM | tot     3.8G | free    2.3G | cache 564.3M | buff   32.9M | slab   63.0M |
MEM | tot     3.8G | free    2.3G | cache 564.3M | buff   32.9M | slab   63.0M |
MEM | tot     3.8G | free    2.3G | cache 564.3M | buff   32.9M | slab   63.0M |
MEM | tot     3.8G | free    2.3G | cache 564.3M | buff   32.9M | slab   63.0M |
MEM | tot     3.8G | free    2.3G | cache 564.3M | buff   32.9M | slab   63.0M |
MEM | tot     3.8G | free    2.3G | cache 564.3M | buff   32.9M | slab   63.0M |
MEM | tot     3.8G | free    2.3G | cache 564.3M | buff   32.9M | slab   63.0M |
MEM | tot     3.8G | free    2.3G | cache 564.3M | buff   32.9M | slab   63.0M |
MEM | tot     3.8G | free    2.3G | cache 564.4M | buff   32.9M | slab   63.0M |
MEM | tot     3.8G | free    2.3G | cache 564.4M | buff   32.9M | slab   63.0M |
MEM | tot     3.8G | free    2.3G | cache 564.4M | buff   32.9M | slab   63.0M |
MEM | tot     3.8G | free    2.3G | cache 564.4M | buff   32.9M | slab   63.0M |
MEM | tot     3.8G | free    2.3G | cache 564.4M | buff   32.9M | slab   63.0M |
MEM | tot     3.8G | free    2.3G | cache 564.4M | buff   32.9M | slab   63.0M |
MEM | tot     3.8G | free    2.3G | cache 564.4M | buff   32.9M | slab   63.0M |
MEM | tot     3.8G | free    2.3G | cache 564.4M | buff   32.9M | slab   63.0M |
MEM | tot     3.8G | free    2.3G | cache 564.4M | buff   32.9M | slab   63.0M |
MEM | tot     3.8G | free    2.3G | cache 564.5M | buff   32.9M | slab   63.0M |
MEM | tot     3.8G | free    2.3G | cache 564.5M | buff   32.9M | slab   63.0M |
MEM | tot     3.8G | free    2.3G | cache 564.5M | buff   32.9M | slab   63.0M |
MEM | tot     3.8G | free    2.3G | cache 564.5M | buff   32.9M | slab   63.0M |
MEM | tot     3.8G | free    2.3G | cache 564.5M | buff   32.9M | slab   63.0M |
MEM | tot     3.8G | free    2.3G | cache 564.5M | buff   32.9M | slab   63.0M |
MEM | tot     3.8G | free    2.3G | cache 564.5M | buff   32.9M | slab   63.0M |
MEM | tot     3.8G | free    2.3G | cache 564.5M | buff   32.9M | slab   63.0M |
MEM | tot     3.8G | free    2.3G | cache 564.5M | buff   32.9M | slab   63.0M |
MEM | tot     3.8G | free    2.3G | cache 564.6M | buff   32.9M | slab   63.0M |
MEM | tot     3.8G | free    2.3G | cache 564.6M | buff   32.9M | slab   63.0M |
MEM | tot     3.8G | free    2.3G | cache 564.6M | buff   32.9M | slab   63.0M |
MEM | tot     3.8G | free    2.3G | cache 564.6M | buff   32.9M | slab   63.0M |
MEM | tot     3.8G | free    2.3G | cache 564.6M | buff   32.9M | slab   63.0M |
MEM | tot     3.8G | free    2.3G | cache 564.6M | buff   32.9M | slab   63.0M |
MEM | tot     3.8G | free    2.3G | cache 560.3M | buff   32.9M | slab   63.0M |
MEM | tot     3.8G | free    2.3G | cache 560.3M | buff   32.9M | slab   63.0M |
MEM | tot     3.8G | free    2.3G | cache 560.3M | buff   32.9M | slab   63.0M |
MEM | tot     3.8G | free    2.3G | cache 560.3M | buff   32.9M | slab   63.0M |
MEM | tot     3.8G | free    2.3G | cache 560.3M | buff   32.9M | slab   63.0M |
MEM | tot     3.8G | free    2.3G | cache 560.5M | buff   32.9M | slab   63.1M |
MEM | tot     3.8G | free    2.3G | cache 561.9M | buff   33.5M | slab   63.2M |
MEM | tot     3.8G | free    2.3G | cache 561.9M | buff   33.5M | slab   63.2M |
MEM | tot     3.8G | free    2.3G | cache 562.0M | buff   33.5M | slab   63.2M |
MEM | tot     3.8G | free    2.3G | cache 562.0M | buff   33.5M | slab   63.2M |
MEM | tot     3.8G | free    2.3G | cache 562.0M | buff   33.5M | slab   63.2M |
MEM | tot     3.8G | free    2.3G | cache 562.0M | buff   33.5M | slab   63.2M |
MEM | tot     3.8G | free    2.3G | cache 562.0M | buff   33.5M | slab   63.2M |
MEM | tot     3.8G | free    2.3G | cache 562.0M | buff   33.5M | slab   63.2M |
MEM | tot     3.8G | free    2.3G | cache 562.0M | buff   33.5M | slab   63.2M |
MEM | tot     3.8G | free    2.3G | cache 562.0M | buff   33.5M | slab   63.2M |
MEM | tot     3.8G | free    2.3G | cache 562.0M | buff   33.5M | slab   63.2M |
MEM | tot     3.8G | free    2.3G | cache 562.1M | buff   33.5M | slab   63.2M |
MEM | tot     3.8G | free    2.3G | cache 562.1M | buff   33.5M | slab   63.2M |
MEM | tot     3.8G | free    2.3G | cache 562.1M | buff   33.5M | slab   63.2M |
MEM | tot     3.8G | free    2.3G | cache 562.1M | buff   33.5M | slab   63.2M |
MEM | tot     3.8G | free    2.3G | cache 562.1M | buff   33.5M | slab   63.2M |
MEM | tot     3.8G | free    2.3G | cache 562.1M | buff   33.5M | slab   63.2M |
