MEM | tot     3.8G | free    2.4G | cache 556.0M | buff   32.6M | slab   62.9M |
MEM | tot     3.8G | free    2.4G | cache 561.2M | buff   32.6M | slab   63.0M |
MEM | tot     3.8G | free    2.3G | cache 571.9M | buff   32.6M | slab   63.0M |
MEM | tot     3.8G | free    2.3G | cache 571.9M | buff   32.6M | slab   63.0M |
MEM | tot     3.8G | free    2.3G | cache 571.9M | buff   32.6M | slab   63.0M |
MEM | tot     3.8G | free    2.3G | cache 571.9M | buff   32.6M | slab   63.0M |
MEM | tot     3.8G | free    2.3G | cache 571.9M | buff   32.6M | slab   63.0M |
MEM | tot     3.8G | free    2.3G | cache 564.5M | buff   32.6M | slab   63.0M |
MEM | tot     3.8G | free    2.3G | cache 563.7M | buff   32.6M | slab   63.0M |
MEM | tot     3.8G | free    2.3G | cache 563.7M | buff   32.6M | slab   63.0M |
MEM | tot     3.8G | free    2.3G | cache 563.7M | buff   32.6M | slab   63.0M |
MEM | tot     3.8G | free    2.3G | cache 563.7M | buff   32.6M | slab   63.0M |
MEM | tot     3.8G | free    2.3G | cache 563.8M | buff   32.6M | slab   63.0M |
MEM | tot     3.8G | free    2.3G | cache 563.8M | buff   32.6M | slab   63.0M |
MEM | tot     3.8G | free    2.3G | cache 563.8M | buff   32.6M | slab   63.0M |
MEM | tot     3.8G | free    2.3G | cache 563.8M | buff   32.6M | slab   63.0M |
MEM | tot     3.8G | free    2.3G | cache 563.8M | buff   32.6M | slab   63.0M |
MEM | tot     3.8G | free    2.3G | cache 563.8M | buff   32.6M | slab   63.0M |
MEM | tot     3.8G | free    2.3G | cache 563.8M | buff   32.6M | slab   63.0M |
MEM | tot     3.8G | free    2.3G | cache 563.8M | buff   32.6M | slab   63.0M |
MEM | tot     3.8G | free    2.3G | cache 563.8M | buff   32.6M | slab   63.0M |
MEM | tot     3.8G | free    2.3G | cache 563.9M | buff   32.6M | slab   63.0M |
