MEM | tot     3.8G | free    2.4G | cache 560.4M | buff   32.6M | slab   62.9M |
MEM | tot     3.8G | free    2.4G | cache 564.1M | buff   32.6M | slab   63.0M |
MEM | tot     3.8G | free    2.3G | cache 571.9M | buff   32.6M | slab   63.0M |
MEM | tot     3.8G | free    2.3G | cache 571.9M | buff   32.6M | slab   63.0M |
MEM | tot     3.8G | free    2.3G | cache 571.9M | buff   32.6M | slab   63.0M |
MEM | tot     3.8G | free    2.3G | cache 572.0M | buff   32.6M | slab   63.0M |
MEM | tot     3.8G | free    2.3G | cache 571.7M | buff   32.6M | slab   63.0M |
MEM | tot     3.8G | free    2.3G | cache 563.8M | buff   32.6M | slab   63.0M |
MEM | tot     3.8G | free    2.3G | cache 563.7M | buff   32.6M | slab   63.0M |
MEM | tot     3.8G | free    2.3G | cache 563.8M | buff   32.6M | slab   63.0M |
MEM | tot     3.8G | free    2.3G | cache 563.8M | buff   32.6M | slab   63.0M |
MEM | tot     3.8G | free    2.3G | cache 563.8M | buff   32.6M | slab   63.0M |
MEM | tot     3.8G | free    2.3G | cache 563.8M | buff   32.6M | slab   63.0M |
MEM | tot     3.8G | free    2.3G | cache 563.8M | buff   32.6M | slab   63.0M |
MEM | tot     3.8G | free    2.3G | cache 563.8M | buff   32.6M | slab   63.0M |
MEM | tot     3.8G | free    2.3G | cache 563.8M | buff   32.6M | slab   63.0M |
MEM | tot     3.8G | free    2.3G | cache 563.8M | buff   32.6M | slab   63.0M |
MEM | tot     3.8G | free    2.3G | cache 563.8M | buff   32.6M | slab   63.0M |
MEM | tot     3.8G | free    2.3G | cache 563.9M | buff   32.7M | slab   63.0M |
MEM | tot     3.8G | free    2.3G | cache 563.9M | buff   32.7M | slab   63.0M |
MEM | tot     3.8G | free    2.3G | cache 563.9M | buff   32.7M | slab   63.0M |
MEM | tot     3.8G | free    2.3G | cache 563.9M | buff   32.7M | slab   63.0M |
MEM | tot     3.8G | free    2.3G | cache 563.9M | buff   32.7M | slab   63.0M |
MEM | tot     3.8G | free    2.3G | cache 563.9M | buff   32.7M | slab   63.0M |
MEM | tot     3.8G | free    2.3G | cache 563.9M | buff   32.7M | slab   63.0M |
MEM | tot     3.8G | free    2.3G | cache 563.9M | buff   32.7M | slab   63.0M |
MEM | tot     3.8G | free    2.3G | cache 563.9M | buff   32.7M | slab   63.0M |
MEM | tot     3.8G | free    2.3G | cache 564.0M | buff   32.7M | slab   63.0M |
MEM | tot     3.8G | free    2.3G | cache 564.0M | buff   32.7M | slab   63.0M |
MEM | tot     3.8G | free    2.3G | cache 564.0M | buff   32.7M | slab   63.0M |
MEM | tot     3.8G | free    2.3G | cache 564.0M | buff   32.7M | slab   63.0M |
MEM | tot     3.8G | free    2.3G | cache 564.0M | buff   32.7M | slab   63.0M |
MEM | tot     3.8G | free    2.3G | cache 564.0M | buff   32.7M | slab   63.0M |
MEM | tot     3.8G | free    2.3G | cache 564.0M | buff   32.7M | slab   63.0M |
MEM | tot     3.8G | free    2.3G | cache 564.0M | buff   32.7M | slab   63.0M |
MEM | tot     3.8G | free    2.3G | cache 564.0M | buff   32.7M | slab   63.0M |
MEM | tot     3.8G | free    2.3G | cache 564.1M | buff   32.7M | slab   63.0M |
MEM | tot     3.8G | free    2.3G | cache 564.1M | buff   32.7M | slab   63.0M |
MEM | tot     3.8G | free    2.3G | cache 564.1M | buff   32.7M | slab   63.0M |
MEM | tot     3.8G | free    2.3G | cache 564.1M | buff   32.7M | slab   63.0M |
MEM | tot     3.8G | free    2.3G | cache 564.1M | buff   32.7M | slab   63.0M |
MEM | tot     3.8G | free    2.3G | cache 564.1M | buff   32.7M | slab   63.0M |
MEM | tot     3.8G | free    2.3G | cache 564.1M | buff   32.7M | slab   63.0M |
MEM | tot     3.8G | free    2.3G | cache 564.1M | buff   32.7M | slab   63.0M |
MEM | tot     3.8G | free    2.3G | cache 564.1M | buff   32.7M | slab   63.0M |
MEM | tot     3.8G | free    2.3G | cache 564.2M | buff   32.7M | slab   63.0M |
MEM | tot     3.8G | free    2.3G | cache 564.2M | buff   32.7M | slab   63.0M |
MEM | tot     3.8G | free    2.3G | cache 564.2M | buff   32.7M | slab   63.0M |
MEM | tot     3.8G | free    2.3G | cache 564.2M | buff   32.7M | slab   63.0M |
MEM | tot     3.8G | free    2.3G | cache 564.2M | buff   32.7M | slab   63.0M |
MEM | tot     3.8G | free    2.3G | cache 564.2M | buff   32.7M | slab   63.0M |
MEM | tot     3.8G | free    2.3G | cache 564.2M | buff   32.7M | slab   63.0M |
MEM | tot     3.8G | free    2.3G | cache 564.2M | buff   32.7M | slab   63.0M |
MEM | tot     3.8G | free    2.3G | cache 564.2M | buff   32.7M | slab   63.0M |
MEM | tot     3.8G | free    2.3G | cache 564.3M | buff   32.7M | slab   63.0M |
MEM | tot     3.8G | free    2.3G | cache 564.3M | buff   32.7M | slab   63.0M |
MEM | tot     3.8G | free    2.3G | cache 564.3M | buff   32.7M | slab   63.0M |
MEM | tot     3.8G | free    2.3G | cache 564.3M | buff   32.7M | slab   63.0M |
MEM | tot     3.8G | free    2.3G | cache 564.3M | buff   32.7M | slab   63.0M |
MEM | tot     3.8G | free    2.3G | cache 564.3M | buff   32.7M | slab   63.0M |
MEM | tot     3.8G | free    2.3G | cache 564.3M | buff   32.7M | slab   63.0M |
MEM | tot     3.8G | free    2.3G | cache 564.3M | buff   32.7M | slab   63.0M |
MEM | tot     3.8G | free    2.3G | cache 564.3M | buff   32.7M | slab   63.0M |
MEM | tot     3.8G | free    2.3G | cache 564.4M | buff   32.7M | slab   63.0M |
MEM | tot     3.8G | free    2.3G | cache 564.4M | buff   32.7M | slab   63.0M |
MEM | tot     3.8G | free    2.3G | cache 564.4M | buff   32.7M | slab   63.0M |
MEM | tot     3.8G | free    2.3G | cache 564.4M | buff   32.7M | slab   63.0M |
MEM | tot     3.8G | free    2.3G | cache 564.4M | buff   32.7M | slab   63.0M |
MEM | tot     3.8G | free    2.3G | cache 564.4M | buff   32.7M | slab   63.0M |
MEM | tot     3.8G | free    2.3G | cache 564.4M | buff   32.7M | slab   63.0M |
MEM | tot     3.8G | free    2.3G | cache 564.4M | buff   32.7M | slab   63.0M |
MEM | tot     3.8G | free    2.3G | cache 560.1M | buff   32.7M | slab   63.0M |
MEM | tot     3.8G | free    2.3G | cache 560.1M | buff   32.7M | slab   63.0M |
MEM | tot     3.8G | free    2.3G | cache 560.2M | buff   32.7M | slab   63.0M |
MEM | tot     3.8G | free    2.3G | cache 560.2M | buff   32.7M | slab   63.0M |
MEM | tot     3.8G | free    2.3G | cache 560.2M | buff   32.7M | slab   63.0M |
MEM | tot     3.8G | free    2.3G | cache 560.2M | buff   32.7M | slab   63.0M |
MEM | tot     3.8G | free    2.3G | cache 560.2M | buff   32.7M | slab   63.0M |
MEM | tot     3.8G | free    2.3G | cache 560.2M | buff   32.8M | slab   63.0M |
MEM | tot     3.8G | free    2.3G | cache 560.2M | buff   32.8M | slab   63.0M |
MEM | tot     3.8G | free    2.3G | cache 560.2M | buff   32.8M | slab   63.0M |
MEM | tot     3.8G | free    2.3G | cache 560.2M | buff   32.8M | slab   63.0M |
MEM | tot     3.8G | free    2.3G | cache 560.3M | buff   32.8M | slab   63.0M |
MEM | tot     3.8G | free    2.3G | cache 560.3M | buff   32.8M | slab   63.0M |
MEM | tot     3.8G | free    2.3G | cache 560.3M | buff   32.8M | slab   63.0M |
MEM | tot     3.8G | free    2.3G | cache 560.3M | buff   32.8M | slab   63.0M |
MEM | tot     3.8G | free    2.3G | cache 560.3M | buff   32.8M | slab   63.0M |
MEM | tot     3.8G | free    2.3G | cache 560.3M | buff   32.8M | slab   63.0M |
MEM | tot     3.8G | free    2.3G | cache 560.3M | buff   32.8M | slab   63.0M |
MEM | tot     3.8G | free    2.3G | cache 560.3M | buff   32.8M | slab   63.0M |
MEM | tot     3.8G | free    2.3G | cache 560.3M | buff   32.8M | slab   63.0M |
MEM | tot     3.8G | free    2.3G | cache 560.4M | buff   32.8M | slab   63.0M |
MEM | tot     3.8G | free    2.3G | cache 560.4M | buff   32.8M | slab   63.0M |
MEM | tot     3.8G | free    2.3G | cache 560.4M | buff   32.8M | slab   63.0M |
MEM | tot     3.8G | free    2.3G | cache 560.4M | buff   32.8M | slab   63.0M |
MEM | tot     3.8G | free    2.3G | cache 560.4M | buff   32.8M | slab   63.0M |
MEM | tot     3.8G | free    2.3G | cache 560.4M | buff   32.8M | slab   63.0M |
MEM | tot     3.8G | free    2.3G | cache 560.4M | buff   32.8M | slab   63.0M |
MEM | tot     3.8G | free    2.3G | cache 560.4M | buff   32.8M | slab   63.0M |
MEM | tot     3.8G | free    2.3G | cache 560.4M | buff   32.8M | slab   63.0M |
MEM | tot     3.8G | free    2.3G | cache 560.5M | buff   32.8M | slab   63.0M |
MEM | tot     3.8G | free    2.3G | cache 560.5M | buff   32.8M | slab   63.0M |
MEM | tot     3.8G | free    2.3G | cache 560.5M | buff   32.8M | slab   63.0M |
MEM | tot     3.8G | free    2.3G | cache 560.5M | buff   32.8M | slab   63.0M |
MEM | tot     3.8G | free    2.3G | cache 560.5M | buff   32.8M | slab   63.0M |
MEM | tot     3.8G | free    2.3G | cache 560.5M | buff   32.8M | slab   63.0M |
MEM | tot     3.8G | free    2.3G | cache 560.5M | buff   32.8M | slab   63.0M |
MEM | tot     3.8G | free    2.3G | cache 560.5M | buff   32.8M | slab   63.0M |
MEM | tot     3.8G | free    2.3G | cache 560.5M | buff   32.8M | slab   63.0M |
MEM | tot     3.8G | free    2.3G | cache 560.6M | buff   32.8M | slab   63.0M |
MEM | tot     3.8G | free    2.3G | cache 560.6M | buff   32.8M | slab   63.0M |
MEM | tot     3.8G | free    2.3G | cache 560.6M | buff   32.8M | slab   63.0M |
MEM | tot     3.8G | free    2.3G | cache 560.6M | buff   32.8M | slab   63.0M |
MEM | tot     3.8G | free    2.3G | cache 560.6M | buff   32.8M | slab   63.0M |
MEM | tot     3.8G | free    2.3G | cache 560.6M | buff   32.8M | slab   63.0M |
MEM | tot     3.8G | free    2.3G | cache 560.6M | buff   32.8M | slab   63.0M |
MEM | tot     3.8G | free    2.3G | cache 560.6M | buff   32.8M | slab   63.0M |
MEM | tot     3.8G | free    2.3G | cache 560.6M | buff   32.8M | slab   63.0M |
MEM | tot     3.8G | free    2.3G | cache 560.7M | buff   32.8M | slab   63.0M |
MEM | tot     3.8G | free    2.3G | cache 560.7M | buff   32.8M | slab   63.0M |
MEM | tot     3.8G | free    2.3G | cache 560.7M | buff   32.8M | slab   63.0M |
MEM | tot     3.8G | free    2.3G | cache 560.7M | buff   32.8M | slab   63.0M |
