CPU,sys,15,user,41,irq,1,idle,18,wait,24,,56
CPU,sys,34,user,66,irq,0,idle,0,wait,0,,100
CPU,sys,23,user,63,irq,0,idle,0,wait,14,,86
CPU,sys,33,user,32,irq,5,idle,0,wait,31,,65
CPU,sys,29,user,30,irq,1,idle,0,wait,40,,59
CPU,sys,36,user,44,irq,3,idle,0,wait,17,,80
CPU,sys,27,user,39,irq,2,idle,0,wait,32,,66
CPU,sys,28,user,43,irq,2,idle,0,wait,28,,71
CPU,sys,27,user,38,irq,2,idle,0,wait,32,,65
CPU,sys,22,user,36,irq,3,idle,0,wait,37,,58
CPU,sys,24,user,33,irq,2,idle,0,wait,41,,57
CPU,sys,26,user,31,irq,3,idle,0,wait,40,,57
CPU,sys,22,user,35,irq,2,idle,0,wait,40,,57
CPU,sys,25,user,39,irq,3,idle,0,wait,33,,64
CPU,sys,26,user,30,irq,3,idle,0,wait,41,,56
CPU,sys,24,user,32,irq,3,idle,0,wait,40,,56
CPU,sys,23,user,35,irq,1,idle,0,wait,41,,58
CPU,sys,18,user,37,irq,2,idle,0,wait,43,,55
CPU,sys,20,user,35,irq,3,idle,0,wait,42,,55
CPU,sys,27,user,29,irq,2,idle,0,wait,42,,56
CPU,sys,19,user,35,irq,1,idle,0,wait,45,,54
CPU,sys,24,user,29,irq,3,idle,0,wait,44,,53
CPU,sys,21,user,33,irq,1,idle,0,wait,45,,54
CPU,sys,21,user,32,irq,4,idle,0,wait,43,,53
CPU,sys,24,user,28,irq,2,idle,0,wait,46,,52
CPU,sys,23,user,33,irq,1,idle,0,wait,42,,56
CPU,sys,18,user,33,irq,2,idle,0,wait,46,,51
CPU,sys,22,user,28,irq,1,idle,0,wait,49,,50
CPU,sys,20,user,31,irq,2,idle,0,wait,47,,51
CPU,sys,22,user,34,irq,1,idle,0,wait,43,,56
CPU,sys,23,user,30,irq,2,idle,0,wait,45,,53
CPU,sys,22,user,35,irq,3,idle,0,wait,39,,57
CPU,sys,18,user,34,irq,5,idle,0,wait,43,,52
CPU,sys,21,user,34,irq,1,idle,0,wait,44,,55
CPU,sys,22,user,39,irq,0,idle,0,wait,38,,61
CPU,sys,18,user,35,irq,2,idle,0,wait,45,,53
CPU,sys,21,user,35,irq,3,idle,0,wait,41,,56
CPU,sys,15,user,35,irq,1,idle,0,wait,48,,50
CPU,sys,22,user,36,irq,2,idle,0,wait,39,,58
CPU,sys,24,user,33,irq,1,idle,0,wait,42,,57
CPU,sys,20,user,38,irq,3,idle,0,wait,39,,58
CPU,sys,21,user,33,irq,2,idle,0,wait,44,,54
CPU,sys,20,user,39,irq,3,idle,0,wait,38,,59
CPU,sys,19,user,36,irq,2,idle,0,wait,43,,55
CPU,sys,22,user,36,irq,1,idle,0,wait,41,,58
CPU,sys,22,user,30,irq,1,idle,0,wait,47,,52
CPU,sys,23,user,34,irq,1,idle,0,wait,42,,57
CPU,sys,19,user,38,irq,2,idle,0,wait,41,,57
CPU,sys,20,user,32,irq,3,idle,0,wait,45,,52
CPU,sys,21,user,35,irq,1,idle,0,wait,43,,56
CPU,sys,18,user,37,irq,2,idle,0,wait,42,,55
CPU,sys,23,user,37,irq,1,idle,0,wait,39,,60
CPU,sys,18,user,35,irq,1,idle,0,wait,46,,53
CPU,sys,24,user,35,irq,2,idle,0,wait,39,,59
CPU,sys,15,user,36,irq,2,idle,0,wait,47,,51
CPU,sys,18,user,33,irq,0,idle,0,wait,48,,51
CPU,sys,16,user,30,irq,1,idle,0,wait,53,,46
CPU,sys,19,user,38,irq,1,idle,0,wait,42,,57
CPU,sys,18,user,35,irq,2,idle,0,wait,44,,53
CPU,sys,22,user,36,irq,1,idle,0,wait,41,,58
CPU,sys,22,user,31,irq,1,idle,0,wait,45,,53
CPU,sys,16,user,42,irq,1,idle,0,wait,42,,58
CPU,sys,19,user,38,irq,1,idle,0,wait,42,,57
CPU,sys,18,user,37,irq,4,idle,0,wait,41,,55
CPU,sys,20,user,35,irq,2,idle,0,wait,43,,55
CPU,sys,17,user,37,irq,0,idle,0,wait,46,,54
CPU,sys,18,user,40,irq,2,idle,0,wait,39,,58
CPU,sys,19,user,39,irq,1,idle,0,wait,41,,58
CPU,sys,18,user,44,irq,2,idle,0,wait,36,,62
CPU,sys,19,user,36,irq,2,idle,0,wait,43,,55
CPU,sys,17,user,43,irq,1,idle,0,wait,40,,60
CPU,sys,18,user,37,irq,1,idle,0,wait,44,,55
CPU,sys,24,user,37,irq,2,idle,0,wait,37,,61
CPU,sys,19,user,38,irq,2,idle,0,wait,41,,57
CPU,sys,22,user,38,irq,1,idle,0,wait,39,,60
CPU,sys,18,user,39,irq,2,idle,0,wait,41,,57
CPU,sys,18,user,41,irq,1,idle,0,wait,40,,59
CPU,sys,21,user,39,irq,3,idle,0,wait,37,,60
CPU,sys,22,user,43,irq,0,idle,0,wait,35,,65
CPU,sys,24,user,44,irq,2,idle,0,wait,31,,68
CPU,sys,20,user,52,irq,0,idle,0,wait,27,,72
CPU,sys,18,user,57,irq,2,idle,0,wait,23,,75
CPU,sys,20,user,38,irq,2,idle,0,wait,41,,58
CPU,sys,21,user,37,irq,0,idle,0,wait,42,,58
CPU,sys,14,user,41,irq,0,idle,0,wait,44,,55
CPU,sys,19,user,27,irq,1,idle,0,wait,53,,46
CPU,sys,15,user,32,irq,1,idle,0,wait,52,,47
CPU,sys,15,user,31,irq,1,idle,0,wait,53,,46
CPU,sys,17,user,34,irq,1,idle,0,wait,49,,51
CPU,sys,18,user,33,irq,2,idle,0,wait,47,,51
CPU,sys,13,user,34,irq,1,idle,0,wait,52,,47
CPU,sys,19,user,34,irq,1,idle,0,wait,46,,53
CPU,sys,16,user,31,irq,1,idle,0,wait,52,,47
CPU,sys,18,user,31,irq,1,idle,0,wait,51,,49
CPU,sys,16,user,43,irq,2,idle,0,wait,38,,59
CPU,sys,21,user,43,irq,0,idle,0,wait,36,,64
CPU,sys,17,user,46,irq,2,idle,0,wait,35,,63
CPU,sys,20,user,46,irq,3,idle,0,wait,31,,66
CPU,sys,20,user,45,irq,0,idle,0,wait,35,,65
CPU,sys,21,user,40,irq,2,idle,0,wait,38,,61
CPU,sys,20,user,46,irq,3,idle,0,wait,30,,66
CPU,sys,19,user,42,irq,1,idle,0,wait,38,,61
CPU,sys,18,user,46,irq,2,idle,0,wait,34,,64
CPU,sys,18,user,44,irq,1,idle,0,wait,37,,62
CPU,sys,17,user,46,irq,2,idle,0,wait,35,,63
CPU,sys,17,user,41,irq,0,idle,0,wait,41,,58
CPU,sys,19,user,42,irq,1,idle,0,wait,39,,61
CPU,sys,22,user,38,irq,0,idle,0,wait,39,,60
CPU,sys,18,user,42,irq,2,idle,0,wait,37,,60
CPU,sys,17,user,38,irq,1,idle,0,wait,44,,55
CPU,sys,19,user,41,irq,1,idle,0,wait,40,,60
CPU,sys,18,user,41,irq,2,idle,0,wait,39,,59
CPU,sys,18,user,36,irq,0,idle,0,wait,46,,54
CPU,sys,14,user,41,irq,0,idle,0,wait,45,,55
CPU,sys,18,user,36,irq,1,idle,0,wait,45,,54
CPU,sys,14,user,37,irq,0,idle,0,wait,48,,51
CPU,sys,17,user,38,irq,1,idle,0,wait,44,,55
CPU,sys,13,user,36,irq,1,idle,0,wait,49,,49
CPU,sys,13,user,34,irq,0,idle,0,wait,53,,47
CPU,sys,15,user,35,irq,2,idle,0,wait,47,,50
CPU,sys,15,user,34,irq,0,idle,0,wait,51,,49
CPU,sys,19,user,34,irq,1,idle,0,wait,46,,53
CPU,sys,12,user,35,irq,1,idle,0,wait,52,,47
CPU,sys,14,user,37,irq,1,idle,0,wait,47,,51
CPU,sys,16,user,37,irq,2,idle,0,wait,45,,53
CPU,sys,18,user,30,irq,1,idle,0,wait,51,,48
CPU,sys,13,user,37,irq,2,idle,0,wait,49,,50
CPU,sys,15,user,35,irq,0,idle,0,wait,50,,50
CPU,sys,17,user,36,irq,3,idle,0,wait,44,,53
CPU,sys,18,user,41,irq,2,idle,0,wait,39,,59
CPU,sys,16,user,38,irq,1,idle,0,wait,44,,54
CPU,sys,16,user,42,irq,2,idle,0,wait,41,,58
CPU,sys,15,user,38,irq,0,idle,0,wait,48,,53
CPU,sys,15,user,41,irq,1,idle,0,wait,43,,56
CPU,sys,17,user,37,irq,2,idle,0,wait,44,,54
CPU,sys,15,user,40,irq,1,idle,0,wait,44,,55
CPU,sys,12,user,45,irq,1,idle,0,wait,42,,57
CPU,sys,16,user,37,irq,1,idle,0,wait,46,,53
CPU,sys,15,user,43,irq,1,idle,0,wait,41,,58
CPU,sys,15,user,43,irq,1,idle,0,wait,42,,58
CPU,sys,18,user,38,irq,1,idle,0,wait,44,,56
CPU,sys,14,user,42,irq,1,idle,0,wait,42,,56
CPU,sys,15,user,41,irq,3,idle,0,wait,40,,56
CPU,sys,15,user,40,irq,1,idle,0,wait,43,,55
CPU,sys,13,user,40,irq,2,idle,0,wait,45,,53
CPU,sys,17,user,35,irq,2,idle,0,wait,46,,52
CPU,sys,16,user,40,irq,0,idle,0,wait,43,,56
CPU,sys,13,user,38,irq,3,idle,0,wait,46,,51
CPU,sys,20,user,37,irq,1,idle,0,wait,42,,57
CPU,sys,16,user,42,irq,2,idle,0,wait,40,,58
CPU,sys,20,user,35,irq,1,idle,0,wait,44,,55
CPU,sys,16,user,39,irq,2,idle,0,wait,42,,55
CPU,sys,15,user,41,irq,1,idle,0,wait,42,,56
CPU,sys,13,user,42,irq,1,idle,0,wait,44,,55
CPU,sys,13,user,39,irq,1,idle,0,wait,47,,52
CPU,sys,15,user,36,irq,0,idle,0,wait,49,,51
CPU,sys,12,user,40,irq,2,idle,0,wait,45,,52
CPU,sys,16,user,35,irq,3,idle,0,wait,45,,51
CPU,sys,13,user,39,irq,1,idle,0,wait,46,,52
CPU,sys,13,user,41,irq,2,idle,0,wait,43,,54
CPU,sys,12,user,44,irq,1,idle,0,wait,44,,56
CPU,sys,16,user,38,irq,1,idle,0,wait,44,,54
CPU,sys,15,user,38,irq,1,idle,0,wait,45,,53
CPU,sys,15,user,39,irq,1,idle,0,wait,45,,54
CPU,sys,19,user,44,irq,2,idle,0,wait,35,,63
CPU,sys,15,user,41,irq,0,idle,0,wait,45,,56
CPU,sys,17,user,34,irq,1,idle,0,wait,48,,51
CPU,sys,15,user,37,irq,1,idle,0,wait,46,,52
CPU,sys,16,user,35,irq,2,idle,0,wait,47,,51
CPU,sys,12,user,44,irq,2,idle,0,wait,41,,56
CPU,sys,16,user,37,irq,2,idle,0,wait,45,,53
CPU,sys,12,user,42,irq,2,idle,0,wait,43,,54
CPU,sys,12,user,38,irq,1,idle,0,wait,48,,50
CPU,sys,14,user,39,irq,1,idle,0,wait,45,,53
CPU,sys,12,user,38,irq,1,idle,0,wait,49,,50
CPU,sys,16,user,39,irq,0,idle,0,wait,45,,55
CPU,sys,11,user,36,irq,1,idle,0,wait,51,,47
CPU,sys,18,user,38,irq,0,idle,0,wait,45,,56
CPU,sys,14,user,37,irq,1,idle,0,wait,47,,51
CPU,sys,12,user,40,irq,2,idle,0,wait,46,,52
CPU,sys,18,user,34,irq,2,idle,0,wait,46,,52
CPU,sys,14,user,34,irq,1,idle,0,wait,51,,48
CPU,sys,11,user,31,irq,1,idle,0,wait,57,,42
CPU,sys,19,user,32,irq,0,idle,0,wait,49,,51
CPU,sys,15,user,36,irq,1,idle,0,wait,48,,51
CPU,sys,13,user,38,irq,0,idle,0,wait,49,,51
CPU,sys,11,user,39,irq,2,idle,0,wait,48,,50
CPU,sys,16,user,34,irq,1,idle,0,wait,49,,50
,,,,,,,,,,,,
,,,,,,,,,,,média,"55,9465240641711"
,,,,,,,,,,,DP,"6,644370744028"
