CPU,sys,16,user,41,irq,1,idle,16,wait,26,,57
CPU,sys,31,user,69,irq,0,idle,0,wait,0,,100
CPU,sys,26,user,73,irq,1,idle,0,wait,0,,99
CPU,sys,32,user,65,irq,3,idle,0,wait,0,,97
CPU,sys,24,user,73,irq,3,idle,0,wait,0,,97
CPU,sys,32,user,65,irq,3,idle,0,wait,0,,97
CPU,sys,40,user,59,irq,1,idle,0,wait,0,,99
CPU,sys,30,user,67,irq,3,idle,0,wait,0,,97
CPU,sys,32,user,63,irq,5,idle,0,wait,0,,95
CPU,sys,35,user,62,irq,3,idle,0,wait,0,,97
CPU,sys,32,user,65,irq,3,idle,0,wait,0,,97
CPU,sys,31,user,66,irq,3,idle,0,wait,0,,97
CPU,sys,31,user,66,irq,3,idle,0,wait,0,,97
CPU,sys,27,user,69,irq,4,idle,0,wait,0,,96
CPU,sys,31,user,67,irq,2,idle,0,wait,0,,98
CPU,sys,27,user,70,irq,3,idle,0,wait,0,,97
CPU,sys,29,user,69,irq,2,idle,0,wait,0,,98
CPU,sys,29,user,68,irq,3,idle,0,wait,0,,97
CPU,sys,27,user,69,irq,4,idle,0,wait,0,,96
CPU,sys,24,user,72,irq,4,idle,0,wait,0,,96
CPU,sys,32,user,63,irq,5,idle,0,wait,0,,95
CPU,sys,22,user,73,irq,0,idle,0,wait,5,,95
CPU,sys,9,user,85,irq,2,idle,0,wait,4,,94
CPU,sys,8,user,85,irq,0,idle,0,wait,7,,93
CPU,sys,7,user,89,irq,0,idle,0,wait,4,,96
CPU,sys,8,user,86,irq,1,idle,0,wait,5,,94
CPU,sys,9,user,88,irq,0,idle,0,wait,3,,97
CPU,sys,8,user,87,irq,0,idle,0,wait,5,,95
CPU,sys,8,user,87,irq,0,idle,0,wait,5,,95
CPU,sys,8,user,87,irq,1,idle,0,wait,4,,95
CPU,sys,11,user,84,irq,0,idle,0,wait,5,,95
CPU,sys,11,user,85,irq,0,idle,0,wait,4,,96
CPU,sys,7,user,65,irq,0,idle,0,wait,28,,72
CPU,sys,7,user,88,irq,1,idle,0,wait,4,,95
CPU,sys,9,user,86,irq,0,idle,0,wait,4,,95
CPU,sys,8,user,86,irq,1,idle,0,wait,5,,94
CPU,sys,10,user,85,irq,1,idle,0,wait,4,,95
CPU,sys,10,user,86,irq,0,idle,0,wait,4,,96
CPU,sys,9,user,87,irq,0,idle,0,wait,4,,96
CPU,sys,11,user,84,irq,1,idle,0,wait,4,,95
CPU,sys,10,user,86,irq,0,idle,0,wait,4,,96
CPU,sys,11,user,84,irq,0,idle,0,wait,5,,95
CPU,sys,10,user,85,irq,0,idle,0,wait,5,,95
CPU,sys,8,user,88,irq,0,idle,0,wait,4,,96
CPU,sys,6,user,89,irq,0,idle,0,wait,5,,95
CPU,sys,8,user,87,irq,1,idle,0,wait,4,,95
CPU,sys,9,user,87,irq,0,idle,0,wait,4,,96
CPU,sys,12,user,84,irq,0,idle,0,wait,4,,96
CPU,sys,9,user,86,irq,0,idle,0,wait,5,,95
CPU,sys,7,user,89,irq,0,idle,0,wait,4,,96
CPU,sys,8,user,88,irq,0,idle,0,wait,4,,96
CPU,sys,9,user,86,irq,0,idle,0,wait,5,,95
CPU,sys,8,user,88,irq,1,idle,0,wait,3,,96
CPU,sys,7,user,88,irq,0,idle,0,wait,5,,95
CPU,sys,10,user,86,irq,0,idle,0,wait,4,,96
CPU,sys,9,user,87,irq,0,idle,0,wait,4,,96
CPU,sys,11,user,85,irq,0,idle,0,wait,4,,96
CPU,sys,10,user,85,irq,1,idle,0,wait,4,,95
CPU,sys,11,user,84,irq,0,idle,0,wait,5,,95
CPU,sys,11,user,84,irq,0,idle,0,wait,5,,95
CPU,sys,9,user,86,irq,1,idle,0,wait,4,,95
CPU,sys,7,user,87,irq,0,idle,0,wait,6,,94
CPU,sys,9,user,87,irq,0,idle,0,wait,4,,96
CPU,sys,8,user,86,irq,1,idle,0,wait,5,,94
CPU,sys,10,user,84,irq,0,idle,0,wait,6,,94
CPU,sys,8,user,87,irq,0,idle,0,wait,5,,95
CPU,sys,5,user,88,irq,1,idle,0,wait,6,,93
CPU,sys,8,user,88,irq,0,idle,0,wait,4,,96
CPU,sys,8,user,87,irq,0,idle,0,wait,5,,95
CPU,sys,10,user,85,irq,0,idle,0,wait,5,,95
CPU,sys,8,user,86,irq,0,idle,0,wait,6,,94
CPU,sys,7,user,87,irq,1,idle,0,wait,5,,94
CPU,sys,9,user,85,irq,1,idle,0,wait,5,,94
CPU,sys,10,user,85,irq,0,idle,0,wait,5,,95
CPU,sys,7,user,89,irq,0,idle,0,wait,4,,96
CPU,sys,11,user,84,irq,0,idle,0,wait,5,,95
CPU,sys,9,user,87,irq,0,idle,0,wait,4,,96
CPU,sys,7,user,88,irq,0,idle,0,wait,5,,95
CPU,sys,8,user,87,irq,0,idle,0,wait,5,,95
CPU,sys,8,user,87,irq,1,idle,0,wait,4,,95
CPU,sys,11,user,84,irq,0,idle,0,wait,5,,95
CPU,sys,8,user,88,irq,0,idle,0,wait,4,,96
CPU,sys,7,user,89,irq,0,idle,0,wait,4,,96
CPU,sys,9,user,86,irq,0,idle,0,wait,5,,95
CPU,sys,9,user,88,irq,0,idle,0,wait,3,,97
CPU,sys,6,user,90,irq,0,idle,0,wait,4,,96
CPU,sys,10,user,86,irq,0,idle,0,wait,4,,96
CPU,sys,9,user,86,irq,1,idle,0,wait,4,,95
CPU,sys,9,user,87,irq,0,idle,0,wait,4,,96
CPU,sys,12,user,84,irq,0,idle,0,wait,4,,96
CPU,sys,10,user,87,irq,0,idle,0,wait,3,,97
CPU,sys,6,user,89,irq,0,idle,0,wait,5,,95
CPU,sys,9,user,86,irq,1,idle,0,wait,4,,95
CPU,sys,7,user,88,irq,0,idle,0,wait,5,,95
CPU,sys,10,user,85,irq,1,idle,0,wait,4,,95
CPU,sys,9,user,86,irq,0,idle,0,wait,5,,95
CPU,sys,9,user,86,irq,0,idle,0,wait,5,,95
CPU,sys,10,user,85,irq,1,idle,0,wait,3,,95
CPU,sys,11,user,83,irq,1,idle,0,wait,5,,94
CPU,sys,9,user,87,irq,0,idle,0,wait,4,,96
CPU,sys,7,user,86,irq,0,idle,0,wait,7,,93
CPU,sys,8,user,86,irq,0,idle,0,wait,6,,94
CPU,sys,11,user,84,irq,0,idle,0,wait,5,,95
CPU,sys,9,user,86,irq,0,idle,0,wait,5,,95
CPU,sys,11,user,83,irq,0,idle,0,wait,6,,94
CPU,sys,10,user,86,irq,0,idle,0,wait,4,,96
CPU,sys,10,user,83,irq,1,idle,0,wait,6,,93
CPU,sys,9,user,86,irq,0,idle,0,wait,5,,95
CPU,sys,9,user,86,irq,0,idle,0,wait,5,,95
CPU,sys,9,user,85,irq,0,idle,0,wait,6,,94
CPU,sys,5,user,90,irq,1,idle,0,wait,4,,95
CPU,sys,12,user,82,irq,0,idle,0,wait,6,,94
CPU,sys,9,user,87,irq,0,idle,0,wait,4,,96
CPU,sys,9,user,87,irq,0,idle,0,wait,4,,96
CPU,sys,11,user,85,irq,0,idle,0,wait,4,,96
CPU,sys,10,user,86,irq,0,idle,0,wait,4,,96
CPU,sys,9,user,77,irq,2,idle,0,wait,12,,86
CPU,sys,8,user,87,irq,0,idle,0,wait,5,,95
CPU,sys,10,user,85,irq,0,idle,0,wait,4,,95
CPU,sys,9,user,85,irq,0,idle,0,wait,6,,94
CPU,sys,8,user,88,irq,0,idle,0,wait,4,,96
CPU,sys,8,user,85,irq,0,idle,0,wait,6,,93
,,,,,,,,,,,,
,,,,,,,,,,,média,"95,1818181818182"
,,,,,,,,,,,DP,"2,58521436893216"
