CPU,sys,16,user,41,irq,1,idle,16,wait,26,,57
CPU,sys,32,user,68,irq,0,idle,0,wait,0,,100
CPU,sys,31,user,69,irq,0,idle,0,wait,0,,100
CPU,sys,26,user,72,irq,2,idle,0,wait,0,,98
CPU,sys,31,user,64,irq,5,idle,0,wait,0,,95
CPU,sys,28,user,70,irq,2,idle,0,wait,0,,98
CPU,sys,41,user,57,irq,2,idle,0,wait,0,,98
CPU,sys,30,user,67,irq,3,idle,0,wait,0,,97
CPU,sys,36,user,60,irq,4,idle,0,wait,0,,96
CPU,sys,27,user,70,irq,3,idle,0,wait,0,,97
CPU,sys,28,user,66,irq,6,idle,0,wait,0,,94
CPU,sys,24,user,74,irq,2,idle,0,wait,0,,98
CPU,sys,33,user,63,irq,4,idle,0,wait,0,,96
CPU,sys,29,user,67,irq,4,idle,0,wait,0,,96
CPU,sys,26,user,70,irq,4,idle,0,wait,0,,96
CPU,sys,26,user,70,irq,4,idle,0,wait,0,,96
CPU,sys,29,user,67,irq,4,idle,0,wait,0,,96
CPU,sys,27,user,69,irq,4,idle,0,wait,0,,96
CPU,sys,26,user,69,irq,5,idle,0,wait,0,,95
CPU,sys,25,user,72,irq,3,idle,0,wait,0,,97
CPU,sys,26,user,71,irq,3,idle,0,wait,0,,97
CPU,sys,28,user,70,irq,2,idle,0,wait,0,,98
,,,,,,,,,,,,
,,,,,,,,,,,média,"96,8571428571429"
,,,,,,,,,,,DP,"1,52596573636875"
