CPU,sys,16,user,44,irq,1,idle,15,wait,24,,60
CPU,sys,35,user,65,irq,0,idle,0,wait,0,,100
CPU,sys,21,user,79,irq,0,idle,0,wait,0,,100
CPU,sys,29,user,69,irq,2,idle,0,wait,0,,98
CPU,sys,36,user,61,irq,3,idle,0,wait,0,,97
CPU,sys,30,user,63,irq,7,idle,0,wait,0,,93
CPU,sys,31,user,67,irq,2,idle,0,wait,0,,98
CPU,sys,32,user,64,irq,4,idle,0,wait,0,,96
CPU,sys,32,user,64,irq,4,idle,0,wait,0,,96
CPU,sys,28,user,68,irq,4,idle,0,wait,0,,96
CPU,sys,31,user,63,irq,6,idle,0,wait,0,,94
CPU,sys,31,user,67,irq,2,idle,0,wait,0,,98
CPU,sys,22,user,74,irq,4,idle,0,wait,0,,96
CPU,sys,32,user,66,irq,2,idle,0,wait,0,,98
CPU,sys,35,user,62,irq,3,idle,0,wait,0,,97
CPU,sys,34,user,65,irq,1,idle,0,wait,0,,99
CPU,sys,28,user,68,irq,4,idle,0,wait,0,,96
CPU,sys,30,user,64,irq,6,idle,0,wait,0,,94
CPU,sys,27,user,71,irq,2,idle,0,wait,0,,98
CPU,sys,30,user,67,irq,3,idle,0,wait,0,,97
CPU,sys,29,user,66,irq,5,idle,0,wait,0,,95
CPU,sys,28,user,57,irq,1,idle,0,wait,14,,85
CPU,sys,19,user,32,irq,3,idle,0,wait,46,,51
CPU,sys,21,user,23,irq,2,idle,0,wait,53,,44
CPU,sys,25,user,20,irq,2,idle,0,wait,53,,45
CPU,sys,23,user,21,irq,2,idle,0,wait,54,,44
CPU,sys,20,user,26,irq,2,idle,0,wait,52,,46
CPU,sys,21,user,27,irq,4,idle,0,wait,48,,48
CPU,sys,23,user,23,irq,2,idle,0,wait,52,,46
CPU,sys,26,user,23,irq,1,idle,0,wait,50,,49
CPU,sys,18,user,16,irq,2,idle,0,wait,64,,34
CPU,sys,16,user,20,irq,2,idle,0,wait,62,,36
CPU,sys,19,user,22,irq,3,idle,0,wait,57,,41
CPU,sys,18,user,21,irq,2,idle,0,wait,59,,39
CPU,sys,19,user,22,irq,2,idle,0,wait,57,,41
CPU,sys,26,user,20,irq,4,idle,0,wait,50,,46
CPU,sys,24,user,22,irq,2,idle,0,wait,52,,46
CPU,sys,20,user,20,irq,3,idle,0,wait,56,,40
CPU,sys,20,user,18,irq,1,idle,0,wait,61,,38
CPU,sys,19,user,17,irq,4,idle,0,wait,59,,36
CPU,sys,20,user,21,irq,1,idle,0,wait,58,,41
CPU,sys,21,user,20,irq,2,idle,0,wait,56,,41
CPU,sys,23,user,21,irq,3,idle,0,wait,53,,44
CPU,sys,19,user,23,irq,1,idle,0,wait,58,,42
CPU,sys,19,user,23,irq,1,idle,0,wait,57,,42
CPU,sys,22,user,25,irq,2,idle,0,wait,51,,47
CPU,sys,20,user,19,irq,4,idle,0,wait,57,,39
CPU,sys,19,user,26,irq,2,idle,0,wait,53,,45
CPU,sys,20,user,34,irq,4,idle,0,wait,41,,54
CPU,sys,24,user,25,irq,2,idle,0,wait,49,,49
CPU,sys,23,user,26,irq,1,idle,0,wait,50,,49
CPU,sys,22,user,25,irq,3,idle,0,wait,49,,47
CPU,sys,26,user,22,irq,1,idle,0,wait,51,,48
CPU,sys,26,user,20,irq,2,idle,0,wait,53,,46
CPU,sys,20,user,20,irq,1,idle,0,wait,60,,40
CPU,sys,21,user,20,irq,3,idle,0,wait,56,,41
CPU,sys,17,user,22,irq,1,idle,0,wait,60,,39
CPU,sys,20,user,20,irq,2,idle,0,wait,58,,40
CPU,sys,18,user,24,irq,2,idle,0,wait,55,,42
CPU,sys,20,user,24,irq,4,idle,0,wait,53,,44
CPU,sys,27,user,18,irq,4,idle,0,wait,52,,45
CPU,sys,21,user,21,irq,2,idle,0,wait,56,,42
CPU,sys,18,user,20,irq,2,idle,0,wait,60,,38
CPU,sys,22,user,20,irq,2,idle,0,wait,56,,42
CPU,sys,19,user,21,irq,4,idle,0,wait,55,,40
CPU,sys,22,user,23,irq,1,idle,0,wait,54,,45
CPU,sys,26,user,23,irq,4,idle,0,wait,47,,49
CPU,sys,28,user,18,irq,2,idle,0,wait,52,,46
CPU,sys,20,user,24,irq,1,idle,0,wait,55,,44
CPU,sys,23,user,23,irq,1,idle,0,wait,53,,46
CPU,sys,25,user,22,irq,3,idle,0,wait,49,,47
CPU,sys,23,user,27,irq,2,idle,0,wait,49,,50
CPU,sys,24,user,22,irq,2,idle,0,wait,52,,46
CPU,sys,22,user,22,irq,1,idle,0,wait,54,,44
CPU,sys,19,user,27,irq,2,idle,0,wait,52,,46
CPU,sys,22,user,23,irq,2,idle,0,wait,54,,45
CPU,sys,21,user,23,irq,2,idle,0,wait,55,,44
CPU,sys,42,user,27,irq,5,idle,0,wait,25,,69
CPU,sys,42,user,23,irq,8,idle,0,wait,28,,65
CPU,sys,30,user,22,irq,3,idle,0,wait,45,,52
CPU,sys,28,user,23,irq,1,idle,0,wait,49,,51
CPU,sys,21,user,21,irq,3,idle,0,wait,55,,42
CPU,sys,22,user,25,irq,2,idle,0,wait,51,,47
CPU,sys,23,user,21,irq,2,idle,0,wait,55,,44
CPU,sys,20,user,24,irq,0,idle,0,wait,56,,44
CPU,sys,20,user,21,irq,4,idle,0,wait,54,,41
CPU,sys,22,user,24,irq,4,idle,0,wait,49,,46
CPU,sys,20,user,25,irq,2,idle,0,wait,54,,45
CPU,sys,23,user,18,irq,2,idle,0,wait,56,,41
CPU,sys,19,user,27,irq,3,idle,0,wait,51,,46
CPU,sys,20,user,26,irq,2,idle,0,wait,52,,46
CPU,sys,25,user,22,irq,2,idle,0,wait,51,,47
CPU,sys,25,user,22,irq,3,idle,0,wait,50,,47
CPU,sys,22,user,25,irq,2,idle,0,wait,51,,47
CPU,sys,21,user,23,irq,2,idle,0,wait,54,,44
,,,,,,,,,,,,
,,,,,,,,,,,média,"56,3191489361702"
,,,,,,,,,,,DP,"22,0898520787102"
