E,tot,"3,8",free,"2,4",cache,556,buff,"32,6",slab,"62,9",,"1,4"
E,tot,"3,8",free,"2,4",cache,"561,2",buff,"32,6",slab,63,,"1,4"
E,tot,"3,8",free,"2,3",cache,"571,9",buff,"32,6",slab,63,,"1,5"
E,tot,"3,8",free,"2,3",cache,"571,9",buff,"32,6",slab,63,,"1,5"
E,tot,"3,8",free,"2,3",cache,"571,9",buff,"32,6",slab,63,,"1,5"
E,tot,"3,8",free,"2,3",cache,"571,9",buff,"32,6",slab,63,,"1,5"
E,tot,"3,8",free,"2,3",cache,"571,9",buff,"32,6",slab,63,,"1,5"
E,tot,"3,8",free,"2,3",cache,"564,5",buff,"32,6",slab,63,,"1,5"
E,tot,"3,8",free,"2,3",cache,"563,7",buff,"32,6",slab,63,,"1,5"
E,tot,"3,8",free,"2,3",cache,"563,7",buff,"32,6",slab,63,,"1,5"
E,tot,"3,8",free,"2,3",cache,"563,7",buff,"32,6",slab,63,,"1,5"
E,tot,"3,8",free,"2,3",cache,"563,7",buff,"32,6",slab,63,,"1,5"
E,tot,"3,8",free,"2,3",cache,"563,8",buff,"32,6",slab,63,,"1,5"
E,tot,"3,8",free,"2,3",cache,"563,8",buff,"32,6",slab,63,,"1,5"
E,tot,"3,8",free,"2,3",cache,"563,8",buff,"32,6",slab,63,,"1,5"
E,tot,"3,8",free,"2,3",cache,"563,8",buff,"32,6",slab,63,,"1,5"
E,tot,"3,8",free,"2,3",cache,"563,8",buff,"32,6",slab,63,,"1,5"
E,tot,"3,8",free,"2,3",cache,"563,8",buff,"32,6",slab,63,,"1,5"
E,tot,"3,8",free,"2,3",cache,"563,8",buff,"32,6",slab,63,,"1,5"
E,tot,"3,8",free,"2,3",cache,"563,8",buff,"32,6",slab,63,,"1,5"
E,tot,"3,8",free,"2,3",cache,"563,8",buff,"32,6",slab,63,,"1,5"
E,tot,"3,8",free,"2,3",cache,"563,9",buff,"32,6",slab,63,,"1,5"
,,,,,,,,,,,,
,,,,,,,,,,,média,"1,49090909090909"
,,,,,,,,,,,DP,"0,029424494316825"
