E,tot,"3,8",free,"2,4",cache,"561,3",buff,"32,3",slab,"62,8",,"1,4"
E,tot,"3,8",free,"2,3",cache,"568,2",buff,"32,3",slab,"62,9",,"1,5"
E,tot,"3,8",free,"2,3",cache,565,buff,"32,3",slab,"62,9",,"1,5"
E,tot,"3,8",free,"2,3",cache,"564,7",buff,"32,3",slab,"62,9",,"1,5"
E,tot,"3,8",free,"2,3",cache,"564,7",buff,"32,3",slab,"62,9",,"1,5"
E,tot,"3,8",free,"2,3",cache,"564,8",buff,"32,3",slab,63,,"1,5"
E,tot,"3,8",free,"2,3",cache,"564,8",buff,"32,3",slab,63,,"1,5"
E,tot,"3,8",free,"2,3",cache,564,buff,"32,3",slab,63,,"1,5"
E,tot,"3,8",free,"2,3",cache,564,buff,"32,3",slab,63,,"1,5"
E,tot,"3,8",free,"2,3",cache,"564,1",buff,"32,3",slab,63,,"1,5"
E,tot,"3,8",free,"2,3",cache,"564,1",buff,"32,3",slab,63,,"1,5"
E,tot,"3,8",free,"2,3",cache,"564,1",buff,"32,3",slab,63,,"1,5"
E,tot,"3,8",free,"2,3",cache,"563,8",buff,"32,3",slab,63,,"1,5"
E,tot,"3,8",free,"2,3",cache,"563,8",buff,"32,3",slab,63,,"1,5"
E,tot,"3,8",free,"2,3",cache,"563,9",buff,"32,3",slab,63,,"1,5"
E,tot,"3,8",free,"2,3",cache,"563,9",buff,"32,3",slab,63,,"1,5"
E,tot,"3,8",free,"2,3",cache,"563,9",buff,"32,3",slab,63,,"1,5"
E,tot,"3,8",free,"2,3",cache,"563,9",buff,"32,3",slab,63,,"1,5"
E,tot,"3,8",free,"2,3",cache,"563,9",buff,"32,3",slab,63,,"1,5"
E,tot,"3,8",free,"2,3",cache,564,buff,"32,3",slab,63,,"1,5"
E,tot,"3,8",free,"2,3",cache,564,buff,"32,3",slab,63,,"1,5"
E,tot,"3,8",free,"2,3",cache,"564,1",buff,"32,3",slab,63,,"1,5"
E,tot,"3,8",free,"2,3",cache,"564,1",buff,"32,3",slab,63,,"1,5"
E,tot,"3,8",free,"2,3",cache,"564,1",buff,"32,3",slab,63,,"1,5"
E,tot,"3,8",free,"2,3",cache,"564,1",buff,"32,3",slab,63,,"1,5"
E,tot,"3,8",free,"2,3",cache,"564,1",buff,"32,3",slab,63,,"1,5"
E,tot,"3,8",free,"2,3",cache,"564,1",buff,"32,3",slab,63,,"1,5"
E,tot,"3,8",free,"2,3",cache,"564,1",buff,"32,3",slab,63,,"1,5"
E,tot,"3,8",free,"2,3",cache,"564,1",buff,"32,3",slab,63,,"1,5"
E,tot,"3,8",free,"2,3",cache,"564,2",buff,"32,3",slab,63,,"1,5"
E,tot,"3,8",free,"2,3",cache,"564,2",buff,"32,3",slab,63,,"1,5"
E,tot,"3,8",free,"2,3",cache,"564,2",buff,"32,3",slab,63,,"1,5"
E,tot,"3,8",free,"2,3",cache,"564,2",buff,"32,3",slab,63,,"1,5"
E,tot,"3,8",free,"2,3",cache,"564,2",buff,"32,3",slab,63,,"1,5"
E,tot,"3,8",free,"2,3",cache,"564,2",buff,"32,3",slab,63,,"1,5"
E,tot,"3,8",free,"2,3",cache,"564,2",buff,"32,3",slab,63,,"1,5"
E,tot,"3,8",free,"2,3",cache,"564,2",buff,"32,3",slab,63,,"1,5"
E,tot,"3,8",free,"2,3",cache,"564,2",buff,"32,3",slab,63,,"1,5"
E,tot,"3,8",free,"2,3",cache,"564,3",buff,"32,3",slab,63,,"1,5"
E,tot,"3,8",free,"2,3",cache,"564,3",buff,"32,3",slab,63,,"1,5"
E,tot,"3,8",free,"2,3",cache,"564,3",buff,"32,3",slab,63,,"1,5"
E,tot,"3,8",free,"2,3",cache,"564,3",buff,"32,3",slab,63,,"1,5"
E,tot,"3,8",free,"2,3",cache,"564,3",buff,"32,3",slab,63,,"1,5"
E,tot,"3,8",free,"2,3",cache,"564,3",buff,"32,3",slab,63,,"1,5"
E,tot,"3,8",free,"2,3",cache,"564,3",buff,"32,3",slab,63,,"1,5"
E,tot,"3,8",free,"2,3",cache,"564,3",buff,"32,3",slab,63,,"1,5"
E,tot,"3,8",free,"2,3",cache,"564,3",buff,"32,3",slab,63,,"1,5"
E,tot,"3,8",free,"2,3",cache,"564,4",buff,"32,3",slab,63,,"1,5"
E,tot,"3,8",free,"2,3",cache,"564,4",buff,"32,3",slab,63,,"1,5"
E,tot,"3,8",free,"2,3",cache,"564,4",buff,"32,4",slab,63,,"1,5"
E,tot,"3,8",free,"2,3",cache,"564,4",buff,"32,4",slab,63,,"1,5"
E,tot,"3,8",free,"2,3",cache,"564,4",buff,"32,4",slab,63,,"1,5"
E,tot,"3,8",free,"2,3",cache,"564,4",buff,"32,4",slab,63,,"1,5"
E,tot,"3,8",free,"2,3",cache,"564,4",buff,"32,4",slab,63,,"1,5"
E,tot,"3,8",free,"2,3",cache,"564,4",buff,"32,4",slab,63,,"1,5"
E,tot,"3,8",free,"2,3",cache,"564,4",buff,"32,4",slab,63,,"1,5"
E,tot,"3,8",free,"2,3",cache,"564,5",buff,"32,4",slab,63,,"1,5"
E,tot,"3,8",free,"2,3",cache,"564,5",buff,"32,4",slab,63,,"1,5"
E,tot,"3,8",free,"2,3",cache,"564,5",buff,"32,4",slab,63,,"1,5"
E,tot,"3,8",free,"2,3",cache,"564,5",buff,"32,4",slab,63,,"1,5"
E,tot,"3,8",free,"2,3",cache,"564,5",buff,"32,4",slab,63,,"1,5"
E,tot,"3,8",free,"2,3",cache,"564,5",buff,"32,4",slab,63,,"1,5"
E,tot,"3,8",free,"2,3",cache,"564,5",buff,"32,4",slab,63,,"1,5"
E,tot,"3,8",free,"2,3",cache,"564,5",buff,"32,4",slab,63,,"1,5"
E,tot,"3,8",free,"2,3",cache,"564,5",buff,"32,4",slab,63,,"1,5"
E,tot,"3,8",free,"2,3",cache,"564,6",buff,"32,4",slab,63,,"1,5"
E,tot,"3,8",free,"2,3",cache,"564,6",buff,"32,4",slab,63,,"1,5"
E,tot,"3,8",free,"2,3",cache,"564,6",buff,"32,4",slab,63,,"1,5"
E,tot,"3,8",free,"2,3",cache,"564,6",buff,"32,4",slab,63,,"1,5"
E,tot,"3,8",free,"2,3",cache,"564,6",buff,"32,4",slab,63,,"1,5"
E,tot,"3,8",free,"2,3",cache,"564,6",buff,"32,4",slab,63,,"1,5"
E,tot,"3,8",free,"2,3",cache,"560,2",buff,"32,4",slab,63,,"1,5"
E,tot,"3,8",free,"2,3",cache,"560,2",buff,"32,4",slab,63,,"1,5"
E,tot,"3,8",free,"2,3",cache,"560,2",buff,"32,4",slab,63,,"1,5"
E,tot,"3,8",free,"2,3",cache,"560,2",buff,"32,4",slab,63,,"1,5"
E,tot,"3,8",free,"2,3",cache,"560,2",buff,"32,4",slab,63,,"1,5"
E,tot,"3,8",free,"2,3",cache,"560,2",buff,"32,4",slab,63,,"1,5"
E,tot,"3,8",free,"2,3",cache,"560,2",buff,"32,4",slab,63,,"1,5"
E,tot,"3,8",free,"2,3",cache,"560,3",buff,"32,4",slab,63,,"1,5"
E,tot,"3,8",free,"2,3",cache,"560,3",buff,"32,4",slab,63,,"1,5"
E,tot,"3,8",free,"2,3",cache,"560,3",buff,"32,4",slab,63,,"1,5"
E,tot,"3,8",free,"2,3",cache,"560,3",buff,"32,4",slab,63,,"1,5"
E,tot,"3,8",free,"2,3",cache,"560,3",buff,"32,4",slab,63,,"1,5"
E,tot,"3,8",free,"2,3",cache,"560,3",buff,"32,4",slab,63,,"1,5"
E,tot,"3,8",free,"2,3",cache,"560,3",buff,"32,4",slab,63,,"1,5"
E,tot,"3,8",free,"2,3",cache,"560,3",buff,"32,4",slab,63,,"1,5"
E,tot,"3,8",free,"2,3",cache,"560,4",buff,"32,4",slab,63,,"1,5"
E,tot,"3,8",free,"2,3",cache,"560,4",buff,"32,4",slab,63,,"1,5"
E,tot,"3,8",free,"2,3",cache,"560,4",buff,"32,4",slab,63,,"1,5"
E,tot,"3,8",free,"2,3",cache,"560,4",buff,"32,4",slab,63,,"1,5"
E,tot,"3,8",free,"2,3",cache,"560,4",buff,"32,4",slab,63,,"1,5"
E,tot,"3,8",free,"2,3",cache,"560,4",buff,"32,4",slab,63,,"1,5"
E,tot,"3,8",free,"2,3",cache,"560,4",buff,"32,4",slab,63,,"1,5"
E,tot,"3,8",free,"2,3",cache,"560,4",buff,"32,4",slab,63,,"1,5"
E,tot,"3,8",free,"2,3",cache,"560,4",buff,"32,4",slab,63,,"1,5"
E,tot,"3,8",free,"2,3",cache,"560,4",buff,"32,4",slab,63,,"1,5"
E,tot,"3,8",free,"2,3",cache,"560,5",buff,"32,4",slab,63,,"1,5"
E,tot,"3,8",free,"2,3",cache,"560,5",buff,"32,4",slab,63,,"1,5"
E,tot,"3,8",free,"2,3",cache,"560,5",buff,"32,4",slab,63,,"1,5"
E,tot,"3,8",free,"2,3",cache,"560,5",buff,"32,4",slab,63,,"1,5"
E,tot,"3,8",free,"2,3",cache,"560,5",buff,"32,4",slab,63,,"1,5"
E,tot,"3,8",free,"2,3",cache,"560,5",buff,"32,4",slab,63,,"1,5"
E,tot,"3,8",free,"2,3",cache,"560,5",buff,"32,4",slab,63,,"1,5"
E,tot,"3,8",free,"2,3",cache,"560,5",buff,"32,4",slab,63,,"1,5"
E,tot,"3,8",free,"2,3",cache,"560,6",buff,"32,4",slab,63,,"1,5"
E,tot,"3,8",free,"2,3",cache,"560,6",buff,"32,4",slab,63,,"1,5"
E,tot,"3,8",free,"2,3",cache,"560,6",buff,"32,4",slab,63,,"1,5"
E,tot,"3,8",free,"2,3",cache,"560,6",buff,"32,4",slab,63,,"1,5"
E,tot,"3,8",free,"2,3",cache,"560,6",buff,"32,4",slab,63,,"1,5"
E,tot,"3,8",free,"2,3",cache,"560,6",buff,"32,5",slab,63,,"1,5"
E,tot,"3,8",free,"2,3",cache,"560,6",buff,"32,5",slab,63,,"1,5"
E,tot,"3,8",free,"2,3",cache,"560,6",buff,"32,5",slab,63,,"1,5"
E,tot,"3,8",free,"2,3",cache,"560,6",buff,"32,5",slab,63,,"1,5"
E,tot,"3,8",free,"2,3",cache,"560,7",buff,"32,5",slab,63,,"1,5"
E,tot,"3,8",free,"2,3",cache,"560,7",buff,"32,5",slab,63,,"1,5"
E,tot,"3,8",free,"2,3",cache,"560,7",buff,"32,5",slab,63,,"1,5"
E,tot,"3,8",free,"2,3",cache,"560,7",buff,"32,5",slab,63,,"1,5"
E,tot,"3,8",free,"2,3",cache,"560,7",buff,"32,5",slab,63,,"1,5"
E,tot,"3,8",free,"2,3",cache,"560,7",buff,"32,5",slab,63,,"1,5"
E,tot,"3,8",free,"2,3",cache,"560,7",buff,"32,5",slab,63,,"1,5"
E,tot,"3,8",free,"2,3",cache,"560,7",buff,"32,5",slab,63,,"1,5"
E,tot,"3,8",free,"2,3",cache,"560,7",buff,"32,5",slab,63,,"1,5"
E,tot,"3,8",free,"2,3",cache,"560,8",buff,"32,5",slab,63,,"1,5"
E,tot,"3,8",free,"2,3",cache,"560,8",buff,"32,5",slab,63,,"1,5"
E,tot,"3,8",free,"2,3",cache,"560,8",buff,"32,5",slab,63,,"1,5"
E,tot,"3,8",free,"2,3",cache,"560,8",buff,"32,5",slab,63,,"1,5"
E,tot,"3,8",free,"2,3",cache,"560,8",buff,"32,5",slab,63,,"1,5"
E,tot,"3,8",free,"2,3",cache,"560,8",buff,"32,5",slab,63,,"1,5"
E,tot,"3,8",free,"2,3",cache,"560,8",buff,"32,5",slab,63,,"1,5"
E,tot,"3,8",free,"2,3",cache,"560,8",buff,"32,5",slab,63,,"1,5"
E,tot,"3,8",free,"2,3",cache,"560,8",buff,"32,5",slab,63,,"1,5"
E,tot,"3,8",free,"2,3",cache,"560,9",buff,"32,5",slab,63,,"1,5"
E,tot,"3,8",free,"2,3",cache,"560,9",buff,"32,5",slab,63,,"1,5"
E,tot,"3,8",free,"2,3",cache,"560,9",buff,"32,5",slab,63,,"1,5"
E,tot,"3,8",free,"2,3",cache,"560,9",buff,"32,5",slab,63,,"1,5"
E,tot,"3,8",free,"2,3",cache,"560,9",buff,"32,5",slab,63,,"1,5"
E,tot,"3,8",free,"2,3",cache,"560,9",buff,"32,5",slab,63,,"1,5"
E,tot,"3,8",free,"2,3",cache,"560,9",buff,"32,5",slab,63,,"1,5"
E,tot,"3,8",free,"2,3",cache,"560,9",buff,"32,5",slab,63,,"1,5"
E,tot,"3,8",free,"2,3",cache,"560,9",buff,"32,5",slab,63,,"1,5"
E,tot,"3,8",free,"2,3",cache,561,buff,"32,5",slab,63,,"1,5"
E,tot,"3,8",free,"2,3",cache,561,buff,"32,5",slab,63,,"1,5"
E,tot,"3,8",free,"2,3",cache,561,buff,"32,5",slab,63,,"1,5"
E,tot,"3,8",free,"2,3",cache,561,buff,"32,5",slab,63,,"1,5"
E,tot,"3,8",free,"2,3",cache,561,buff,"32,5",slab,63,,"1,5"
E,tot,"3,8",free,"2,3",cache,561,buff,"32,5",slab,63,,"1,5"
E,tot,"3,8",free,"2,3",cache,561,buff,"32,5",slab,63,,"1,5"
E,tot,"3,8",free,"2,3",cache,561,buff,"32,5",slab,63,,"1,5"
E,tot,"3,8",free,"2,3",cache,561,buff,"32,5",slab,63,,"1,5"
E,tot,"3,8",free,"2,3",cache,"561,1",buff,"32,5",slab,63,,"1,5"
E,tot,"3,8",free,"2,3",cache,"561,1",buff,"32,5",slab,63,,"1,5"
E,tot,"3,8",free,"2,3",cache,"561,1",buff,"32,5",slab,63,,"1,5"
E,tot,"3,8",free,"2,3",cache,"561,1",buff,"32,5",slab,63,,"1,5"
E,tot,"3,8",free,"2,3",cache,"561,1",buff,"32,5",slab,63,,"1,5"
E,tot,"3,8",free,"2,3",cache,"561,1",buff,"32,5",slab,63,,"1,5"
E,tot,"3,8",free,"2,3",cache,"561,1",buff,"32,5",slab,63,,"1,5"
E,tot,"3,8",free,"2,3",cache,"561,1",buff,"32,5",slab,63,,"1,5"
E,tot,"3,8",free,"2,3",cache,"561,1",buff,"32,5",slab,63,,"1,5"
E,tot,"3,8",free,"2,3",cache,"561,2",buff,"32,5",slab,63,,"1,5"
E,tot,"3,8",free,"2,3",cache,"561,2",buff,"32,5",slab,63,,"1,5"
E,tot,"3,8",free,"2,3",cache,"561,2",buff,"32,5",slab,63,,"1,5"
E,tot,"3,8",free,"2,3",cache,"561,2",buff,"32,5",slab,63,,"1,5"
E,tot,"3,8",free,"2,3",cache,"561,2",buff,"32,5",slab,63,,"1,5"
E,tot,"3,8",free,"2,3",cache,"561,2",buff,"32,5",slab,63,,"1,5"
E,tot,"3,8",free,"2,3",cache,"561,2",buff,"32,6",slab,63,,"1,5"
E,tot,"3,8",free,"2,3",cache,"561,2",buff,"32,6",slab,63,,"1,5"
E,tot,"3,8",free,"2,3",cache,"561,2",buff,"32,6",slab,63,,"1,5"
E,tot,"3,8",free,"2,3",cache,"561,3",buff,"32,6",slab,63,,"1,5"
E,tot,"3,8",free,"2,3",cache,"561,3",buff,"32,6",slab,63,,"1,5"
E,tot,"3,8",free,"2,3",cache,"561,3",buff,"32,6",slab,63,,"1,5"
E,tot,"3,8",free,"2,3",cache,"561,3",buff,"32,6",slab,63,,"1,5"
E,tot,"3,8",free,"2,3",cache,"561,3",buff,"32,6",slab,63,,"1,5"
E,tot,"3,8",free,"2,3",cache,"561,3",buff,"32,6",slab,63,,"1,5"
E,tot,"3,8",free,"2,3",cache,"561,3",buff,"32,6",slab,63,,"1,5"
E,tot,"3,8",free,"2,3",cache,"561,3",buff,"32,6",slab,63,,"1,5"
E,tot,"3,8",free,"2,3",cache,"561,3",buff,"32,6",slab,63,,"1,5"
E,tot,"3,8",free,"2,3",cache,"561,4",buff,"32,6",slab,63,,"1,5"
E,tot,"3,8",free,"2,3",cache,"561,4",buff,"32,6",slab,63,,"1,5"
E,tot,"3,8",free,"2,3",cache,"561,4",buff,"32,6",slab,63,,"1,5"
E,tot,"3,8",free,"2,3",cache,"561,4",buff,"32,6",slab,63,,"1,5"
E,tot,"3,8",free,"2,3",cache,"561,4",buff,"32,6",slab,63,,"1,5"
E,tot,"3,8",free,"2,3",cache,"561,4",buff,"32,6",slab,63,,"1,5"
E,tot,"3,8",free,"2,3",cache,"561,4",buff,"32,6",slab,63,,"1,5"
E,tot,"3,8",free,"2,3",cache,"561,4",buff,"32,6",slab,63,,"1,5"
E,tot,"3,8",free,"2,3",cache,"561,4",buff,"32,6",slab,63,,"1,5"
E,tot,"3,8",free,"2,3",cache,"561,5",buff,"32,6",slab,63,,"1,5"
E,tot,"3,8",free,"2,3",cache,"561,5",buff,"32,6",slab,63,,"1,5"
E,tot,"3,8",free,"2,3",cache,"561,5",buff,"32,6",slab,63,,"1,5"
,,,,,,,,,,,,
,,,,,,,,,,,média,"1,49946808510638"
,,,,,,,,,,,DP,"0,00729324957489468"
