E,tot,"3,8",free,"2,4",cache,"560,4",buff,"32,6",slab,"62,9",,"1,4"
E,tot,"3,8",free,"2,4",cache,"564,1",buff,"32,6",slab,63,,"1,4"
E,tot,"3,8",free,"2,3",cache,"571,9",buff,"32,6",slab,63,,"1,5"
E,tot,"3,8",free,"2,3",cache,"571,9",buff,"32,6",slab,63,,"1,5"
E,tot,"3,8",free,"2,3",cache,"571,9",buff,"32,6",slab,63,,"1,5"
E,tot,"3,8",free,"2,3",cache,572,buff,"32,6",slab,63,,"1,5"
E,tot,"3,8",free,"2,3",cache,"571,7",buff,"32,6",slab,63,,"1,5"
E,tot,"3,8",free,"2,3",cache,"563,8",buff,"32,6",slab,63,,"1,5"
E,tot,"3,8",free,"2,3",cache,"563,7",buff,"32,6",slab,63,,"1,5"
E,tot,"3,8",free,"2,3",cache,"563,8",buff,"32,6",slab,63,,"1,5"
E,tot,"3,8",free,"2,3",cache,"563,8",buff,"32,6",slab,63,,"1,5"
E,tot,"3,8",free,"2,3",cache,"563,8",buff,"32,6",slab,63,,"1,5"
E,tot,"3,8",free,"2,3",cache,"563,8",buff,"32,6",slab,63,,"1,5"
E,tot,"3,8",free,"2,3",cache,"563,8",buff,"32,6",slab,63,,"1,5"
E,tot,"3,8",free,"2,3",cache,"563,8",buff,"32,6",slab,63,,"1,5"
E,tot,"3,8",free,"2,3",cache,"563,8",buff,"32,6",slab,63,,"1,5"
E,tot,"3,8",free,"2,3",cache,"563,8",buff,"32,6",slab,63,,"1,5"
E,tot,"3,8",free,"2,3",cache,"563,8",buff,"32,6",slab,63,,"1,5"
E,tot,"3,8",free,"2,3",cache,"563,9",buff,"32,7",slab,63,,"1,5"
E,tot,"3,8",free,"2,3",cache,"563,9",buff,"32,7",slab,63,,"1,5"
E,tot,"3,8",free,"2,3",cache,"563,9",buff,"32,7",slab,63,,"1,5"
E,tot,"3,8",free,"2,3",cache,"563,9",buff,"32,7",slab,63,,"1,5"
E,tot,"3,8",free,"2,3",cache,"563,9",buff,"32,7",slab,63,,"1,5"
E,tot,"3,8",free,"2,3",cache,"563,9",buff,"32,7",slab,63,,"1,5"
E,tot,"3,8",free,"2,3",cache,"563,9",buff,"32,7",slab,63,,"1,5"
E,tot,"3,8",free,"2,3",cache,"563,9",buff,"32,7",slab,63,,"1,5"
E,tot,"3,8",free,"2,3",cache,"563,9",buff,"32,7",slab,63,,"1,5"
E,tot,"3,8",free,"2,3",cache,564,buff,"32,7",slab,63,,"1,5"
E,tot,"3,8",free,"2,3",cache,564,buff,"32,7",slab,63,,"1,5"
E,tot,"3,8",free,"2,3",cache,564,buff,"32,7",slab,63,,"1,5"
E,tot,"3,8",free,"2,3",cache,564,buff,"32,7",slab,63,,"1,5"
E,tot,"3,8",free,"2,3",cache,564,buff,"32,7",slab,63,,"1,5"
E,tot,"3,8",free,"2,3",cache,564,buff,"32,7",slab,63,,"1,5"
E,tot,"3,8",free,"2,3",cache,564,buff,"32,7",slab,63,,"1,5"
E,tot,"3,8",free,"2,3",cache,564,buff,"32,7",slab,63,,"1,5"
E,tot,"3,8",free,"2,3",cache,564,buff,"32,7",slab,63,,"1,5"
E,tot,"3,8",free,"2,3",cache,"564,1",buff,"32,7",slab,63,,"1,5"
E,tot,"3,8",free,"2,3",cache,"564,1",buff,"32,7",slab,63,,"1,5"
E,tot,"3,8",free,"2,3",cache,"564,1",buff,"32,7",slab,63,,"1,5"
E,tot,"3,8",free,"2,3",cache,"564,1",buff,"32,7",slab,63,,"1,5"
E,tot,"3,8",free,"2,3",cache,"564,1",buff,"32,7",slab,63,,"1,5"
E,tot,"3,8",free,"2,3",cache,"564,1",buff,"32,7",slab,63,,"1,5"
E,tot,"3,8",free,"2,3",cache,"564,1",buff,"32,7",slab,63,,"1,5"
E,tot,"3,8",free,"2,3",cache,"564,1",buff,"32,7",slab,63,,"1,5"
E,tot,"3,8",free,"2,3",cache,"564,1",buff,"32,7",slab,63,,"1,5"
E,tot,"3,8",free,"2,3",cache,"564,2",buff,"32,7",slab,63,,"1,5"
E,tot,"3,8",free,"2,3",cache,"564,2",buff,"32,7",slab,63,,"1,5"
E,tot,"3,8",free,"2,3",cache,"564,2",buff,"32,7",slab,63,,"1,5"
E,tot,"3,8",free,"2,3",cache,"564,2",buff,"32,7",slab,63,,"1,5"
E,tot,"3,8",free,"2,3",cache,"564,2",buff,"32,7",slab,63,,"1,5"
E,tot,"3,8",free,"2,3",cache,"564,2",buff,"32,7",slab,63,,"1,5"
E,tot,"3,8",free,"2,3",cache,"564,2",buff,"32,7",slab,63,,"1,5"
E,tot,"3,8",free,"2,3",cache,"564,2",buff,"32,7",slab,63,,"1,5"
E,tot,"3,8",free,"2,3",cache,"564,2",buff,"32,7",slab,63,,"1,5"
E,tot,"3,8",free,"2,3",cache,"564,3",buff,"32,7",slab,63,,"1,5"
E,tot,"3,8",free,"2,3",cache,"564,3",buff,"32,7",slab,63,,"1,5"
E,tot,"3,8",free,"2,3",cache,"564,3",buff,"32,7",slab,63,,"1,5"
E,tot,"3,8",free,"2,3",cache,"564,3",buff,"32,7",slab,63,,"1,5"
E,tot,"3,8",free,"2,3",cache,"564,3",buff,"32,7",slab,63,,"1,5"
E,tot,"3,8",free,"2,3",cache,"564,3",buff,"32,7",slab,63,,"1,5"
E,tot,"3,8",free,"2,3",cache,"564,3",buff,"32,7",slab,63,,"1,5"
E,tot,"3,8",free,"2,3",cache,"564,3",buff,"32,7",slab,63,,"1,5"
E,tot,"3,8",free,"2,3",cache,"564,3",buff,"32,7",slab,63,,"1,5"
E,tot,"3,8",free,"2,3",cache,"564,4",buff,"32,7",slab,63,,"1,5"
E,tot,"3,8",free,"2,3",cache,"564,4",buff,"32,7",slab,63,,"1,5"
E,tot,"3,8",free,"2,3",cache,"564,4",buff,"32,7",slab,63,,"1,5"
E,tot,"3,8",free,"2,3",cache,"564,4",buff,"32,7",slab,63,,"1,5"
E,tot,"3,8",free,"2,3",cache,"564,4",buff,"32,7",slab,63,,"1,5"
E,tot,"3,8",free,"2,3",cache,"564,4",buff,"32,7",slab,63,,"1,5"
E,tot,"3,8",free,"2,3",cache,"564,4",buff,"32,7",slab,63,,"1,5"
E,tot,"3,8",free,"2,3",cache,"564,4",buff,"32,7",slab,63,,"1,5"
E,tot,"3,8",free,"2,3",cache,"560,1",buff,"32,7",slab,63,,"1,5"
E,tot,"3,8",free,"2,3",cache,"560,1",buff,"32,7",slab,63,,"1,5"
E,tot,"3,8",free,"2,3",cache,"560,2",buff,"32,7",slab,63,,"1,5"
E,tot,"3,8",free,"2,3",cache,"560,2",buff,"32,7",slab,63,,"1,5"
E,tot,"3,8",free,"2,3",cache,"560,2",buff,"32,7",slab,63,,"1,5"
E,tot,"3,8",free,"2,3",cache,"560,2",buff,"32,7",slab,63,,"1,5"
E,tot,"3,8",free,"2,3",cache,"560,2",buff,"32,7",slab,63,,"1,5"
E,tot,"3,8",free,"2,3",cache,"560,2",buff,"32,8",slab,63,,"1,5"
E,tot,"3,8",free,"2,3",cache,"560,2",buff,"32,8",slab,63,,"1,5"
E,tot,"3,8",free,"2,3",cache,"560,2",buff,"32,8",slab,63,,"1,5"
E,tot,"3,8",free,"2,3",cache,"560,2",buff,"32,8",slab,63,,"1,5"
E,tot,"3,8",free,"2,3",cache,"560,3",buff,"32,8",slab,63,,"1,5"
E,tot,"3,8",free,"2,3",cache,"560,3",buff,"32,8",slab,63,,"1,5"
E,tot,"3,8",free,"2,3",cache,"560,3",buff,"32,8",slab,63,,"1,5"
E,tot,"3,8",free,"2,3",cache,"560,3",buff,"32,8",slab,63,,"1,5"
E,tot,"3,8",free,"2,3",cache,"560,3",buff,"32,8",slab,63,,"1,5"
E,tot,"3,8",free,"2,3",cache,"560,3",buff,"32,8",slab,63,,"1,5"
E,tot,"3,8",free,"2,3",cache,"560,3",buff,"32,8",slab,63,,"1,5"
E,tot,"3,8",free,"2,3",cache,"560,3",buff,"32,8",slab,63,,"1,5"
E,tot,"3,8",free,"2,3",cache,"560,3",buff,"32,8",slab,63,,"1,5"
E,tot,"3,8",free,"2,3",cache,"560,4",buff,"32,8",slab,63,,"1,5"
E,tot,"3,8",free,"2,3",cache,"560,4",buff,"32,8",slab,63,,"1,5"
E,tot,"3,8",free,"2,3",cache,"560,4",buff,"32,8",slab,63,,"1,5"
E,tot,"3,8",free,"2,3",cache,"560,4",buff,"32,8",slab,63,,"1,5"
E,tot,"3,8",free,"2,3",cache,"560,4",buff,"32,8",slab,63,,"1,5"
E,tot,"3,8",free,"2,3",cache,"560,4",buff,"32,8",slab,63,,"1,5"
E,tot,"3,8",free,"2,3",cache,"560,4",buff,"32,8",slab,63,,"1,5"
E,tot,"3,8",free,"2,3",cache,"560,4",buff,"32,8",slab,63,,"1,5"
E,tot,"3,8",free,"2,3",cache,"560,4",buff,"32,8",slab,63,,"1,5"
E,tot,"3,8",free,"2,3",cache,"560,5",buff,"32,8",slab,63,,"1,5"
E,tot,"3,8",free,"2,3",cache,"560,5",buff,"32,8",slab,63,,"1,5"
E,tot,"3,8",free,"2,3",cache,"560,5",buff,"32,8",slab,63,,"1,5"
E,tot,"3,8",free,"2,3",cache,"560,5",buff,"32,8",slab,63,,"1,5"
E,tot,"3,8",free,"2,3",cache,"560,5",buff,"32,8",slab,63,,"1,5"
E,tot,"3,8",free,"2,3",cache,"560,5",buff,"32,8",slab,63,,"1,5"
E,tot,"3,8",free,"2,3",cache,"560,5",buff,"32,8",slab,63,,"1,5"
E,tot,"3,8",free,"2,3",cache,"560,5",buff,"32,8",slab,63,,"1,5"
E,tot,"3,8",free,"2,3",cache,"560,5",buff,"32,8",slab,63,,"1,5"
E,tot,"3,8",free,"2,3",cache,"560,6",buff,"32,8",slab,63,,"1,5"
E,tot,"3,8",free,"2,3",cache,"560,6",buff,"32,8",slab,63,,"1,5"
E,tot,"3,8",free,"2,3",cache,"560,6",buff,"32,8",slab,63,,"1,5"
E,tot,"3,8",free,"2,3",cache,"560,6",buff,"32,8",slab,63,,"1,5"
E,tot,"3,8",free,"2,3",cache,"560,6",buff,"32,8",slab,63,,"1,5"
E,tot,"3,8",free,"2,3",cache,"560,6",buff,"32,8",slab,63,,"1,5"
E,tot,"3,8",free,"2,3",cache,"560,6",buff,"32,8",slab,63,,"1,5"
E,tot,"3,8",free,"2,3",cache,"560,6",buff,"32,8",slab,63,,"1,5"
E,tot,"3,8",free,"2,3",cache,"560,6",buff,"32,8",slab,63,,"1,5"
E,tot,"3,8",free,"2,3",cache,"560,7",buff,"32,8",slab,63,,"1,5"
E,tot,"3,8",free,"2,3",cache,"560,7",buff,"32,8",slab,63,,"1,5"
E,tot,"3,8",free,"2,3",cache,"560,7",buff,"32,8",slab,63,,"1,5"
E,tot,"3,8",free,"2,3",cache,"560,7",buff,"32,8",slab,63,,"1,5"
,,,,,,,,,,,,
,,,,,,,,,,,média,"1,49836065573771"
,,,,,,,,,,,DP,"0,0127506704239686"
