E,tot,"3,8",free,"2,4",cache,"556,1",buff,"32,8",slab,"62,9",,"1,4"
E,tot,"3,8",free,"2,4",cache,"567,1",buff,"32,8",slab,63,,"1,4"
E,tot,"3,8",free,"2,3",cache,"574,2",buff,"32,8",slab,63,,"1,5"
E,tot,"3,8",free,"2,3",cache,"574,2",buff,"32,8",slab,63,,"1,5"
E,tot,"3,8",free,"2,3",cache,"574,2",buff,"32,8",slab,63,,"1,5"
E,tot,"3,8",free,"2,3",cache,"574,2",buff,"32,8",slab,63,,"1,5"
E,tot,"3,8",free,"2,3",cache,574,buff,"32,8",slab,63,,"1,5"
E,tot,"3,8",free,"2,3",cache,"563,8",buff,"32,8",slab,63,,"1,5"
E,tot,"3,8",free,"2,3",cache,"563,8",buff,"32,8",slab,63,,"1,5"
E,tot,"3,8",free,"2,3",cache,"563,8",buff,"32,8",slab,63,,"1,5"
E,tot,"3,8",free,"2,3",cache,"563,8",buff,"32,8",slab,63,,"1,5"
E,tot,"3,8",free,"2,3",cache,"563,8",buff,"32,8",slab,63,,"1,5"
E,tot,"3,8",free,"2,3",cache,"563,8",buff,"32,8",slab,63,,"1,5"
E,tot,"3,8",free,"2,3",cache,"563,8",buff,"32,8",slab,63,,"1,5"
E,tot,"3,8",free,"2,3",cache,"563,8",buff,"32,8",slab,63,,"1,5"
E,tot,"3,8",free,"2,3",cache,"563,9",buff,"32,8",slab,63,,"1,5"
E,tot,"3,8",free,"2,3",cache,"563,9",buff,"32,8",slab,63,,"1,5"
E,tot,"3,8",free,"2,3",cache,"563,9",buff,"32,8",slab,63,,"1,5"
E,tot,"3,8",free,"2,3",cache,"563,9",buff,"32,8",slab,63,,"1,5"
E,tot,"3,8",free,"2,3",cache,"563,9",buff,"32,8",slab,63,,"1,5"
E,tot,"3,8",free,"2,3",cache,"563,9",buff,"32,8",slab,63,,"1,5"
E,tot,"3,8",free,"2,3",cache,"564,1",buff,"32,8",slab,63,,"1,5"
E,tot,"3,8",free,"2,3",cache,"564,1",buff,"32,8",slab,63,,"1,5"
E,tot,"3,8",free,"2,3",cache,"564,1",buff,"32,9",slab,63,,"1,5"
E,tot,"3,8",free,"2,3",cache,"564,1",buff,"32,9",slab,63,,"1,5"
E,tot,"3,8",free,"2,3",cache,"564,1",buff,"32,9",slab,63,,"1,5"
E,tot,"3,8",free,"2,3",cache,"564,1",buff,"32,9",slab,63,,"1,5"
E,tot,"3,8",free,"2,3",cache,"564,1",buff,"32,9",slab,63,,"1,5"
E,tot,"3,8",free,"2,3",cache,"564,1",buff,"32,9",slab,63,,"1,5"
E,tot,"3,8",free,"2,3",cache,"564,1",buff,"32,9",slab,63,,"1,5"
E,tot,"3,8",free,"2,3",cache,"564,2",buff,"32,9",slab,63,,"1,5"
E,tot,"3,8",free,"2,3",cache,"564,2",buff,"32,9",slab,63,,"1,5"
E,tot,"3,8",free,"2,3",cache,"564,2",buff,"32,9",slab,63,,"1,5"
E,tot,"3,8",free,"2,3",cache,"564,2",buff,"32,9",slab,63,,"1,5"
E,tot,"3,8",free,"2,3",cache,"564,2",buff,"32,9",slab,63,,"1,5"
E,tot,"3,8",free,"2,3",cache,"564,2",buff,"32,9",slab,63,,"1,5"
E,tot,"3,8",free,"2,3",cache,"564,2",buff,"32,9",slab,63,,"1,5"
E,tot,"3,8",free,"2,3",cache,"564,2",buff,"32,9",slab,63,,"1,5"
E,tot,"3,8",free,"2,3",cache,"564,2",buff,"32,9",slab,63,,"1,5"
E,tot,"3,8",free,"2,3",cache,"564,2",buff,"32,9",slab,63,,"1,5"
E,tot,"3,8",free,"2,3",cache,"564,3",buff,"32,9",slab,63,,"1,5"
E,tot,"3,8",free,"2,3",cache,"564,3",buff,"32,9",slab,63,,"1,5"
E,tot,"3,8",free,"2,3",cache,"564,3",buff,"32,9",slab,63,,"1,5"
E,tot,"3,8",free,"2,3",cache,"564,3",buff,"32,9",slab,63,,"1,5"
E,tot,"3,8",free,"2,3",cache,"564,3",buff,"32,9",slab,63,,"1,5"
E,tot,"3,8",free,"2,3",cache,"564,3",buff,"32,9",slab,63,,"1,5"
E,tot,"3,8",free,"2,3",cache,"564,3",buff,"32,9",slab,63,,"1,5"
E,tot,"3,8",free,"2,3",cache,"564,3",buff,"32,9",slab,63,,"1,5"
E,tot,"3,8",free,"2,3",cache,"564,4",buff,"32,9",slab,63,,"1,5"
E,tot,"3,8",free,"2,3",cache,"564,4",buff,"32,9",slab,63,,"1,5"
E,tot,"3,8",free,"2,3",cache,"564,4",buff,"32,9",slab,63,,"1,5"
E,tot,"3,8",free,"2,3",cache,"564,4",buff,"32,9",slab,63,,"1,5"
E,tot,"3,8",free,"2,3",cache,"564,4",buff,"32,9",slab,63,,"1,5"
E,tot,"3,8",free,"2,3",cache,"564,4",buff,"32,9",slab,63,,"1,5"
E,tot,"3,8",free,"2,3",cache,"564,4",buff,"32,9",slab,63,,"1,5"
E,tot,"3,8",free,"2,3",cache,"564,4",buff,"32,9",slab,63,,"1,5"
E,tot,"3,8",free,"2,3",cache,"564,4",buff,"32,9",slab,63,,"1,5"
E,tot,"3,8",free,"2,3",cache,"564,5",buff,"32,9",slab,63,,"1,5"
E,tot,"3,8",free,"2,3",cache,"564,5",buff,"32,9",slab,63,,"1,5"
E,tot,"3,8",free,"2,3",cache,"564,5",buff,"32,9",slab,63,,"1,5"
E,tot,"3,8",free,"2,3",cache,"564,5",buff,"32,9",slab,63,,"1,5"
E,tot,"3,8",free,"2,3",cache,"564,5",buff,"32,9",slab,63,,"1,5"
E,tot,"3,8",free,"2,3",cache,"564,5",buff,"32,9",slab,63,,"1,5"
E,tot,"3,8",free,"2,3",cache,"564,5",buff,"32,9",slab,63,,"1,5"
E,tot,"3,8",free,"2,3",cache,"564,5",buff,"32,9",slab,63,,"1,5"
E,tot,"3,8",free,"2,3",cache,"564,5",buff,"32,9",slab,63,,"1,5"
E,tot,"3,8",free,"2,3",cache,"564,6",buff,"32,9",slab,63,,"1,5"
E,tot,"3,8",free,"2,3",cache,"564,6",buff,"32,9",slab,63,,"1,5"
E,tot,"3,8",free,"2,3",cache,"564,6",buff,"32,9",slab,63,,"1,5"
E,tot,"3,8",free,"2,3",cache,"564,6",buff,"32,9",slab,63,,"1,5"
E,tot,"3,8",free,"2,3",cache,"564,6",buff,"32,9",slab,63,,"1,5"
E,tot,"3,8",free,"2,3",cache,"564,6",buff,"32,9",slab,63,,"1,5"
E,tot,"3,8",free,"2,3",cache,"560,3",buff,"32,9",slab,63,,"1,5"
E,tot,"3,8",free,"2,3",cache,"560,3",buff,"32,9",slab,63,,"1,5"
E,tot,"3,8",free,"2,3",cache,"560,3",buff,"32,9",slab,63,,"1,5"
E,tot,"3,8",free,"2,3",cache,"560,3",buff,"32,9",slab,63,,"1,5"
E,tot,"3,8",free,"2,3",cache,"560,3",buff,"32,9",slab,63,,"1,5"
E,tot,"3,8",free,"2,3",cache,"560,5",buff,"32,9",slab,"63,1",,"1,5"
E,tot,"3,8",free,"2,3",cache,"561,9",buff,"33,5",slab,"63,2",,"1,5"
E,tot,"3,8",free,"2,3",cache,"561,9",buff,"33,5",slab,"63,2",,"1,5"
E,tot,"3,8",free,"2,3",cache,562,buff,"33,5",slab,"63,2",,"1,5"
E,tot,"3,8",free,"2,3",cache,562,buff,"33,5",slab,"63,2",,"1,5"
E,tot,"3,8",free,"2,3",cache,562,buff,"33,5",slab,"63,2",,"1,5"
E,tot,"3,8",free,"2,3",cache,562,buff,"33,5",slab,"63,2",,"1,5"
E,tot,"3,8",free,"2,3",cache,562,buff,"33,5",slab,"63,2",,"1,5"
E,tot,"3,8",free,"2,3",cache,562,buff,"33,5",slab,"63,2",,"1,5"
E,tot,"3,8",free,"2,3",cache,562,buff,"33,5",slab,"63,2",,"1,5"
E,tot,"3,8",free,"2,3",cache,562,buff,"33,5",slab,"63,2",,"1,5"
E,tot,"3,8",free,"2,3",cache,562,buff,"33,5",slab,"63,2",,"1,5"
E,tot,"3,8",free,"2,3",cache,"562,1",buff,"33,5",slab,"63,2",,"1,5"
E,tot,"3,8",free,"2,3",cache,"562,1",buff,"33,5",slab,"63,2",,"1,5"
E,tot,"3,8",free,"2,3",cache,"562,1",buff,"33,5",slab,"63,2",,"1,5"
E,tot,"3,8",free,"2,3",cache,"562,1",buff,"33,5",slab,"63,2",,"1,5"
E,tot,"3,8",free,"2,3",cache,"562,1",buff,"33,5",slab,"63,2",,"1,5"
E,tot,"3,8",free,"2,3",cache,"562,1",buff,"33,5",slab,"63,2",,"1,5"
,,,,,,,,,,,,
,,,,,,,,,,,média,"1,49789473684211"
,,,,,,,,,,,DP,"0,0144321403170888"
