MEM | tot     3.8G | free    1.9G | cache 799.7M | buff   59.5M | slab   84.8M |
MEM | numnode    1 | shmem  46.6M | shrss  15.5M | tcpsk   0.0M | udpsk   0.0M |
MEM | tot     3.8G | free    1.9G | cache 801.2M | buff   59.5M | slab   84.8M |
MEM | numnode    1 | shmem  47.0M | shrss  15.5M | tcpsk   0.0M | udpsk   0.0M |
MEM | tot     3.8G | free    1.9G | cache 801.8M | buff   59.5M | slab   84.8M |
MEM | numnode    1 | shmem  47.1M | shrss  15.5M | tcpsk   0.0M | udpsk   0.0M |
MEM | tot     3.8G | free    1.9G | cache 801.8M | buff   59.5M | slab   84.9M |
MEM | numnode    1 | shmem  47.1M | shrss  15.5M | tcpsk   0.0M | udpsk   0.0M |
MEM | tot     3.8G | free    1.9G | cache 801.8M | buff   59.5M | slab   84.9M |
MEM | numnode    1 | shmem  47.1M | shrss  15.5M | tcpsk   0.0M | udpsk   0.0M |
MEM | tot     3.8G | free    1.9G | cache 801.8M | buff   59.5M | slab   84.9M |
MEM | numnode    1 | shmem  47.1M | shrss  15.5M | tcpsk   0.0M | udpsk   0.0M |
MEM | tot     3.8G | free    1.9G | cache 801.1M | buff   59.5M | slab   84.9M |
MEM | numnode    1 | shmem  46.4M | shrss  15.5M | tcpsk   0.0M | udpsk   0.0M |
MEM | tot     3.8G | free    1.9G | cache 799.6M | buff   59.5M | slab   84.9M |
MEM | numnode    1 | shmem  44.9M | shrss  15.5M | tcpsk   0.0M | udpsk   0.0M |
MEM | tot     3.8G | free    1.9G | cache 799.6M | buff   59.5M | slab   84.8M |
MEM | numnode    1 | shmem  44.8M | shrss  15.5M | tcpsk   0.0M | udpsk   0.0M |
MEM | tot     3.8G | free    1.9G | cache 799.6M | buff   59.5M | slab   84.8M |
MEM | numnode    1 | shmem  44.8M | shrss  15.5M | tcpsk   0.0M | udpsk   0.0M |
MEM | tot     3.8G | free    1.9G | cache 799.6M | buff   59.5M | slab   84.8M |
MEM | numnode    1 | shmem  44.8M | shrss  15.5M | tcpsk   0.0M | udpsk   0.0M |
MEM | tot     3.8G | free    1.9G | cache 799.6M | buff   59.5M | slab   84.8M |
MEM | numnode    1 | shmem  44.8M | shrss  15.5M | tcpsk   0.0M | udpsk   0.0M |
MEM | tot     3.8G | free    1.9G | cache 799.6M | buff   59.5M | slab   84.8M |
MEM | numnode    1 | shmem  44.8M | shrss  15.5M | tcpsk   0.0M | udpsk   0.0M |
MEM | tot     3.8G | free    1.9G | cache 799.7M | buff   59.5M | slab   84.8M |
MEM | numnode    1 | shmem  44.8M | shrss  15.5M | tcpsk   0.0M | udpsk   0.0M |
MEM | tot     3.8G | free    1.9G | cache 799.7M | buff   59.5M | slab   84.8M |
MEM | numnode    1 | shmem  44.8M | shrss  15.5M | tcpsk   0.0M | udpsk   0.0M |
MEM | tot     3.8G | free    1.9G | cache 799.7M | buff   59.5M | slab   84.8M |
MEM | numnode    1 | shmem  44.8M | shrss  15.5M | tcpsk   0.0M | udpsk   0.0M |
MEM | tot     3.8G | free    1.9G | cache 799.7M | buff   59.5M | slab   84.8M |
MEM | numnode    1 | shmem  44.8M | shrss  15.5M | tcpsk   0.0M | udpsk   0.0M |
MEM | tot     3.8G | free    1.9G | cache 799.7M | buff   59.5M | slab   84.8M |
MEM | numnode    1 | shmem  44.8M | shrss  15.5M | tcpsk   0.0M | udpsk   0.0M |
MEM | tot     3.8G | free    1.9G | cache 799.7M | buff   59.5M | slab   84.8M |
MEM | numnode    1 | shmem  44.8M | shrss  15.5M | tcpsk   0.0M | udpsk   0.0M |
