MEM | tot     3.8G | free    1.9G | cache 802.3M | buff   59.6M | slab   84.9M |
MEM | numnode    1 | shmem  47.6M | shrss  15.5M | tcpsk   0.0M | udpsk   0.0M |
MEM | tot     3.8G | free    1.9G | cache 802.3M | buff   59.6M | slab   84.9M |
MEM | numnode    1 | shmem  47.6M | shrss  15.5M | tcpsk   0.0M | udpsk   0.0M |
MEM | tot     3.8G | free    1.9G | cache 802.3M | buff   59.6M | slab   84.9M |
MEM | numnode    1 | shmem  47.6M | shrss  15.5M | tcpsk   0.0M | udpsk   0.0M |
MEM | tot     3.8G | free    1.9G | cache 802.3M | buff   59.6M | slab   84.9M |
MEM | numnode    1 | shmem  47.6M | shrss  15.5M | tcpsk   0.0M | udpsk   0.0M |
MEM | tot     3.8G | free    1.9G | cache 802.4M | buff   59.6M | slab   84.9M |
MEM | numnode    1 | shmem  47.6M | shrss  15.5M | tcpsk   0.0M | udpsk   0.0M |
MEM | tot     3.8G | free    1.9G | cache 802.4M | buff   59.6M | slab   84.9M |
MEM | numnode    1 | shmem  47.6M | shrss  15.5M | tcpsk   0.0M | udpsk   0.0M |
MEM | tot     3.8G | free    1.9G | cache 802.4M | buff   59.6M | slab   84.9M |
MEM | numnode    1 | shmem  47.6M | shrss  15.5M | tcpsk   0.0M | udpsk   0.0M |
MEM | tot     3.8G | free    1.9G | cache 799.9M | buff   59.6M | slab   84.9M |
MEM | numnode    1 | shmem  45.1M | shrss  15.5M | tcpsk   0.0M | udpsk   0.0M |
MEM | tot     3.8G | free    1.9G | cache 799.9M | buff   59.6M | slab   84.9M |
MEM | numnode    1 | shmem  45.1M | shrss  15.5M | tcpsk   0.0M | udpsk   0.0M |
MEM | tot     3.8G | free    1.9G | cache 799.9M | buff   59.6M | slab   84.9M |
MEM | numnode    1 | shmem  45.1M | shrss  15.5M | tcpsk   0.0M | udpsk   0.0M |
MEM | tot     3.8G | free    1.9G | cache 799.9M | buff   59.6M | slab   84.9M |
MEM | numnode    1 | shmem  45.1M | shrss  15.5M | tcpsk   0.0M | udpsk   0.0M |
MEM | tot     3.8G | free    1.9G | cache 800.0M | buff   59.6M | slab   84.9M |
MEM | numnode    1 | shmem  45.1M | shrss  15.5M | tcpsk   0.0M | udpsk   0.0M |
MEM | tot     3.8G | free    1.9G | cache 800.0M | buff   59.6M | slab   84.9M |
MEM | numnode    1 | shmem  45.1M | shrss  15.5M | tcpsk   0.0M | udpsk   0.0M |
MEM | tot     3.8G | free    1.9G | cache 800.0M | buff   59.6M | slab   84.9M |
MEM | numnode    1 | shmem  45.1M | shrss  15.5M | tcpsk   0.0M | udpsk   0.0M |
MEM | tot     3.8G | free    1.9G | cache 800.0M | buff   59.6M | slab   84.9M |
MEM | numnode    1 | shmem  45.1M | shrss  15.5M | tcpsk   0.0M | udpsk   0.0M |
MEM | tot     3.8G | free    1.9G | cache 800.0M | buff   59.6M | slab   84.9M |
MEM | numnode    1 | shmem  45.1M | shrss  15.5M | tcpsk   0.0M | udpsk   0.0M |
MEM | tot     3.8G | free    1.9G | cache 800.0M | buff   59.6M | slab   84.9M |
MEM | numnode    1 | shmem  45.1M | shrss  15.5M | tcpsk   0.0M | udpsk   0.0M |
MEM | tot     3.8G | free    1.9G | cache 800.0M | buff   59.6M | slab   84.9M |
MEM | numnode    1 | shmem  45.1M | shrss  15.5M | tcpsk   0.0M | udpsk   0.0M |
MEM | tot     3.8G | free    1.9G | cache 800.0M | buff   59.6M | slab   84.9M |
MEM | numnode    1 | shmem  45.1M | shrss  15.5M | tcpsk   0.0M | udpsk   0.0M |
MEM | tot     3.8G | free    1.9G | cache 800.1M | buff   59.6M | slab   84.9M |
MEM | numnode    1 | shmem  45.1M | shrss  15.5M | tcpsk   0.0M | udpsk   0.0M |
