CPU,sys,10,user,23,irq,0,idle,65,wait,2,,33
CPU,sys,34,user,66,irq,0,idle,0,wait,0,,100
CPU,sys,35,user,65,irq,0,idle,0,wait,0,,100
CPU,sys,37,user,63,irq,0,idle,0,wait,0,,100
CPU,sys,41,user,59,irq,0,idle,0,wait,0,,100
CPU,sys,41,user,59,irq,0,idle,0,wait,0,,100
CPU,sys,43,user,57,irq,0,idle,0,wait,0,,100
CPU,sys,38,user,62,irq,0,idle,0,wait,0,,100
CPU,sys,42,user,58,irq,0,idle,0,wait,0,,100
CPU,sys,38,user,62,irq,0,idle,0,wait,0,,100
CPU,sys,33,user,67,irq,0,idle,0,wait,0,,100
CPU,sys,31,user,69,irq,0,idle,0,wait,0,,100
CPU,sys,24,user,76,irq,0,idle,0,wait,0,,100
,,,,,,,,,,,,
,,,,,,,,,,,média,100
,,,,,,,,,,,DP,0
