CPU,sys,10,user,24,irq,0,idle,64,wait,2,,34
CPU,sys,35,user,64,irq,1,idle,0,wait,0,,99
CPU,sys,39,user,61,irq,0,idle,0,wait,0,,100
CPU,sys,41,user,59,irq,0,idle,0,wait,0,,100
CPU,sys,38,user,62,irq,0,idle,0,wait,0,,100
CPU,sys,42,user,58,irq,0,idle,0,wait,0,,100
CPU,sys,43,user,57,irq,0,idle,0,wait,0,,100
CPU,sys,41,user,59,irq,0,idle,0,wait,0,,100
CPU,sys,39,user,61,irq,0,idle,0,wait,0,,100
CPU,sys,42,user,57,irq,0,idle,0,wait,0,,99
CPU,sys,43,user,57,irq,0,idle,0,wait,0,,100
CPU,sys,44,user,56,irq,0,idle,0,wait,0,,100
CPU,sys,37,user,63,irq,0,idle,0,wait,0,,100
CPU,sys,37,user,63,irq,0,idle,0,wait,0,,100
CPU,sys,40,user,60,irq,0,idle,0,wait,0,,100
CPU,sys,37,user,63,irq,0,idle,0,wait,0,,100
CPU,sys,38,user,62,irq,0,idle,0,wait,0,,100
CPU,sys,34,user,66,irq,0,idle,0,wait,0,,100
CPU,sys,35,user,65,irq,0,idle,0,wait,0,,100
CPU,sys,37,user,63,irq,0,idle,0,wait,0,,100
,,,,,,,,,,,média,"99,8947368421053"
,,,,,,,,,,,DP,"0,315301767642306"
