CPU,sys,9,user,22,irq,0,idle,67,wait,2,,31
CPU,sys,26,user,73,irq,0,idle,0,wait,0,,99
CPU,sys,38,user,62,irq,0,idle,0,wait,0,,100
CPU,sys,40,user,60,irq,0,idle,0,wait,0,,100
CPU,sys,37,user,63,irq,0,idle,0,wait,0,,100
CPU,sys,36,user,64,irq,0,idle,0,wait,0,,100
CPU,sys,43,user,57,irq,0,idle,0,wait,0,,100
CPU,sys,47,user,53,irq,0,idle,0,wait,0,,100
CPU,sys,42,user,58,irq,0,idle,0,wait,0,,100
CPU,sys,40,user,60,irq,0,idle,0,wait,0,,100
CPU,sys,39,user,61,irq,0,idle,0,wait,0,,100
CPU,sys,39,user,61,irq,0,idle,0,wait,0,,100
CPU,sys,43,user,57,irq,0,idle,0,wait,0,,100
CPU,sys,44,user,56,irq,0,idle,0,wait,0,,100
CPU,sys,34,user,66,irq,0,idle,0,wait,0,,100
CPU,sys,40,user,60,irq,0,idle,0,wait,0,,100
CPU,sys,39,user,61,irq,0,idle,0,wait,0,,100
CPU,sys,39,user,61,irq,0,idle,0,wait,0,,100
CPU,sys,45,user,55,irq,0,idle,0,wait,0,,100
,,,,,,,,,,,,
,,,,,,,,,,,média,"99,9444444444444"
,,,,,,,,,,,DP=,"0,235702260395516"
