CPU,sys,10,user,23,irq,0,idle,66,wait,2,,33
CPU,sys,29,user,71,irq,0,idle,0,wait,0,,100
CPU,sys,35,user,65,irq,0,idle,0,wait,0,,100
CPU,sys,43,user,57,irq,0,idle,0,wait,0,,100
CPU,sys,40,user,60,irq,0,idle,0,wait,0,,100
CPU,sys,36,user,64,irq,0,idle,0,wait,0,,100
CPU,sys,44,user,56,irq,0,idle,0,wait,0,,100
CPU,sys,40,user,60,irq,0,idle,0,wait,0,,100
CPU,sys,47,user,53,irq,0,idle,0,wait,0,,100
CPU,sys,34,user,66,irq,0,idle,0,wait,0,,100
,,,,,,,,,,,,
,,,,,,,,,,,média,100
,,,,,,,,,,,DP,0
