MEM | tot     3.8G | free    1.9G | cache 717.4M | buff   56.7M | slab   79.1M |
MEM | tot     3.8G | free    1.9G | cache 717.0M | buff   56.7M | slab   79.1M |
MEM | tot     3.8G | free    1.9G | cache 716.9M | buff   56.7M | slab   79.1M |
MEM | tot     3.8G | free    1.9G | cache 717.5M | buff   56.7M | slab   79.1M |
MEM | tot     3.8G | free    1.9G | cache 717.4M | buff   56.7M | slab   79.2M |
MEM | tot     3.8G | free    1.9G | cache 717.5M | buff   56.7M | slab   79.2M |
MEM | tot     3.8G | free    1.9G | cache 717.5M | buff   56.7M | slab   79.2M |
MEM | tot     3.8G | free    1.9G | cache 717.5M | buff   56.7M | slab   79.2M |
