MEM | tot     3.8G | free    1.9G | cache 715.5M | buff   56.7M | slab   79.0M |
MEM | tot     3.8G | free    1.9G | cache 717.0M | buff   56.7M | slab   79.1M |
MEM | tot     3.8G | free    1.9G | cache 717.0M | buff   56.7M | slab   79.1M |
MEM | tot     3.8G | free    1.9G | cache 717.0M | buff   56.7M | slab   79.1M |
MEM | tot     3.8G | free    1.9G | cache 717.1M | buff   56.7M | slab   79.1M |
MEM | tot     3.8G | free    1.9G | cache 717.1M | buff   56.7M | slab   79.1M |
MEM | tot     3.8G | free    1.9G | cache 717.1M | buff   56.7M | slab   79.2M |
MEM | tot     3.8G | free    1.9G | cache 716.2M | buff   56.7M | slab   79.1M |
MEM | tot     3.8G | free    1.9G | cache 715.7M | buff   56.7M | slab   79.1M |
MEM | tot     3.8G | free    1.9G | cache 713.2M | buff   56.7M | slab   79.1M |
MEM | tot     3.8G | free    1.9G | cache 713.2M | buff   56.7M | slab   79.1M |
