MEM | tot     3.8G | free    1.9G | cache 719.3M | buff   56.6M | slab   78.9M |
MEM | tot     3.8G | free    1.9G | cache 717.3M | buff   56.6M | slab   79.1M |
MEM | tot     3.8G | free    1.9G | cache 717.6M | buff   56.6M | slab   79.2M |
MEM | tot     3.8G | free    1.9G | cache 716.2M | buff   56.6M | slab   79.2M |
MEM | tot     3.8G | free    1.9G | cache 716.3M | buff   56.7M | slab   79.2M |
MEM | tot     3.8G | free    1.9G | cache 716.3M | buff   56.7M | slab   79.1M |
MEM | tot     3.8G | free    1.9G | cache 716.4M | buff   56.7M | slab   79.1M |
MEM | tot     3.8G | free    1.9G | cache 714.9M | buff   56.7M | slab   79.1M |
MEM | tot     3.8G | free    1.9G | cache 714.9M | buff   56.7M | slab   79.1M |
MEM | tot     3.8G | free    1.9G | cache 712.5M | buff   56.7M | slab   79.1M |
MEM | tot     3.8G | free    1.9G | cache 712.6M | buff   56.7M | slab   79.1M |
MEM | tot     3.8G | free    1.9G | cache 712.7M | buff   56.7M | slab   79.1M |
MEM | tot     3.8G | free    1.9G | cache 712.8M | buff   56.7M | slab   79.1M |
MEM | tot     3.8G | free    1.9G | cache 713.0M | buff   56.7M | slab   79.1M |
