MEM | tot     3.8G | free  829.6M | cache   1.6G | buff   77.8M | slab  105.2M |
MEM | numnode    1 | shmem  65.5M | shrss  35.8M | tcpsk   0.0M | udpsk   0.0M |
MEM | tot     3.8G | free  811.4M | cache   1.6G | buff   77.8M | slab  105.2M |
MEM | numnode    1 | shmem  66.9M | shrss  35.8M | tcpsk   0.0M | udpsk   0.0M |
MEM | tot     3.8G | free  811.4M | cache   1.6G | buff   77.8M | slab  105.2M |
MEM | numnode    1 | shmem  67.0M | shrss  35.8M | tcpsk   0.0M | udpsk   0.0M |
MEM | tot     3.8G | free  808.9M | cache   1.6G | buff   77.8M | slab  105.3M |
MEM | numnode    1 | shmem  67.0M | shrss  35.8M | tcpsk   0.0M | udpsk   0.0M |
MEM | tot     3.8G | free  808.4M | cache   1.6G | buff   77.8M | slab  105.2M |
MEM | numnode    1 | shmem  67.0M | shrss  35.8M | tcpsk   0.0M | udpsk   0.0M |
MEM | tot     3.8G | free  806.7M | cache   1.6G | buff   77.8M | slab  105.2M |
MEM | numnode    1 | shmem  67.0M | shrss  35.8M | tcpsk   0.0M | udpsk   0.0M |
MEM | tot     3.8G | free  806.6M | cache   1.6G | buff   77.8M | slab  105.2M |
MEM | numnode    1 | shmem  65.0M | shrss  35.8M | tcpsk   0.0M | udpsk   0.0M |
MEM | tot     3.8G | free  806.7M | cache   1.6G | buff   77.8M | slab  105.2M |
MEM | numnode    1 | shmem  65.0M | shrss  35.8M | tcpsk   0.0M | udpsk   0.0M |
