MEM | tot     3.8G | free  829.6M | cache   1.6G | buff   77.8M | slab  105.2M |
MEM | numnode    1 | shmem  65.9M | shrss  35.8M | tcpsk   0.0M | udpsk   0.0M |
MEM | tot     3.8G | free  809.0M | cache   1.6G | buff   77.8M | slab  105.2M |
MEM | numnode    1 | shmem  67.2M | shrss  35.8M | tcpsk   0.0M | udpsk   0.0M |
MEM | tot     3.8G | free  809.7M | cache   1.6G | buff   77.8M | slab  105.3M |
MEM | numnode    1 | shmem  67.2M | shrss  35.8M | tcpsk   0.0M | udpsk   0.0M |
MEM | tot     3.8G | free  807.7M | cache   1.6G | buff   77.8M | slab  105.3M |
MEM | numnode    1 | shmem  67.2M | shrss  35.8M | tcpsk   0.0M | udpsk   0.0M |
MEM | tot     3.8G | free  807.7M | cache   1.6G | buff   77.8M | slab  105.3M |
MEM | numnode    1 | shmem  67.2M | shrss  35.8M | tcpsk   0.0M | udpsk   0.0M |
MEM | tot     3.8G | free  805.7M | cache   1.6G | buff   77.8M | slab  105.3M |
MEM | numnode    1 | shmem  67.2M | shrss  35.8M | tcpsk   0.0M | udpsk   0.0M |
MEM | tot     3.8G | free  805.7M | cache   1.6G | buff   77.8M | slab  105.2M |
MEM | numnode    1 | shmem  66.3M | shrss  35.8M | tcpsk   0.0M | udpsk   0.0M |
MEM | tot     3.8G | free  807.7M | cache   1.6G | buff   77.8M | slab  105.2M |
MEM | numnode    1 | shmem  64.7M | shrss  35.8M | tcpsk   0.0M | udpsk   0.0M |
MEM | tot     3.8G | free  808.2M | cache   1.6G | buff   77.8M | slab  105.2M |
MEM | numnode    1 | shmem  64.7M | shrss  35.8M | tcpsk   0.0M | udpsk   0.0M |
MEM | tot     3.8G | free  808.2M | cache   1.6G | buff   77.8M | slab  105.2M |
MEM | numnode    1 | shmem  64.7M | shrss  35.8M | tcpsk   0.0M | udpsk   0.0M |
MEM | tot     3.8G | free  808.7M | cache   1.6G | buff   77.8M | slab  105.2M |
MEM | numnode    1 | shmem  64.7M | shrss  35.8M | tcpsk   0.0M | udpsk   0.0M |
