MEM | tot     3.8G | free  826.6M | cache   1.6G | buff   77.7M | slab  105.2M |
MEM | numnode    1 | shmem  65.9M | shrss  35.8M | tcpsk   0.0M | udpsk   0.0M |
MEM | tot     3.8G | free  808.0M | cache   1.6G | buff   77.7M | slab  105.2M |
MEM | numnode    1 | shmem  66.5M | shrss  35.8M | tcpsk   0.0M | udpsk   0.0M |
MEM | tot     3.8G | free  805.2M | cache   1.6G | buff   77.7M | slab  105.2M |
MEM | numnode    1 | shmem  66.5M | shrss  35.8M | tcpsk   0.0M | udpsk   0.0M |
MEM | tot     3.8G | free  810.2M | cache   1.6G | buff   77.7M | slab  105.2M |
MEM | numnode    1 | shmem  66.9M | shrss  35.8M | tcpsk   0.0M | udpsk   0.0M |
MEM | tot     3.8G | free  808.5M | cache   1.6G | buff   77.7M | slab  105.2M |
MEM | numnode    1 | shmem  67.0M | shrss  35.8M | tcpsk   0.0M | udpsk   0.0M |
MEM | tot     3.8G | free  808.5M | cache   1.6G | buff   77.7M | slab  105.2M |
MEM | numnode    1 | shmem  67.0M | shrss  35.8M | tcpsk   0.0M | udpsk   0.0M |
MEM | tot     3.8G | free  806.2M | cache   1.6G | buff   77.8M | slab  105.2M |
MEM | numnode    1 | shmem  67.0M | shrss  35.8M | tcpsk   0.0M | udpsk   0.0M |
