MEM | tot     3.8G | free  828.4M | cache   1.6G | buff   77.7M | slab  105.1M |
MEM | numnode    1 | shmem  65.7M | shrss  35.8M | tcpsk   0.0M | udpsk   0.0M |
MEM | tot     3.8G | free  807.3M | cache   1.6G | buff   77.7M | slab  105.2M |
MEM | numnode    1 | shmem  67.0M | shrss  35.8M | tcpsk   0.0M | udpsk   0.0M |
MEM | tot     3.8G | free  807.8M | cache   1.6G | buff   77.7M | slab  105.2M |
MEM | numnode    1 | shmem  67.0M | shrss  35.8M | tcpsk   0.0M | udpsk   0.0M |
MEM | tot     3.8G | free  806.0M | cache   1.6G | buff   77.7M | slab  105.2M |
MEM | numnode    1 | shmem  67.0M | shrss  35.8M | tcpsk   0.0M | udpsk   0.0M |
MEM | tot     3.8G | free  806.3M | cache   1.6G | buff   77.7M | slab  105.2M |
MEM | numnode    1 | shmem  67.0M | shrss  35.8M | tcpsk   0.0M | udpsk   0.0M |
MEM | tot     3.8G | free  804.3M | cache   1.6G | buff   77.7M | slab  105.2M |
MEM | numnode    1 | shmem  67.0M | shrss  35.8M | tcpsk   0.0M | udpsk   0.0M |
MEM | tot     3.8G | free  805.7M | cache   1.6G | buff   77.7M | slab  105.2M |
MEM | numnode    1 | shmem  65.7M | shrss  35.8M | tcpsk   0.0M | udpsk   0.0M |
MEM | tot     3.8G | free  806.7M | cache   1.6G | buff   77.7M | slab  105.2M |
MEM | numnode    1 | shmem  64.7M | shrss  35.8M | tcpsk   0.0M | udpsk   0.0M |
MEM | tot     3.8G | free  807.2M | cache   1.6G | buff   77.7M | slab  105.2M |
MEM | numnode    1 | shmem  64.7M | shrss  35.8M | tcpsk   0.0M | udpsk   0.0M |
MEM | tot     3.8G | free  807.2M | cache   1.6G | buff   77.7M | slab  105.2M |
MEM | numnode    1 | shmem  64.7M | shrss  35.8M | tcpsk   0.0M | udpsk   0.0M |
MEM | tot     3.8G | free  807.2M | cache   1.6G | buff   77.7M | slab  105.2M |
MEM | numnode    1 | shmem  64.7M | shrss  35.8M | tcpsk   0.0M | udpsk   0.0M |
MEM | tot     3.8G | free  807.7M | cache   1.6G | buff   77.7M | slab  105.2M |
MEM | numnode    1 | shmem  64.7M | shrss  35.8M | tcpsk   0.0M | udpsk   0.0M |
