MEM | tot     3.8G | free  825.4M | cache   1.6G | buff   77.6M | slab  105.1M |
MEM | numnode    1 | shmem  67.7M | shrss  35.8M | tcpsk   0.0M | udpsk   0.0M |
MEM | tot     3.8G | free  810.2M | cache   1.6G | buff   77.6M | slab  105.2M |
MEM | numnode    1 | shmem  67.7M | shrss  35.8M | tcpsk   0.0M | udpsk   0.0M |
MEM | tot     3.8G | free  811.0M | cache   1.6G | buff   77.6M | slab  105.2M |
MEM | numnode    1 | shmem  67.7M | shrss  35.8M | tcpsk   0.0M | udpsk   0.0M |
MEM | tot     3.8G | free  811.2M | cache   1.6G | buff   77.6M | slab  105.2M |
MEM | numnode    1 | shmem  67.7M | shrss  35.8M | tcpsk   0.0M | udpsk   0.0M |
MEM | tot     3.8G | free  812.7M | cache   1.6G | buff   77.6M | slab  105.2M |
MEM | numnode    1 | shmem  66.2M | shrss  35.8M | tcpsk   0.0M | udpsk   0.0M |
MEM | tot     3.8G | free  812.5M | cache   1.6G | buff   77.6M | slab  105.2M |
MEM | numnode    1 | shmem  66.2M | shrss  35.8M | tcpsk   0.0M | udpsk   0.0M |
MEM | tot     3.8G | free  812.4M | cache   1.6G | buff   77.6M | slab  105.2M |
MEM | numnode    1 | shmem  66.2M | shrss  35.8M | tcpsk   0.0M | udpsk   0.0M |
MEM | tot     3.8G | free  813.9M | cache   1.6G | buff   77.6M | slab  105.2M |
MEM | numnode    1 | shmem  64.7M | shrss  35.8M | tcpsk   0.0M | udpsk   0.0M |
MEM | tot     3.8G | free  813.9M | cache   1.6G | buff   77.6M | slab  105.2M |
MEM | numnode    1 | shmem  64.7M | shrss  35.8M | tcpsk   0.0M | udpsk   0.0M |
MEM | tot     3.8G | free  813.9M | cache   1.6G | buff   77.6M | slab  105.2M |
MEM | numnode    1 | shmem  64.7M | shrss  35.8M | tcpsk   0.0M | udpsk   0.0M |
MEM | tot     3.8G | free  814.9M | cache   1.6G | buff   77.6M | slab  105.2M |
MEM | numnode    1 | shmem  64.7M | shrss  35.8M | tcpsk   0.0M | udpsk   0.0M |
MEM | tot     3.8G | free  814.9M | cache   1.6G | buff   77.6M | slab  105.2M |
MEM | numnode    1 | shmem  64.7M | shrss  35.8M | tcpsk   0.0M | udpsk   0.0M |
