MEM | tot     3.8G | free  829.6M | cache   1.6G | buff   77.6M | slab  105.1M |
MEM | numnode    1 | shmem  65.7M | shrss  35.8M | tcpsk   0.0M | udpsk   0.0M |
MEM | tot     3.8G | free  809.0M | cache   1.6G | buff   77.6M | slab  105.2M |
MEM | numnode    1 | shmem  66.2M | shrss  35.8M | tcpsk   0.0M | udpsk   0.0M |
MEM | tot     3.8G | free  802.3M | cache   1.6G | buff   77.6M | slab  105.2M |
MEM | numnode    1 | shmem  66.2M | shrss  35.8M | tcpsk   0.0M | udpsk   0.0M |
MEM | tot     3.8G | free  797.6M | cache   1.6G | buff   77.6M | slab  105.2M |
MEM | numnode    1 | shmem  66.7M | shrss  35.8M | tcpsk   0.0M | udpsk   0.0M |
MEM | tot     3.8G | free  796.1M | cache   1.6G | buff   77.6M | slab  105.2M |
MEM | numnode    1 | shmem  66.7M | shrss  35.8M | tcpsk   0.0M | udpsk   0.0M |
MEM | tot     3.8G | free  796.1M | cache   1.6G | buff   77.6M | slab  105.2M |
MEM | numnode    1 | shmem  66.7M | shrss  35.8M | tcpsk   0.0M | udpsk   0.0M |
MEM | tot     3.8G | free  793.9M | cache   1.6G | buff   77.6M | slab  105.2M |
MEM | numnode    1 | shmem  66.7M | shrss  35.8M | tcpsk   0.0M | udpsk   0.0M |
