MEM | tot     3.8G | free  846.8M | cache   1.6G | buff   76.8M | slab  104.9M |
MEM | numnode    1 | shmem  65.5M | shrss  35.8M | tcpsk   0.0M | udpsk   0.0M |
MEM | tot     3.8G | free  828.9M | cache   1.6G | buff   76.8M | slab  104.9M |
MEM | numnode    1 | shmem  67.0M | shrss  35.8M | tcpsk   0.0M | udpsk   0.0M |
MEM | tot     3.8G | free  829.5M | cache   1.6G | buff   76.8M | slab  104.9M |
MEM | numnode    1 | shmem  67.0M | shrss  35.8M | tcpsk   0.0M | udpsk   0.0M |
MEM | tot     3.8G | free  827.8M | cache   1.6G | buff   76.8M | slab  104.9M |
MEM | numnode    1 | shmem  67.0M | shrss  35.8M | tcpsk   0.0M | udpsk   0.0M |
MEM | tot     3.8G | free  827.5M | cache   1.6G | buff   76.8M | slab  105.0M |
MEM | numnode    1 | shmem  67.0M | shrss  35.8M | tcpsk   0.0M | udpsk   0.0M |
MEM | tot     3.8G | free  825.0M | cache   1.6G | buff   76.8M | slab  105.0M |
MEM | numnode    1 | shmem  67.0M | shrss  35.8M | tcpsk   0.0M | udpsk   0.0M |
MEM | tot     3.8G | free  824.0M | cache   1.6G | buff   76.8M | slab  105.0M |
MEM | numnode    1 | shmem  65.5M | shrss  35.8M | tcpsk   0.0M | udpsk   0.0M |
MEM | tot     3.8G | free  824.5M | cache   1.6G | buff   76.8M | slab  105.0M |
MEM | numnode    1 | shmem  65.0M | shrss  35.8M | tcpsk   0.0M | udpsk   0.0M |
