MEM | tot     3.8G | free  847.6M | cache   1.6G | buff   76.8M | slab  104.9M |
MEM | numnode    1 | shmem  66.0M | shrss  35.8M | tcpsk   0.0M | udpsk   0.0M |
MEM | tot     3.8G | free  827.9M | cache   1.6G | buff   76.8M | slab  105.0M |
MEM | numnode    1 | shmem  66.5M | shrss  35.8M | tcpsk   0.0M | udpsk   0.0M |
MEM | tot     3.8G | free  828.4M | cache   1.6G | buff   76.8M | slab  105.0M |
MEM | numnode    1 | shmem  67.0M | shrss  35.8M | tcpsk   0.0M | udpsk   0.0M |
MEM | tot     3.8G | free  828.7M | cache   1.6G | buff   76.8M | slab  105.0M |
MEM | numnode    1 | shmem  67.0M | shrss  35.8M | tcpsk   0.0M | udpsk   0.0M |
MEM | tot     3.8G | free  827.2M | cache   1.6G | buff   76.8M | slab  105.0M |
MEM | numnode    1 | shmem  67.0M | shrss  35.8M | tcpsk   0.0M | udpsk   0.0M |
MEM | tot     3.8G | free  825.4M | cache   1.6G | buff   76.8M | slab  105.0M |
MEM | numnode    1 | shmem  67.0M | shrss  35.8M | tcpsk   0.0M | udpsk   0.0M |
MEM | tot     3.8G | free  825.1M | cache   1.6G | buff   76.8M | slab  105.0M |
MEM | numnode    1 | shmem  67.0M | shrss  35.8M | tcpsk   0.0M | udpsk   0.0M |
