MEM | tot     3.8G | free  847.5M | cache   1.6G | buff   76.8M | slab  105.0M |
MEM | numnode    1 | shmem  66.0M | shrss  35.8M | tcpsk   0.0M | udpsk   0.0M |
MEM | tot     3.8G | free  825.1M | cache   1.6G | buff   76.8M | slab  105.0M |
MEM | numnode    1 | shmem  67.2M | shrss  35.8M | tcpsk   0.0M | udpsk   0.0M |
MEM | tot     3.8G | free  825.6M | cache   1.6G | buff   76.8M | slab  105.0M |
MEM | numnode    1 | shmem  67.3M | shrss  35.8M | tcpsk   0.0M | udpsk   0.0M |
MEM | tot     3.8G | free  824.6M | cache   1.6G | buff   76.8M | slab  105.0M |
MEM | numnode    1 | shmem  67.3M | shrss  35.8M | tcpsk   0.0M | udpsk   0.0M |
MEM | tot     3.8G | free  826.1M | cache   1.6G | buff   76.8M | slab  105.0M |
MEM | numnode    1 | shmem  67.3M | shrss  35.8M | tcpsk   0.0M | udpsk   0.0M |
MEM | tot     3.8G | free  824.1M | cache   1.6G | buff   76.8M | slab  105.0M |
MEM | numnode    1 | shmem  67.3M | shrss  35.8M | tcpsk   0.0M | udpsk   0.0M |
MEM | tot     3.8G | free  825.1M | cache   1.6G | buff   76.8M | slab  105.0M |
MEM | numnode    1 | shmem  66.3M | shrss  35.8M | tcpsk   0.0M | udpsk   0.0M |
MEM | tot     3.8G | free  826.8M | cache   1.6G | buff   76.8M | slab  105.0M |
MEM | numnode    1 | shmem  64.8M | shrss  35.8M | tcpsk   0.0M | udpsk   0.0M |
MEM | tot     3.8G | free  827.1M | cache   1.6G | buff   76.8M | slab  105.0M |
MEM | numnode    1 | shmem  64.8M | shrss  35.8M | tcpsk   0.0M | udpsk   0.0M |
MEM | tot     3.8G | free  827.1M | cache   1.6G | buff   76.8M | slab  105.0M |
MEM | numnode    1 | shmem  64.8M | shrss  35.8M | tcpsk   0.0M | udpsk   0.0M |
MEM | tot     3.8G | free  827.1M | cache   1.6G | buff   76.8M | slab  105.0M |
MEM | numnode    1 | shmem  64.8M | shrss  35.8M | tcpsk   0.0M | udpsk   0.0M |
MEM | tot     3.8G | free  827.1M | cache   1.6G | buff   76.8M | slab  105.0M |
MEM | numnode    1 | shmem  64.8M | shrss  35.8M | tcpsk   0.0M | udpsk   0.0M |
