MEM | tot     3.8G | free    1.9G | cache 722.3M | buff   61.8M | slab   80.3M |
MEM | tot     3.8G | free    1.9G | cache 720.3M | buff   61.8M | slab   80.4M |
MEM | tot     3.8G | free    1.9G | cache 720.7M | buff   61.8M | slab   80.4M |
MEM | tot     3.8G | free    1.9G | cache 720.7M | buff   61.8M | slab   80.4M |
MEM | tot     3.8G | free    1.9G | cache 719.4M | buff   61.8M | slab   80.4M |
MEM | tot     3.8G | free    1.9G | cache 719.5M | buff   61.8M | slab   80.4M |
MEM | tot     3.8G | free    1.9G | cache 719.6M | buff   61.8M | slab   80.4M |
MEM | tot     3.8G | free    1.9G | cache 718.0M | buff   61.8M | slab   80.4M |
MEM | tot     3.8G | free    1.9G | cache 718.1M | buff   61.8M | slab   80.4M |
MEM | tot     3.8G | free    1.9G | cache 715.7M | buff   61.8M | slab   80.4M |
MEM | tot     3.8G | free    1.9G | cache 715.8M | buff   61.8M | slab   80.4M |
MEM | tot     3.8G | free    1.9G | cache 715.9M | buff   61.8M | slab   80.4M |
MEM | tot     3.8G | free    1.9G | cache 716.0M | buff   61.8M | slab   80.4M |
MEM | tot     3.8G | free    1.9G | cache 716.1M | buff   61.8M | slab   80.4M |
MEM | tot     3.8G | free    1.9G | cache 716.3M | buff   61.8M | slab   80.4M |
MEM | tot     3.8G | free    1.9G | cache 716.4M | buff   61.8M | slab   80.4M |
MEM | tot     3.8G | free    1.9G | cache 716.5M | buff   61.8M | slab   80.4M |
MEM | tot     3.8G | free    1.9G | cache 716.6M | buff   61.8M | slab   80.4M |
MEM | tot     3.8G | free    1.9G | cache 716.8M | buff   61.8M | slab   80.4M |
MEM | tot     3.8G | free    1.9G | cache 716.9M | buff   61.8M | slab   80.4M |
MEM | tot     3.8G | free    1.9G | cache 717.0M | buff   61.8M | slab   80.4M |
MEM | tot     3.8G | free    1.9G | cache 717.1M | buff   61.9M | slab   80.4M |
MEM | tot     3.8G | free    1.9G | cache 717.2M | buff   61.9M | slab   80.4M |
