MEM | tot     3.8G | free    1.9G | cache 717.0M | buff   61.9M | slab   80.3M |
MEM | tot     3.8G | free    1.9G | cache 721.0M | buff   61.9M | slab   80.5M |
MEM | tot     3.8G | free    1.9G | cache 721.0M | buff   61.9M | slab   80.5M |
MEM | tot     3.8G | free    1.9G | cache 721.0M | buff   61.9M | slab   80.5M |
MEM | tot     3.8G | free    1.9G | cache 721.1M | buff   61.9M | slab   80.5M |
MEM | tot     3.8G | free    1.9G | cache 721.1M | buff   61.9M | slab   80.5M |
MEM | tot     3.8G | free    1.9G | cache 721.1M | buff   61.9M | slab   80.5M |
MEM | tot     3.8G | free    1.9G | cache 720.1M | buff   61.9M | slab   80.5M |
MEM | tot     3.8G | free    1.9G | cache 719.7M | buff   61.9M | slab   80.5M |
MEM | tot     3.8G | free    1.9G | cache 717.1M | buff   61.9M | slab   80.5M |
