MEM | tot     3.8G | free    1.9G | cache 717.2M | buff   61.9M | slab   80.4M |
MEM | tot     3.8G | free    1.9G | cache 721.2M | buff   61.9M | slab   80.5M |
MEM | tot     3.8G | free    1.9G | cache 721.2M | buff   61.9M | slab   80.5M |
MEM | tot     3.8G | free    1.9G | cache 721.2M | buff   61.9M | slab   80.5M |
MEM | tot     3.8G | free    1.9G | cache 721.2M | buff   61.9M | slab   80.5M |
MEM | tot     3.8G | free    1.9G | cache 721.2M | buff   61.9M | slab   80.5M |
MEM | tot     3.8G | free    1.9G | cache 721.3M | buff   61.9M | slab   80.5M |
MEM | tot     3.8G | free    1.9G | cache 720.3M | buff   61.9M | slab   80.5M |
MEM | tot     3.8G | free    1.9G | cache 719.8M | buff   61.9M | slab   80.5M |
MEM | tot     3.8G | free    1.9G | cache 717.3M | buff   61.9M | slab   80.5M |
MEM | tot     3.8G | free    1.9G | cache 717.3M | buff   61.9M | slab   80.5M |
MEM | tot     3.8G | free    1.9G | cache 717.3M | buff   61.9M | slab   80.5M |
MEM | tot     3.8G | free    1.9G | cache 717.3M | buff   61.9M | slab   80.5M |
MEM | tot     3.8G | free    1.9G | cache 717.4M | buff   61.9M | slab   80.5M |
MEM | tot     3.8G | free    1.9G | cache 717.4M | buff   61.9M | slab   80.5M |
MEM | tot     3.8G | free    1.9G | cache 717.4M | buff   61.9M | slab   80.5M |
MEM | tot     3.8G | free    1.9G | cache 717.4M | buff   61.9M | slab   80.5M |
MEM | tot     3.8G | free    1.9G | cache 717.4M | buff   61.9M | slab   80.5M |
MEM | tot     3.8G | free    1.9G | cache 717.4M | buff   61.9M | slab   80.5M |
MEM | tot     3.8G | free    1.9G | cache 717.4M | buff   61.9M | slab   80.5M |
MEM | tot     3.8G | free    1.9G | cache 717.4M | buff   61.9M | slab   80.5M |
