MEM | tot     3.8G | free    1.9G | cache 717.1M | buff   61.9M | slab   80.4M |
MEM | tot     3.8G | free    1.9G | cache 721.1M | buff   61.9M | slab   80.5M |
MEM | tot     3.8G | free    1.9G | cache 721.1M | buff   61.9M | slab   80.4M |
MEM | tot     3.8G | free    1.9G | cache 721.1M | buff   61.9M | slab   80.4M |
MEM | tot     3.8G | free    1.9G | cache 721.1M | buff   61.9M | slab   80.4M |
MEM | tot     3.8G | free    1.9G | cache 721.1M | buff   61.9M | slab   80.4M |
MEM | tot     3.8G | free    1.9G | cache 721.1M | buff   61.9M | slab   80.5M |
MEM | tot     3.8G | free    1.9G | cache 720.2M | buff   61.9M | slab   80.5M |
MEM | tot     3.8G | free    1.9G | cache 719.6M | buff   61.9M | slab   80.5M |
MEM | tot     3.8G | free    1.9G | cache 717.2M | buff   61.9M | slab   80.5M |
MEM | tot     3.8G | free    1.9G | cache 717.2M | buff   61.9M | slab   80.5M |
MEM | tot     3.8G | free    1.9G | cache 717.2M | buff   61.9M | slab   80.5M |
MEM | tot     3.8G | free    1.9G | cache 717.3M | buff   61.9M | slab   80.5M |
