CPU,sys,4,user,8,irq,0,idle,87,wait,0,,12
CPU,sys,37,user,63,irq,0,idle,0,wait,0,,100
CPU,sys,34,user,65,irq,1,idle,0,wait,0,,99
CPU,sys,38,user,61,irq,1,idle,0,wait,0,,99
CPU,sys,39,user,58,irq,3,idle,0,wait,0,,97
CPU,sys,41,user,56,irq,3,idle,0,wait,0,,97
CPU,sys,43,user,54,irq,3,idle,0,wait,0,,97
CPU,sys,40,user,56,irq,4,idle,0,wait,0,,96
CPU,sys,33,user,62,irq,5,idle,0,wait,0,,95
CPU,sys,34,user,63,irq,3,idle,0,wait,0,,97
,,,,,,,,,,,,
,,,,,,,,,,,média,"97,4444444444444"
,,,,,,,,,,,DP,"1,58989866902824"
