CPU,sys,4,user,8,irq,0,idle,88,wait,0,,12
CPU,sys,39,user,61,irq,0,idle,0,wait,0,,100
CPU,sys,35,user,63,irq,1,idle,0,wait,0,,98
CPU,sys,34,user,64,irq,2,idle,0,wait,0,,98
CPU,sys,35,user,61,irq,4,idle,0,wait,0,,96
CPU,sys,44,user,54,irq,2,idle,0,wait,0,,98
CPU,sys,37,user,60,irq,3,idle,0,wait,0,,97
CPU,sys,36,user,62,irq,2,idle,0,wait,0,,98
CPU,sys,38,user,57,irq,5,idle,0,wait,0,,95
CPU,sys,39,user,61,irq,0,idle,0,wait,0,,100
CPU,sys,36,user,61,irq,3,idle,0,wait,0,,97
CPU,sys,36,user,61,irq,3,idle,0,wait,0,,97
CPU,sys,33,user,63,irq,4,idle,0,wait,0,,96
CPU,sys,33,user,66,irq,1,idle,0,wait,0,,99
CPU,sys,34,user,61,irq,4,idle,0,wait,0,,95
CPU,sys,36,user,60,irq,4,idle,0,wait,0,,96
CPU,sys,33,user,64,irq,3,idle,0,wait,0,,97
CPU,sys,31,user,67,irq,2,idle,0,wait,0,,98
CPU,sys,31,user,64,irq,4,idle,0,wait,0,,95
CPU,sys,35,user,62,irq,3,idle,0,wait,0,,97
CPU,sys,26,user,71,irq,3,idle,0,wait,0,,97
CPU,sys,30,user,64,irq,6,idle,0,wait,0,,94
CPU,sys,35,user,62,irq,3,idle,0,wait,0,,97
,,,,,,,,,,,,
,,,,,,,,,,,média,"97,0454545454546"
,,,,,,,,,,,DP,"1,55769282158163"
