CPU,sys,4,user,8,irq,0,idle,87,wait,0,,12
CPU,sys,30,user,67,irq,2,idle,0,wait,0,,97
CPU,sys,35,user,62,irq,2,idle,0,wait,0,,97
CPU,sys,34,user,64,irq,2,idle,0,wait,0,,98
CPU,sys,34,user,62,irq,4,idle,0,wait,0,,96
CPU,sys,40,user,58,irq,2,idle,0,wait,0,,98
CPU,sys,52,user,48,irq,0,idle,0,wait,0,,100
CPU,sys,41,user,57,irq,2,idle,0,wait,0,,98
CPU,sys,43,user,55,irq,2,idle,0,wait,0,,98
CPU,sys,31,user,66,irq,3,idle,0,wait,0,,97
CPU,sys,39,user,59,irq,2,idle,0,wait,0,,98
CPU,sys,30,user,68,irq,2,idle,0,wait,0,,98
CPU,sys,30,user,66,irq,4,idle,0,wait,0,,96
,,,,,,,,,,,,
,,,,,,,,,,,média,"97,5833333333333"
,,,,,,,,,,,DP,"1,08362466945083"
