E,tot,"3,8",free,"1,9",cache,"722,3",buff,"61,8",slab,"80,3",,"1,9"
E,tot,"3,8",free,"1,9",cache,"720,3",buff,"61,8",slab,"80,4",,"1,9"
E,tot,"3,8",free,"1,9",cache,"720,7",buff,"61,8",slab,"80,4",,"1,9"
E,tot,"3,8",free,"1,9",cache,"720,7",buff,"61,8",slab,"80,4",,"1,9"
E,tot,"3,8",free,"1,9",cache,"719,4",buff,"61,8",slab,"80,4",,"1,9"
E,tot,"3,8",free,"1,9",cache,"719,5",buff,"61,8",slab,"80,4",,"1,9"
E,tot,"3,8",free,"1,9",cache,"719,6",buff,"61,8",slab,"80,4",,"1,9"
E,tot,"3,8",free,"1,9",cache,718,buff,"61,8",slab,"80,4",,"1,9"
E,tot,"3,8",free,"1,9",cache,"718,1",buff,"61,8",slab,"80,4",,"1,9"
E,tot,"3,8",free,"1,9",cache,"715,7",buff,"61,8",slab,"80,4",,"1,9"
E,tot,"3,8",free,"1,9",cache,"715,8",buff,"61,8",slab,"80,4",,"1,9"
E,tot,"3,8",free,"1,9",cache,"715,9",buff,"61,8",slab,"80,4",,"1,9"
E,tot,"3,8",free,"1,9",cache,716,buff,"61,8",slab,"80,4",,"1,9"
E,tot,"3,8",free,"1,9",cache,"716,1",buff,"61,8",slab,"80,4",,"1,9"
E,tot,"3,8",free,"1,9",cache,"716,3",buff,"61,8",slab,"80,4",,"1,9"
E,tot,"3,8",free,"1,9",cache,"716,4",buff,"61,8",slab,"80,4",,"1,9"
E,tot,"3,8",free,"1,9",cache,"716,5",buff,"61,8",slab,"80,4",,"1,9"
E,tot,"3,8",free,"1,9",cache,"716,6",buff,"61,8",slab,"80,4",,"1,9"
E,tot,"3,8",free,"1,9",cache,"716,8",buff,"61,8",slab,"80,4",,"1,9"
E,tot,"3,8",free,"1,9",cache,"716,9",buff,"61,8",slab,"80,4",,"1,9"
E,tot,"3,8",free,"1,9",cache,717,buff,"61,8",slab,"80,4",,"1,9"
E,tot,"3,8",free,"1,9",cache,"717,1",buff,"61,9",slab,"80,4",,"1,9"
E,tot,"3,8",free,"1,9",cache,"717,2",buff,"61,9",slab,"80,4",,"1,9"
,,,,,,,,,,,,
,,,,,,,,,,,média,"1,9"
,,,,,,,,,,,DP,0
