MEM | tot     3.8G | free  906.0M | cache   1.6G | buff   75.0M | slab  103.5M |
MEM | numnode    1 | shmem  61.8M | shrss  30.1M | tcpsk   0.0M | udpsk   0.0M |
MEM | tot     3.8G | free  897.3M | cache   1.6G | buff   75.0M | slab  103.6M |
MEM | numnode    1 | shmem  61.8M | shrss  30.1M | tcpsk   0.0M | udpsk   0.0M |
MEM | tot     3.8G | free  899.1M | cache   1.6G | buff   75.0M | slab  103.7M |
MEM | numnode    1 | shmem  61.8M | shrss  30.1M | tcpsk   0.0M | udpsk   0.0M |
MEM | tot     3.8G | free  900.8M | cache   1.6G | buff   75.0M | slab  103.7M |
MEM | numnode    1 | shmem  60.4M | shrss  30.1M | tcpsk   0.0M | udpsk   0.0M |
