MEM | tot     3.8G | free  848.7M | cache   1.6G | buff   76.4M | slab  104.8M |
MEM | numnode    1 | shmem  65.9M | shrss  35.8M | tcpsk   0.0M | udpsk   0.0M |
MEM | tot     3.8G | free  835.8M | cache   1.6G | buff   76.4M | slab  104.8M |
MEM | numnode    1 | shmem  66.4M | shrss  35.8M | tcpsk   0.0M | udpsk   0.0M |
MEM | tot     3.8G | free  832.3M | cache   1.6G | buff   76.4M | slab  104.8M |
MEM | numnode    1 | shmem  66.9M | shrss  35.8M | tcpsk   0.0M | udpsk   0.0M |
MEM | tot     3.8G | free  833.0M | cache   1.6G | buff   76.4M | slab  104.9M |
MEM | numnode    1 | shmem  66.9M | shrss  35.8M | tcpsk   0.0M | udpsk   0.0M |
