MEM | tot     3.8G | free  845.9M | cache   1.6G | buff   76.4M | slab  104.9M |
MEM | numnode    1 | shmem  66.9M | shrss  35.8M | tcpsk   0.0M | udpsk   0.0M |
MEM | tot     3.8G | free  834.0M | cache   1.6G | buff   76.4M | slab  104.8M |
MEM | numnode    1 | shmem  66.9M | shrss  35.8M | tcpsk   0.0M | udpsk   0.0M |
MEM | tot     3.8G | free  831.5M | cache   1.6G | buff   76.4M | slab  104.8M |
MEM | numnode    1 | shmem  67.1M | shrss  35.8M | tcpsk   0.0M | udpsk   0.0M |
MEM | tot     3.8G | free  831.5M | cache   1.6G | buff   76.4M | slab  104.9M |
MEM | numnode    1 | shmem  67.2M | shrss  35.8M | tcpsk   0.0M | udpsk   0.0M |
MEM | tot     3.8G | free  829.3M | cache   1.6G | buff   76.4M | slab  104.9M |
MEM | numnode    1 | shmem  67.2M | shrss  35.8M | tcpsk   0.0M | udpsk   0.0M |
