MEM | tot     3.8G | free  842.5M | cache   1.6G | buff   76.3M | slab  104.8M |
MEM | numnode    1 | shmem  69.4M | shrss  35.8M | tcpsk   0.0M | udpsk   0.0M |
MEM | tot     3.8G | free  832.8M | cache   1.6G | buff   76.3M | slab  104.9M |
MEM | numnode    1 | shmem  69.4M | shrss  35.8M | tcpsk   0.0M | udpsk   0.0M |
MEM | tot     3.8G | free  834.5M | cache   1.6G | buff   76.3M | slab  104.9M |
MEM | numnode    1 | shmem  67.9M | shrss  35.8M | tcpsk   0.0M | udpsk   0.0M |
MEM | tot     3.8G | free  835.0M | cache   1.6G | buff   76.3M | slab  104.9M |
MEM | numnode    1 | shmem  67.9M | shrss  35.8M | tcpsk   0.0M | udpsk   0.0M |
MEM | tot     3.8G | free  836.8M | cache   1.6G | buff   76.3M | slab  104.9M |
MEM | numnode    1 | shmem  66.4M | shrss  35.8M | tcpsk   0.0M | udpsk   0.0M |
MEM | tot     3.8G | free  836.2M | cache   1.6G | buff   76.3M | slab  104.9M |
MEM | numnode    1 | shmem  66.4M | shrss  35.8M | tcpsk   0.0M | udpsk   0.0M |
MEM | tot     3.8G | free  836.5M | cache   1.6G | buff   76.3M | slab  104.9M |
MEM | numnode    1 | shmem  66.4M | shrss  35.8M | tcpsk   0.0M | udpsk   0.0M |
