MEM | tot     3.8G | free    1.9G | cache 718.3M | buff   62.6M | slab   80.6M |
MEM | tot     3.8G | free    1.9G | cache 722.3M | buff   62.6M | slab   80.7M |
MEM | tot     3.8G | free    1.9G | cache 722.3M | buff   62.6M | slab   80.7M |
MEM | tot     3.8G | free    1.9G | cache 722.3M | buff   62.6M | slab   80.7M |
MEM | tot     3.8G | free    1.9G | cache 722.3M | buff   62.6M | slab   80.7M |
MEM | tot     3.8G | free    1.9G | cache 722.3M | buff   62.6M | slab   80.7M |
MEM | tot     3.8G | free    1.9G | cache 722.4M | buff   62.6M | slab   80.8M |
MEM | tot     3.8G | free    1.9G | cache 721.4M | buff   62.6M | slab   80.7M |
MEM | tot     3.8G | free    1.9G | cache 720.9M | buff   62.6M | slab   80.7M |
MEM | tot     3.8G | free    1.9G | cache 718.4M | buff   62.6M | slab   80.7M |
MEM | tot     3.8G | free    1.9G | cache 718.4M | buff   62.6M | slab   80.7M |
MEM | tot     3.8G | free    1.9G | cache 718.4M | buff   62.6M | slab   80.7M |
MEM | tot     3.8G | free    1.9G | cache 718.4M | buff   62.6M | slab   80.7M |
MEM | tot     3.8G | free    1.9G | cache 718.5M | buff   62.6M | slab   80.7M |
MEM | tot     3.8G | free    1.9G | cache 718.5M | buff   62.6M | slab   80.7M |
MEM | tot     3.8G | free    1.9G | cache 718.5M | buff   62.7M | slab   80.7M |
MEM | tot     3.8G | free    1.9G | cache 718.5M | buff   62.7M | slab   80.7M |
MEM | tot     3.8G | free    1.9G | cache 718.5M | buff   62.7M | slab   80.7M |
MEM | tot     3.8G | free    1.9G | cache 718.5M | buff   62.7M | slab   80.7M |
MEM | tot     3.8G | free    1.9G | cache 718.5M | buff   62.7M | slab   80.7M |
MEM | tot     3.8G | free    1.9G | cache 718.6M | buff   62.7M | slab   80.7M |
