MEM | tot     3.8G | free    1.9G | cache 719.8M | buff   62.6M | slab   80.5M |
MEM | tot     3.8G | free    1.9G | cache 721.3M | buff   62.6M | slab   80.7M |
MEM | tot     3.8G | free    1.9G | cache 721.6M | buff   62.6M | slab   80.7M |
MEM | tot     3.8G | free    1.9G | cache 720.2M | buff   62.6M | slab   80.7M |
MEM | tot     3.8G | free    1.9G | cache 720.3M | buff   62.6M | slab   80.7M |
MEM | tot     3.8G | free    1.9G | cache 720.4M | buff   62.6M | slab   80.8M |
MEM | tot     3.8G | free    1.9G | cache 722.0M | buff   62.6M | slab   80.7M |
MEM | tot     3.8G | free    1.9G | cache 721.7M | buff   62.6M | slab   80.7M |
MEM | tot     3.8G | free    1.9G | cache 721.8M | buff   62.6M | slab   80.7M |
MEM | tot     3.8G | free    1.9G | cache 721.9M | buff   62.6M | slab   80.7M |
MEM | tot     3.8G | free    1.9G | cache 722.0M | buff   62.6M | slab   80.7M |
MEM | tot     3.8G | free    1.9G | cache 720.6M | buff   62.6M | slab   80.7M |
MEM | tot     3.8G | free    1.9G | cache 716.8M | buff   62.6M | slab   80.7M |
MEM | tot     3.8G | free    1.9G | cache 716.9M | buff   62.6M | slab   80.7M |
MEM | tot     3.8G | free    1.9G | cache 717.0M | buff   62.6M | slab   80.7M |
MEM | tot     3.8G | free    1.9G | cache 717.1M | buff   62.6M | slab   80.7M |
MEM | tot     3.8G | free    1.9G | cache 717.3M | buff   62.6M | slab   80.7M |
MEM | tot     3.8G | free    1.9G | cache 717.4M | buff   62.6M | slab   80.7M |
MEM | tot     3.8G | free    1.9G | cache 717.5M | buff   62.6M | slab   80.7M |
MEM | tot     3.8G | free    1.9G | cache 717.6M | buff   62.6M | slab   80.7M |
MEM | tot     3.8G | free    1.9G | cache 717.8M | buff   62.6M | slab   80.7M |
MEM | tot     3.8G | free    1.9G | cache 717.8M | buff   62.6M | slab   80.7M |
MEM | tot     3.8G | free    1.9G | cache 718.0M | buff   62.6M | slab   80.7M |
MEM | tot     3.8G | free    1.9G | cache 718.1M | buff   62.6M | slab   80.7M |
MEM | tot     3.8G | free    1.9G | cache 718.3M | buff   62.6M | slab   80.7M |
