MEM | tot     3.8G | free    1.9G | cache 718.1M | buff   62.6M | slab   80.7M |
MEM | tot     3.8G | free    1.9G | cache 722.1M | buff   62.6M | slab   80.7M |
MEM | tot     3.8G | free    1.9G | cache 722.6M | buff   62.6M | slab   80.7M |
MEM | tot     3.8G | free    1.9G | cache 722.6M | buff   62.6M | slab   80.7M |
MEM | tot     3.8G | free    1.9G | cache 722.7M | buff   62.6M | slab   80.7M |
MEM | tot     3.8G | free    1.9G | cache 722.7M | buff   62.6M | slab   80.7M |
MEM | tot     3.8G | free    1.9G | cache 722.7M | buff   62.6M | slab   80.8M |
MEM | tot     3.8G | free    1.9G | cache 722.7M | buff   62.6M | slab   80.8M |
MEM | tot     3.8G | free    1.9G | cache 722.7M | buff   62.6M | slab   80.8M |
MEM | tot     3.8G | free    1.9G | cache 721.3M | buff   62.6M | slab   80.8M |
MEM | tot     3.8G | free    1.9G | cache 718.3M | buff   62.6M | slab   80.7M |
