MEM | tot     3.8G | free    1.9G | cache 718.1M | buff   62.6M | slab   80.6M |
MEM | tot     3.8G | free    1.9G | cache 722.1M | buff   62.6M | slab   80.7M |
MEM | tot     3.8G | free    1.9G | cache 722.1M | buff   62.6M | slab   80.7M |
MEM | tot     3.8G | free    1.9G | cache 722.2M | buff   62.6M | slab   80.7M |
MEM | tot     3.8G | free    1.9G | cache 722.2M | buff   62.6M | slab   80.7M |
MEM | tot     3.8G | free    1.9G | cache 722.2M | buff   62.6M | slab   80.7M |
MEM | tot     3.8G | free    1.9G | cache 722.2M | buff   62.6M | slab   80.7M |
MEM | tot     3.8G | free    1.9G | cache 722.2M | buff   62.6M | slab   80.7M |
MEM | tot     3.8G | free    1.9G | cache 721.2M | buff   62.6M | slab   80.7M |
MEM | tot     3.8G | free    1.9G | cache 718.3M | buff   62.6M | slab   80.7M |
MEM | tot     3.8G | free    1.9G | cache 718.3M | buff   62.6M | slab   80.7M |
MEM | tot     3.8G | free    1.9G | cache 718.3M | buff   62.6M | slab   80.7M |
MEM | tot     3.8G | free    1.9G | cache 718.4M | buff   62.6M | slab   80.7M |
