E,tot,"3,8",free,"1,9",cache,"719,8",buff,"62,6",slab,"80,5",,"1,9"
E,tot,"3,8",free,"1,9",cache,"721,3",buff,"62,6",slab,"80,7",,"1,9"
E,tot,"3,8",free,"1,9",cache,"721,6",buff,"62,6",slab,"80,7",,"1,9"
E,tot,"3,8",free,"1,9",cache,"720,2",buff,"62,6",slab,"80,7",,"1,9"
E,tot,"3,8",free,"1,9",cache,"720,3",buff,"62,6",slab,"80,7",,"1,9"
E,tot,"3,8",free,"1,9",cache,"720,4",buff,"62,6",slab,"80,8",,"1,9"
E,tot,"3,8",free,"1,9",cache,722,buff,"62,6",slab,"80,7",,"1,9"
E,tot,"3,8",free,"1,9",cache,"721,7",buff,"62,6",slab,"80,7",,"1,9"
E,tot,"3,8",free,"1,9",cache,"721,8",buff,"62,6",slab,"80,7",,"1,9"
E,tot,"3,8",free,"1,9",cache,"721,9",buff,"62,6",slab,"80,7",,"1,9"
E,tot,"3,8",free,"1,9",cache,722,buff,"62,6",slab,"80,7",,"1,9"
E,tot,"3,8",free,"1,9",cache,"720,6",buff,"62,6",slab,"80,7",,"1,9"
E,tot,"3,8",free,"1,9",cache,"716,8",buff,"62,6",slab,"80,7",,"1,9"
E,tot,"3,8",free,"1,9",cache,"716,9",buff,"62,6",slab,"80,7",,"1,9"
E,tot,"3,8",free,"1,9",cache,717,buff,"62,6",slab,"80,7",,"1,9"
E,tot,"3,8",free,"1,9",cache,"717,1",buff,"62,6",slab,"80,7",,"1,9"
E,tot,"3,8",free,"1,9",cache,"717,3",buff,"62,6",slab,"80,7",,"1,9"
E,tot,"3,8",free,"1,9",cache,"717,4",buff,"62,6",slab,"80,7",,"1,9"
E,tot,"3,8",free,"1,9",cache,"717,5",buff,"62,6",slab,"80,7",,"1,9"
E,tot,"3,8",free,"1,9",cache,"717,6",buff,"62,6",slab,"80,7",,"1,9"
E,tot,"3,8",free,"1,9",cache,"717,8",buff,"62,6",slab,"80,7",,"1,9"
E,tot,"3,8",free,"1,9",cache,"717,8",buff,"62,6",slab,"80,7",,"1,9"
E,tot,"3,8",free,"1,9",cache,718,buff,"62,6",slab,"80,7",,"1,9"
E,tot,"3,8",free,"1,9",cache,"718,1",buff,"62,6",slab,"80,7",,"1,9"
E,tot,"3,8",free,"1,9",cache,"718,3",buff,"62,6",slab,"80,7",,"1,9"
,,,,,,,,,,,,
,,,,,,,,,,,média,"1,9"
,,,,,,,,,,,DP,0
