CPU,sys,4,user,9,irq,0,idle,87,wait,0,,13
CPU,sys,44,user,56,irq,0,idle,0,wait,0,,100
CPU,sys,30,user,70,irq,0,idle,0,wait,0,,100
CPU,sys,34,user,64,irq,0,idle,0,wait,0,,98
CPU,sys,29,user,70,irq,1,idle,0,wait,0,,99
CPU,sys,38,user,58,irq,4,idle,0,wait,0,,96
CPU,sys,46,user,52,irq,2,idle,0,wait,0,,98
CPU,sys,40,user,59,irq,1,idle,0,wait,0,,99
CPU,sys,37,user,59,irq,4,idle,0,wait,0,,96
CPU,sys,39,user,57,irq,4,idle,0,wait,0,,96
CPU,sys,33,user,64,irq,3,idle,0,wait,0,,97
CPU,sys,28,user,66,irq,6,idle,0,wait,0,,94
CPU,sys,30,user,68,irq,2,idle,0,wait,0,,98
,,,,,,,,,,,,
,,,,,,,,,,,média,"97,5833333333333"
,,,,,,,,,,,DP,"1,83195540504146"
