CPU,sys,4,user,8,irq,0,idle,87,wait,0,,12
CPU,sys,32,user,68,irq,0,idle,0,wait,0,,100
CPU,sys,33,user,66,irq,1,idle,0,wait,0,,99
CPU,sys,38,user,62,irq,0,idle,0,wait,0,,100
CPU,sys,32,user,66,irq,1,idle,0,wait,0,,98
CPU,sys,29,user,68,irq,3,idle,0,wait,0,,97
CPU,sys,40,user,58,irq,2,idle,0,wait,0,,98
CPU,sys,42,user,56,irq,2,idle,0,wait,0,,98
CPU,sys,40,user,57,irq,3,idle,0,wait,0,,97
CPU,sys,36,user,63,irq,1,idle,0,wait,0,,99
CPU,sys,38,user,61,irq,1,idle,0,wait,0,,99
,,,,,,,,,,,,
,,,,,,,,,,,média,"98,5"
,,,,,,,,,,,DP,"1,08012344973464"
