MEM | tot     3.8G | free  927.1M | cache   1.5G | buff   70.1M | slab  103.0M |
MEM | numnode    1 | shmem  56.3M | shrss  26.2M | tcpsk   0.0M | udpsk   0.0M |
MEM | tot     3.8G | free  918.9M | cache   1.5G | buff   70.1M | slab  103.1M |
MEM | numnode    1 | shmem  56.3M | shrss  26.2M | tcpsk   0.0M | udpsk   0.0M |
MEM | tot     3.8G | free  917.8M | cache   1.5G | buff   70.1M | slab  103.1M |
MEM | numnode    1 | shmem  56.8M | shrss  26.2M | tcpsk   0.0M | udpsk   0.0M |
MEM | tot     3.8G | free  918.6M | cache   1.5G | buff   70.1M | slab  103.1M |
MEM | numnode    1 | shmem  56.8M | shrss  26.2M | tcpsk   0.0M | udpsk   0.0M |
MEM | tot     3.8G | free  919.9M | cache   1.5G | buff   70.1M | slab  103.0M |
MEM | numnode    1 | shmem  56.8M | shrss  26.2M | tcpsk   0.0M | udpsk   0.0M |
