MEM | tot     3.8G | free  922.0M | cache   1.6G | buff   70.1M | slab  103.1M |
MEM | numnode    1 | shmem  62.4M | shrss  26.4M | tcpsk   0.0M | udpsk   0.0M |
MEM | tot     3.8G | free  918.3M | cache   1.5G | buff   70.1M | slab  103.0M |
MEM | numnode    1 | shmem  56.9M | shrss  26.4M | tcpsk   0.0M | udpsk   0.0M |
MEM | tot     3.8G | free  916.0M | cache   1.5G | buff   70.1M | slab  103.1M |
MEM | numnode    1 | shmem  56.6M | shrss  26.3M | tcpsk   0.0M | udpsk   0.0M |
MEM | tot     3.8G | free  915.8M | cache   1.5G | buff   70.1M | slab  103.1M |
MEM | numnode    1 | shmem  56.6M | shrss  26.3M | tcpsk   0.0M | udpsk   0.0M |
