MEM | tot     3.8G | free    1.9G | cache 724.5M | buff   62.1M | slab   80.3M |
MEM | tot     3.8G | free    1.9G | cache 724.5M | buff   62.1M | slab   80.5M |
MEM | tot     3.8G | free    1.9G | cache 724.6M | buff   62.1M | slab   80.5M |
MEM | tot     3.8G | free    1.9G | cache 719.4M | buff   62.1M | slab   80.5M |
MEM | tot     3.8G | free    1.9G | cache 719.6M | buff   62.1M | slab   80.5M |
MEM | tot     3.8G | free    1.9G | cache 719.7M | buff   62.1M | slab   80.5M |
MEM | tot     3.8G | free    1.9G | cache 719.8M | buff   62.1M | slab   80.5M |
MEM | tot     3.8G | free    1.9G | cache 718.2M | buff   62.1M | slab   80.5M |
MEM | tot     3.8G | free    1.9G | cache 715.9M | buff   62.1M | slab   80.5M |
MEM | tot     3.8G | free    1.9G | cache 715.9M | buff   62.1M | slab   80.5M |
MEM | tot     3.8G | free    1.9G | cache 716.1M | buff   62.1M | slab   80.5M |
MEM | tot     3.8G | free    1.9G | cache 716.2M | buff   62.1M | slab   80.5M |
MEM | tot     3.8G | free    1.9G | cache 716.4M | buff   62.1M | slab   80.5M |
MEM | tot     3.8G | free    1.9G | cache 716.6M | buff   62.1M | slab   80.5M |
MEM | tot     3.8G | free    1.9G | cache 716.7M | buff   62.1M | slab   80.5M |
MEM | tot     3.8G | free    1.9G | cache 716.8M | buff   62.1M | slab   80.5M |
MEM | tot     3.8G | free    1.9G | cache 716.9M | buff   62.1M | slab   80.5M |
MEM | tot     3.8G | free    1.9G | cache 717.0M | buff   62.1M | slab   80.5M |
MEM | tot     3.8G | free    1.9G | cache 717.2M | buff   62.1M | slab   80.5M |
MEM | tot     3.8G | free    1.9G | cache 717.3M | buff   62.1M | slab   80.5M |
MEM | tot     3.8G | free    1.9G | cache 717.4M | buff   62.1M | slab   80.5M |
MEM | tot     3.8G | free    1.9G | cache 717.5M | buff   62.1M | slab   80.5M |
