MEM | tot     3.8G | free    1.9G | cache 717.5M | buff   62.1M | slab   80.5M |
MEM | tot     3.8G | free    1.9G | cache 721.5M | buff   62.1M | slab   80.5M |
MEM | tot     3.8G | free    1.9G | cache 721.5M | buff   62.1M | slab   80.5M |
MEM | tot     3.8G | free    1.9G | cache 721.5M | buff   62.1M | slab   80.5M |
MEM | tot     3.8G | free    1.9G | cache 721.5M | buff   62.1M | slab   80.5M |
MEM | tot     3.8G | free    1.9G | cache 721.6M | buff   62.1M | slab   80.5M |
MEM | tot     3.8G | free    1.9G | cache 721.6M | buff   62.1M | slab   80.5M |
MEM | tot     3.8G | free    1.9G | cache 720.6M | buff   62.1M | slab   80.6M |
MEM | tot     3.8G | free    1.9G | cache 720.6M | buff   62.1M | slab   80.6M |
MEM | tot     3.8G | free    1.9G | cache 717.6M | buff   62.1M | slab   80.6M |
MEM | tot     3.8G | free    1.9G | cache 717.6M | buff   62.1M | slab   80.6M |
MEM | tot     3.8G | free    1.9G | cache 717.6M | buff   62.1M | slab   80.6M |
MEM | tot     3.8G | free    1.9G | cache 717.7M | buff   62.1M | slab   80.6M |
MEM | tot     3.8G | free    1.9G | cache 717.7M | buff   62.1M | slab   80.6M |
MEM | tot     3.8G | free    1.9G | cache 717.7M | buff   62.1M | slab   80.6M |
MEM | tot     3.8G | free    1.9G | cache 717.8M | buff   62.1M | slab   80.6M |
MEM | tot     3.8G | free    1.9G | cache 717.9M | buff   62.1M | slab   80.6M |
MEM | tot     3.8G | free    1.9G | cache 717.9M | buff   62.1M | slab   80.6M |
MEM | tot     3.8G | free    1.9G | cache 717.9M | buff   62.1M | slab   80.6M |
MEM | tot     3.8G | free    1.9G | cache 717.9M | buff   62.1M | slab   80.6M |
MEM | tot     3.8G | free    1.9G | cache 718.0M | buff   62.2M | slab   80.6M |
