MEM | tot     3.8G | free    1.9G | cache 719.6M | buff   62.1M | slab   80.4M |
MEM | tot     3.8G | free    1.9G | cache 721.3M | buff   62.1M | slab   80.5M |
MEM | tot     3.8G | free    1.9G | cache 721.9M | buff   62.1M | slab   80.5M |
MEM | tot     3.8G | free    1.9G | cache 721.9M | buff   62.1M | slab   80.5M |
MEM | tot     3.8G | free    1.9G | cache 721.9M | buff   62.1M | slab   80.5M |
MEM | tot     3.8G | free    1.9G | cache 721.9M | buff   62.1M | slab   80.5M |
MEM | tot     3.8G | free    1.9G | cache 721.9M | buff   62.1M | slab   80.5M |
MEM | tot     3.8G | free    1.9G | cache 721.9M | buff   62.1M | slab   80.5M |
MEM | tot     3.8G | free    1.9G | cache 719.9M | buff   62.1M | slab   80.5M |
MEM | tot     3.8G | free    1.9G | cache 717.5M | buff   62.1M | slab   80.5M |
MEM | tot     3.8G | free    1.9G | cache 717.5M | buff   62.1M | slab   80.5M |
MEM | tot     3.8G | free    1.9G | cache 717.5M | buff   62.1M | slab   80.5M |
MEM | tot     3.8G | free    1.9G | cache 717.6M | buff   62.1M | slab   80.5M |
