CPU,sys,4,user,8,irq,0,idle,87,wait,0,,12
CPU,sys,31,user,69,irq,0,idle,0,wait,0,,100
CPU,sys,32,user,68,irq,0,idle,0,wait,0,,100
CPU,sys,32,user,67,irq,1,idle,0,wait,0,,99
CPU,sys,34,user,61,irq,5,idle,0,wait,0,,95
CPU,sys,41,user,55,irq,4,idle,0,wait,0,,96
CPU,sys,47,user,52,irq,1,idle,0,wait,0,,99
CPU,sys,34,user,64,irq,2,idle,0,wait,0,,98
CPU,sys,32,user,65,irq,3,idle,0,wait,0,,97
CPU,sys,30,user,67,irq,3,idle,0,wait,0,,97
CPU,sys,36,user,61,irq,3,idle,0,wait,0,,97
CPU,sys,31,user,65,irq,4,idle,0,wait,0,,96
CPU,sys,30,user,68,irq,2,idle,0,wait,0,,98
CPU,sys,33,user,64,irq,3,idle,0,wait,0,,97
CPU,sys,32,user,64,irq,4,idle,0,wait,0,,96
CPU,sys,30,user,66,irq,4,idle,0,wait,0,,96
CPU,sys,31,user,66,irq,3,idle,0,wait,0,,97
CPU,sys,35,user,63,irq,2,idle,0,wait,0,,98
CPU,sys,29,user,69,irq,2,idle,0,wait,0,,98
CPU,sys,30,user,68,irq,2,idle,0,wait,0,,98
CPU,sys,34,user,63,irq,3,idle,0,wait,0,,97
CPU,sys,33,user,64,irq,3,idle,0,wait,0,,97
,,,,,,,,,,,,
,,,,,,,,,,,média,"97,4285714285714"
,,,,,,,,,,,DP,"1,32557265253281"
