CPU,sys,4,user,8,irq,0,idle,87,wait,0,,12
CPU,sys,36,user,64,irq,0,idle,0,wait,0,,100
CPU,sys,34,user,65,irq,1,idle,0,wait,0,,99
CPU,sys,36,user,63,irq,1,idle,0,wait,0,,99
CPU,sys,36,user,61,irq,3,idle,0,wait,0,,97
CPU,sys,31,user,64,irq,5,idle,0,wait,0,,95
CPU,sys,42,user,56,irq,2,idle,0,wait,0,,98
CPU,sys,36,user,61,irq,3,idle,0,wait,0,,97
CPU,sys,41,user,56,irq,3,idle,0,wait,0,,97
CPU,sys,38,user,59,irq,3,idle,0,wait,0,,97
CPU,sys,38,user,59,irq,3,idle,0,wait,0,,97
CPU,sys,33,user,65,irq,2,idle,0,wait,0,,98
CPU,sys,30,user,67,irq,3,idle,0,wait,0,,97
,,,,,,,,,,,,
,,,,,,,,,,,média,"97,5833333333333"
,,,,,,,,,,,DP,"1,31137217055151"
