CPU,sys,4,user,8,irq,0,idle,87,wait,0,,12
CPU,sys,38,user,62,irq,0,idle,0,wait,0,,100
CPU,sys,32,user,67,irq,1,idle,0,wait,0,,99
CPU,sys,28,user,71,irq,1,idle,0,wait,0,,99
CPU,sys,30,user,67,irq,3,idle,0,wait,0,,97
CPU,sys,35,user,61,irq,4,idle,0,wait,0,,96
CPU,sys,42,user,55,irq,3,idle,0,wait,0,,97
CPU,sys,42,user,54,irq,4,idle,0,wait,0,,96
CPU,sys,32,user,64,irq,4,idle,0,wait,0,,96
CPU,sys,37,user,62,irq,1,idle,0,wait,0,,99
CPU,sys,37,user,60,irq,3,idle,0,wait,0,,97
CPU,sys,27,user,71,irq,2,idle,0,wait,0,,98
CPU,sys,28,user,69,irq,3,idle,0,wait,0,,97
CPU,sys,33,user,66,irq,1,idle,0,wait,0,,99
CPU,sys,32,user,64,irq,4,idle,0,wait,0,,96
CPU,sys,32,user,67,irq,1,idle,0,wait,0,,99
CPU,sys,39,user,60,irq,1,idle,0,wait,0,,99
CPU,sys,32,user,66,irq,2,idle,0,wait,0,,98
CPU,sys,34,user,64,irq,2,idle,0,wait,0,,98
CPU,sys,35,user,60,irq,5,idle,0,wait,0,,95
CPU,sys,39,user,59,irq,2,idle,0,wait,0,,98
,,,,,,,,,,,,
,,,,,,,,,,,média,"97,65"
,,,,,,,,,,,DP,"1,38696943388321"
