CPU,sys,4,user,8,irq,0,idle,87,wait,0,,12
CPU,sys,36,user,64,irq,0,idle,0,wait,0,,100
CPU,sys,41,user,58,irq,1,idle,0,wait,0,,99
CPU,sys,38,user,60,irq,2,idle,0,wait,0,,98
CPU,sys,38,user,61,irq,1,idle,0,wait,0,,99
CPU,sys,31,user,65,irq,4,idle,0,wait,0,,96
CPU,sys,42,user,56,irq,2,idle,0,wait,0,,98
CPU,sys,40,user,57,irq,3,idle,0,wait,0,,97
CPU,sys,40,user,58,irq,2,idle,0,wait,0,,98
CPU,sys,35,user,61,irq,3,idle,0,wait,0,,96
,,,,,,,,,,,,
,,,,,,,,,,,média,"97,8888888888889"
,,,,,,,,,,,DP,"1,36422546197874"
