MEM | tot     3.8G | free    1.9G | cache 718.4M | buff   63.7M | slab   80.9M |
MEM | tot     3.8G | free    1.9G | cache 722.4M | buff   63.7M | slab   81.1M |
MEM | tot     3.8G | free    1.9G | cache 722.9M | buff   63.7M | slab   81.0M |
MEM | tot     3.8G | free    1.9G | cache 722.9M | buff   63.7M | slab   81.0M |
MEM | tot     3.8G | free    1.9G | cache 722.9M | buff   63.7M | slab   81.0M |
MEM | tot     3.8G | free    1.9G | cache 722.9M | buff   63.7M | slab   81.0M |
MEM | tot     3.8G | free    1.9G | cache 722.9M | buff   63.7M | slab   81.1M |
MEM | tot     3.8G | free    1.9G | cache 722.9M | buff   63.7M | slab   81.1M |
MEM | tot     3.8G | free    1.9G | cache 720.9M | buff   63.7M | slab   81.1M |
MEM | tot     3.8G | free    1.9G | cache 718.5M | buff   63.7M | slab   81.1M |
