MEM | tot     3.8G | free    1.9G | cache 718.6M | buff   63.8M | slab   81.0M |
MEM | tot     3.8G | free    1.9G | cache 722.6M | buff   63.8M | slab   81.1M |
MEM | tot     3.8G | free    1.9G | cache 722.6M | buff   63.8M | slab   81.1M |
MEM | tot     3.8G | free    1.9G | cache 722.6M | buff   63.8M | slab   81.1M |
MEM | tot     3.8G | free    1.9G | cache 722.6M | buff   63.8M | slab   81.1M |
MEM | tot     3.8G | free    1.9G | cache 722.7M | buff   63.8M | slab   81.2M |
MEM | tot     3.8G | free    1.9G | cache 722.7M | buff   63.8M | slab   81.2M |
MEM | tot     3.8G | free    1.9G | cache 721.7M | buff   63.8M | slab   81.2M |
MEM | tot     3.8G | free    1.9G | cache 721.3M | buff   63.8M | slab   81.2M |
MEM | tot     3.8G | free    1.9G | cache 718.8M | buff   63.8M | slab   81.2M |
MEM | tot     3.8G | free    1.9G | cache 718.8M | buff   63.8M | slab   81.2M |
MEM | tot     3.8G | free    1.9G | cache 718.8M | buff   63.8M | slab   81.2M |
MEM | tot     3.8G | free    1.9G | cache 718.8M | buff   63.8M | slab   81.2M |
MEM | tot     3.8G | free    1.9G | cache 718.8M | buff   63.8M | slab   81.2M |
MEM | tot     3.8G | free    1.9G | cache 718.8M | buff   63.8M | slab   81.2M |
MEM | tot     3.8G | free    1.9G | cache 718.8M | buff   63.8M | slab   81.2M |
MEM | tot     3.8G | free    1.9G | cache 718.8M | buff   63.8M | slab   81.2M |
MEM | tot     3.8G | free    1.9G | cache 718.9M | buff   63.8M | slab   81.2M |
MEM | tot     3.8G | free    1.9G | cache 718.9M | buff   63.8M | slab   81.2M |
MEM | tot     3.8G | free    1.9G | cache 718.9M | buff   63.8M | slab   81.2M |
MEM | tot     3.8G | free    1.9G | cache 718.9M | buff   63.8M | slab   81.2M |
MEM | tot     3.8G | free    1.9G | cache 718.9M | buff   63.8M | slab   81.2M |
