MEM | tot     3.8G | free    1.9G | cache 723.6M | buff   63.7M | slab   80.9M |
MEM | tot     3.8G | free    1.9G | cache 721.6M | buff   63.7M | slab   81.1M |
MEM | tot     3.8G | free    1.9G | cache 721.9M | buff   63.7M | slab   81.1M |
MEM | tot     3.8G | free    1.9G | cache 720.5M | buff   63.7M | slab   81.1M |
MEM | tot     3.8G | free    1.9G | cache 720.6M | buff   63.7M | slab   81.1M |
MEM | tot     3.8G | free    1.9G | cache 720.8M | buff   63.7M | slab   81.1M |
MEM | tot     3.8G | free    1.9G | cache 720.8M | buff   63.7M | slab   81.1M |
MEM | tot     3.8G | free    1.9G | cache 720.8M | buff   63.7M | slab   81.1M |
MEM | tot     3.8G | free    1.9G | cache 719.4M | buff   63.7M | slab   81.1M |
MEM | tot     3.8G | free    1.9G | cache 717.5M | buff   63.7M | slab   81.1M |
MEM | tot     3.8G | free    1.9G | cache 717.7M | buff   63.7M | slab   81.1M |
MEM | tot     3.8G | free    1.9G | cache 717.8M | buff   63.7M | slab   81.1M |
MEM | tot     3.8G | free    1.9G | cache 717.3M | buff   63.7M | slab   81.1M |
MEM | tot     3.8G | free    1.9G | cache 717.4M | buff   63.7M | slab   81.0M |
MEM | tot     3.8G | free    1.9G | cache 717.6M | buff   63.7M | slab   81.0M |
MEM | tot     3.8G | free    1.9G | cache 717.7M | buff   63.7M | slab   81.0M |
MEM | tot     3.8G | free    1.9G | cache 717.8M | buff   63.7M | slab   81.0M |
MEM | tot     3.8G | free    1.9G | cache 717.9M | buff   63.7M | slab   81.0M |
MEM | tot     3.8G | free    1.9G | cache 718.0M | buff   63.7M | slab   81.0M |
MEM | tot     3.8G | free    1.9G | cache 718.1M | buff   63.7M | slab   81.0M |
MEM | tot     3.8G | free    1.9G | cache 718.2M | buff   63.7M | slab   81.0M |
MEM | tot     3.8G | free    1.9G | cache 718.4M | buff   63.7M | slab   81.0M |
MEM | tot     3.8G | free    1.9G | cache 718.5M | buff   63.7M | slab   81.0M |
