CPU,sys,4,user,9,irq,0,idle,87,wait,0,,13
CPU,sys,36,user,64,irq,0,idle,0,wait,0,,100
CPU,sys,36,user,63,irq,1,idle,0,wait,0,,99
CPU,sys,36,user,62,irq,2,idle,0,wait,0,,98
CPU,sys,45,user,53,irq,2,idle,0,wait,0,,98
CPU,sys,39,user,60,irq,1,idle,0,wait,0,,99
CPU,sys,48,user,51,irq,1,idle,0,wait,0,,99
CPU,sys,39,user,56,irq,4,idle,0,wait,0,,95
CPU,sys,41,user,56,irq,3,idle,0,wait,0,,97
CPU,sys,37,user,58,irq,5,idle,0,wait,0,,95
CPU,sys,37,user,61,irq,2,idle,0,wait,0,,98
CPU,sys,36,user,61,irq,3,idle,0,wait,0,,97
CPU,sys,25,user,73,irq,2,idle,0,wait,0,,98
CPU,sys,30,user,67,irq,3,idle,0,wait,0,,97
CPU,sys,32,user,67,irq,1,idle,0,wait,0,,99
CPU,sys,34,user,63,irq,3,idle,0,wait,0,,97
CPU,sys,28,user,70,irq,2,idle,0,wait,0,,98
CPU,sys,36,user,61,irq,3,idle,0,wait,0,,97
CPU,sys,34,user,63,irq,3,idle,0,wait,0,,97
CPU,sys,35,user,63,irq,2,idle,0,wait,0,,98
CPU,sys,33,user,64,irq,3,idle,0,wait,0,,97
CPU,sys,43,user,54,irq,3,idle,0,wait,0,,97
,,,,,,,,,,,,
,,,,,,,,,,,média,"97,6190476190476"
,,,,,,,,,,,DP,"1,2440333788203"
