CPU,sys,4,user,9,irq,0,idle,87,wait,0,,13
CPU,sys,31,user,69,irq,0,idle,0,wait,0,,100
CPU,sys,31,user,67,irq,2,idle,0,wait,0,,98
CPU,sys,36,user,64,irq,0,idle,0,wait,0,,100
CPU,sys,35,user,64,irq,1,idle,0,wait,0,,99
CPU,sys,38,user,58,irq,4,idle,0,wait,0,,96
CPU,sys,41,user,57,irq,2,idle,0,wait,0,,98
CPU,sys,34,user,58,irq,7,idle,0,wait,0,,92
CPU,sys,38,user,59,irq,3,idle,0,wait,0,,97
CPU,sys,40,user,54,irq,6,idle,0,wait,0,,94
,,,,,,,,,,,,
,,,,,,,,,,,média,"97,1111111111111"
,,,,,,,,,,,DP,"2,71313676601662"
