CPU,sys,4,user,9,irq,0,idle,87,wait,0,,13
CPU,sys,40,user,60,irq,0,idle,0,wait,0,,100
CPU,sys,37,user,63,irq,0,idle,0,wait,0,,100
CPU,sys,36,user,62,irq,1,idle,0,wait,0,,98
CPU,sys,40,user,56,irq,3,idle,0,wait,0,,96
CPU,sys,35,user,58,irq,5,idle,0,wait,0,,93
CPU,sys,39,user,58,irq,2,idle,0,wait,0,,97
CPU,sys,36,user,59,irq,4,idle,0,wait,0,,95
CPU,sys,35,user,59,irq,5,idle,0,wait,0,,94
CPU,sys,34,user,61,irq,5,idle,0,wait,0,,95
CPU,sys,30,user,63,irq,7,idle,0,wait,0,,93
CPU,sys,33,user,67,irq,0,idle,0,wait,0,,100
CPU,sys,30,user,66,irq,4,idle,0,wait,0,,96
,,,,,,,,,,,,
,,,,,,,,,,,média,"96,4166666666667"
,,,,,,,,,,,DP,"2,60971378902095"
