E,tot,"3,8",free,"1,9",cache,"723,6",buff,"63,7",slab,"80,9",,"1,9"
E,tot,"3,8",free,"1,9",cache,"721,6",buff,"63,7",slab,"81,1",,"1,9"
E,tot,"3,8",free,"1,9",cache,"721,9",buff,"63,7",slab,"81,1",,"1,9"
E,tot,"3,8",free,"1,9",cache,"720,5",buff,"63,7",slab,"81,1",,"1,9"
E,tot,"3,8",free,"1,9",cache,"720,6",buff,"63,7",slab,"81,1",,"1,9"
E,tot,"3,8",free,"1,9",cache,"720,8",buff,"63,7",slab,"81,1",,"1,9"
E,tot,"3,8",free,"1,9",cache,"720,8",buff,"63,7",slab,"81,1",,"1,9"
E,tot,"3,8",free,"1,9",cache,"720,8",buff,"63,7",slab,"81,1",,"1,9"
E,tot,"3,8",free,"1,9",cache,"719,4",buff,"63,7",slab,"81,1",,"1,9"
E,tot,"3,8",free,"1,9",cache,"717,5",buff,"63,7",slab,"81,1",,"1,9"
E,tot,"3,8",free,"1,9",cache,"717,7",buff,"63,7",slab,"81,1",,"1,9"
E,tot,"3,8",free,"1,9",cache,"717,8",buff,"63,7",slab,"81,1",,"1,9"
E,tot,"3,8",free,"1,9",cache,"717,3",buff,"63,7",slab,"81,1",,"1,9"
E,tot,"3,8",free,"1,9",cache,"717,4",buff,"63,7",slab,81,,"1,9"
E,tot,"3,8",free,"1,9",cache,"717,6",buff,"63,7",slab,81,,"1,9"
E,tot,"3,8",free,"1,9",cache,"717,7",buff,"63,7",slab,81,,"1,9"
E,tot,"3,8",free,"1,9",cache,"717,8",buff,"63,7",slab,81,,"1,9"
E,tot,"3,8",free,"1,9",cache,"717,9",buff,"63,7",slab,81,,"1,9"
E,tot,"3,8",free,"1,9",cache,718,buff,"63,7",slab,81,,"1,9"
E,tot,"3,8",free,"1,9",cache,"718,1",buff,"63,7",slab,81,,"1,9"
E,tot,"3,8",free,"1,9",cache,"718,2",buff,"63,7",slab,81,,"1,9"
E,tot,"3,8",free,"1,9",cache,"718,4",buff,"63,7",slab,81,,"1,9"
E,tot,"3,8",free,"1,9",cache,"718,5",buff,"63,7",slab,81,,"1,9"
,,,,,,,,,,,,
,,,,,,,,,,,média,"1,9"
,,,,,,,,,,,DP,0
