MEM | tot     3.8G | free    2.2G | cache 630.5M | buff   47.6M | slab   65.9M |
MEM | tot     3.8G | free    2.2G | cache 631.3M | buff   47.6M | slab   65.9M |
MEM | tot     3.8G | free    2.2G | cache 644.2M | buff   47.6M | slab   65.9M |
MEM | tot     3.8G | free    2.2G | cache 644.3M | buff   47.6M | slab   65.9M |
MEM | tot     3.8G | free    2.2G | cache 644.3M | buff   47.6M | slab   65.9M |
MEM | tot     3.8G | free    2.2G | cache 644.3M | buff   47.6M | slab   65.9M |
MEM | tot     3.8G | free    2.2G | cache 644.1M | buff   47.6M | slab   65.9M |
MEM | tot     3.8G | free    2.2G | cache 633.8M | buff   47.6M | slab   66.0M |
MEM | tot     3.8G | free    2.2G | cache 634.0M | buff   47.6M | slab   65.9M |
MEM | tot     3.8G | free    2.2G | cache 634.0M | buff   47.6M | slab   65.9M |
MEM | tot     3.8G | free    2.2G | cache 634.0M | buff   47.6M | slab   65.9M |
MEM | tot     3.8G | free    2.2G | cache 634.0M | buff   47.6M | slab   65.9M |
MEM | tot     3.8G | free    2.2G | cache 634.0M | buff   47.6M | slab   65.9M |
MEM | tot     3.8G | free    2.2G | cache 634.0M | buff   47.6M | slab   65.9M |
MEM | tot     3.8G | free    2.2G | cache 634.0M | buff   47.6M | slab   65.9M |
MEM | tot     3.8G | free    2.2G | cache 634.0M | buff   47.6M | slab   65.9M |
MEM | tot     3.8G | free    2.2G | cache 634.1M | buff   47.6M | slab   65.9M |
MEM | tot     3.8G | free    2.2G | cache 634.1M | buff   47.6M | slab   65.9M |
MEM | tot     3.8G | free    2.2G | cache 634.1M | buff   47.6M | slab   65.9M |
MEM | tot     3.8G | free    2.2G | cache 634.1M | buff   47.6M | slab   65.9M |
MEM | tot     3.8G | free    2.2G | cache 634.1M | buff   47.6M | slab   65.9M |
MEM | tot     3.8G | free    2.2G | cache 634.1M | buff   47.6M | slab   65.9M |
MEM | tot     3.8G | free    2.2G | cache 634.1M | buff   47.6M | slab   65.9M |
MEM | tot     3.8G | free    2.2G | cache 634.1M | buff   47.6M | slab   65.9M |
MEM | tot     3.8G | free    2.2G | cache 634.1M | buff   47.6M | slab   65.9M |
MEM | tot     3.8G | free    2.2G | cache 634.2M | buff   47.6M | slab   65.9M |
MEM | tot     3.8G | free    2.2G | cache 634.2M | buff   47.6M | slab   65.9M |
MEM | tot     3.8G | free    2.2G | cache 634.2M | buff   47.6M | slab   65.9M |
MEM | tot     3.8G | free    2.2G | cache 634.2M | buff   47.6M | slab   65.9M |
MEM | tot     3.8G | free    2.2G | cache 642.2M | buff   47.6M | slab   66.0M |
MEM | tot     3.8G | free    2.2G | cache 642.2M | buff   47.6M | slab   66.0M |
