MEM | tot     3.8G | free    2.2G | cache 630.3M | buff   47.5M | slab   65.8M |
MEM | tot     3.8G | free    2.2G | cache 638.8M | buff   47.5M | slab   65.9M |
MEM | tot     3.8G | free    2.2G | cache 641.8M | buff   47.5M | slab   66.0M |
MEM | tot     3.8G | free    2.2G | cache 641.8M | buff   47.5M | slab   66.0M |
MEM | tot     3.8G | free    2.2G | cache 641.8M | buff   47.5M | slab   66.0M |
MEM | tot     3.8G | free    2.2G | cache 641.9M | buff   47.6M | slab   66.0M |
MEM | tot     3.8G | free    2.2G | cache 641.9M | buff   47.6M | slab   65.9M |
