MEM | tot     3.8G | free    2.2G | cache 630.4M | buff   47.6M | slab   65.9M |
MEM | tot     3.8G | free    2.2G | cache 642.0M | buff   47.6M | slab   65.9M |
MEM | tot     3.8G | free    2.2G | cache 642.0M | buff   47.6M | slab   65.9M |
MEM | tot     3.8G | free    2.2G | cache 642.0M | buff   47.6M | slab   66.0M |
MEM | tot     3.8G | free    2.2G | cache 642.0M | buff   47.6M | slab   66.0M |
MEM | tot     3.8G | free    2.2G | cache 642.0M | buff   47.6M | slab   66.0M |
MEM | tot     3.8G | free    2.2G | cache 641.3M | buff   47.6M | slab   66.0M |
MEM | tot     3.8G | free    2.2G | cache 633.8M | buff   47.6M | slab   65.9M |
MEM | tot     3.8G | free    2.2G | cache 633.8M | buff   47.6M | slab   65.9M |
MEM | tot     3.8G | free    2.2G | cache 633.8M | buff   47.6M | slab   65.9M |
MEM | tot     3.8G | free    2.2G | cache 633.8M | buff   47.6M | slab   65.9M |
MEM | tot     3.8G | free    2.2G | cache 633.9M | buff   47.6M | slab   65.9M |
MEM | tot     3.8G | free    2.2G | cache 633.9M | buff   47.6M | slab   65.9M |
MEM | tot     3.8G | free    2.2G | cache 633.9M | buff   47.6M | slab   65.9M |
MEM | tot     3.8G | free    2.2G | cache 633.9M | buff   47.6M | slab   65.9M |
MEM | tot     3.8G | free    2.2G | cache 633.9M | buff   47.6M | slab   65.9M |
MEM | tot     3.8G | free    2.2G | cache 633.9M | buff   47.6M | slab   65.9M |
