MEM | tot     3.8G | free    2.2G | cache 634.9M | buff   47.4M | slab   65.8M |
MEM | tot     3.8G | free    2.2G | cache 643.5M | buff   47.4M | slab   65.9M |
MEM | tot     3.8G | free    2.2G | cache 636.6M | buff   47.4M | slab   65.9M |
MEM | tot     3.8G | free    2.2G | cache 634.8M | buff   47.4M | slab   65.9M |
MEM | tot     3.8G | free    2.2G | cache 634.8M | buff   47.4M | slab   65.9M |
MEM | tot     3.8G | free    2.2G | cache 634.8M | buff   47.5M | slab   65.9M |
MEM | tot     3.8G | free    2.2G | cache 634.4M | buff   47.5M | slab   65.9M |
MEM | tot     3.8G | free    2.2G | cache 633.6M | buff   47.5M | slab   65.9M |
MEM | tot     3.8G | free    2.2G | cache 633.6M | buff   47.5M | slab   65.9M |
MEM | tot     3.8G | free    2.2G | cache 633.6M | buff   47.5M | slab   65.9M |
MEM | tot     3.8G | free    2.2G | cache 633.6M | buff   47.5M | slab   65.9M |
MEM | tot     3.8G | free    2.2G | cache 633.7M | buff   47.5M | slab   65.9M |
MEM | tot     3.8G | free    2.2G | cache 633.7M | buff   47.5M | slab   65.9M |
MEM | tot     3.8G | free    2.2G | cache 633.7M | buff   47.5M | slab   65.9M |
MEM | tot     3.8G | free    2.2G | cache 633.7M | buff   47.5M | slab   65.9M |
MEM | tot     3.8G | free    2.2G | cache 633.7M | buff   47.5M | slab   65.9M |
MEM | tot     3.8G | free    2.2G | cache 633.7M | buff   47.5M | slab   65.9M |
MEM | tot     3.8G | free    2.2G | cache 633.7M | buff   47.5M | slab   65.9M |
MEM | tot     3.8G | free    2.2G | cache 633.7M | buff   47.5M | slab   65.9M |
MEM | tot     3.8G | free    2.2G | cache 633.8M | buff   47.5M | slab   65.9M |
MEM | tot     3.8G | free    2.2G | cache 633.8M | buff   47.5M | slab   65.9M |
MEM | tot     3.8G | free    2.2G | cache 633.8M | buff   47.5M | slab   65.9M |
MEM | tot     3.8G | free    2.2G | cache 633.8M | buff   47.5M | slab   65.9M |
MEM | tot     3.8G | free    2.2G | cache 633.8M | buff   47.5M | slab   65.9M |
MEM | tot     3.8G | free    2.2G | cache 633.8M | buff   47.5M | slab   65.9M |
MEM | tot     3.8G | free    2.2G | cache 633.8M | buff   47.5M | slab   65.9M |
MEM | tot     3.8G | free    2.2G | cache 633.8M | buff   47.5M | slab   65.9M |
MEM | tot     3.8G | free    2.2G | cache 633.8M | buff   47.5M | slab   65.9M |
MEM | tot     3.8G | free    2.2G | cache 633.9M | buff   47.5M | slab   65.9M |
MEM | tot     3.8G | free    2.2G | cache 633.9M | buff   47.5M | slab   65.9M |
MEM | tot     3.8G | free    2.2G | cache 633.9M | buff   47.5M | slab   65.9M |
MEM | tot     3.8G | free    2.2G | cache 633.9M | buff   47.5M | slab   65.9M |
MEM | tot     3.8G | free    2.2G | cache 633.9M | buff   47.5M | slab   65.9M |
MEM | tot     3.8G | free    2.2G | cache 633.9M | buff   47.5M | slab   65.9M |
MEM | tot     3.8G | free    2.2G | cache 633.9M | buff   47.5M | slab   65.9M |
MEM | tot     3.8G | free    2.2G | cache 633.9M | buff   47.5M | slab   65.9M |
MEM | tot     3.8G | free    2.2G | cache 633.9M | buff   47.5M | slab   65.9M |
MEM | tot     3.8G | free    2.2G | cache 634.0M | buff   47.5M | slab   65.9M |
MEM | tot     3.8G | free    2.2G | cache 634.0M | buff   47.5M | slab   65.9M |
MEM | tot     3.8G | free    2.2G | cache 634.0M | buff   47.5M | slab   65.9M |
MEM | tot     3.8G | free    2.2G | cache 634.0M | buff   47.5M | slab   65.9M |
MEM | tot     3.8G | free    2.2G | cache 634.0M | buff   47.5M | slab   65.9M |
MEM | tot     3.8G | free    2.2G | cache 634.0M | buff   47.5M | slab   65.9M |
MEM | tot     3.8G | free    2.2G | cache 634.0M | buff   47.5M | slab   65.9M |
MEM | tot     3.8G | free    2.2G | cache 634.0M | buff   47.5M | slab   65.9M |
MEM | tot     3.8G | free    2.2G | cache 634.0M | buff   47.5M | slab   65.9M |
MEM | tot     3.8G | free    2.2G | cache 634.1M | buff   47.5M | slab   65.9M |
MEM | tot     3.8G | free    2.2G | cache 634.1M | buff   47.5M | slab   65.9M |
