CPU,sys,12,user,35,irq,1,idle,30,wait,23,,47
CPU,sys,31,user,69,irq,0,idle,0,wait,0,,100
CPU,sys,27,user,73,irq,0,idle,0,wait,0,,100
CPU,sys,28,user,69,irq,3,idle,0,wait,0,,97
CPU,sys,28,user,69,irq,3,idle,0,wait,0,,97
CPU,sys,30,user,66,irq,4,idle,0,wait,0,,96
CPU,sys,33,user,64,irq,3,idle,0,wait,0,,97
CPU,sys,28,user,68,irq,4,idle,0,wait,0,,96
CPU,sys,24,user,29,irq,2,idle,0,wait,45,,53
CPU,sys,17,user,23,irq,2,idle,0,wait,57,,40
CPU,sys,18,user,20,irq,2,idle,0,wait,61,,38
CPU,sys,19,user,20,irq,1,idle,0,wait,60,,39
CPU,sys,19,user,16,irq,2,idle,0,wait,63,,35
CPU,sys,23,user,19,irq,2,idle,0,wait,54,,42
CPU,sys,18,user,24,irq,1,idle,0,wait,56,,42
CPU,sys,15,user,24,irq,3,idle,0,wait,58,,39
CPU,sys,20,user,20,irq,2,idle,0,wait,58,,40
CPU,sys,23,user,22,irq,0,idle,0,wait,56,,45
CPU,sys,21,user,12,irq,2,idle,0,wait,65,,33
CPU,sys,17,user,14,irq,2,idle,0,wait,67,,31
CPU,sys,17,user,17,irq,2,idle,0,wait,65,,34
CPU,sys,14,user,18,irq,3,idle,0,wait,66,,32
CPU,sys,16,user,13,irq,1,idle,0,wait,69,,29
CPU,sys,18,user,22,irq,2,idle,0,wait,58,,40
CPU,sys,20,user,21,irq,0,idle,0,wait,59,,41
CPU,sys,19,user,20,irq,2,idle,0,wait,59,,39
CPU,sys,17,user,22,irq,1,idle,0,wait,60,,39
CPU,sys,17,user,20,irq,2,idle,0,wait,60,,37
CPU,sys,20,user,25,irq,4,idle,0,wait,51,,45
CPU,sys,21,user,75,irq,0,idle,0,wait,4,,96
CPU,sys,27,user,57,irq,3,idle,0,wait,13,,84
,,,,,,,,,,,,
,,,,,,,,,,,média,"55,8666666666667"
,,,,,,,,,,,DP,"27,1391476161897"
