E,tot,"3,8",free,"2,2",cache,"634,9",buff,"47,4",slab,"65,8",,"1,6"
E,tot,"3,8",free,"2,2",cache,"643,5",buff,"47,4",slab,"65,9",,"1,6"
E,tot,"3,8",free,"2,2",cache,"636,6",buff,"47,4",slab,"65,9",,"1,6"
E,tot,"3,8",free,"2,2",cache,"634,8",buff,"47,4",slab,"65,9",,"1,6"
E,tot,"3,8",free,"2,2",cache,"634,8",buff,"47,4",slab,"65,9",,"1,6"
E,tot,"3,8",free,"2,2",cache,"634,8",buff,"47,5",slab,"65,9",,"1,6"
E,tot,"3,8",free,"2,2",cache,"634,4",buff,"47,5",slab,"65,9",,"1,6"
E,tot,"3,8",free,"2,2",cache,"633,6",buff,"47,5",slab,"65,9",,"1,6"
E,tot,"3,8",free,"2,2",cache,"633,6",buff,"47,5",slab,"65,9",,"1,6"
E,tot,"3,8",free,"2,2",cache,"633,6",buff,"47,5",slab,"65,9",,"1,6"
E,tot,"3,8",free,"2,2",cache,"633,6",buff,"47,5",slab,"65,9",,"1,6"
E,tot,"3,8",free,"2,2",cache,"633,7",buff,"47,5",slab,"65,9",,"1,6"
E,tot,"3,8",free,"2,2",cache,"633,7",buff,"47,5",slab,"65,9",,"1,6"
E,tot,"3,8",free,"2,2",cache,"633,7",buff,"47,5",slab,"65,9",,"1,6"
E,tot,"3,8",free,"2,2",cache,"633,7",buff,"47,5",slab,"65,9",,"1,6"
E,tot,"3,8",free,"2,2",cache,"633,7",buff,"47,5",slab,"65,9",,"1,6"
E,tot,"3,8",free,"2,2",cache,"633,7",buff,"47,5",slab,"65,9",,"1,6"
E,tot,"3,8",free,"2,2",cache,"633,7",buff,"47,5",slab,"65,9",,"1,6"
E,tot,"3,8",free,"2,2",cache,"633,7",buff,"47,5",slab,"65,9",,"1,6"
E,tot,"3,8",free,"2,2",cache,"633,8",buff,"47,5",slab,"65,9",,"1,6"
E,tot,"3,8",free,"2,2",cache,"633,8",buff,"47,5",slab,"65,9",,"1,6"
E,tot,"3,8",free,"2,2",cache,"633,8",buff,"47,5",slab,"65,9",,"1,6"
E,tot,"3,8",free,"2,2",cache,"633,8",buff,"47,5",slab,"65,9",,"1,6"
E,tot,"3,8",free,"2,2",cache,"633,8",buff,"47,5",slab,"65,9",,"1,6"
E,tot,"3,8",free,"2,2",cache,"633,8",buff,"47,5",slab,"65,9",,"1,6"
E,tot,"3,8",free,"2,2",cache,"633,8",buff,"47,5",slab,"65,9",,"1,6"
E,tot,"3,8",free,"2,2",cache,"633,8",buff,"47,5",slab,"65,9",,"1,6"
E,tot,"3,8",free,"2,2",cache,"633,8",buff,"47,5",slab,"65,9",,"1,6"
E,tot,"3,8",free,"2,2",cache,"633,9",buff,"47,5",slab,"65,9",,"1,6"
E,tot,"3,8",free,"2,2",cache,"633,9",buff,"47,5",slab,"65,9",,"1,6"
E,tot,"3,8",free,"2,2",cache,"633,9",buff,"47,5",slab,"65,9",,"1,6"
E,tot,"3,8",free,"2,2",cache,"633,9",buff,"47,5",slab,"65,9",,"1,6"
E,tot,"3,8",free,"2,2",cache,"633,9",buff,"47,5",slab,"65,9",,"1,6"
E,tot,"3,8",free,"2,2",cache,"633,9",buff,"47,5",slab,"65,9",,"1,6"
E,tot,"3,8",free,"2,2",cache,"633,9",buff,"47,5",slab,"65,9",,"1,6"
E,tot,"3,8",free,"2,2",cache,"633,9",buff,"47,5",slab,"65,9",,"1,6"
E,tot,"3,8",free,"2,2",cache,"633,9",buff,"47,5",slab,"65,9",,"1,6"
E,tot,"3,8",free,"2,2",cache,634,buff,"47,5",slab,"65,9",,"1,6"
E,tot,"3,8",free,"2,2",cache,634,buff,"47,5",slab,"65,9",,"1,6"
E,tot,"3,8",free,"2,2",cache,634,buff,"47,5",slab,"65,9",,"1,6"
E,tot,"3,8",free,"2,2",cache,634,buff,"47,5",slab,"65,9",,"1,6"
E,tot,"3,8",free,"2,2",cache,634,buff,"47,5",slab,"65,9",,"1,6"
E,tot,"3,8",free,"2,2",cache,634,buff,"47,5",slab,"65,9",,"1,6"
E,tot,"3,8",free,"2,2",cache,634,buff,"47,5",slab,"65,9",,"1,6"
E,tot,"3,8",free,"2,2",cache,634,buff,"47,5",slab,"65,9",,"1,6"
E,tot,"3,8",free,"2,2",cache,634,buff,"47,5",slab,"65,9",,"1,6"
E,tot,"3,8",free,"2,2",cache,"634,1",buff,"47,5",slab,"65,9",,"1,6"
E,tot,"3,8",free,"2,2",cache,"634,1",buff,"47,5",slab,"65,9",,"1,6"
,,,,,,,,,,,,
,,,,,,,,,,,média,"1,6"
,,,,,,,,,,,DP,0
