E,tot,"3,8",free,"2,2",cache,"630,4",buff,"47,6",slab,"65,9",,"1,6"
E,tot,"3,8",free,"2,2",cache,642,buff,"47,6",slab,"65,9",,"1,6"
E,tot,"3,8",free,"2,2",cache,642,buff,"47,6",slab,"65,9",,"1,6"
E,tot,"3,8",free,"2,2",cache,642,buff,"47,6",slab,66,,"1,6"
E,tot,"3,8",free,"2,2",cache,642,buff,"47,6",slab,66,,"1,6"
E,tot,"3,8",free,"2,2",cache,642,buff,"47,6",slab,66,,"1,6"
E,tot,"3,8",free,"2,2",cache,"641,3",buff,"47,6",slab,66,,"1,6"
E,tot,"3,8",free,"2,2",cache,"633,8",buff,"47,6",slab,"65,9",,"1,6"
E,tot,"3,8",free,"2,2",cache,"633,8",buff,"47,6",slab,"65,9",,"1,6"
E,tot,"3,8",free,"2,2",cache,"633,8",buff,"47,6",slab,"65,9",,"1,6"
E,tot,"3,8",free,"2,2",cache,"633,8",buff,"47,6",slab,"65,9",,"1,6"
E,tot,"3,8",free,"2,2",cache,"633,9",buff,"47,6",slab,"65,9",,"1,6"
E,tot,"3,8",free,"2,2",cache,"633,9",buff,"47,6",slab,"65,9",,"1,6"
E,tot,"3,8",free,"2,2",cache,"633,9",buff,"47,6",slab,"65,9",,"1,6"
E,tot,"3,8",free,"2,2",cache,"633,9",buff,"47,6",slab,"65,9",,"1,6"
E,tot,"3,8",free,"2,2",cache,"633,9",buff,"47,6",slab,"65,9",,"1,6"
E,tot,"3,8",free,"2,2",cache,"633,9",buff,"47,6",slab,"65,9",,"1,6"
,,,,,,,,,,,,
,,,,,,,,,,,média,"1,6"
,,,,,,,,,,,DP,0
