CPU,sys,12,user,35,irq,1,idle,30,wait,23,,47
CPU,sys,31,user,69,irq,0,idle,0,wait,0,,100
CPU,sys,30,user,68,irq,2,idle,0,wait,0,,98
CPU,sys,32,user,64,irq,4,idle,0,wait,0,,96
CPU,sys,34,user,64,irq,2,idle,0,wait,0,,98
CPU,sys,33,user,65,irq,2,idle,0,wait,0,,98
CPU,sys,31,user,67,irq,2,idle,0,wait,0,,98
CPU,sys,14,user,45,irq,0,idle,0,wait,41,,59
CPU,sys,12,user,38,irq,0,idle,0,wait,50,,50
CPU,sys,14,user,67,irq,1,idle,0,wait,18,,81
CPU,sys,14,user,67,irq,0,idle,0,wait,19,,81
CPU,sys,15,user,67,irq,2,idle,0,wait,16,,82
CPU,sys,11,user,71,irq,1,idle,0,wait,16,,82
CPU,sys,13,user,70,irq,1,idle,0,wait,16,,83
CPU,sys,14,user,69,irq,1,idle,0,wait,15,,83
CPU,sys,9,user,69,irq,1,idle,0,wait,21,,78
CPU,sys,17,user,68,irq,1,idle,0,wait,14,,85
,,,,,,,,,,,,
,,,,,,,,,,,média,"84,5"
,,,,,,,,,,,DP,"14,2032860047713"
