E,tot,"3,8",free,"2,2",cache,"630,5",buff,"47,6",slab,"65,9",,"1,6"
E,tot,"3,8",free,"2,2",cache,"631,3",buff,"47,6",slab,"65,9",,"1,6"
E,tot,"3,8",free,"2,2",cache,"644,2",buff,"47,6",slab,"65,9",,"1,6"
E,tot,"3,8",free,"2,2",cache,"644,3",buff,"47,6",slab,"65,9",,"1,6"
E,tot,"3,8",free,"2,2",cache,"644,3",buff,"47,6",slab,"65,9",,"1,6"
E,tot,"3,8",free,"2,2",cache,"644,3",buff,"47,6",slab,"65,9",,"1,6"
E,tot,"3,8",free,"2,2",cache,"644,1",buff,"47,6",slab,"65,9",,"1,6"
E,tot,"3,8",free,"2,2",cache,"633,8",buff,"47,6",slab,66,,"1,6"
E,tot,"3,8",free,"2,2",cache,634,buff,"47,6",slab,"65,9",,"1,6"
E,tot,"3,8",free,"2,2",cache,634,buff,"47,6",slab,"65,9",,"1,6"
E,tot,"3,8",free,"2,2",cache,634,buff,"47,6",slab,"65,9",,"1,6"
E,tot,"3,8",free,"2,2",cache,634,buff,"47,6",slab,"65,9",,"1,6"
E,tot,"3,8",free,"2,2",cache,634,buff,"47,6",slab,"65,9",,"1,6"
E,tot,"3,8",free,"2,2",cache,634,buff,"47,6",slab,"65,9",,"1,6"
E,tot,"3,8",free,"2,2",cache,634,buff,"47,6",slab,"65,9",,"1,6"
E,tot,"3,8",free,"2,2",cache,634,buff,"47,6",slab,"65,9",,"1,6"
E,tot,"3,8",free,"2,2",cache,"634,1",buff,"47,6",slab,"65,9",,"1,6"
E,tot,"3,8",free,"2,2",cache,"634,1",buff,"47,6",slab,"65,9",,"1,6"
E,tot,"3,8",free,"2,2",cache,"634,1",buff,"47,6",slab,"65,9",,"1,6"
E,tot,"3,8",free,"2,2",cache,"634,1",buff,"47,6",slab,"65,9",,"1,6"
E,tot,"3,8",free,"2,2",cache,"634,1",buff,"47,6",slab,"65,9",,"1,6"
E,tot,"3,8",free,"2,2",cache,"634,1",buff,"47,6",slab,"65,9",,"1,6"
E,tot,"3,8",free,"2,2",cache,"634,1",buff,"47,6",slab,"65,9",,"1,6"
E,tot,"3,8",free,"2,2",cache,"634,1",buff,"47,6",slab,"65,9",,"1,6"
E,tot,"3,8",free,"2,2",cache,"634,1",buff,"47,6",slab,"65,9",,"1,6"
E,tot,"3,8",free,"2,2",cache,"634,2",buff,"47,6",slab,"65,9",,"1,6"
E,tot,"3,8",free,"2,2",cache,"634,2",buff,"47,6",slab,"65,9",,"1,6"
E,tot,"3,8",free,"2,2",cache,"634,2",buff,"47,6",slab,"65,9",,"1,6"
E,tot,"3,8",free,"2,2",cache,"634,2",buff,"47,6",slab,"65,9",,"1,6"
E,tot,"3,8",free,"2,2",cache,"642,2",buff,"47,6",slab,66,,"1,6"
E,tot,"3,8",free,"2,2",cache,"642,2",buff,"47,6",slab,66,,"1,6"
,,,,,,,,,,,,
,,,,,,,,,,,média,"1,6"
,,,,,,,,,,,DP,0
