CPU,sys,12,user,35,irq,1,idle,30,wait,23,,47
CPU,sys,36,user,64,irq,0,idle,0,wait,0,,100
CPU,sys,24,user,40,irq,1,idle,0,wait,35,,64
CPU,sys,22,user,27,irq,2,idle,0,wait,49,,49
CPU,sys,18,user,28,irq,0,idle,0,wait,54,,46
CPU,sys,27,user,30,irq,2,idle,0,wait,41,,57
CPU,sys,22,user,28,irq,3,idle,0,wait,47,,50
CPU,sys,28,user,22,irq,1,idle,0,wait,49,,50
CPU,sys,17,user,22,irq,0,idle,0,wait,61,,39
CPU,sys,17,user,24,irq,3,idle,0,wait,56,,41
CPU,sys,15,user,26,irq,1,idle,0,wait,58,,41
CPU,sys,14,user,25,irq,2,idle,0,wait,59,,39
CPU,sys,18,user,26,irq,1,idle,0,wait,55,,44
CPU,sys,22,user,26,irq,2,idle,0,wait,50,,48
CPU,sys,20,user,21,irq,2,idle,0,wait,57,,41
CPU,sys,17,user,24,irq,1,idle,0,wait,57,,41
CPU,sys,24,user,25,irq,1,idle,0,wait,50,,49
CPU,sys,21,user,24,irq,2,idle,0,wait,52,,45
CPU,sys,18,user,31,irq,0,idle,0,wait,51,,49
CPU,sys,20,user,26,irq,2,idle,0,wait,52,,46
CPU,sys,19,user,28,irq,2,idle,0,wait,51,,47
CPU,sys,19,user,26,irq,0,idle,0,wait,55,,45
CPU,sys,21,user,25,irq,2,idle,0,wait,53,,46
CPU,sys,21,user,23,irq,2,idle,0,wait,54,,44
CPU,sys,19,user,27,irq,1,idle,0,wait,53,,46
CPU,sys,17,user,26,irq,1,idle,0,wait,56,,43
CPU,sys,18,user,27,irq,0,idle,0,wait,55,,45
CPU,sys,20,user,22,irq,2,idle,0,wait,55,,42
CPU,sys,18,user,26,irq,0,idle,0,wait,56,,44
CPU,sys,19,user,25,irq,3,idle,0,wait,53,,44
CPU,sys,13,user,24,irq,2,idle,0,wait,61,,37
CPU,sys,16,user,28,irq,1,idle,0,wait,55,,44
CPU,sys,16,user,23,irq,2,idle,0,wait,58,,39
CPU,sys,18,user,25,irq,4,idle,0,wait,54,,43
CPU,sys,17,user,23,irq,2,idle,0,wait,58,,40
CPU,sys,19,user,28,irq,0,idle,0,wait,53,,47
CPU,sys,17,user,28,irq,1,idle,0,wait,54,,45
CPU,sys,20,user,25,irq,1,idle,0,wait,55,,45
CPU,sys,17,user,23,irq,2,idle,0,wait,57,,40
CPU,sys,18,user,31,irq,1,idle,0,wait,49,,49
CPU,sys,17,user,22,irq,3,idle,0,wait,58,,39
CPU,sys,15,user,23,irq,3,idle,0,wait,59,,38
CPU,sys,16,user,32,irq,1,idle,0,wait,51,,48
CPU,sys,18,user,23,irq,2,idle,0,wait,56,,41
CPU,sys,16,user,28,irq,1,idle,0,wait,55,,44
CPU,sys,20,user,28,irq,2,idle,0,wait,50,,48
CPU,sys,16,user,27,irq,1,idle,0,wait,56,,43
CPU,sys,18,user,31,irq,1,idle,0,wait,50,,49
,,,,,,,,,,,,
,,,,,,,,,,,média,"46,0425531914894"
,,,,,,,,,,,DP,"9,39694086856603"
