MEM | tot     3.8G | free  822.9M | cache   1.6G | buff   78.1M | slab  105.3M |
MEM | numnode    1 | shmem  66.0M | shrss  35.8M | tcpsk   0.0M | udpsk   0.0M |
MEM | tot     3.8G | free  798.7M | cache   1.6G | buff   78.1M | slab  105.3M |
MEM | numnode    1 | shmem  67.2M | shrss  35.8M | tcpsk   0.0M | udpsk   0.0M |
MEM | tot     3.8G | free  798.9M | cache   1.6G | buff   78.1M | slab  105.3M |
MEM | numnode    1 | shmem  67.3M | shrss  35.8M | tcpsk   0.0M | udpsk   0.0M |
MEM | tot     3.8G | free  797.2M | cache   1.6G | buff   78.1M | slab  105.3M |
MEM | numnode    1 | shmem  67.3M | shrss  35.8M | tcpsk   0.0M | udpsk   0.0M |
MEM | tot     3.8G | free  795.2M | cache   1.6G | buff   78.1M | slab  105.3M |
MEM | numnode    1 | shmem  67.3M | shrss  35.8M | tcpsk   0.0M | udpsk   0.0M |
MEM | tot     3.8G | free  793.2M | cache   1.6G | buff   78.1M | slab  105.3M |
MEM | numnode    1 | shmem  67.3M | shrss  35.8M | tcpsk   0.0M | udpsk   0.0M |
MEM | tot     3.8G | free  793.5M | cache   1.6G | buff   78.1M | slab  105.3M |
MEM | numnode    1 | shmem  66.3M | shrss  35.8M | tcpsk   0.0M | udpsk   0.0M |
MEM | tot     3.8G | free  793.7M | cache   1.6G | buff   78.1M | slab  105.3M |
MEM | numnode    1 | shmem  64.8M | shrss  35.8M | tcpsk   0.0M | udpsk   0.0M |
MEM | tot     3.8G | free  793.7M | cache   1.6G | buff   78.1M | slab  105.3M |
MEM | numnode    1 | shmem  64.8M | shrss  35.8M | tcpsk   0.0M | udpsk   0.0M |
MEM | tot     3.8G | free  793.7M | cache   1.6G | buff   78.1M | slab  105.3M |
MEM | numnode    1 | shmem  64.8M | shrss  35.8M | tcpsk   0.0M | udpsk   0.0M |
MEM | tot     3.8G | free  793.7M | cache   1.6G | buff   78.1M | slab  105.3M |
MEM | numnode    1 | shmem  64.8M | shrss  35.8M | tcpsk   0.0M | udpsk   0.0M |
MEM | tot     3.8G | free  793.7M | cache   1.6G | buff   78.1M | slab  105.3M |
MEM | numnode    1 | shmem  64.8M | shrss  35.8M | tcpsk   0.0M | udpsk   0.0M |
MEM | tot     3.8G | free  793.7M | cache   1.6G | buff   78.1M | slab  105.3M |
MEM | numnode    1 | shmem  64.8M | shrss  35.8M | tcpsk   0.0M | udpsk   0.0M |
MEM | tot     3.8G | free  793.7M | cache   1.6G | buff   78.1M | slab  105.3M |
MEM | numnode    1 | shmem  64.8M | shrss  35.8M | tcpsk   0.0M | udpsk   0.0M |
MEM | tot     3.8G | free  793.5M | cache   1.6G | buff   78.1M | slab  105.3M |
MEM | numnode    1 | shmem  64.8M | shrss  35.8M | tcpsk   0.0M | udpsk   0.0M |
MEM | tot     3.8G | free  793.5M | cache   1.6G | buff   78.1M | slab  105.3M |
MEM | numnode    1 | shmem  64.8M | shrss  35.8M | tcpsk   0.0M | udpsk   0.0M |
