MEM | tot     3.8G | free  823.6M | cache   1.6G | buff   78.0M | slab  105.2M |
MEM | numnode    1 | shmem  66.0M | shrss  35.8M | tcpsk   0.0M | udpsk   0.0M |
MEM | tot     3.8G | free  799.7M | cache   1.6G | buff   78.0M | slab  105.3M |
MEM | numnode    1 | shmem  66.5M | shrss  35.8M | tcpsk   0.0M | udpsk   0.0M |
MEM | tot     3.8G | free  795.0M | cache   1.6G | buff   78.0M | slab  105.3M |
MEM | numnode    1 | shmem  66.5M | shrss  35.8M | tcpsk   0.0M | udpsk   0.0M |
MEM | tot     3.8G | free  784.5M | cache   1.6G | buff   78.0M | slab  105.3M |
MEM | numnode    1 | shmem  67.2M | shrss  35.8M | tcpsk   0.0M | udpsk   0.0M |
MEM | tot     3.8G | free  784.6M | cache   1.6G | buff   78.0M | slab  105.3M |
MEM | numnode    1 | shmem  67.3M | shrss  35.8M | tcpsk   0.0M | udpsk   0.0M |
MEM | tot     3.8G | free  782.6M | cache   1.6G | buff   78.0M | slab  105.3M |
MEM | numnode    1 | shmem  67.3M | shrss  35.8M | tcpsk   0.0M | udpsk   0.0M |
MEM | tot     3.8G | free  782.1M | cache   1.6G | buff   78.0M | slab  105.3M |
MEM | numnode    1 | shmem  67.3M | shrss  35.8M | tcpsk   0.0M | udpsk   0.0M |
MEM | tot     3.8G | free  790.2M | cache   1.6G | buff   78.1M | slab  105.3M |
MEM | numnode    1 | shmem  67.3M | shrss  35.8M | tcpsk   0.0M | udpsk   0.0M |
MEM | tot     3.8G | free  790.7M | cache   1.6G | buff   78.1M | slab  105.3M |
MEM | numnode    1 | shmem  64.3M | shrss  35.8M | tcpsk   0.0M | udpsk   0.0M |
