MEM | tot     3.8G | free  819.6M | cache   1.6G | buff   78.1M | slab  105.2M |
MEM | numnode    1 | shmem  65.3M | shrss  35.8M | tcpsk   0.0M | udpsk   0.0M |
MEM | tot     3.8G | free  797.7M | cache   1.6G | buff   78.1M | slab  105.3M |
MEM | numnode    1 | shmem  66.8M | shrss  35.8M | tcpsk   0.0M | udpsk   0.0M |
MEM | tot     3.8G | free  795.7M | cache   1.6G | buff   78.1M | slab  105.3M |
MEM | numnode    1 | shmem  66.8M | shrss  35.8M | tcpsk   0.0M | udpsk   0.0M |
MEM | tot     3.8G | free  796.5M | cache   1.6G | buff   78.1M | slab  105.3M |
MEM | numnode    1 | shmem  66.8M | shrss  35.8M | tcpsk   0.0M | udpsk   0.0M |
MEM | tot     3.8G | free  794.5M | cache   1.6G | buff   78.1M | slab  105.3M |
MEM | numnode    1 | shmem  66.8M | shrss  35.8M | tcpsk   0.0M | udpsk   0.0M |
MEM | tot     3.8G | free  792.8M | cache   1.6G | buff   78.1M | slab  105.3M |
MEM | numnode    1 | shmem  66.8M | shrss  35.8M | tcpsk   0.0M | udpsk   0.0M |
MEM | tot     3.8G | free  792.7M | cache   1.6G | buff   78.1M | slab  105.3M |
MEM | numnode    1 | shmem  66.8M | shrss  35.8M | tcpsk   0.0M | udpsk   0.0M |
MEM | tot     3.8G | free  792.7M | cache   1.6G | buff   78.1M | slab  105.3M |
MEM | numnode    1 | shmem  65.0M | shrss  35.8M | tcpsk   0.0M | udpsk   0.0M |
MEM | tot     3.8G | free  793.0M | cache   1.6G | buff   78.1M | slab  105.3M |
MEM | numnode    1 | shmem  65.0M | shrss  35.8M | tcpsk   0.0M | udpsk   0.0M |
MEM | tot     3.8G | free  793.0M | cache   1.6G | buff   78.1M | slab  105.3M |
MEM | numnode    1 | shmem  65.0M | shrss  35.8M | tcpsk   0.0M | udpsk   0.0M |
MEM | tot     3.8G | free  793.0M | cache   1.6G | buff   78.1M | slab  105.3M |
MEM | numnode    1 | shmem  65.0M | shrss  35.8M | tcpsk   0.0M | udpsk   0.0M |
