MEM | tot     3.8G | free    1.6G | cache 836.6M | buff   55.9M | slab   74.3M |
MEM | tot     3.8G | free    1.6G | cache 845.8M | buff   55.9M | slab   74.5M |
MEM | tot     3.8G | free    1.6G | cache 845.8M | buff   55.9M | slab   74.4M |
MEM | tot     3.8G | free    1.6G | cache 845.8M | buff   55.9M | slab   74.5M |
MEM | tot     3.8G | free    1.6G | cache 845.9M | buff   55.9M | slab   74.5M |
MEM | tot     3.8G | free    1.6G | cache 845.9M | buff   55.9M | slab   74.5M |
MEM | tot     3.8G | free    1.6G | cache 845.6M | buff   55.9M | slab   74.5M |
MEM | tot     3.8G | free    1.6G | cache 844.9M | buff   55.9M | slab   74.5M |
MEM | tot     3.8G | free    1.6G | cache 844.7M | buff   55.9M | slab   74.5M |
MEM | tot     3.8G | free    1.6G | cache 844.7M | buff   55.9M | slab   74.5M |
MEM | tot     3.8G | free    1.6G | cache 844.7M | buff   56.0M | slab   74.5M |
MEM | tot     3.8G | free    1.6G | cache 844.7M | buff   56.0M | slab   74.5M |
MEM | tot     3.8G | free    1.6G | cache 844.7M | buff   56.0M | slab   74.5M |
MEM | tot     3.8G | free    1.6G | cache 844.7M | buff   56.0M | slab   74.5M |
MEM | tot     3.8G | free    1.6G | cache 844.7M | buff   56.0M | slab   74.5M |
MEM | tot     3.8G | free    1.6G | cache 844.7M | buff   56.0M | slab   74.5M |
MEM | tot     3.8G | free    1.6G | cache 844.8M | buff   56.0M | slab   74.5M |
MEM | tot     3.8G | free    1.6G | cache 844.8M | buff   56.0M | slab   74.5M |
MEM | tot     3.8G | free    1.6G | cache 844.8M | buff   56.0M | slab   74.5M |
MEM | tot     3.8G | free    1.6G | cache 844.8M | buff   56.0M | slab   74.5M |
MEM | tot     3.8G | free    1.6G | cache 844.8M | buff   56.0M | slab   74.5M |
MEM | tot     3.8G | free    1.6G | cache 844.8M | buff   56.0M | slab   74.5M |
MEM | tot     3.8G | free    1.6G | cache 844.8M | buff   56.0M | slab   74.5M |
MEM | tot     3.8G | free    1.6G | cache 844.8M | buff   56.0M | slab   74.5M |
MEM | tot     3.8G | free    1.6G | cache 844.8M | buff   56.0M | slab   74.5M |
MEM | tot     3.8G | free    1.6G | cache 844.9M | buff   56.0M | slab   74.5M |
MEM | tot     3.8G | free    1.6G | cache 844.9M | buff   56.0M | slab   74.5M |
MEM | tot     3.8G | free    1.6G | cache 844.9M | buff   56.0M | slab   74.5M |
MEM | tot     3.8G | free    1.6G | cache 844.9M | buff   56.0M | slab   74.5M |
MEM | tot     3.8G | free    1.6G | cache 844.9M | buff   56.0M | slab   74.5M |
MEM | tot     3.8G | free    1.6G | cache 844.9M | buff   56.0M | slab   74.5M |
MEM | tot     3.8G | free    1.6G | cache 844.9M | buff   56.0M | slab   74.5M |
MEM | tot     3.8G | free    1.6G | cache 844.9M | buff   56.0M | slab   74.5M |
MEM | tot     3.8G | free    1.6G | cache 845.0M | buff   56.0M | slab   74.5M |
MEM | tot     3.8G | free    1.6G | cache 845.0M | buff   56.0M | slab   74.5M |
MEM | tot     3.8G | free    1.6G | cache 845.0M | buff   56.0M | slab   74.5M |
MEM | tot     3.8G | free    1.6G | cache 845.0M | buff   56.0M | slab   74.5M |
MEM | tot     3.8G | free    1.6G | cache 845.0M | buff   56.0M | slab   74.5M |
MEM | tot     3.8G | free    1.6G | cache 845.0M | buff   56.0M | slab   74.5M |
MEM | tot     3.8G | free    1.6G | cache 845.0M | buff   56.0M | slab   74.5M |
MEM | tot     3.8G | free    1.6G | cache 845.0M | buff   56.0M | slab   74.5M |
MEM | tot     3.8G | free    1.6G | cache 845.1M | buff   56.0M | slab   74.5M |
MEM | tot     3.8G | free    1.6G | cache 845.1M | buff   56.0M | slab   74.5M |
MEM | tot     3.8G | free    1.6G | cache 845.1M | buff   56.0M | slab   74.5M |
MEM | tot     3.8G | free    1.6G | cache 845.1M | buff   56.0M | slab   74.5M |
MEM | tot     3.8G | free    1.6G | cache 845.1M | buff   56.0M | slab   74.5M |
MEM | tot     3.8G | free    1.6G | cache 845.1M | buff   56.0M | slab   74.5M |
MEM | tot     3.8G | free    1.6G | cache 845.1M | buff   56.0M | slab   74.5M |
MEM | tot     3.8G | free    1.6G | cache 845.1M | buff   56.0M | slab   74.5M |
MEM | tot     3.8G | free    1.6G | cache 845.2M | buff   56.0M | slab   74.5M |
MEM | tot     3.8G | free    1.6G | cache 845.2M | buff   56.0M | slab   74.5M |
MEM | tot     3.8G | free    1.6G | cache 845.2M | buff   56.0M | slab   74.5M |
MEM | tot     3.8G | free    1.6G | cache 845.2M | buff   56.0M | slab   74.5M |
MEM | tot     3.8G | free    1.6G | cache 845.2M | buff   56.0M | slab   74.5M |
MEM | tot     3.8G | free    1.6G | cache 845.2M | buff   56.0M | slab   74.5M |
MEM | tot     3.8G | free    1.6G | cache 845.2M | buff   56.0M | slab   74.5M |
MEM | tot     3.8G | free    1.6G | cache 845.2M | buff   56.0M | slab   74.5M |
MEM | tot     3.8G | free    1.6G | cache 845.3M | buff   56.0M | slab   74.5M |
MEM | tot     3.8G | free    1.6G | cache 845.3M | buff   56.0M | slab   74.5M |
MEM | tot     3.8G | free    1.6G | cache 845.3M | buff   56.0M | slab   74.5M |
MEM | tot     3.8G | free    1.6G | cache 845.3M | buff   56.0M | slab   74.5M |
MEM | tot     3.8G | free    1.6G | cache 845.4M | buff   56.0M | slab   74.5M |
MEM | tot     3.8G | free    1.6G | cache 845.4M | buff   56.0M | slab   74.5M |
MEM | tot     3.8G | free    1.6G | cache 845.5M | buff   56.0M | slab   74.5M |
MEM | tot     3.8G | free    1.6G | cache 845.5M | buff   56.0M | slab   74.5M |
MEM | tot     3.8G | free    1.6G | cache 845.5M | buff   56.0M | slab   74.5M |
MEM | tot     3.8G | free    1.6G | cache 845.5M | buff   56.0M | slab   74.5M |
MEM | tot     3.8G | free    1.6G | cache 845.5M | buff   56.0M | slab   74.5M |
MEM | tot     3.8G | free    1.6G | cache 845.5M | buff   56.0M | slab   74.5M |
MEM | tot     3.8G | free    1.6G | cache 845.5M | buff   56.0M | slab   74.5M |
MEM | tot     3.8G | free    1.6G | cache 845.5M | buff   56.0M | slab   74.5M |
MEM | tot     3.8G | free    1.6G | cache 841.1M | buff   56.0M | slab   74.5M |
MEM | tot     3.8G | free    1.6G | cache 841.1M | buff   56.0M | slab   74.5M |
MEM | tot     3.8G | free    1.6G | cache 841.1M | buff   56.0M | slab   74.5M |
MEM | tot     3.8G | free    1.6G | cache 841.1M | buff   56.0M | slab   74.5M |
MEM | tot     3.8G | free    1.6G | cache 841.2M | buff   56.1M | slab   74.5M |
MEM | tot     3.8G | free    1.6G | cache 841.2M | buff   56.1M | slab   74.5M |
MEM | tot     3.8G | free    1.6G | cache 841.2M | buff   56.1M | slab   74.5M |
MEM | tot     3.8G | free    1.6G | cache 841.2M | buff   56.1M | slab   74.5M |
MEM | tot     3.8G | free    1.6G | cache 841.2M | buff   56.1M | slab   74.5M |
MEM | tot     3.8G | free    1.6G | cache 841.2M | buff   56.1M | slab   74.5M |
MEM | tot     3.8G | free    1.6G | cache 841.2M | buff   56.1M | slab   74.5M |
MEM | tot     3.8G | free    1.6G | cache 841.2M | buff   56.1M | slab   74.5M |
MEM | tot     3.8G | free    1.6G | cache 841.3M | buff   56.1M | slab   74.5M |
MEM | tot     3.8G | free    1.6G | cache 841.3M | buff   56.1M | slab   74.5M |
MEM | tot     3.8G | free    1.6G | cache 841.3M | buff   56.1M | slab   74.5M |
MEM | tot     3.8G | free    1.6G | cache 841.3M | buff   56.1M | slab   74.5M |
MEM | tot     3.8G | free    1.6G | cache 841.3M | buff   56.1M | slab   74.5M |
MEM | tot     3.8G | free    1.6G | cache 841.3M | buff   56.1M | slab   74.5M |
MEM | tot     3.8G | free    1.6G | cache 841.3M | buff   56.1M | slab   74.5M |
MEM | tot     3.8G | free    1.6G | cache 841.3M | buff   56.1M | slab   74.5M |
MEM | tot     3.8G | free    1.6G | cache 841.4M | buff   56.1M | slab   74.5M |
MEM | tot     3.8G | free    1.6G | cache 841.4M | buff   56.1M | slab   74.5M |
MEM | tot     3.8G | free    1.6G | cache 841.4M | buff   56.1M | slab   74.5M |
MEM | tot     3.8G | free    1.6G | cache 841.4M | buff   56.1M | slab   74.5M |
MEM | tot     3.8G | free    1.6G | cache 841.4M | buff   56.1M | slab   74.5M |
MEM | tot     3.8G | free    1.6G | cache 841.4M | buff   56.1M | slab   74.5M |
MEM | tot     3.8G | free    1.6G | cache 841.4M | buff   56.1M | slab   74.5M |
MEM | tot     3.8G | free    1.6G | cache 841.4M | buff   56.1M | slab   74.5M |
MEM | tot     3.8G | free    1.6G | cache 841.5M | buff   56.1M | slab   74.5M |
MEM | tot     3.8G | free    1.6G | cache 841.5M | buff   56.1M | slab   74.5M |
MEM | tot     3.8G | free    1.6G | cache 841.5M | buff   56.1M | slab   74.5M |
MEM | tot     3.8G | free    1.6G | cache 841.5M | buff   56.1M | slab   74.5M |
MEM | tot     3.8G | free    1.6G | cache 841.5M | buff   56.1M | slab   74.5M |
MEM | tot     3.8G | free    1.6G | cache 841.5M | buff   56.1M | slab   74.5M |
MEM | tot     3.8G | free    1.6G | cache 841.5M | buff   56.1M | slab   74.5M |
MEM | tot     3.8G | free    1.6G | cache 841.5M | buff   56.1M | slab   74.5M |
MEM | tot     3.8G | free    1.6G | cache 841.6M | buff   56.1M | slab   74.5M |
MEM | tot     3.8G | free    1.6G | cache 841.6M | buff   56.1M | slab   74.5M |
MEM | tot     3.8G | free    1.6G | cache 841.6M | buff   56.1M | slab   74.5M |
MEM | tot     3.8G | free    1.6G | cache 841.6M | buff   56.1M | slab   74.5M |
MEM | tot     3.8G | free    1.6G | cache 841.6M | buff   56.1M | slab   74.5M |
MEM | tot     3.8G | free    1.6G | cache 841.6M | buff   56.1M | slab   74.5M |
MEM | tot     3.8G | free    1.6G | cache 841.6M | buff   56.1M | slab   74.5M |
MEM | tot     3.8G | free    1.6G | cache 841.6M | buff   56.1M | slab   74.5M |
MEM | tot     3.8G | free    1.6G | cache 841.7M | buff   56.1M | slab   74.5M |
MEM | tot     3.8G | free    1.6G | cache 841.7M | buff   56.1M | slab   74.5M |
MEM | tot     3.8G | free    1.6G | cache 841.7M | buff   56.1M | slab   74.5M |
MEM | tot     3.8G | free    1.6G | cache 841.7M | buff   56.1M | slab   74.5M |
MEM | tot     3.8G | free    1.6G | cache 841.7M | buff   56.1M | slab   74.5M |
MEM | tot     3.8G | free    1.6G | cache 841.7M | buff   56.1M | slab   74.5M |
MEM | tot     3.8G | free    1.6G | cache 841.7M | buff   56.1M | slab   74.5M |
MEM | tot     3.8G | free    1.6G | cache 841.7M | buff   56.1M | slab   74.5M |
MEM | tot     3.8G | free    1.6G | cache 841.8M | buff   56.1M | slab   74.5M |
MEM | tot     3.8G | free    1.6G | cache 841.8M | buff   56.1M | slab   74.5M |
MEM | tot     3.8G | free    1.6G | cache 841.8M | buff   56.1M | slab   74.5M |
MEM | tot     3.8G | free    1.6G | cache 841.8M | buff   56.1M | slab   74.5M |
MEM | tot     3.8G | free    1.6G | cache 841.8M | buff   56.1M | slab   74.5M |
MEM | tot     3.8G | free    1.6G | cache 841.8M | buff   56.1M | slab   74.5M |
MEM | tot     3.8G | free    1.6G | cache 841.8M | buff   56.1M | slab   74.5M |
MEM | tot     3.8G | free    1.6G | cache 841.8M | buff   56.1M | slab   74.5M |
MEM | tot     3.8G | free    1.6G | cache 841.8M | buff   56.1M | slab   74.5M |
MEM | tot     3.8G | free    1.6G | cache 841.9M | buff   56.1M | slab   74.5M |
MEM | tot     3.8G | free    1.6G | cache 841.9M | buff   56.1M | slab   74.5M |
MEM | tot     3.8G | free    1.6G | cache 841.9M | buff   56.1M | slab   74.5M |
MEM | tot     3.8G | free    1.6G | cache 841.9M | buff   56.2M | slab   74.5M |
MEM | tot     3.8G | free    1.6G | cache 841.9M | buff   56.2M | slab   74.5M |
MEM | tot     3.8G | free    1.6G | cache 841.9M | buff   56.2M | slab   74.5M |
MEM | tot     3.8G | free    1.6G | cache 841.9M | buff   56.2M | slab   74.5M |
MEM | tot     3.8G | free    1.6G | cache 841.9M | buff   56.2M | slab   74.5M |
MEM | tot     3.8G | free    1.6G | cache 842.0M | buff   56.2M | slab   74.5M |
MEM | tot     3.8G | free    1.6G | cache 842.0M | buff   56.2M | slab   74.5M |
MEM | tot     3.8G | free    1.6G | cache 842.0M | buff   56.2M | slab   74.5M |
MEM | tot     3.8G | free    1.6G | cache 842.0M | buff   56.2M | slab   74.5M |
MEM | tot     3.8G | free    1.6G | cache 842.0M | buff   56.2M | slab   74.5M |
MEM | tot     3.8G | free    1.6G | cache 842.0M | buff   56.2M | slab   74.5M |
MEM | tot     3.8G | free    1.6G | cache 842.0M | buff   56.2M | slab   74.5M |
MEM | tot     3.8G | free    1.6G | cache 842.0M | buff   56.2M | slab   74.5M |
MEM | tot     3.8G | free    1.6G | cache 842.1M | buff   56.2M | slab   74.5M |
MEM | tot     3.8G | free    1.6G | cache 842.1M | buff   56.2M | slab   74.5M |
MEM | tot     3.8G | free    1.6G | cache 842.1M | buff   56.2M | slab   74.5M |
MEM | tot     3.8G | free    1.6G | cache 842.1M | buff   56.2M | slab   74.5M |
MEM | tot     3.8G | free    1.6G | cache 842.1M | buff   56.2M | slab   74.5M |
MEM | tot     3.8G | free    1.6G | cache 842.1M | buff   56.2M | slab   74.5M |
MEM | tot     3.8G | free    1.6G | cache 842.1M | buff   56.2M | slab   74.5M |
MEM | tot     3.8G | free    1.6G | cache 842.1M | buff   56.2M | slab   74.5M |
MEM | tot     3.8G | free    1.6G | cache 842.2M | buff   56.2M | slab   74.5M |
MEM | tot     3.8G | free    1.6G | cache 842.2M | buff   56.2M | slab   74.5M |
MEM | tot     3.8G | free    1.6G | cache 842.2M | buff   56.2M | slab   74.5M |
MEM | tot     3.8G | free    1.6G | cache 842.2M | buff   56.2M | slab   74.5M |
MEM | tot     3.8G | free    1.6G | cache 842.2M | buff   56.2M | slab   74.5M |
MEM | tot     3.8G | free    1.6G | cache 842.2M | buff   56.2M | slab   74.5M |
MEM | tot     3.8G | free    1.6G | cache 842.2M | buff   56.2M | slab   74.5M |
MEM | tot     3.8G | free    1.6G | cache 842.2M | buff   56.2M | slab   74.5M |
MEM | tot     3.8G | free    1.6G | cache 842.3M | buff   56.2M | slab   74.5M |
MEM | tot     3.8G | free    1.6G | cache 842.3M | buff   56.2M | slab   74.5M |
MEM | tot     3.8G | free    1.6G | cache 842.3M | buff   56.2M | slab   74.5M |
MEM | tot     3.8G | free    1.6G | cache 842.3M | buff   56.2M | slab   74.5M |
MEM | tot     3.8G | free    1.6G | cache 842.3M | buff   56.2M | slab   74.5M |
MEM | tot     3.8G | free    1.6G | cache 842.3M | buff   56.2M | slab   74.5M |
MEM | tot     3.8G | free    1.6G | cache 842.3M | buff   56.2M | slab   74.5M |
MEM | tot     3.8G | free    1.6G | cache 842.3M | buff   56.2M | slab   74.5M |
MEM | tot     3.8G | free    1.6G | cache 842.4M | buff   56.2M | slab   74.5M |
MEM | tot     3.8G | free    1.6G | cache 842.4M | buff   56.2M | slab   74.5M |
MEM | tot     3.8G | free    1.6G | cache 842.4M | buff   56.2M | slab   74.5M |
MEM | tot     3.8G | free    1.6G | cache 842.4M | buff   56.2M | slab   74.5M |
MEM | tot     3.8G | free    1.6G | cache 842.4M | buff   56.2M | slab   74.5M |
MEM | tot     3.8G | free    1.6G | cache 842.4M | buff   56.2M | slab   74.5M |
MEM | tot     3.8G | free    1.6G | cache 842.4M | buff   56.2M | slab   74.5M |
MEM | tot     3.8G | free    1.6G | cache 842.4M | buff   56.2M | slab   74.5M |
MEM | tot     3.8G | free    1.6G | cache 842.4M | buff   56.2M | slab   74.5M |
MEM | tot     3.8G | free    1.6G | cache 842.5M | buff   56.2M | slab   74.5M |
MEM | tot     3.8G | free    1.6G | cache 842.5M | buff   56.2M | slab   74.5M |
MEM | tot     3.8G | free    1.6G | cache 842.5M | buff   56.2M | slab   74.5M |
MEM | tot     3.8G | free    1.6G | cache 842.5M | buff   56.2M | slab   74.5M |
MEM | tot     3.8G | free    1.6G | cache 842.5M | buff   56.2M | slab   74.5M |
MEM | tot     3.8G | free    1.6G | cache 842.5M | buff   56.2M | slab   74.5M |
MEM | tot     3.8G | free    1.6G | cache 842.5M | buff   56.2M | slab   74.5M |
MEM | tot     3.8G | free    1.6G | cache 842.5M | buff   56.2M | slab   74.5M |
MEM | tot     3.8G | free    1.6G | cache 842.6M | buff   56.2M | slab   74.5M |
MEM | tot     3.8G | free    1.6G | cache 842.6M | buff   56.2M | slab   74.5M |
MEM | tot     3.8G | free    1.6G | cache 842.6M | buff   56.2M | slab   74.5M |
MEM | tot     3.8G | free    1.6G | cache 842.6M | buff   56.2M | slab   74.5M |
MEM | tot     3.8G | free    1.6G | cache 842.6M | buff   56.2M | slab   74.5M |
MEM | tot     3.8G | free    1.6G | cache 842.6M | buff   56.2M | slab   74.5M |
MEM | tot     3.8G | free    1.6G | cache 842.6M | buff   56.2M | slab   74.5M |
MEM | tot     3.8G | free    1.6G | cache 842.6M | buff   56.2M | slab   74.5M |
MEM | tot     3.8G | free    1.6G | cache 842.7M | buff   56.2M | slab   74.5M |
MEM | tot     3.8G | free    1.6G | cache 842.7M | buff   56.2M | slab   74.5M |
MEM | tot     3.8G | free    1.6G | cache 842.7M | buff   56.2M | slab   74.5M |
MEM | tot     3.8G | free    1.6G | cache 842.7M | buff   56.3M | slab   74.5M |
MEM | tot     3.8G | free    1.6G | cache 842.7M | buff   56.3M | slab   74.5M |
MEM | tot     3.8G | free    1.6G | cache 842.7M | buff   56.3M | slab   74.5M |
MEM | tot     3.8G | free    1.6G | cache 842.7M | buff   56.3M | slab   74.5M |
MEM | tot     3.8G | free    1.6G | cache 842.7M | buff   56.3M | slab   74.5M |
MEM | tot     3.8G | free    1.6G | cache 842.8M | buff   56.3M | slab   74.5M |
MEM | tot     3.8G | free    1.6G | cache 842.8M | buff   56.3M | slab   74.5M |
MEM | tot     3.8G | free    1.6G | cache 842.8M | buff   56.3M | slab   74.5M |
MEM | tot     3.8G | free    1.6G | cache 842.8M | buff   56.3M | slab   74.5M |
MEM | tot     3.8G | free    1.6G | cache 842.8M | buff   56.3M | slab   74.5M |
MEM | tot     3.8G | free    1.6G | cache 842.8M | buff   56.3M | slab   74.5M |
MEM | tot     3.8G | free    1.6G | cache 842.8M | buff   56.3M | slab   74.5M |
MEM | tot     3.8G | free    1.6G | cache 842.8M | buff   56.3M | slab   74.5M |
MEM | tot     3.8G | free    1.6G | cache 842.9M | buff   56.3M | slab   74.5M |
MEM | tot     3.8G | free    1.6G | cache 842.9M | buff   56.3M | slab   74.5M |
MEM | tot     3.8G | free    1.6G | cache 842.9M | buff   56.3M | slab   74.5M |
MEM | tot     3.8G | free    1.6G | cache 842.9M | buff   56.3M | slab   74.5M |
MEM | tot     3.8G | free    1.6G | cache 842.9M | buff   56.3M | slab   74.5M |
MEM | tot     3.8G | free    1.6G | cache 842.9M | buff   56.3M | slab   74.5M |
MEM | tot     3.8G | free    1.6G | cache 842.9M | buff   56.3M | slab   74.5M |
MEM | tot     3.8G | free    1.6G | cache 842.9M | buff   56.3M | slab   74.5M |
MEM | tot     3.8G | free    1.6G | cache 842.9M | buff   56.3M | slab   74.5M |
MEM | tot     3.8G | free    1.6G | cache 843.0M | buff   56.3M | slab   74.5M |
MEM | tot     3.8G | free    1.6G | cache 843.0M | buff   56.3M | slab   74.5M |
MEM | tot     3.8G | free    1.6G | cache 843.0M | buff   56.3M | slab   74.5M |
MEM | tot     3.8G | free    1.6G | cache 843.0M | buff   56.3M | slab   74.5M |
MEM | tot     3.8G | free    1.6G | cache 843.0M | buff   56.3M | slab   74.5M |
MEM | tot     3.8G | free    1.6G | cache 843.0M | buff   56.3M | slab   74.5M |
MEM | tot     3.8G | free    1.6G | cache 843.0M | buff   56.3M | slab   74.5M |
MEM | tot     3.8G | free    1.6G | cache 843.0M | buff   56.3M | slab   74.5M |
MEM | tot     3.8G | free    1.6G | cache 843.1M | buff   56.3M | slab   74.5M |
MEM | tot     3.8G | free    1.6G | cache 843.1M | buff   56.3M | slab   74.5M |
MEM | tot     3.8G | free    1.6G | cache 843.1M | buff   56.3M | slab   74.5M |
MEM | tot     3.8G | free    1.6G | cache 843.1M | buff   56.3M | slab   74.5M |
MEM | tot     3.8G | free    1.6G | cache 843.1M | buff   56.3M | slab   74.5M |
MEM | tot     3.8G | free    1.6G | cache 843.1M | buff   56.3M | slab   74.5M |
MEM | tot     3.8G | free    1.6G | cache 843.1M | buff   56.3M | slab   74.5M |
