MEM | tot     3.8G | free    1.6G | cache 836.9M | buff   56.3M | slab   74.4M |
MEM | tot     3.8G | free    1.6G | cache 844.0M | buff   56.3M | slab   74.5M |
MEM | tot     3.8G | free    1.6G | cache 852.8M | buff   56.3M | slab   74.5M |
MEM | tot     3.8G | free    1.6G | cache 852.8M | buff   56.3M | slab   74.5M |
MEM | tot     3.8G | free    1.6G | cache 852.8M | buff   56.3M | slab   74.5M |
MEM | tot     3.8G | free    1.6G | cache 852.8M | buff   56.3M | slab   74.5M |
MEM | tot     3.8G | free    1.6G | cache 852.8M | buff   56.3M | slab   74.5M |
MEM | tot     3.8G | free    1.6G | cache 845.4M | buff   56.3M | slab   74.5M |
MEM | tot     3.8G | free    1.6G | cache 844.6M | buff   56.3M | slab   74.5M |
MEM | tot     3.8G | free    1.6G | cache 844.6M | buff   56.3M | slab   74.5M |
MEM | tot     3.8G | free    1.6G | cache 844.6M | buff   56.3M | slab   74.5M |
MEM | tot     3.8G | free    1.6G | cache 844.6M | buff   56.3M | slab   74.5M |
MEM | tot     3.8G | free    1.6G | cache 844.6M | buff   56.3M | slab   74.5M |
MEM | tot     3.8G | free    1.6G | cache 844.7M | buff   56.3M | slab   74.5M |
MEM | tot     3.8G | free    1.6G | cache 844.7M | buff   56.3M | slab   74.5M |
MEM | tot     3.8G | free    1.6G | cache 844.7M | buff   56.3M | slab   74.5M |
MEM | tot     3.8G | free    1.6G | cache 844.7M | buff   56.3M | slab   74.5M |
MEM | tot     3.8G | free    1.6G | cache 844.7M | buff   56.3M | slab   74.5M |
MEM | tot     3.8G | free    1.6G | cache 844.7M | buff   56.3M | slab   74.5M |
MEM | tot     3.8G | free    1.6G | cache 844.7M | buff   56.3M | slab   74.5M |
MEM | tot     3.8G | free    1.6G | cache 844.7M | buff   56.4M | slab   74.5M |
MEM | tot     3.8G | free    1.6G | cache 844.8M | buff   56.4M | slab   74.5M |
