MEM | tot     3.8G | free    1.7G | cache 837.0M | buff   56.6M | slab   74.5M |
MEM | tot     3.8G | free    1.6G | cache 842.0M | buff   56.6M | slab   74.5M |
MEM | tot     3.8G | free    1.6G | cache 855.1M | buff   56.6M | slab   74.6M |
MEM | tot     3.8G | free    1.6G | cache 855.1M | buff   56.6M | slab   74.6M |
MEM | tot     3.8G | free    1.6G | cache 855.1M | buff   56.6M | slab   74.6M |
MEM | tot     3.8G | free    1.6G | cache 855.1M | buff   56.6M | slab   74.6M |
MEM | tot     3.8G | free    1.6G | cache 854.9M | buff   56.6M | slab   74.6M |
MEM | tot     3.8G | free    1.6G | cache 844.7M | buff   56.6M | slab   74.6M |
MEM | tot     3.8G | free    1.6G | cache 844.7M | buff   56.6M | slab   74.6M |
MEM | tot     3.8G | free    1.6G | cache 844.7M | buff   56.6M | slab   74.6M |
MEM | tot     3.8G | free    1.6G | cache 844.7M | buff   56.6M | slab   74.6M |
MEM | tot     3.8G | free    1.6G | cache 844.7M | buff   56.6M | slab   74.6M |
MEM | tot     3.8G | free    1.6G | cache 844.7M | buff   56.6M | slab   74.6M |
MEM | tot     3.8G | free    1.6G | cache 844.7M | buff   56.6M | slab   74.6M |
MEM | tot     3.8G | free    1.6G | cache 844.7M | buff   56.6M | slab   74.6M |
MEM | tot     3.8G | free    1.6G | cache 844.8M | buff   56.6M | slab   74.6M |
MEM | tot     3.8G | free    1.6G | cache 844.8M | buff   56.6M | slab   74.6M |
MEM | tot     3.8G | free    1.6G | cache 844.8M | buff   56.6M | slab   74.6M |
MEM | tot     3.8G | free    1.6G | cache 844.8M | buff   56.6M | slab   74.6M |
MEM | tot     3.8G | free    1.6G | cache 844.8M | buff   56.6M | slab   74.6M |
MEM | tot     3.8G | free    1.6G | cache 844.8M | buff   56.6M | slab   74.6M |
MEM | tot     3.8G | free    1.6G | cache 844.8M | buff   56.6M | slab   74.6M |
MEM | tot     3.8G | free    1.6G | cache 845.0M | buff   56.6M | slab   74.6M |
MEM | tot     3.8G | free    1.6G | cache 845.0M | buff   56.6M | slab   74.6M |
MEM | tot     3.8G | free    1.6G | cache 845.0M | buff   56.6M | slab   74.6M |
MEM | tot     3.8G | free    1.6G | cache 845.0M | buff   56.6M | slab   74.6M |
MEM | tot     3.8G | free    1.6G | cache 845.0M | buff   56.6M | slab   74.6M |
MEM | tot     3.8G | free    1.6G | cache 845.0M | buff   56.6M | slab   74.6M |
MEM | tot     3.8G | free    1.6G | cache 845.0M | buff   56.6M | slab   74.6M |
MEM | tot     3.8G | free    1.6G | cache 845.0M | buff   56.6M | slab   74.6M |
MEM | tot     3.8G | free    1.6G | cache 845.1M | buff   56.6M | slab   74.6M |
MEM | tot     3.8G | free    1.6G | cache 845.1M | buff   56.6M | slab   74.6M |
MEM | tot     3.8G | free    1.6G | cache 845.1M | buff   56.6M | slab   74.6M |
MEM | tot     3.8G | free    1.6G | cache 845.1M | buff   56.6M | slab   74.6M |
MEM | tot     3.8G | free    1.6G | cache 845.1M | buff   56.6M | slab   74.6M |
MEM | tot     3.8G | free    1.6G | cache 845.1M | buff   56.6M | slab   74.6M |
MEM | tot     3.8G | free    1.6G | cache 845.1M | buff   56.6M | slab   74.6M |
MEM | tot     3.8G | free    1.6G | cache 845.1M | buff   56.6M | slab   74.6M |
MEM | tot     3.8G | free    1.6G | cache 845.2M | buff   56.6M | slab   74.6M |
MEM | tot     3.8G | free    1.6G | cache 845.2M | buff   56.6M | slab   74.6M |
MEM | tot     3.8G | free    1.6G | cache 845.2M | buff   56.6M | slab   74.6M |
MEM | tot     3.8G | free    1.6G | cache 845.2M | buff   56.6M | slab   74.6M |
MEM | tot     3.8G | free    1.6G | cache 845.2M | buff   56.6M | slab   74.6M |
MEM | tot     3.8G | free    1.6G | cache 845.2M | buff   56.6M | slab   74.6M |
MEM | tot     3.8G | free    1.6G | cache 845.2M | buff   56.6M | slab   74.6M |
MEM | tot     3.8G | free    1.6G | cache 845.2M | buff   56.6M | slab   74.6M |
MEM | tot     3.8G | free    1.6G | cache 845.3M | buff   56.6M | slab   74.6M |
MEM | tot     3.8G | free    1.6G | cache 845.3M | buff   56.6M | slab   74.6M |
MEM | tot     3.8G | free    1.6G | cache 845.3M | buff   56.6M | slab   74.6M |
MEM | tot     3.8G | free    1.6G | cache 845.3M | buff   56.6M | slab   74.6M |
MEM | tot     3.8G | free    1.6G | cache 845.3M | buff   56.6M | slab   74.6M |
MEM | tot     3.8G | free    1.6G | cache 845.3M | buff   56.6M | slab   74.6M |
MEM | tot     3.8G | free    1.6G | cache 845.3M | buff   56.6M | slab   74.6M |
MEM | tot     3.8G | free    1.6G | cache 845.3M | buff   56.6M | slab   74.6M |
MEM | tot     3.8G | free    1.6G | cache 845.4M | buff   56.7M | slab   74.6M |
MEM | tot     3.8G | free    1.6G | cache 845.4M | buff   56.7M | slab   74.6M |
MEM | tot     3.8G | free    1.6G | cache 845.4M | buff   56.7M | slab   74.6M |
MEM | tot     3.8G | free    1.6G | cache 845.4M | buff   56.7M | slab   74.6M |
MEM | tot     3.8G | free    1.6G | cache 845.4M | buff   56.7M | slab   74.6M |
MEM | tot     3.8G | free    1.6G | cache 845.4M | buff   56.7M | slab   74.6M |
MEM | tot     3.8G | free    1.6G | cache 845.4M | buff   56.7M | slab   74.6M |
MEM | tot     3.8G | free    1.6G | cache 845.4M | buff   56.7M | slab   74.6M |
MEM | tot     3.8G | free    1.6G | cache 845.4M | buff   56.7M | slab   74.6M |
MEM | tot     3.8G | free    1.6G | cache 845.5M | buff   56.7M | slab   74.6M |
MEM | tot     3.8G | free    1.6G | cache 845.5M | buff   56.7M | slab   74.6M |
MEM | tot     3.8G | free    1.6G | cache 845.5M | buff   56.7M | slab   74.6M |
MEM | tot     3.8G | free    1.6G | cache 845.5M | buff   56.7M | slab   74.6M |
MEM | tot     3.8G | free    1.6G | cache 845.5M | buff   56.7M | slab   74.6M |
MEM | tot     3.8G | free    1.6G | cache 845.5M | buff   56.7M | slab   74.6M |
MEM | tot     3.8G | free    1.6G | cache 845.5M | buff   56.7M | slab   74.6M |
MEM | tot     3.8G | free    1.6G | cache 845.5M | buff   56.7M | slab   74.6M |
MEM | tot     3.8G | free    1.6G | cache 845.6M | buff   56.7M | slab   74.6M |
MEM | tot     3.8G | free    1.6G | cache 841.3M | buff   56.7M | slab   74.6M |
MEM | tot     3.8G | free    1.6G | cache 841.3M | buff   56.7M | slab   74.6M |
MEM | tot     3.8G | free    1.6G | cache 841.3M | buff   56.7M | slab   74.6M |
MEM | tot     3.8G | free    1.6G | cache 841.3M | buff   56.7M | slab   74.6M |
MEM | tot     3.8G | free    1.6G | cache 841.3M | buff   56.7M | slab   74.6M |
MEM | tot     3.8G | free    1.6G | cache 841.3M | buff   56.7M | slab   74.6M |
MEM | tot     3.8G | free    1.6G | cache 841.3M | buff   56.7M | slab   74.6M |
MEM | tot     3.8G | free    1.6G | cache 841.3M | buff   56.7M | slab   74.6M |
MEM | tot     3.8G | free    1.6G | cache 841.4M | buff   56.7M | slab   74.6M |
MEM | tot     3.8G | free    1.6G | cache 841.4M | buff   56.7M | slab   74.6M |
MEM | tot     3.8G | free    1.6G | cache 841.4M | buff   56.7M | slab   74.6M |
MEM | tot     3.8G | free    1.6G | cache 841.4M | buff   56.7M | slab   74.6M |
MEM | tot     3.8G | free    1.6G | cache 841.4M | buff   56.7M | slab   74.6M |
MEM | tot     3.8G | free    1.6G | cache 841.4M | buff   56.7M | slab   74.6M |
MEM | tot     3.8G | free    1.6G | cache 841.4M | buff   56.7M | slab   74.6M |
MEM | tot     3.8G | free    1.6G | cache 841.4M | buff   56.7M | slab   74.6M |
MEM | tot     3.8G | free    1.6G | cache 841.5M | buff   56.7M | slab   74.6M |
MEM | tot     3.8G | free    1.6G | cache 841.5M | buff   56.7M | slab   74.6M |
MEM | tot     3.8G | free    1.6G | cache 841.5M | buff   56.7M | slab   74.6M |
MEM | tot     3.8G | free    1.6G | cache 841.5M | buff   56.7M | slab   74.6M |
MEM | tot     3.8G | free    1.6G | cache 841.5M | buff   56.7M | slab   74.6M |
MEM | tot     3.8G | free    1.6G | cache 841.5M | buff   56.7M | slab   74.6M |
MEM | tot     3.8G | free    1.6G | cache 841.5M | buff   56.7M | slab   74.6M |
MEM | tot     3.8G | free    1.6G | cache 841.5M | buff   56.7M | slab   74.6M |
MEM | tot     3.8G | free    1.6G | cache 841.6M | buff   56.7M | slab   74.6M |
MEM | tot     3.8G | free    1.6G | cache 841.6M | buff   56.7M | slab   74.6M |
MEM | tot     3.8G | free    1.6G | cache 841.6M | buff   56.7M | slab   74.6M |
MEM | tot     3.8G | free    1.6G | cache 841.6M | buff   56.7M | slab   74.6M |
