MEM | tot     3.8G | free    1.6G | cache 841.2M | buff   56.4M | slab   74.5M |
MEM | tot     3.8G | free    1.6G | cache 841.9M | buff   56.4M | slab   74.5M |
MEM | tot     3.8G | free    1.6G | cache 852.7M | buff   56.4M | slab   74.5M |
MEM | tot     3.8G | free    1.6G | cache 852.8M | buff   56.4M | slab   74.6M |
MEM | tot     3.8G | free    1.6G | cache 852.8M | buff   56.4M | slab   74.6M |
MEM | tot     3.8G | free    1.6G | cache 852.8M | buff   56.4M | slab   74.6M |
MEM | tot     3.8G | free    1.6G | cache 852.6M | buff   56.4M | slab   74.6M |
MEM | tot     3.8G | free    1.6G | cache 844.6M | buff   56.4M | slab   74.6M |
MEM | tot     3.8G | free    1.6G | cache 844.6M | buff   56.4M | slab   74.6M |
MEM | tot     3.8G | free    1.6G | cache 844.6M | buff   56.4M | slab   74.6M |
MEM | tot     3.8G | free    1.6G | cache 844.6M | buff   56.4M | slab   74.6M |
MEM | tot     3.8G | free    1.6G | cache 844.6M | buff   56.4M | slab   74.6M |
MEM | tot     3.8G | free    1.6G | cache 844.7M | buff   56.4M | slab   74.6M |
MEM | tot     3.8G | free    1.6G | cache 844.7M | buff   56.4M | slab   74.6M |
MEM | tot     3.8G | free    1.6G | cache 844.7M | buff   56.4M | slab   74.6M |
MEM | tot     3.8G | free    1.6G | cache 844.7M | buff   56.4M | slab   74.6M |
MEM | tot     3.8G | free    1.6G | cache 844.7M | buff   56.4M | slab   74.6M |
MEM | tot     3.8G | free    1.6G | cache 844.7M | buff   56.4M | slab   74.6M |
MEM | tot     3.8G | free    1.6G | cache 844.7M | buff   56.4M | slab   74.6M |
MEM | tot     3.8G | free    1.6G | cache 844.7M | buff   56.4M | slab   74.6M |
MEM | tot     3.8G | free    1.6G | cache 844.8M | buff   56.4M | slab   74.6M |
MEM | tot     3.8G | free    1.6G | cache 844.8M | buff   56.4M | slab   74.6M |
MEM | tot     3.8G | free    1.6G | cache 844.8M | buff   56.4M | slab   74.6M |
MEM | tot     3.8G | free    1.6G | cache 844.8M | buff   56.4M | slab   74.6M |
MEM | tot     3.8G | free    1.6G | cache 844.8M | buff   56.4M | slab   74.6M |
MEM | tot     3.8G | free    1.6G | cache 844.8M | buff   56.4M | slab   74.6M |
MEM | tot     3.8G | free    1.6G | cache 844.8M | buff   56.4M | slab   74.6M |
MEM | tot     3.8G | free    1.6G | cache 844.8M | buff   56.4M | slab   74.6M |
MEM | tot     3.8G | free    1.6G | cache 844.9M | buff   56.4M | slab   74.6M |
MEM | tot     3.8G | free    1.6G | cache 844.9M | buff   56.4M | slab   74.6M |
MEM | tot     3.8G | free    1.6G | cache 844.9M | buff   56.4M | slab   74.6M |
MEM | tot     3.8G | free    1.6G | cache 844.9M | buff   56.4M | slab   74.6M |
MEM | tot     3.8G | free    1.6G | cache 844.9M | buff   56.4M | slab   74.6M |
MEM | tot     3.8G | free    1.6G | cache 844.9M | buff   56.4M | slab   74.6M |
MEM | tot     3.8G | free    1.6G | cache 844.9M | buff   56.4M | slab   74.6M |
MEM | tot     3.8G | free    1.6G | cache 844.9M | buff   56.4M | slab   74.6M |
MEM | tot     3.8G | free    1.6G | cache 845.0M | buff   56.4M | slab   74.6M |
MEM | tot     3.8G | free    1.6G | cache 845.0M | buff   56.4M | slab   74.6M |
MEM | tot     3.8G | free    1.6G | cache 845.7M | buff   56.4M | slab   74.6M |
MEM | tot     3.8G | free    1.6G | cache 845.7M | buff   56.4M | slab   74.6M |
MEM | tot     3.8G | free    1.6G | cache 845.8M | buff   56.4M | slab   74.6M |
MEM | tot     3.8G | free    1.6G | cache 845.8M | buff   56.4M | slab   74.6M |
MEM | tot     3.8G | free    1.6G | cache 845.8M | buff   56.4M | slab   74.6M |
MEM | tot     3.8G | free    1.6G | cache 845.5M | buff   56.4M | slab   74.6M |
MEM | tot     3.8G | free    1.6G | cache 845.6M | buff   56.4M | slab   74.6M |
MEM | tot     3.8G | free    1.6G | cache 845.6M | buff   56.4M | slab   74.6M |
MEM | tot     3.8G | free    1.6G | cache 845.1M | buff   56.4M | slab   74.6M |
MEM | tot     3.8G | free    1.6G | cache 845.1M | buff   56.4M | slab   74.6M |
MEM | tot     3.8G | free    1.6G | cache 845.1M | buff   56.4M | slab   74.6M |
MEM | tot     3.8G | free    1.6G | cache 845.1M | buff   56.4M | slab   74.6M |
MEM | tot     3.8G | free    1.6G | cache 845.1M | buff   56.4M | slab   74.6M |
MEM | tot     3.8G | free    1.6G | cache 845.1M | buff   56.4M | slab   74.5M |
MEM | tot     3.8G | free    1.6G | cache 845.1M | buff   56.4M | slab   74.5M |
MEM | tot     3.8G | free    1.6G | cache 845.2M | buff   56.4M | slab   74.6M |
MEM | tot     3.8G | free    1.6G | cache 845.2M | buff   56.4M | slab   74.6M |
MEM | tot     3.8G | free    1.6G | cache 845.2M | buff   56.4M | slab   74.6M |
MEM | tot     3.8G | free    1.6G | cache 845.2M | buff   56.5M | slab   74.6M |
MEM | tot     3.8G | free    1.6G | cache 845.2M | buff   56.5M | slab   74.6M |
MEM | tot     3.8G | free    1.6G | cache 845.2M | buff   56.5M | slab   74.6M |
MEM | tot     3.8G | free    1.6G | cache 845.3M | buff   56.5M | slab   74.6M |
MEM | tot     3.8G | free    1.6G | cache 845.3M | buff   56.5M | slab   74.6M |
MEM | tot     3.8G | free    1.6G | cache 845.3M | buff   56.5M | slab   74.6M |
MEM | tot     3.8G | free    1.6G | cache 845.3M | buff   56.5M | slab   74.6M |
MEM | tot     3.8G | free    1.6G | cache 845.3M | buff   56.5M | slab   74.6M |
MEM | tot     3.8G | free    1.6G | cache 845.3M | buff   56.5M | slab   74.6M |
MEM | tot     3.8G | free    1.6G | cache 845.3M | buff   56.5M | slab   74.6M |
MEM | tot     3.8G | free    1.6G | cache 845.3M | buff   56.5M | slab   74.6M |
MEM | tot     3.8G | free    1.6G | cache 845.4M | buff   56.5M | slab   74.6M |
MEM | tot     3.8G | free    1.6G | cache 845.4M | buff   56.5M | slab   74.6M |
MEM | tot     3.8G | free    1.6G | cache 845.4M | buff   56.5M | slab   74.6M |
MEM | tot     3.8G | free    1.6G | cache 845.4M | buff   56.5M | slab   74.6M |
MEM | tot     3.8G | free    1.6G | cache 845.4M | buff   56.5M | slab   74.6M |
MEM | tot     3.8G | free    1.6G | cache 841.1M | buff   56.5M | slab   74.6M |
MEM | tot     3.8G | free    1.6G | cache 841.1M | buff   56.5M | slab   74.6M |
MEM | tot     3.8G | free    1.6G | cache 841.1M | buff   56.5M | slab   74.6M |
MEM | tot     3.8G | free    1.6G | cache 841.1M | buff   56.5M | slab   74.6M |
MEM | tot     3.8G | free    1.6G | cache 841.1M | buff   56.5M | slab   74.6M |
MEM | tot     3.8G | free    1.6G | cache 841.2M | buff   56.5M | slab   74.6M |
MEM | tot     3.8G | free    1.6G | cache 841.2M | buff   56.5M | slab   74.6M |
MEM | tot     3.8G | free    1.6G | cache 841.2M | buff   56.5M | slab   74.6M |
MEM | tot     3.8G | free    1.6G | cache 841.2M | buff   56.5M | slab   74.6M |
MEM | tot     3.8G | free    1.6G | cache 841.2M | buff   56.5M | slab   74.6M |
MEM | tot     3.8G | free    1.6G | cache 841.2M | buff   56.5M | slab   74.6M |
MEM | tot     3.8G | free    1.6G | cache 841.2M | buff   56.5M | slab   74.6M |
MEM | tot     3.8G | free    1.6G | cache 841.2M | buff   56.5M | slab   74.6M |
MEM | tot     3.8G | free    1.6G | cache 841.3M | buff   56.5M | slab   74.6M |
MEM | tot     3.8G | free    1.6G | cache 841.3M | buff   56.5M | slab   74.6M |
MEM | tot     3.8G | free    1.6G | cache 841.3M | buff   56.5M | slab   74.6M |
MEM | tot     3.8G | free    1.6G | cache 841.3M | buff   56.5M | slab   74.6M |
MEM | tot     3.8G | free    1.6G | cache 841.3M | buff   56.5M | slab   74.6M |
MEM | tot     3.8G | free    1.6G | cache 841.3M | buff   56.5M | slab   74.6M |
MEM | tot     3.8G | free    1.6G | cache 841.3M | buff   56.5M | slab   74.6M |
MEM | tot     3.8G | free    1.6G | cache 841.3M | buff   56.5M | slab   74.6M |
MEM | tot     3.8G | free    1.6G | cache 841.4M | buff   56.5M | slab   74.6M |
MEM | tot     3.8G | free    1.6G | cache 841.4M | buff   56.5M | slab   74.6M |
MEM | tot     3.8G | free    1.6G | cache 841.4M | buff   56.5M | slab   74.6M |
MEM | tot     3.8G | free    1.6G | cache 841.4M | buff   56.5M | slab   74.6M |
MEM | tot     3.8G | free    1.6G | cache 841.4M | buff   56.5M | slab   74.6M |
MEM | tot     3.8G | free    1.6G | cache 841.4M | buff   56.5M | slab   74.6M |
MEM | tot     3.8G | free    1.6G | cache 841.4M | buff   56.5M | slab   74.6M |
MEM | tot     3.8G | free    1.6G | cache 841.4M | buff   56.5M | slab   74.6M |
MEM | tot     3.8G | free    1.6G | cache 841.5M | buff   56.5M | slab   74.6M |
MEM | tot     3.8G | free    1.6G | cache 841.5M | buff   56.5M | slab   74.6M |
MEM | tot     3.8G | free    1.6G | cache 841.5M | buff   56.5M | slab   74.6M |
MEM | tot     3.8G | free    1.6G | cache 841.5M | buff   56.5M | slab   74.6M |
MEM | tot     3.8G | free    1.6G | cache 841.5M | buff   56.5M | slab   74.6M |
MEM | tot     3.8G | free    1.6G | cache 841.5M | buff   56.5M | slab   74.6M |
MEM | tot     3.8G | free    1.6G | cache 841.5M | buff   56.5M | slab   74.6M |
MEM | tot     3.8G | free    1.6G | cache 841.5M | buff   56.5M | slab   74.6M |
MEM | tot     3.8G | free    1.6G | cache 841.6M | buff   56.5M | slab   74.6M |
MEM | tot     3.8G | free    1.6G | cache 841.6M | buff   56.5M | slab   74.6M |
MEM | tot     3.8G | free    1.6G | cache 841.6M | buff   56.5M | slab   74.6M |
MEM | tot     3.8G | free    1.6G | cache 841.6M | buff   56.5M | slab   74.6M |
MEM | tot     3.8G | free    1.6G | cache 841.6M | buff   56.5M | slab   74.6M |
MEM | tot     3.8G | free    1.6G | cache 841.6M | buff   56.5M | slab   74.6M |
MEM | tot     3.8G | free    1.6G | cache 841.6M | buff   56.5M | slab   74.6M |
MEM | tot     3.8G | free    1.6G | cache 841.6M | buff   56.6M | slab   74.6M |
MEM | tot     3.8G | free    1.6G | cache 841.6M | buff   56.6M | slab   74.6M |
MEM | tot     3.8G | free    1.6G | cache 841.7M | buff   56.6M | slab   74.6M |
MEM | tot     3.8G | free    1.6G | cache 841.7M | buff   56.6M | slab   74.6M |
MEM | tot     3.8G | free    1.6G | cache 841.7M | buff   56.6M | slab   74.6M |
MEM | tot     3.8G | free    1.6G | cache 841.7M | buff   56.6M | slab   74.6M |
MEM | tot     3.8G | free    1.6G | cache 841.7M | buff   56.6M | slab   74.6M |
MEM | tot     3.8G | free    1.6G | cache 841.7M | buff   56.6M | slab   74.6M |
MEM | tot     3.8G | free    1.6G | cache 841.7M | buff   56.6M | slab   74.6M |
MEM | tot     3.8G | free    1.6G | cache 841.7M | buff   56.6M | slab   74.6M |
MEM | tot     3.8G | free    1.6G | cache 841.8M | buff   56.6M | slab   74.6M |
MEM | tot     3.8G | free    1.6G | cache 841.8M | buff   56.6M | slab   74.6M |
