E,tot,"3,8",free,"1,6",cache,"841,2",buff,"56,4",slab,"74,5",,"2,2"
E,tot,"3,8",free,"1,6",cache,"841,9",buff,"56,4",slab,"74,5",,"2,2"
E,tot,"3,8",free,"1,6",cache,"852,7",buff,"56,4",slab,"74,5",,"2,2"
E,tot,"3,8",free,"1,6",cache,"852,8",buff,"56,4",slab,"74,6",,"2,2"
E,tot,"3,8",free,"1,6",cache,"852,8",buff,"56,4",slab,"74,6",,"2,2"
E,tot,"3,8",free,"1,6",cache,"852,8",buff,"56,4",slab,"74,6",,"2,2"
E,tot,"3,8",free,"1,6",cache,"852,6",buff,"56,4",slab,"74,6",,"2,2"
E,tot,"3,8",free,"1,6",cache,"844,6",buff,"56,4",slab,"74,6",,"2,2"
E,tot,"3,8",free,"1,6",cache,"844,6",buff,"56,4",slab,"74,6",,"2,2"
E,tot,"3,8",free,"1,6",cache,"844,6",buff,"56,4",slab,"74,6",,"2,2"
E,tot,"3,8",free,"1,6",cache,"844,6",buff,"56,4",slab,"74,6",,"2,2"
E,tot,"3,8",free,"1,6",cache,"844,6",buff,"56,4",slab,"74,6",,"2,2"
E,tot,"3,8",free,"1,6",cache,"844,7",buff,"56,4",slab,"74,6",,"2,2"
E,tot,"3,8",free,"1,6",cache,"844,7",buff,"56,4",slab,"74,6",,"2,2"
E,tot,"3,8",free,"1,6",cache,"844,7",buff,"56,4",slab,"74,6",,"2,2"
E,tot,"3,8",free,"1,6",cache,"844,7",buff,"56,4",slab,"74,6",,"2,2"
E,tot,"3,8",free,"1,6",cache,"844,7",buff,"56,4",slab,"74,6",,"2,2"
E,tot,"3,8",free,"1,6",cache,"844,7",buff,"56,4",slab,"74,6",,"2,2"
E,tot,"3,8",free,"1,6",cache,"844,7",buff,"56,4",slab,"74,6",,"2,2"
E,tot,"3,8",free,"1,6",cache,"844,7",buff,"56,4",slab,"74,6",,"2,2"
E,tot,"3,8",free,"1,6",cache,"844,8",buff,"56,4",slab,"74,6",,"2,2"
E,tot,"3,8",free,"1,6",cache,"844,8",buff,"56,4",slab,"74,6",,"2,2"
E,tot,"3,8",free,"1,6",cache,"844,8",buff,"56,4",slab,"74,6",,"2,2"
E,tot,"3,8",free,"1,6",cache,"844,8",buff,"56,4",slab,"74,6",,"2,2"
E,tot,"3,8",free,"1,6",cache,"844,8",buff,"56,4",slab,"74,6",,"2,2"
E,tot,"3,8",free,"1,6",cache,"844,8",buff,"56,4",slab,"74,6",,"2,2"
E,tot,"3,8",free,"1,6",cache,"844,8",buff,"56,4",slab,"74,6",,"2,2"
E,tot,"3,8",free,"1,6",cache,"844,8",buff,"56,4",slab,"74,6",,"2,2"
E,tot,"3,8",free,"1,6",cache,"844,9",buff,"56,4",slab,"74,6",,"2,2"
E,tot,"3,8",free,"1,6",cache,"844,9",buff,"56,4",slab,"74,6",,"2,2"
E,tot,"3,8",free,"1,6",cache,"844,9",buff,"56,4",slab,"74,6",,"2,2"
E,tot,"3,8",free,"1,6",cache,"844,9",buff,"56,4",slab,"74,6",,"2,2"
E,tot,"3,8",free,"1,6",cache,"844,9",buff,"56,4",slab,"74,6",,"2,2"
E,tot,"3,8",free,"1,6",cache,"844,9",buff,"56,4",slab,"74,6",,"2,2"
E,tot,"3,8",free,"1,6",cache,"844,9",buff,"56,4",slab,"74,6",,"2,2"
E,tot,"3,8",free,"1,6",cache,"844,9",buff,"56,4",slab,"74,6",,"2,2"
E,tot,"3,8",free,"1,6",cache,845,buff,"56,4",slab,"74,6",,"2,2"
E,tot,"3,8",free,"1,6",cache,845,buff,"56,4",slab,"74,6",,"2,2"
E,tot,"3,8",free,"1,6",cache,"845,7",buff,"56,4",slab,"74,6",,"2,2"
E,tot,"3,8",free,"1,6",cache,"845,7",buff,"56,4",slab,"74,6",,"2,2"
E,tot,"3,8",free,"1,6",cache,"845,8",buff,"56,4",slab,"74,6",,"2,2"
E,tot,"3,8",free,"1,6",cache,"845,8",buff,"56,4",slab,"74,6",,"2,2"
E,tot,"3,8",free,"1,6",cache,"845,8",buff,"56,4",slab,"74,6",,"2,2"
E,tot,"3,8",free,"1,6",cache,"845,5",buff,"56,4",slab,"74,6",,"2,2"
E,tot,"3,8",free,"1,6",cache,"845,6",buff,"56,4",slab,"74,6",,"2,2"
E,tot,"3,8",free,"1,6",cache,"845,6",buff,"56,4",slab,"74,6",,"2,2"
E,tot,"3,8",free,"1,6",cache,"845,1",buff,"56,4",slab,"74,6",,"2,2"
E,tot,"3,8",free,"1,6",cache,"845,1",buff,"56,4",slab,"74,6",,"2,2"
E,tot,"3,8",free,"1,6",cache,"845,1",buff,"56,4",slab,"74,6",,"2,2"
E,tot,"3,8",free,"1,6",cache,"845,1",buff,"56,4",slab,"74,6",,"2,2"
E,tot,"3,8",free,"1,6",cache,"845,1",buff,"56,4",slab,"74,6",,"2,2"
E,tot,"3,8",free,"1,6",cache,"845,1",buff,"56,4",slab,"74,5",,"2,2"
E,tot,"3,8",free,"1,6",cache,"845,1",buff,"56,4",slab,"74,5",,"2,2"
E,tot,"3,8",free,"1,6",cache,"845,2",buff,"56,4",slab,"74,6",,"2,2"
E,tot,"3,8",free,"1,6",cache,"845,2",buff,"56,4",slab,"74,6",,"2,2"
E,tot,"3,8",free,"1,6",cache,"845,2",buff,"56,4",slab,"74,6",,"2,2"
E,tot,"3,8",free,"1,6",cache,"845,2",buff,"56,5",slab,"74,6",,"2,2"
E,tot,"3,8",free,"1,6",cache,"845,2",buff,"56,5",slab,"74,6",,"2,2"
E,tot,"3,8",free,"1,6",cache,"845,2",buff,"56,5",slab,"74,6",,"2,2"
E,tot,"3,8",free,"1,6",cache,"845,3",buff,"56,5",slab,"74,6",,"2,2"
E,tot,"3,8",free,"1,6",cache,"845,3",buff,"56,5",slab,"74,6",,"2,2"
E,tot,"3,8",free,"1,6",cache,"845,3",buff,"56,5",slab,"74,6",,"2,2"
E,tot,"3,8",free,"1,6",cache,"845,3",buff,"56,5",slab,"74,6",,"2,2"
E,tot,"3,8",free,"1,6",cache,"845,3",buff,"56,5",slab,"74,6",,"2,2"
E,tot,"3,8",free,"1,6",cache,"845,3",buff,"56,5",slab,"74,6",,"2,2"
E,tot,"3,8",free,"1,6",cache,"845,3",buff,"56,5",slab,"74,6",,"2,2"
E,tot,"3,8",free,"1,6",cache,"845,3",buff,"56,5",slab,"74,6",,"2,2"
E,tot,"3,8",free,"1,6",cache,"845,4",buff,"56,5",slab,"74,6",,"2,2"
E,tot,"3,8",free,"1,6",cache,"845,4",buff,"56,5",slab,"74,6",,"2,2"
E,tot,"3,8",free,"1,6",cache,"845,4",buff,"56,5",slab,"74,6",,"2,2"
E,tot,"3,8",free,"1,6",cache,"845,4",buff,"56,5",slab,"74,6",,"2,2"
E,tot,"3,8",free,"1,6",cache,"845,4",buff,"56,5",slab,"74,6",,"2,2"
E,tot,"3,8",free,"1,6",cache,"841,1",buff,"56,5",slab,"74,6",,"2,2"
E,tot,"3,8",free,"1,6",cache,"841,1",buff,"56,5",slab,"74,6",,"2,2"
E,tot,"3,8",free,"1,6",cache,"841,1",buff,"56,5",slab,"74,6",,"2,2"
E,tot,"3,8",free,"1,6",cache,"841,1",buff,"56,5",slab,"74,6",,"2,2"
E,tot,"3,8",free,"1,6",cache,"841,1",buff,"56,5",slab,"74,6",,"2,2"
E,tot,"3,8",free,"1,6",cache,"841,2",buff,"56,5",slab,"74,6",,"2,2"
E,tot,"3,8",free,"1,6",cache,"841,2",buff,"56,5",slab,"74,6",,"2,2"
E,tot,"3,8",free,"1,6",cache,"841,2",buff,"56,5",slab,"74,6",,"2,2"
E,tot,"3,8",free,"1,6",cache,"841,2",buff,"56,5",slab,"74,6",,"2,2"
E,tot,"3,8",free,"1,6",cache,"841,2",buff,"56,5",slab,"74,6",,"2,2"
E,tot,"3,8",free,"1,6",cache,"841,2",buff,"56,5",slab,"74,6",,"2,2"
E,tot,"3,8",free,"1,6",cache,"841,2",buff,"56,5",slab,"74,6",,"2,2"
E,tot,"3,8",free,"1,6",cache,"841,2",buff,"56,5",slab,"74,6",,"2,2"
E,tot,"3,8",free,"1,6",cache,"841,3",buff,"56,5",slab,"74,6",,"2,2"
E,tot,"3,8",free,"1,6",cache,"841,3",buff,"56,5",slab,"74,6",,"2,2"
E,tot,"3,8",free,"1,6",cache,"841,3",buff,"56,5",slab,"74,6",,"2,2"
E,tot,"3,8",free,"1,6",cache,"841,3",buff,"56,5",slab,"74,6",,"2,2"
E,tot,"3,8",free,"1,6",cache,"841,3",buff,"56,5",slab,"74,6",,"2,2"
E,tot,"3,8",free,"1,6",cache,"841,3",buff,"56,5",slab,"74,6",,"2,2"
E,tot,"3,8",free,"1,6",cache,"841,3",buff,"56,5",slab,"74,6",,"2,2"
E,tot,"3,8",free,"1,6",cache,"841,3",buff,"56,5",slab,"74,6",,"2,2"
E,tot,"3,8",free,"1,6",cache,"841,4",buff,"56,5",slab,"74,6",,"2,2"
E,tot,"3,8",free,"1,6",cache,"841,4",buff,"56,5",slab,"74,6",,"2,2"
E,tot,"3,8",free,"1,6",cache,"841,4",buff,"56,5",slab,"74,6",,"2,2"
E,tot,"3,8",free,"1,6",cache,"841,4",buff,"56,5",slab,"74,6",,"2,2"
E,tot,"3,8",free,"1,6",cache,"841,4",buff,"56,5",slab,"74,6",,"2,2"
E,tot,"3,8",free,"1,6",cache,"841,4",buff,"56,5",slab,"74,6",,"2,2"
E,tot,"3,8",free,"1,6",cache,"841,4",buff,"56,5",slab,"74,6",,"2,2"
E,tot,"3,8",free,"1,6",cache,"841,4",buff,"56,5",slab,"74,6",,"2,2"
E,tot,"3,8",free,"1,6",cache,"841,5",buff,"56,5",slab,"74,6",,"2,2"
E,tot,"3,8",free,"1,6",cache,"841,5",buff,"56,5",slab,"74,6",,"2,2"
E,tot,"3,8",free,"1,6",cache,"841,5",buff,"56,5",slab,"74,6",,"2,2"
E,tot,"3,8",free,"1,6",cache,"841,5",buff,"56,5",slab,"74,6",,"2,2"
E,tot,"3,8",free,"1,6",cache,"841,5",buff,"56,5",slab,"74,6",,"2,2"
E,tot,"3,8",free,"1,6",cache,"841,5",buff,"56,5",slab,"74,6",,"2,2"
E,tot,"3,8",free,"1,6",cache,"841,5",buff,"56,5",slab,"74,6",,"2,2"
E,tot,"3,8",free,"1,6",cache,"841,5",buff,"56,5",slab,"74,6",,"2,2"
E,tot,"3,8",free,"1,6",cache,"841,6",buff,"56,5",slab,"74,6",,"2,2"
E,tot,"3,8",free,"1,6",cache,"841,6",buff,"56,5",slab,"74,6",,"2,2"
E,tot,"3,8",free,"1,6",cache,"841,6",buff,"56,5",slab,"74,6",,"2,2"
E,tot,"3,8",free,"1,6",cache,"841,6",buff,"56,5",slab,"74,6",,"2,2"
E,tot,"3,8",free,"1,6",cache,"841,6",buff,"56,5",slab,"74,6",,"2,2"
E,tot,"3,8",free,"1,6",cache,"841,6",buff,"56,5",slab,"74,6",,"2,2"
E,tot,"3,8",free,"1,6",cache,"841,6",buff,"56,5",slab,"74,6",,"2,2"
E,tot,"3,8",free,"1,6",cache,"841,6",buff,"56,6",slab,"74,6",,"2,2"
E,tot,"3,8",free,"1,6",cache,"841,6",buff,"56,6",slab,"74,6",,"2,2"
E,tot,"3,8",free,"1,6",cache,"841,7",buff,"56,6",slab,"74,6",,"2,2"
E,tot,"3,8",free,"1,6",cache,"841,7",buff,"56,6",slab,"74,6",,"2,2"
E,tot,"3,8",free,"1,6",cache,"841,7",buff,"56,6",slab,"74,6",,"2,2"
E,tot,"3,8",free,"1,6",cache,"841,7",buff,"56,6",slab,"74,6",,"2,2"
E,tot,"3,8",free,"1,6",cache,"841,7",buff,"56,6",slab,"74,6",,"2,2"
E,tot,"3,8",free,"1,6",cache,"841,7",buff,"56,6",slab,"74,6",,"2,2"
E,tot,"3,8",free,"1,6",cache,"841,7",buff,"56,6",slab,"74,6",,"2,2"
E,tot,"3,8",free,"1,6",cache,"841,7",buff,"56,6",slab,"74,6",,"2,2"
E,tot,"3,8",free,"1,6",cache,"841,8",buff,"56,6",slab,"74,6",,"2,2"
E,tot,"3,8",free,"1,6",cache,"841,8",buff,"56,6",slab,"74,6",,"2,2"
,,,,,,,,,,,,
,,,,,,,,,,,média,"2,2"
,,,,,,,,,,,DP,0
