CPU,sys,9,user,24,irq,1,idle,51,wait,16,,33
CPU,sys,37,user,63,irq,0,idle,0,wait,0,,100
CPU,sys,24,user,76,irq,0,idle,0,wait,0,,100
CPU,sys,30,user,68,irq,2,idle,0,wait,0,,98
CPU,sys,30,user,68,irq,2,idle,0,wait,0,,98
CPU,sys,31,user,66,irq,3,idle,0,wait,0,,97
CPU,sys,40,user,59,irq,1,idle,0,wait,0,,99
CPU,sys,30,user,68,irq,2,idle,0,wait,0,,98
CPU,sys,30,user,68,irq,2,idle,0,wait,0,,98
CPU,sys,29,user,65,irq,6,idle,0,wait,0,,94
CPU,sys,31,user,68,irq,1,idle,0,wait,0,,99
CPU,sys,32,user,63,irq,4,idle,0,wait,0,,95
CPU,sys,34,user,65,irq,1,idle,0,wait,0,,99
CPU,sys,31,user,65,irq,4,idle,0,wait,0,,96
CPU,sys,25,user,72,irq,3,idle,0,wait,0,,97
CPU,sys,29,user,68,irq,3,idle,0,wait,0,,97
CPU,sys,29,user,67,irq,4,idle,0,wait,0,,96
CPU,sys,33,user,64,irq,3,idle,0,wait,0,,97
CPU,sys,35,user,62,irq,3,idle,0,wait,0,,97
CPU,sys,29,user,67,irq,4,idle,0,wait,0,,96
CPU,sys,35,user,63,irq,2,idle,0,wait,0,,98
CPU,sys,33,user,64,irq,3,idle,0,wait,0,,97
,,,,,,,,,,,,
,,,,,,,,,,,média,"97,4285714285714"
,,,,,,,,,,,DP,"1,53529894715748"
