CPU,sys,9,user,24,irq,1,idle,51,wait,16,,33
CPU,sys,30,user,70,irq,0,idle,0,wait,0,,100
CPU,sys,27,user,73,irq,0,idle,0,wait,0,,100
CPU,sys,39,user,58,irq,3,idle,0,wait,0,,97
CPU,sys,30,user,68,irq,2,idle,0,wait,0,,98
CPU,sys,31,user,66,irq,3,idle,0,wait,0,,97
CPU,sys,37,user,61,irq,2,idle,0,wait,0,,98
CPU,sys,39,user,59,irq,2,idle,0,wait,0,,98
CPU,sys,29,user,67,irq,4,idle,0,wait,0,,96
CPU,sys,31,user,66,irq,3,idle,0,wait,0,,97
CPU,sys,28,user,69,irq,3,idle,0,wait,0,,97
CPU,sys,35,user,63,irq,2,idle,0,wait,0,,98
CPU,sys,33,user,63,irq,4,idle,0,wait,0,,96
CPU,sys,28,user,69,irq,3,idle,0,wait,0,,97
CPU,sys,31,user,65,irq,4,idle,0,wait,0,,96
CPU,sys,28,user,68,irq,4,idle,0,wait,0,,96
CPU,sys,27,user,71,irq,2,idle,0,wait,0,,98
CPU,sys,33,user,61,irq,6,idle,0,wait,0,,94
CPU,sys,34,user,63,irq,3,idle,0,wait,0,,97
CPU,sys,30,user,69,irq,1,idle,0,wait,0,,99
CPU,sys,30,user,67,irq,3,idle,0,wait,0,,97
CPU,sys,30,user,67,irq,3,idle,0,wait,0,,97
CPU,sys,25,user,71,irq,2,idle,0,wait,2,,96
CPU,sys,13,user,78,irq,0,idle,0,wait,9,,91
CPU,sys,12,user,83,irq,0,idle,0,wait,5,,95
CPU,sys,10,user,86,irq,0,idle,0,wait,4,,96
CPU,sys,8,user,86,irq,1,idle,0,wait,4,,94
CPU,sys,10,user,85,irq,0,idle,0,wait,5,,95
CPU,sys,10,user,86,irq,0,idle,0,wait,4,,96
CPU,sys,12,user,82,irq,0,idle,0,wait,6,,94
CPU,sys,10,user,85,irq,1,idle,0,wait,4,,95
CPU,sys,9,user,85,irq,1,idle,0,wait,5,,94
CPU,sys,9,user,87,irq,0,idle,0,wait,4,,96
CPU,sys,12,user,83,irq,0,idle,0,wait,5,,95
CPU,sys,10,user,84,irq,1,idle,0,wait,5,,94
CPU,sys,10,user,85,irq,1,idle,0,wait,4,,95
CPU,sys,14,user,81,irq,0,idle,0,wait,5,,95
CPU,sys,8,user,81,irq,1,idle,0,wait,10,,89
CPU,sys,12,user,84,irq,0,idle,0,wait,4,,96
CPU,sys,10,user,82,irq,0,idle,0,wait,8,,92
CPU,sys,14,user,82,irq,0,idle,0,wait,4,,96
CPU,sys,13,user,84,irq,0,idle,0,wait,3,,97
CPU,sys,12,user,84,irq,0,idle,0,wait,4,,96
CPU,sys,12,user,85,irq,0,idle,0,wait,3,,97
CPU,sys,11,user,83,irq,1,idle,0,wait,5,,94
CPU,sys,11,user,84,irq,0,idle,0,wait,5,,95
CPU,sys,9,user,86,irq,0,idle,0,wait,5,,95
CPU,sys,11,user,85,irq,0,idle,0,wait,4,,96
CPU,sys,13,user,83,irq,0,idle,0,wait,4,,96
CPU,sys,11,user,84,irq,0,idle,0,wait,5,,95
CPU,sys,11,user,85,irq,0,idle,0,wait,4,,96
CPU,sys,28,user,72,irq,0,idle,0,wait,0,,100
CPU,sys,27,user,73,irq,0,idle,0,wait,0,,100
CPU,sys,17,user,80,irq,0,idle,0,wait,3,,97
CPU,sys,12,user,83,irq,0,idle,0,wait,5,,95
CPU,sys,12,user,82,irq,2,idle,0,wait,4,,94
CPU,sys,8,user,87,irq,0,idle,0,wait,5,,95
CPU,sys,12,user,83,irq,0,idle,0,wait,5,,95
CPU,sys,11,user,83,irq,1,idle,0,wait,5,,94
CPU,sys,9,user,86,irq,0,idle,0,wait,5,,95
CPU,sys,8,user,88,irq,0,idle,0,wait,4,,96
CPU,sys,9,user,87,irq,0,idle,0,wait,4,,96
CPU,sys,16,user,79,irq,0,idle,0,wait,5,,95
CPU,sys,11,user,85,irq,0,idle,0,wait,4,,96
CPU,sys,11,user,84,irq,0,idle,0,wait,5,,95
CPU,sys,10,user,85,irq,0,idle,0,wait,5,,95
CPU,sys,7,user,88,irq,1,idle,0,wait,4,,95
CPU,sys,12,user,83,irq,0,idle,0,wait,5,,95
CPU,sys,9,user,87,irq,0,idle,0,wait,4,,96
CPU,sys,9,user,84,irq,0,idle,0,wait,7,,93
CPU,sys,11,user,85,irq,0,idle,0,wait,4,,96
CPU,sys,10,user,85,irq,0,idle,0,wait,5,,95
CPU,sys,10,user,86,irq,0,idle,0,wait,4,,96
CPU,sys,9,user,86,irq,0,idle,0,wait,5,,95
CPU,sys,11,user,85,irq,0,idle,0,wait,4,,96
CPU,sys,11,user,84,irq,0,idle,0,wait,5,,95
CPU,sys,10,user,82,irq,1,idle,0,wait,5,,92
CPU,sys,12,user,83,irq,0,idle,0,wait,4,,95
CPU,sys,12,user,82,irq,1,idle,0,wait,4,,94
CPU,sys,9,user,85,irq,0,idle,0,wait,6,,94
CPU,sys,10,user,85,irq,0,idle,0,wait,4,,95
CPU,sys,11,user,82,irq,0,idle,0,wait,5,,93
CPU,sys,11,user,85,irq,0,idle,0,wait,4,,96
CPU,sys,12,user,83,irq,0,idle,0,wait,5,,95
CPU,sys,12,user,83,irq,0,idle,0,wait,5,,95
CPU,sys,9,user,86,irq,0,idle,0,wait,4,,95
CPU,sys,11,user,84,irq,0,idle,0,wait,5,,95
CPU,sys,8,user,88,irq,0,idle,0,wait,4,,96
CPU,sys,10,user,86,irq,0,idle,0,wait,4,,96
CPU,sys,11,user,82,irq,0,idle,0,wait,8,,93
CPU,sys,7,user,88,irq,1,idle,0,wait,4,,95
CPU,sys,10,user,86,irq,0,idle,0,wait,4,,96
CPU,sys,12,user,82,irq,1,idle,0,wait,5,,94
CPU,sys,11,user,85,irq,0,idle,0,wait,4,,96
CPU,sys,11,user,85,irq,0,idle,0,wait,4,,96
CPU,sys,9,user,86,irq,1,idle,0,wait,4,,95
CPU,sys,13,user,82,irq,1,idle,0,wait,4,,95
CPU,sys,9,user,88,irq,0,idle,0,wait,3,,97
CPU,sys,9,user,86,irq,0,idle,0,wait,5,,95
CPU,sys,11,user,84,irq,0,idle,0,wait,5,,95
CPU,sys,13,user,82,irq,1,idle,0,wait,4,,95
CPU,sys,11,user,84,irq,0,idle,0,wait,5,,95
CPU,sys,11,user,85,irq,0,idle,0,wait,4,,96
CPU,sys,10,user,84,irq,0,idle,0,wait,5,,94
CPU,sys,9,user,87,irq,0,idle,0,wait,4,,96
CPU,sys,12,user,84,irq,0,idle,0,wait,4,,96
CPU,sys,13,user,80,irq,0,idle,0,wait,6,,93
CPU,sys,8,user,87,irq,1,idle,0,wait,4,,95
CPU,sys,12,user,83,irq,0,idle,0,wait,5,,95
CPU,sys,10,user,85,irq,0,idle,0,wait,5,,95
CPU,sys,13,user,82,irq,0,idle,0,wait,5,,95
CPU,sys,10,user,85,irq,0,idle,0,wait,4,,95
CPU,sys,9,user,80,irq,0,idle,0,wait,11,,89
CPU,sys,12,user,83,irq,0,idle,0,wait,5,,95
CPU,sys,9,user,86,irq,1,idle,0,wait,4,,95
CPU,sys,8,user,87,irq,0,idle,0,wait,4,,95
CPU,sys,10,user,85,irq,1,idle,0,wait,4,,95
CPU,sys,11,user,85,irq,0,idle,0,wait,4,,96
CPU,sys,11,user,84,irq,0,idle,0,wait,5,,95
CPU,sys,12,user,81,irq,0,idle,0,wait,7,,93
CPU,sys,12,user,84,irq,0,idle,0,wait,4,,96
CPU,sys,12,user,84,irq,0,idle,0,wait,4,,96
CPU,sys,12,user,83,irq,0,idle,0,wait,5,,95
CPU,sys,9,user,87,irq,0,idle,0,wait,4,,96
CPU,sys,12,user,84,irq,0,idle,0,wait,4,,96
CPU,sys,12,user,82,irq,1,idle,0,wait,5,,94
CPU,sys,11,user,85,irq,0,idle,0,wait,4,,96
CPU,sys,11,user,85,irq,0,idle,0,wait,4,,96
,,,,,,,,,,,,
,,,,,,,,,,,média,"95,4330708661417"
,,,,,,,,,,,DP,"1,69307905468537"
