CPU,sys,9,user,24,irq,1,idle,51,wait,16,,33
CPU,sys,32,user,68,irq,0,idle,0,wait,0,,100
CPU,sys,24,user,76,irq,0,idle,0,wait,0,,100
CPU,sys,35,user,63,irq,2,idle,0,wait,0,,98
CPU,sys,35,user,60,irq,5,idle,0,wait,0,,95
CPU,sys,32,user,66,irq,2,idle,0,wait,0,,98
CPU,sys,37,user,62,irq,1,idle,0,wait,0,,99
CPU,sys,30,user,67,irq,3,idle,0,wait,0,,97
CPU,sys,29,user,69,irq,2,idle,0,wait,0,,98
CPU,sys,29,user,67,irq,4,idle,0,wait,0,,96
CPU,sys,29,user,69,irq,2,idle,0,wait,0,,98
CPU,sys,30,user,68,irq,2,idle,0,wait,0,,98
CPU,sys,33,user,63,irq,4,idle,0,wait,0,,96
CPU,sys,31,user,66,irq,3,idle,0,wait,0,,97
CPU,sys,28,user,69,irq,3,idle,0,wait,0,,97
CPU,sys,33,user,65,irq,2,idle,0,wait,0,,98
CPU,sys,31,user,67,irq,2,idle,0,wait,0,,98
CPU,sys,27,user,70,irq,3,idle,0,wait,0,,97
CPU,sys,34,user,62,irq,4,idle,0,wait,0,,96
CPU,sys,29,user,68,irq,3,idle,0,wait,0,,97
CPU,sys,29,user,69,irq,2,idle,0,wait,0,,98
CPU,sys,27,user,69,irq,4,idle,0,wait,0,,96
CPU,sys,29,user,48,irq,2,idle,0,wait,22,,77
CPU,sys,24,user,20,irq,1,idle,0,wait,54,,44
CPU,sys,19,user,25,irq,1,idle,0,wait,56,,44
CPU,sys,25,user,22,irq,2,idle,0,wait,51,,47
CPU,sys,20,user,25,irq,1,idle,0,wait,54,,45
CPU,sys,20,user,20,irq,1,idle,0,wait,58,,40
CPU,sys,19,user,23,irq,2,idle,0,wait,57,,42
CPU,sys,22,user,26,irq,2,idle,0,wait,49,,48
CPU,sys,23,user,23,irq,2,idle,0,wait,53,,46
CPU,sys,23,user,20,irq,2,idle,0,wait,54,,43
CPU,sys,19,user,22,irq,1,idle,0,wait,58,,41
CPU,sys,20,user,22,irq,2,idle,0,wait,57,,42
CPU,sys,23,user,19,irq,2,idle,0,wait,56,,42
CPU,sys,19,user,22,irq,0,idle,0,wait,59,,41
CPU,sys,22,user,21,irq,1,idle,0,wait,57,,43
CPU,sys,21,user,24,irq,2,idle,0,wait,53,,45
CPU,sys,21,user,22,irq,3,idle,0,wait,54,,43
CPU,sys,24,user,19,irq,2,idle,0,wait,55,,43
CPU,sys,22,user,19,irq,2,idle,0,wait,57,,41
CPU,sys,18,user,18,irq,1,idle,0,wait,62,,36
CPU,sys,19,user,19,irq,2,idle,0,wait,60,,38
CPU,sys,14,user,22,irq,1,idle,0,wait,63,,36
CPU,sys,15,user,21,irq,1,idle,0,wait,62,,36
CPU,sys,19,user,17,irq,2,idle,0,wait,62,,36
CPU,sys,20,user,16,irq,1,idle,0,wait,63,,36
CPU,sys,25,user,24,irq,2,idle,0,wait,49,,49
CPU,sys,22,user,18,irq,2,idle,0,wait,59,,40
CPU,sys,22,user,19,irq,3,idle,0,wait,55,,41
CPU,sys,26,user,16,irq,1,idle,0,wait,57,,42
CPU,sys,22,user,22,irq,4,idle,0,wait,52,,44
CPU,sys,23,user,19,irq,2,idle,0,wait,56,,42
CPU,sys,19,user,22,irq,1,idle,0,wait,59,,41
CPU,sys,25,user,24,irq,2,idle,0,wait,50,,49
CPU,sys,21,user,28,irq,2,idle,0,wait,49,,49
CPU,sys,21,user,29,irq,1,idle,0,wait,49,,50
CPU,sys,20,user,26,irq,2,idle,0,wait,52,,46
CPU,sys,21,user,26,irq,2,idle,0,wait,51,,47
CPU,sys,23,user,24,irq,2,idle,0,wait,50,,47
CPU,sys,19,user,25,irq,2,idle,0,wait,54,,44
CPU,sys,27,user,24,irq,1,idle,0,wait,48,,51
CPU,sys,20,user,26,irq,1,idle,0,wait,54,,46
CPU,sys,23,user,20,irq,3,idle,0,wait,54,,43
CPU,sys,28,user,19,irq,3,idle,0,wait,50,,47
CPU,sys,19,user,25,irq,2,idle,0,wait,54,,44
CPU,sys,27,user,21,irq,2,idle,0,wait,50,,48
CPU,sys,24,user,22,irq,2,idle,0,wait,52,,46
CPU,sys,22,user,26,irq,2,idle,0,wait,49,,48
CPU,sys,22,user,20,irq,1,idle,0,wait,57,,42
CPU,sys,25,user,22,irq,1,idle,0,wait,52,,47
CPU,sys,23,user,22,irq,2,idle,0,wait,53,,45
CPU,sys,23,user,23,irq,2,idle,0,wait,52,,46
CPU,sys,24,user,20,irq,2,idle,0,wait,53,,44
CPU,sys,33,user,28,irq,2,idle,0,wait,38,,61
CPU,sys,30,user,26,irq,3,idle,0,wait,42,,56
CPU,sys,26,user,31,irq,3,idle,0,wait,40,,57
CPU,sys,32,user,22,irq,3,idle,0,wait,43,,54
CPU,sys,26,user,26,irq,3,idle,0,wait,44,,52
CPU,sys,22,user,23,irq,0,idle,0,wait,54,,45
CPU,sys,21,user,26,irq,3,idle,0,wait,49,,47
CPU,sys,23,user,29,irq,3,idle,0,wait,45,,52
CPU,sys,23,user,23,irq,2,idle,0,wait,51,,46
CPU,sys,23,user,29,irq,2,idle,0,wait,45,,52
CPU,sys,20,user,25,irq,3,idle,0,wait,52,,45
CPU,sys,22,user,28,irq,3,idle,0,wait,46,,50
CPU,sys,29,user,20,irq,2,idle,0,wait,49,,49
CPU,sys,26,user,19,irq,1,idle,0,wait,54,,45
CPU,sys,25,user,25,irq,1,idle,0,wait,48,,50
CPU,sys,24,user,27,irq,3,idle,0,wait,46,,51
CPU,sys,30,user,24,irq,2,idle,0,wait,44,,54
CPU,sys,27,user,26,irq,1,idle,0,wait,47,,53
CPU,sys,24,user,23,irq,3,idle,0,wait,50,,47
CPU,sys,28,user,27,irq,1,idle,0,wait,45,,55
CPU,sys,20,user,25,irq,3,idle,0,wait,52,,45
CPU,sys,26,user,23,irq,4,idle,0,wait,47,,49
CPU,sys,26,user,28,irq,3,idle,0,wait,44,,54
CPU,sys,30,user,29,irq,3,idle,0,wait,38,,59
CPU,sys,26,user,24,irq,4,idle,0,wait,46,,50
CPU,sys,24,user,21,irq,1,idle,0,wait,52,,45
,,,,,,,,,,,,
,,,,,,,,,,,média,"57,3030303030303"
,,,,,,,,,,,DP,"21,7003971305025"
