CPU,sys,9,user,24,irq,1,idle,51,wait,16,,33
CPU,sys,41,user,59,irq,0,idle,0,wait,0,,100
CPU,sys,24,user,54,irq,1,idle,0,wait,22,,78
CPU,sys,26,user,32,irq,2,idle,0,wait,40,,58
CPU,sys,19,user,27,irq,0,idle,0,wait,53,,46
CPU,sys,28,user,35,irq,0,idle,0,wait,35,,63
CPU,sys,22,user,27,irq,2,idle,0,wait,50,,49
CPU,sys,25,user,27,irq,1,idle,0,wait,46,,52
CPU,sys,20,user,22,irq,3,idle,0,wait,54,,42
CPU,sys,17,user,27,irq,1,idle,0,wait,55,,44
CPU,sys,21,user,27,irq,1,idle,0,wait,51,,48
CPU,sys,20,user,21,irq,1,idle,0,wait,57,,41
CPU,sys,20,user,26,irq,1,idle,0,wait,53,,46
CPU,sys,18,user,23,irq,0,idle,0,wait,58,,41
CPU,sys,21,user,22,irq,2,idle,0,wait,55,,43
CPU,sys,17,user,25,irq,1,idle,0,wait,57,,42
CPU,sys,23,user,21,irq,1,idle,0,wait,55,,44
CPU,sys,19,user,22,irq,0,idle,0,wait,59,,41
CPU,sys,21,user,26,irq,1,idle,0,wait,52,,47
CPU,sys,19,user,23,irq,2,idle,0,wait,56,,42
CPU,sys,19,user,25,irq,1,idle,0,wait,55,,44
CPU,sys,21,user,22,irq,2,idle,0,wait,55,,43
CPU,sys,17,user,24,irq,2,idle,0,wait,56,,41
CPU,sys,17,user,23,irq,3,idle,0,wait,57,,40
CPU,sys,18,user,24,irq,1,idle,0,wait,56,,42
CPU,sys,19,user,26,irq,2,idle,0,wait,53,,45
CPU,sys,18,user,24,irq,3,idle,0,wait,54,,42
CPU,sys,17,user,29,irq,1,idle,0,wait,52,,46
CPU,sys,21,user,26,irq,2,idle,0,wait,51,,47
CPU,sys,19,user,23,irq,0,idle,0,wait,58,,42
CPU,sys,22,user,23,irq,2,idle,0,wait,52,,45
CPU,sys,16,user,30,irq,1,idle,0,wait,53,,46
CPU,sys,15,user,30,irq,1,idle,0,wait,54,,45
CPU,sys,18,user,25,irq,0,idle,0,wait,57,,43
CPU,sys,16,user,29,irq,2,idle,0,wait,53,,45
CPU,sys,17,user,31,irq,1,idle,0,wait,51,,48
CPU,sys,24,user,24,irq,1,idle,0,wait,51,,48
CPU,sys,16,user,30,irq,0,idle,0,wait,54,,46
CPU,sys,20,user,25,irq,2,idle,0,wait,52,,45
CPU,sys,25,user,21,irq,2,idle,0,wait,52,,46
CPU,sys,16,user,31,irq,2,idle,0,wait,51,,47
CPU,sys,18,user,30,irq,0,idle,0,wait,52,,48
CPU,sys,19,user,28,irq,1,idle,0,wait,53,,47
CPU,sys,14,user,26,irq,1,idle,0,wait,59,,40
CPU,sys,21,user,30,irq,1,idle,0,wait,48,,51
CPU,sys,17,user,22,irq,1,idle,0,wait,60,,39
CPU,sys,16,user,24,irq,0,idle,0,wait,60,,40
CPU,sys,16,user,20,irq,2,idle,0,wait,62,,36
CPU,sys,20,user,28,irq,1,idle,0,wait,51,,48
CPU,sys,20,user,24,irq,1,idle,0,wait,55,,44
CPU,sys,18,user,23,irq,1,idle,0,wait,58,,41
CPU,sys,14,user,28,irq,1,idle,0,wait,57,,42
CPU,sys,20,user,24,irq,2,idle,0,wait,55,,44
CPU,sys,15,user,31,irq,1,idle,0,wait,53,,46
CPU,sys,20,user,24,irq,2,idle,0,wait,54,,44
CPU,sys,17,user,24,irq,1,idle,0,wait,58,,41
CPU,sys,18,user,24,irq,2,idle,0,wait,55,,42
CPU,sys,18,user,26,irq,1,idle,0,wait,55,,44
CPU,sys,18,user,25,irq,1,idle,0,wait,56,,43
CPU,sys,19,user,28,irq,0,idle,0,wait,53,,47
CPU,sys,16,user,23,irq,1,idle,0,wait,60,,39
CPU,sys,20,user,28,irq,2,idle,0,wait,50,,48
CPU,sys,18,user,26,irq,1,idle,0,wait,55,,44
CPU,sys,17,user,22,irq,2,idle,0,wait,59,,39
CPU,sys,18,user,27,irq,1,idle,0,wait,54,,45
CPU,sys,21,user,28,irq,2,idle,0,wait,50,,49
CPU,sys,18,user,30,irq,1,idle,0,wait,51,,48
CPU,sys,18,user,32,irq,1,idle,0,wait,48,,50
CPU,sys,22,user,29,irq,1,idle,0,wait,48,,51
CPU,sys,18,user,35,irq,1,idle,0,wait,45,,53
CPU,sys,24,user,24,irq,2,idle,0,wait,49,,48
CPU,sys,20,user,29,irq,2,idle,0,wait,49,,49
CPU,sys,14,user,34,irq,1,idle,0,wait,51,,48
CPU,sys,15,user,34,irq,4,idle,0,wait,47,,49
CPU,sys,21,user,30,irq,0,idle,0,wait,49,,51
CPU,sys,21,user,29,irq,2,idle,0,wait,48,,50
CPU,sys,21,user,28,irq,0,idle,0,wait,51,,49
CPU,sys,16,user,32,irq,3,idle,0,wait,48,,48
CPU,sys,17,user,32,irq,2,idle,0,wait,49,,49
CPU,sys,19,user,30,irq,2,idle,0,wait,49,,49
CPU,sys,16,user,33,irq,1,idle,0,wait,49,,49
CPU,sys,17,user,31,irq,1,idle,0,wait,51,,48
CPU,sys,16,user,27,irq,1,idle,0,wait,55,,43
CPU,sys,17,user,34,irq,2,idle,0,wait,46,,51
CPU,sys,17,user,30,irq,1,idle,0,wait,52,,47
CPU,sys,19,user,31,irq,1,idle,0,wait,49,,50
CPU,sys,18,user,27,irq,2,idle,0,wait,53,,45
CPU,sys,15,user,36,irq,2,idle,0,wait,47,,51
CPU,sys,20,user,35,irq,0,idle,0,wait,45,,55
CPU,sys,18,user,30,irq,1,idle,0,wait,51,,48
CPU,sys,17,user,33,irq,2,idle,0,wait,48,,50
CPU,sys,18,user,32,irq,1,idle,0,wait,49,,50
CPU,sys,17,user,32,irq,2,idle,0,wait,49,,49
CPU,sys,16,user,31,irq,2,idle,0,wait,51,,47
CPU,sys,21,user,30,irq,1,idle,0,wait,47,,51
CPU,sys,17,user,31,irq,2,idle,0,wait,49,,48
CPU,sys,22,user,30,irq,1,idle,0,wait,46,,52
CPU,sys,16,user,33,irq,1,idle,0,wait,50,,49
CPU,sys,19,user,34,irq,1,idle,0,wait,46,,53
CPU,sys,16,user,34,irq,1,idle,0,wait,49,,50
CPU,sys,15,user,36,irq,1,idle,0,wait,47,,51
CPU,sys,18,user,30,irq,1,idle,0,wait,51,,48
CPU,sys,17,user,29,irq,1,idle,0,wait,52,,46
CPU,sys,18,user,32,irq,1,idle,0,wait,49,,50
CPU,sys,14,user,35,irq,2,idle,0,wait,48,,49
CPU,sys,15,user,34,irq,0,idle,0,wait,51,,49
CPU,sys,21,user,31,irq,2,idle,0,wait,46,,52
CPU,sys,17,user,29,irq,1,idle,0,wait,53,,46
CPU,sys,18,user,28,irq,2,idle,0,wait,53,,46
CPU,sys,21,user,33,irq,0,idle,0,wait,46,,54
CPU,sys,17,user,36,irq,1,idle,0,wait,46,,53
CPU,sys,19,user,30,irq,1,idle,0,wait,49,,49
CPU,sys,16,user,34,irq,0,idle,0,wait,49,,50
CPU,sys,17,user,37,irq,1,idle,0,wait,45,,54
CPU,sys,14,user,33,irq,1,idle,0,wait,53,,47
CPU,sys,15,user,37,irq,1,idle,0,wait,47,,52
CPU,sys,17,user,33,irq,0,idle,0,wait,50,,50
CPU,sys,18,user,33,irq,0,idle,0,wait,49,,51
CPU,sys,22,user,31,irq,1,idle,0,wait,47,,53
CPU,sys,19,user,30,irq,1,idle,0,wait,49,,49
CPU,sys,19,user,33,irq,1,idle,0,wait,47,,52
CPU,sys,18,user,33,irq,1,idle,0,wait,47,,51
CPU,sys,18,user,28,irq,2,idle,0,wait,52,,46
CPU,sys,17,user,33,irq,0,idle,0,wait,50,,50
CPU,sys,19,user,36,irq,1,idle,0,wait,44,,55
CPU,sys,24,user,34,irq,0,idle,0,wait,42,,58
CPU,sys,15,user,38,irq,1,idle,0,wait,45,,53
CPU,sys,15,user,38,irq,1,idle,0,wait,47,,53
CPU,sys,18,user,40,irq,0,idle,0,wait,42,,58
CPU,sys,17,user,34,irq,2,idle,0,wait,47,,51
CPU,sys,16,user,41,irq,1,idle,0,wait,42,,57
CPU,sys,19,user,35,irq,2,idle,0,wait,43,,54
CPU,sys,19,user,36,irq,1,idle,0,wait,42,,55
CPU,sys,20,user,35,irq,1,idle,0,wait,45,,55
CPU,sys,21,user,37,irq,1,idle,0,wait,41,,58
CPU,sys,24,user,39,irq,0,idle,0,wait,38,,63
CPU,sys,20,user,37,irq,1,idle,0,wait,42,,57
CPU,sys,22,user,34,irq,1,idle,0,wait,43,,56
CPU,sys,19,user,40,irq,2,idle,0,wait,40,,59
CPU,sys,22,user,37,irq,2,idle,0,wait,38,,59
CPU,sys,20,user,41,irq,1,idle,0,wait,37,,61
CPU,sys,18,user,36,irq,1,idle,0,wait,44,,54
CPU,sys,21,user,39,irq,1,idle,0,wait,39,,60
CPU,sys,24,user,40,irq,2,idle,0,wait,35,,64
CPU,sys,19,user,35,irq,2,idle,0,wait,43,,54
CPU,sys,17,user,35,irq,2,idle,0,wait,46,,52
CPU,sys,19,user,39,irq,1,idle,0,wait,40,,58
CPU,sys,19,user,36,irq,0,idle,0,wait,44,,55
CPU,sys,13,user,36,irq,2,idle,0,wait,49,,49
CPU,sys,19,user,36,irq,2,idle,0,wait,44,,55
CPU,sys,15,user,33,irq,0,idle,0,wait,51,,48
CPU,sys,16,user,36,irq,2,idle,0,wait,45,,52
CPU,sys,16,user,30,irq,1,idle,0,wait,53,,46
CPU,sys,19,user,35,irq,1,idle,0,wait,45,,54
CPU,sys,14,user,36,irq,2,idle,0,wait,48,,50
CPU,sys,18,user,35,irq,0,idle,0,wait,47,,53
CPU,sys,20,user,32,irq,1,idle,0,wait,47,,52
CPU,sys,16,user,38,irq,0,idle,0,wait,46,,54
CPU,sys,16,user,35,irq,1,idle,0,wait,47,,51
CPU,sys,12,user,35,irq,1,idle,0,wait,52,,47
CPU,sys,13,user,32,irq,1,idle,0,wait,54,,45
CPU,sys,14,user,17,irq,0,idle,0,wait,69,,31
CPU,sys,18,user,29,irq,2,idle,0,wait,51,,47
CPU,sys,17,user,34,irq,0,idle,0,wait,49,,51
CPU,sys,16,user,29,irq,1,idle,0,wait,54,,45
CPU,sys,17,user,33,irq,2,idle,0,wait,48,,50
CPU,sys,17,user,33,irq,1,idle,0,wait,48,,50
CPU,sys,16,user,35,irq,0,idle,0,wait,48,,51
CPU,sys,16,user,36,irq,1,idle,0,wait,47,,52
CPU,sys,18,user,34,irq,2,idle,0,wait,47,,52
CPU,sys,15,user,35,irq,0,idle,0,wait,49,,50
CPU,sys,16,user,36,irq,1,idle,0,wait,46,,52
CPU,sys,15,user,35,irq,0,idle,0,wait,50,,50
CPU,sys,17,user,31,irq,1,idle,0,wait,51,,48
CPU,sys,16,user,35,irq,1,idle,0,wait,48,,51
CPU,sys,14,user,33,irq,2,idle,0,wait,51,,47
CPU,sys,19,user,30,irq,1,idle,0,wait,49,,49
CPU,sys,14,user,40,irq,1,idle,0,wait,45,,54
CPU,sys,16,user,38,irq,2,idle,0,wait,45,,54
CPU,sys,15,user,39,irq,2,idle,0,wait,44,,54
CPU,sys,16,user,38,irq,0,idle,0,wait,45,,54
CPU,sys,15,user,35,irq,0,idle,0,wait,50,,50
CPU,sys,16,user,38,irq,0,idle,0,wait,46,,54
CPU,sys,17,user,32,irq,2,idle,0,wait,48,,49
CPU,sys,14,user,37,irq,0,idle,0,wait,49,,51
CPU,sys,19,user,31,irq,2,idle,0,wait,49,,50
CPU,sys,15,user,35,irq,0,idle,0,wait,50,,50
CPU,sys,16,user,29,irq,2,idle,0,wait,53,,45
CPU,sys,17,user,38,irq,1,idle,0,wait,43,,55
CPU,sys,19,user,34,irq,0,idle,0,wait,47,,53
CPU,sys,18,user,35,irq,1,idle,0,wait,47,,53
CPU,sys,16,user,32,irq,2,idle,0,wait,50,,48
CPU,sys,19,user,36,irq,0,idle,0,wait,46,,55
CPU,sys,14,user,36,irq,2,idle,0,wait,48,,50
CPU,sys,17,user,32,irq,1,idle,0,wait,50,,49
CPU,sys,18,user,36,irq,1,idle,0,wait,45,,54
CPU,sys,19,user,36,irq,1,idle,0,wait,45,,55
CPU,sys,19,user,34,irq,2,idle,0,wait,45,,53
CPU,sys,12,user,38,irq,1,idle,0,wait,48,,50
CPU,sys,15,user,35,irq,1,idle,0,wait,49,,50
CPU,sys,19,user,32,irq,3,idle,0,wait,47,,51
CPU,sys,14,user,35,irq,1,idle,0,wait,50,,49
CPU,sys,14,user,38,irq,0,idle,0,wait,48,,52
CPU,sys,19,user,32,irq,1,idle,0,wait,47,,51
CPU,sys,14,user,36,irq,0,idle,0,wait,50,,50
CPU,sys,17,user,35,irq,0,idle,0,wait,48,,52
CPU,sys,15,user,37,irq,1,idle,0,wait,47,,52
CPU,sys,19,user,32,irq,1,idle,0,wait,47,,51
CPU,sys,19,user,31,irq,1,idle,0,wait,49,,50
CPU,sys,17,user,34,irq,1,idle,0,wait,47,,51
CPU,sys,15,user,37,irq,1,idle,0,wait,47,,52
CPU,sys,18,user,32,irq,1,idle,0,wait,49,,50
CPU,sys,15,user,38,irq,3,idle,0,wait,44,,53
CPU,sys,16,user,33,irq,1,idle,0,wait,49,,49
CPU,sys,14,user,39,irq,1,idle,0,wait,45,,53
CPU,sys,15,user,35,irq,1,idle,0,wait,49,,50
CPU,sys,16,user,35,irq,0,idle,0,wait,48,,51
CPU,sys,20,user,33,irq,0,idle,0,wait,47,,53
CPU,sys,12,user,36,irq,1,idle,0,wait,51,,48
CPU,sys,17,user,35,irq,2,idle,0,wait,45,,52
CPU,sys,16,user,38,irq,1,idle,0,wait,45,,54
CPU,sys,16,user,37,irq,0,idle,0,wait,47,,53
CPU,sys,16,user,36,irq,1,idle,0,wait,46,,52
CPU,sys,19,user,35,irq,2,idle,0,wait,43,,54
CPU,sys,16,user,34,irq,1,idle,0,wait,49,,50
CPU,sys,13,user,40,irq,1,idle,0,wait,44,,53
CPU,sys,14,user,36,irq,1,idle,0,wait,48,,50
CPU,sys,16,user,37,irq,2,idle,0,wait,44,,53
CPU,sys,15,user,35,irq,0,idle,0,wait,50,,50
CPU,sys,19,user,31,irq,1,idle,0,wait,50,,50
CPU,sys,17,user,32,irq,1,idle,0,wait,49,,49
CPU,sys,18,user,34,irq,2,idle,0,wait,47,,52
CPU,sys,16,user,33,irq,2,idle,0,wait,49,,49
CPU,sys,18,user,34,irq,0,idle,0,wait,48,,52
CPU,sys,12,user,35,irq,0,idle,0,wait,52,,47
CPU,sys,18,user,35,irq,1,idle,0,wait,46,,53
CPU,sys,15,user,33,irq,0,idle,0,wait,51,,48
,,,,,,,,,,,,
,,,,,,,,,,,média,"49,7457627118644"
,,,,,,,,,,,DP,"6,10292771133967"
