E,tot,"3,8",free,"1,6",cache,"836,6",buff,"55,9",slab,"74,3",,"2,2"
E,tot,"3,8",free,"1,6",cache,"845,8",buff,"55,9",slab,"74,5",,"2,2"
E,tot,"3,8",free,"1,6",cache,"845,8",buff,"55,9",slab,"74,4",,"2,2"
E,tot,"3,8",free,"1,6",cache,"845,8",buff,"55,9",slab,"74,5",,"2,2"
E,tot,"3,8",free,"1,6",cache,"845,9",buff,"55,9",slab,"74,5",,"2,2"
E,tot,"3,8",free,"1,6",cache,"845,9",buff,"55,9",slab,"74,5",,"2,2"
E,tot,"3,8",free,"1,6",cache,"845,6",buff,"55,9",slab,"74,5",,"2,2"
E,tot,"3,8",free,"1,6",cache,"844,9",buff,"55,9",slab,"74,5",,"2,2"
E,tot,"3,8",free,"1,6",cache,"844,7",buff,"55,9",slab,"74,5",,"2,2"
E,tot,"3,8",free,"1,6",cache,"844,7",buff,"55,9",slab,"74,5",,"2,2"
E,tot,"3,8",free,"1,6",cache,"844,7",buff,56,slab,"74,5",,"2,2"
E,tot,"3,8",free,"1,6",cache,"844,7",buff,56,slab,"74,5",,"2,2"
E,tot,"3,8",free,"1,6",cache,"844,7",buff,56,slab,"74,5",,"2,2"
E,tot,"3,8",free,"1,6",cache,"844,7",buff,56,slab,"74,5",,"2,2"
E,tot,"3,8",free,"1,6",cache,"844,7",buff,56,slab,"74,5",,"2,2"
E,tot,"3,8",free,"1,6",cache,"844,7",buff,56,slab,"74,5",,"2,2"
E,tot,"3,8",free,"1,6",cache,"844,8",buff,56,slab,"74,5",,"2,2"
E,tot,"3,8",free,"1,6",cache,"844,8",buff,56,slab,"74,5",,"2,2"
E,tot,"3,8",free,"1,6",cache,"844,8",buff,56,slab,"74,5",,"2,2"
E,tot,"3,8",free,"1,6",cache,"844,8",buff,56,slab,"74,5",,"2,2"
E,tot,"3,8",free,"1,6",cache,"844,8",buff,56,slab,"74,5",,"2,2"
E,tot,"3,8",free,"1,6",cache,"844,8",buff,56,slab,"74,5",,"2,2"
E,tot,"3,8",free,"1,6",cache,"844,8",buff,56,slab,"74,5",,"2,2"
E,tot,"3,8",free,"1,6",cache,"844,8",buff,56,slab,"74,5",,"2,2"
E,tot,"3,8",free,"1,6",cache,"844,8",buff,56,slab,"74,5",,"2,2"
E,tot,"3,8",free,"1,6",cache,"844,9",buff,56,slab,"74,5",,"2,2"
E,tot,"3,8",free,"1,6",cache,"844,9",buff,56,slab,"74,5",,"2,2"
E,tot,"3,8",free,"1,6",cache,"844,9",buff,56,slab,"74,5",,"2,2"
E,tot,"3,8",free,"1,6",cache,"844,9",buff,56,slab,"74,5",,"2,2"
E,tot,"3,8",free,"1,6",cache,"844,9",buff,56,slab,"74,5",,"2,2"
E,tot,"3,8",free,"1,6",cache,"844,9",buff,56,slab,"74,5",,"2,2"
E,tot,"3,8",free,"1,6",cache,"844,9",buff,56,slab,"74,5",,"2,2"
E,tot,"3,8",free,"1,6",cache,"844,9",buff,56,slab,"74,5",,"2,2"
E,tot,"3,8",free,"1,6",cache,845,buff,56,slab,"74,5",,"2,2"
E,tot,"3,8",free,"1,6",cache,845,buff,56,slab,"74,5",,"2,2"
E,tot,"3,8",free,"1,6",cache,845,buff,56,slab,"74,5",,"2,2"
E,tot,"3,8",free,"1,6",cache,845,buff,56,slab,"74,5",,"2,2"
E,tot,"3,8",free,"1,6",cache,845,buff,56,slab,"74,5",,"2,2"
E,tot,"3,8",free,"1,6",cache,845,buff,56,slab,"74,5",,"2,2"
E,tot,"3,8",free,"1,6",cache,845,buff,56,slab,"74,5",,"2,2"
E,tot,"3,8",free,"1,6",cache,845,buff,56,slab,"74,5",,"2,2"
E,tot,"3,8",free,"1,6",cache,"845,1",buff,56,slab,"74,5",,"2,2"
E,tot,"3,8",free,"1,6",cache,"845,1",buff,56,slab,"74,5",,"2,2"
E,tot,"3,8",free,"1,6",cache,"845,1",buff,56,slab,"74,5",,"2,2"
E,tot,"3,8",free,"1,6",cache,"845,1",buff,56,slab,"74,5",,"2,2"
E,tot,"3,8",free,"1,6",cache,"845,1",buff,56,slab,"74,5",,"2,2"
E,tot,"3,8",free,"1,6",cache,"845,1",buff,56,slab,"74,5",,"2,2"
E,tot,"3,8",free,"1,6",cache,"845,1",buff,56,slab,"74,5",,"2,2"
E,tot,"3,8",free,"1,6",cache,"845,1",buff,56,slab,"74,5",,"2,2"
E,tot,"3,8",free,"1,6",cache,"845,2",buff,56,slab,"74,5",,"2,2"
E,tot,"3,8",free,"1,6",cache,"845,2",buff,56,slab,"74,5",,"2,2"
E,tot,"3,8",free,"1,6",cache,"845,2",buff,56,slab,"74,5",,"2,2"
E,tot,"3,8",free,"1,6",cache,"845,2",buff,56,slab,"74,5",,"2,2"
E,tot,"3,8",free,"1,6",cache,"845,2",buff,56,slab,"74,5",,"2,2"
E,tot,"3,8",free,"1,6",cache,"845,2",buff,56,slab,"74,5",,"2,2"
E,tot,"3,8",free,"1,6",cache,"845,2",buff,56,slab,"74,5",,"2,2"
E,tot,"3,8",free,"1,6",cache,"845,2",buff,56,slab,"74,5",,"2,2"
E,tot,"3,8",free,"1,6",cache,"845,3",buff,56,slab,"74,5",,"2,2"
E,tot,"3,8",free,"1,6",cache,"845,3",buff,56,slab,"74,5",,"2,2"
E,tot,"3,8",free,"1,6",cache,"845,3",buff,56,slab,"74,5",,"2,2"
E,tot,"3,8",free,"1,6",cache,"845,3",buff,56,slab,"74,5",,"2,2"
E,tot,"3,8",free,"1,6",cache,"845,4",buff,56,slab,"74,5",,"2,2"
E,tot,"3,8",free,"1,6",cache,"845,4",buff,56,slab,"74,5",,"2,2"
E,tot,"3,8",free,"1,6",cache,"845,5",buff,56,slab,"74,5",,"2,2"
E,tot,"3,8",free,"1,6",cache,"845,5",buff,56,slab,"74,5",,"2,2"
E,tot,"3,8",free,"1,6",cache,"845,5",buff,56,slab,"74,5",,"2,2"
E,tot,"3,8",free,"1,6",cache,"845,5",buff,56,slab,"74,5",,"2,2"
E,tot,"3,8",free,"1,6",cache,"845,5",buff,56,slab,"74,5",,"2,2"
E,tot,"3,8",free,"1,6",cache,"845,5",buff,56,slab,"74,5",,"2,2"
E,tot,"3,8",free,"1,6",cache,"845,5",buff,56,slab,"74,5",,"2,2"
E,tot,"3,8",free,"1,6",cache,"845,5",buff,56,slab,"74,5",,"2,2"
E,tot,"3,8",free,"1,6",cache,"841,1",buff,56,slab,"74,5",,"2,2"
E,tot,"3,8",free,"1,6",cache,"841,1",buff,56,slab,"74,5",,"2,2"
E,tot,"3,8",free,"1,6",cache,"841,1",buff,56,slab,"74,5",,"2,2"
E,tot,"3,8",free,"1,6",cache,"841,1",buff,56,slab,"74,5",,"2,2"
E,tot,"3,8",free,"1,6",cache,"841,2",buff,"56,1",slab,"74,5",,"2,2"
E,tot,"3,8",free,"1,6",cache,"841,2",buff,"56,1",slab,"74,5",,"2,2"
E,tot,"3,8",free,"1,6",cache,"841,2",buff,"56,1",slab,"74,5",,"2,2"
E,tot,"3,8",free,"1,6",cache,"841,2",buff,"56,1",slab,"74,5",,"2,2"
E,tot,"3,8",free,"1,6",cache,"841,2",buff,"56,1",slab,"74,5",,"2,2"
E,tot,"3,8",free,"1,6",cache,"841,2",buff,"56,1",slab,"74,5",,"2,2"
E,tot,"3,8",free,"1,6",cache,"841,2",buff,"56,1",slab,"74,5",,"2,2"
E,tot,"3,8",free,"1,6",cache,"841,2",buff,"56,1",slab,"74,5",,"2,2"
E,tot,"3,8",free,"1,6",cache,"841,3",buff,"56,1",slab,"74,5",,"2,2"
E,tot,"3,8",free,"1,6",cache,"841,3",buff,"56,1",slab,"74,5",,"2,2"
E,tot,"3,8",free,"1,6",cache,"841,3",buff,"56,1",slab,"74,5",,"2,2"
E,tot,"3,8",free,"1,6",cache,"841,3",buff,"56,1",slab,"74,5",,"2,2"
E,tot,"3,8",free,"1,6",cache,"841,3",buff,"56,1",slab,"74,5",,"2,2"
E,tot,"3,8",free,"1,6",cache,"841,3",buff,"56,1",slab,"74,5",,"2,2"
E,tot,"3,8",free,"1,6",cache,"841,3",buff,"56,1",slab,"74,5",,"2,2"
E,tot,"3,8",free,"1,6",cache,"841,3",buff,"56,1",slab,"74,5",,"2,2"
E,tot,"3,8",free,"1,6",cache,"841,4",buff,"56,1",slab,"74,5",,"2,2"
E,tot,"3,8",free,"1,6",cache,"841,4",buff,"56,1",slab,"74,5",,"2,2"
E,tot,"3,8",free,"1,6",cache,"841,4",buff,"56,1",slab,"74,5",,"2,2"
E,tot,"3,8",free,"1,6",cache,"841,4",buff,"56,1",slab,"74,5",,"2,2"
E,tot,"3,8",free,"1,6",cache,"841,4",buff,"56,1",slab,"74,5",,"2,2"
E,tot,"3,8",free,"1,6",cache,"841,4",buff,"56,1",slab,"74,5",,"2,2"
E,tot,"3,8",free,"1,6",cache,"841,4",buff,"56,1",slab,"74,5",,"2,2"
E,tot,"3,8",free,"1,6",cache,"841,4",buff,"56,1",slab,"74,5",,"2,2"
E,tot,"3,8",free,"1,6",cache,"841,5",buff,"56,1",slab,"74,5",,"2,2"
E,tot,"3,8",free,"1,6",cache,"841,5",buff,"56,1",slab,"74,5",,"2,2"
E,tot,"3,8",free,"1,6",cache,"841,5",buff,"56,1",slab,"74,5",,"2,2"
E,tot,"3,8",free,"1,6",cache,"841,5",buff,"56,1",slab,"74,5",,"2,2"
E,tot,"3,8",free,"1,6",cache,"841,5",buff,"56,1",slab,"74,5",,"2,2"
E,tot,"3,8",free,"1,6",cache,"841,5",buff,"56,1",slab,"74,5",,"2,2"
E,tot,"3,8",free,"1,6",cache,"841,5",buff,"56,1",slab,"74,5",,"2,2"
E,tot,"3,8",free,"1,6",cache,"841,5",buff,"56,1",slab,"74,5",,"2,2"
E,tot,"3,8",free,"1,6",cache,"841,6",buff,"56,1",slab,"74,5",,"2,2"
E,tot,"3,8",free,"1,6",cache,"841,6",buff,"56,1",slab,"74,5",,"2,2"
E,tot,"3,8",free,"1,6",cache,"841,6",buff,"56,1",slab,"74,5",,"2,2"
E,tot,"3,8",free,"1,6",cache,"841,6",buff,"56,1",slab,"74,5",,"2,2"
E,tot,"3,8",free,"1,6",cache,"841,6",buff,"56,1",slab,"74,5",,"2,2"
E,tot,"3,8",free,"1,6",cache,"841,6",buff,"56,1",slab,"74,5",,"2,2"
E,tot,"3,8",free,"1,6",cache,"841,6",buff,"56,1",slab,"74,5",,"2,2"
E,tot,"3,8",free,"1,6",cache,"841,6",buff,"56,1",slab,"74,5",,"2,2"
E,tot,"3,8",free,"1,6",cache,"841,7",buff,"56,1",slab,"74,5",,"2,2"
E,tot,"3,8",free,"1,6",cache,"841,7",buff,"56,1",slab,"74,5",,"2,2"
E,tot,"3,8",free,"1,6",cache,"841,7",buff,"56,1",slab,"74,5",,"2,2"
E,tot,"3,8",free,"1,6",cache,"841,7",buff,"56,1",slab,"74,5",,"2,2"
E,tot,"3,8",free,"1,6",cache,"841,7",buff,"56,1",slab,"74,5",,"2,2"
E,tot,"3,8",free,"1,6",cache,"841,7",buff,"56,1",slab,"74,5",,"2,2"
E,tot,"3,8",free,"1,6",cache,"841,7",buff,"56,1",slab,"74,5",,"2,2"
E,tot,"3,8",free,"1,6",cache,"841,7",buff,"56,1",slab,"74,5",,"2,2"
E,tot,"3,8",free,"1,6",cache,"841,8",buff,"56,1",slab,"74,5",,"2,2"
E,tot,"3,8",free,"1,6",cache,"841,8",buff,"56,1",slab,"74,5",,"2,2"
E,tot,"3,8",free,"1,6",cache,"841,8",buff,"56,1",slab,"74,5",,"2,2"
E,tot,"3,8",free,"1,6",cache,"841,8",buff,"56,1",slab,"74,5",,"2,2"
E,tot,"3,8",free,"1,6",cache,"841,8",buff,"56,1",slab,"74,5",,"2,2"
E,tot,"3,8",free,"1,6",cache,"841,8",buff,"56,1",slab,"74,5",,"2,2"
E,tot,"3,8",free,"1,6",cache,"841,8",buff,"56,1",slab,"74,5",,"2,2"
E,tot,"3,8",free,"1,6",cache,"841,8",buff,"56,1",slab,"74,5",,"2,2"
E,tot,"3,8",free,"1,6",cache,"841,8",buff,"56,1",slab,"74,5",,"2,2"
E,tot,"3,8",free,"1,6",cache,"841,9",buff,"56,1",slab,"74,5",,"2,2"
E,tot,"3,8",free,"1,6",cache,"841,9",buff,"56,1",slab,"74,5",,"2,2"
E,tot,"3,8",free,"1,6",cache,"841,9",buff,"56,1",slab,"74,5",,"2,2"
E,tot,"3,8",free,"1,6",cache,"841,9",buff,"56,2",slab,"74,5",,"2,2"
E,tot,"3,8",free,"1,6",cache,"841,9",buff,"56,2",slab,"74,5",,"2,2"
E,tot,"3,8",free,"1,6",cache,"841,9",buff,"56,2",slab,"74,5",,"2,2"
E,tot,"3,8",free,"1,6",cache,"841,9",buff,"56,2",slab,"74,5",,"2,2"
E,tot,"3,8",free,"1,6",cache,"841,9",buff,"56,2",slab,"74,5",,"2,2"
E,tot,"3,8",free,"1,6",cache,842,buff,"56,2",slab,"74,5",,"2,2"
E,tot,"3,8",free,"1,6",cache,842,buff,"56,2",slab,"74,5",,"2,2"
E,tot,"3,8",free,"1,6",cache,842,buff,"56,2",slab,"74,5",,"2,2"
E,tot,"3,8",free,"1,6",cache,842,buff,"56,2",slab,"74,5",,"2,2"
E,tot,"3,8",free,"1,6",cache,842,buff,"56,2",slab,"74,5",,"2,2"
E,tot,"3,8",free,"1,6",cache,842,buff,"56,2",slab,"74,5",,"2,2"
E,tot,"3,8",free,"1,6",cache,842,buff,"56,2",slab,"74,5",,"2,2"
E,tot,"3,8",free,"1,6",cache,842,buff,"56,2",slab,"74,5",,"2,2"
E,tot,"3,8",free,"1,6",cache,"842,1",buff,"56,2",slab,"74,5",,"2,2"
E,tot,"3,8",free,"1,6",cache,"842,1",buff,"56,2",slab,"74,5",,"2,2"
E,tot,"3,8",free,"1,6",cache,"842,1",buff,"56,2",slab,"74,5",,"2,2"
E,tot,"3,8",free,"1,6",cache,"842,1",buff,"56,2",slab,"74,5",,"2,2"
E,tot,"3,8",free,"1,6",cache,"842,1",buff,"56,2",slab,"74,5",,"2,2"
E,tot,"3,8",free,"1,6",cache,"842,1",buff,"56,2",slab,"74,5",,"2,2"
E,tot,"3,8",free,"1,6",cache,"842,1",buff,"56,2",slab,"74,5",,"2,2"
E,tot,"3,8",free,"1,6",cache,"842,1",buff,"56,2",slab,"74,5",,"2,2"
E,tot,"3,8",free,"1,6",cache,"842,2",buff,"56,2",slab,"74,5",,"2,2"
E,tot,"3,8",free,"1,6",cache,"842,2",buff,"56,2",slab,"74,5",,"2,2"
E,tot,"3,8",free,"1,6",cache,"842,2",buff,"56,2",slab,"74,5",,"2,2"
E,tot,"3,8",free,"1,6",cache,"842,2",buff,"56,2",slab,"74,5",,"2,2"
E,tot,"3,8",free,"1,6",cache,"842,2",buff,"56,2",slab,"74,5",,"2,2"
E,tot,"3,8",free,"1,6",cache,"842,2",buff,"56,2",slab,"74,5",,"2,2"
E,tot,"3,8",free,"1,6",cache,"842,2",buff,"56,2",slab,"74,5",,"2,2"
E,tot,"3,8",free,"1,6",cache,"842,2",buff,"56,2",slab,"74,5",,"2,2"
E,tot,"3,8",free,"1,6",cache,"842,3",buff,"56,2",slab,"74,5",,"2,2"
E,tot,"3,8",free,"1,6",cache,"842,3",buff,"56,2",slab,"74,5",,"2,2"
E,tot,"3,8",free,"1,6",cache,"842,3",buff,"56,2",slab,"74,5",,"2,2"
E,tot,"3,8",free,"1,6",cache,"842,3",buff,"56,2",slab,"74,5",,"2,2"
E,tot,"3,8",free,"1,6",cache,"842,3",buff,"56,2",slab,"74,5",,"2,2"
E,tot,"3,8",free,"1,6",cache,"842,3",buff,"56,2",slab,"74,5",,"2,2"
E,tot,"3,8",free,"1,6",cache,"842,3",buff,"56,2",slab,"74,5",,"2,2"
E,tot,"3,8",free,"1,6",cache,"842,3",buff,"56,2",slab,"74,5",,"2,2"
E,tot,"3,8",free,"1,6",cache,"842,4",buff,"56,2",slab,"74,5",,"2,2"
E,tot,"3,8",free,"1,6",cache,"842,4",buff,"56,2",slab,"74,5",,"2,2"
E,tot,"3,8",free,"1,6",cache,"842,4",buff,"56,2",slab,"74,5",,"2,2"
E,tot,"3,8",free,"1,6",cache,"842,4",buff,"56,2",slab,"74,5",,"2,2"
E,tot,"3,8",free,"1,6",cache,"842,4",buff,"56,2",slab,"74,5",,"2,2"
E,tot,"3,8",free,"1,6",cache,"842,4",buff,"56,2",slab,"74,5",,"2,2"
E,tot,"3,8",free,"1,6",cache,"842,4",buff,"56,2",slab,"74,5",,"2,2"
E,tot,"3,8",free,"1,6",cache,"842,4",buff,"56,2",slab,"74,5",,"2,2"
E,tot,"3,8",free,"1,6",cache,"842,4",buff,"56,2",slab,"74,5",,"2,2"
E,tot,"3,8",free,"1,6",cache,"842,5",buff,"56,2",slab,"74,5",,"2,2"
E,tot,"3,8",free,"1,6",cache,"842,5",buff,"56,2",slab,"74,5",,"2,2"
E,tot,"3,8",free,"1,6",cache,"842,5",buff,"56,2",slab,"74,5",,"2,2"
E,tot,"3,8",free,"1,6",cache,"842,5",buff,"56,2",slab,"74,5",,"2,2"
E,tot,"3,8",free,"1,6",cache,"842,5",buff,"56,2",slab,"74,5",,"2,2"
E,tot,"3,8",free,"1,6",cache,"842,5",buff,"56,2",slab,"74,5",,"2,2"
E,tot,"3,8",free,"1,6",cache,"842,5",buff,"56,2",slab,"74,5",,"2,2"
E,tot,"3,8",free,"1,6",cache,"842,5",buff,"56,2",slab,"74,5",,"2,2"
E,tot,"3,8",free,"1,6",cache,"842,6",buff,"56,2",slab,"74,5",,"2,2"
E,tot,"3,8",free,"1,6",cache,"842,6",buff,"56,2",slab,"74,5",,"2,2"
E,tot,"3,8",free,"1,6",cache,"842,6",buff,"56,2",slab,"74,5",,"2,2"
E,tot,"3,8",free,"1,6",cache,"842,6",buff,"56,2",slab,"74,5",,"2,2"
E,tot,"3,8",free,"1,6",cache,"842,6",buff,"56,2",slab,"74,5",,"2,2"
E,tot,"3,8",free,"1,6",cache,"842,6",buff,"56,2",slab,"74,5",,"2,2"
E,tot,"3,8",free,"1,6",cache,"842,6",buff,"56,2",slab,"74,5",,"2,2"
E,tot,"3,8",free,"1,6",cache,"842,6",buff,"56,2",slab,"74,5",,"2,2"
E,tot,"3,8",free,"1,6",cache,"842,7",buff,"56,2",slab,"74,5",,"2,2"
E,tot,"3,8",free,"1,6",cache,"842,7",buff,"56,2",slab,"74,5",,"2,2"
E,tot,"3,8",free,"1,6",cache,"842,7",buff,"56,2",slab,"74,5",,"2,2"
E,tot,"3,8",free,"1,6",cache,"842,7",buff,"56,3",slab,"74,5",,"2,2"
E,tot,"3,8",free,"1,6",cache,"842,7",buff,"56,3",slab,"74,5",,"2,2"
E,tot,"3,8",free,"1,6",cache,"842,7",buff,"56,3",slab,"74,5",,"2,2"
E,tot,"3,8",free,"1,6",cache,"842,7",buff,"56,3",slab,"74,5",,"2,2"
E,tot,"3,8",free,"1,6",cache,"842,7",buff,"56,3",slab,"74,5",,"2,2"
E,tot,"3,8",free,"1,6",cache,"842,8",buff,"56,3",slab,"74,5",,"2,2"
E,tot,"3,8",free,"1,6",cache,"842,8",buff,"56,3",slab,"74,5",,"2,2"
E,tot,"3,8",free,"1,6",cache,"842,8",buff,"56,3",slab,"74,5",,"2,2"
E,tot,"3,8",free,"1,6",cache,"842,8",buff,"56,3",slab,"74,5",,"2,2"
E,tot,"3,8",free,"1,6",cache,"842,8",buff,"56,3",slab,"74,5",,"2,2"
E,tot,"3,8",free,"1,6",cache,"842,8",buff,"56,3",slab,"74,5",,"2,2"
E,tot,"3,8",free,"1,6",cache,"842,8",buff,"56,3",slab,"74,5",,"2,2"
E,tot,"3,8",free,"1,6",cache,"842,8",buff,"56,3",slab,"74,5",,"2,2"
E,tot,"3,8",free,"1,6",cache,"842,9",buff,"56,3",slab,"74,5",,"2,2"
E,tot,"3,8",free,"1,6",cache,"842,9",buff,"56,3",slab,"74,5",,"2,2"
E,tot,"3,8",free,"1,6",cache,"842,9",buff,"56,3",slab,"74,5",,"2,2"
E,tot,"3,8",free,"1,6",cache,"842,9",buff,"56,3",slab,"74,5",,"2,2"
E,tot,"3,8",free,"1,6",cache,"842,9",buff,"56,3",slab,"74,5",,"2,2"
E,tot,"3,8",free,"1,6",cache,"842,9",buff,"56,3",slab,"74,5",,"2,2"
E,tot,"3,8",free,"1,6",cache,"842,9",buff,"56,3",slab,"74,5",,"2,2"
E,tot,"3,8",free,"1,6",cache,"842,9",buff,"56,3",slab,"74,5",,"2,2"
E,tot,"3,8",free,"1,6",cache,"842,9",buff,"56,3",slab,"74,5",,"2,2"
E,tot,"3,8",free,"1,6",cache,843,buff,"56,3",slab,"74,5",,"2,2"
E,tot,"3,8",free,"1,6",cache,843,buff,"56,3",slab,"74,5",,"2,2"
E,tot,"3,8",free,"1,6",cache,843,buff,"56,3",slab,"74,5",,"2,2"
E,tot,"3,8",free,"1,6",cache,843,buff,"56,3",slab,"74,5",,"2,2"
E,tot,"3,8",free,"1,6",cache,843,buff,"56,3",slab,"74,5",,"2,2"
E,tot,"3,8",free,"1,6",cache,843,buff,"56,3",slab,"74,5",,"2,2"
E,tot,"3,8",free,"1,6",cache,843,buff,"56,3",slab,"74,5",,"2,2"
E,tot,"3,8",free,"1,6",cache,843,buff,"56,3",slab,"74,5",,"2,2"
E,tot,"3,8",free,"1,6",cache,"843,1",buff,"56,3",slab,"74,5",,"2,2"
E,tot,"3,8",free,"1,6",cache,"843,1",buff,"56,3",slab,"74,5",,"2,2"
E,tot,"3,8",free,"1,6",cache,"843,1",buff,"56,3",slab,"74,5",,"2,2"
E,tot,"3,8",free,"1,6",cache,"843,1",buff,"56,3",slab,"74,5",,"2,2"
E,tot,"3,8",free,"1,6",cache,"843,1",buff,"56,3",slab,"74,5",,"2,2"
E,tot,"3,8",free,"1,6",cache,"843,1",buff,"56,3",slab,"74,5",,"2,2"
E,tot,"3,8",free,"1,6",cache,"843,1",buff,"56,3",slab,"74,5",,"2,2"
,,,,,,,,,,,,
,,,,,,,,,,,média,"2,2"
,,,,,,,,,,,DP,0
