MEM | tot     3.8G | free    1.9G | cache 716.9M | buff   58.7M | slab   79.6M |
MEM | tot     3.8G | free    1.9G | cache 718.4M | buff   58.7M | slab   79.7M |
MEM | tot     3.8G | free    1.9G | cache 718.4M | buff   58.7M | slab   79.6M |
MEM | tot     3.8G | free    1.9G | cache 718.4M | buff   58.7M | slab   79.6M |
MEM | tot     3.8G | free    1.9G | cache 718.5M | buff   58.7M | slab   79.6M |
MEM | tot     3.8G | free    1.9G | cache 718.5M | buff   58.7M | slab   79.6M |
MEM | tot     3.8G | free    1.9G | cache 718.5M | buff   58.7M | slab   79.6M |
MEM | tot     3.8G | free    1.9G | cache 717.5M | buff   58.7M | slab   79.7M |
MEM | tot     3.8G | free    1.9G | cache 717.1M | buff   58.7M | slab   79.7M |
MEM | tot     3.8G | free    1.9G | cache 714.5M | buff   58.7M | slab   79.7M |
MEM | tot     3.8G | free    1.9G | cache 714.5M | buff   58.7M | slab   79.7M |
