MEM | tot     3.8G | free    1.9G | cache 720.6M | buff   58.7M | slab   79.5M |
MEM | tot     3.8G | free    1.9G | cache 718.6M | buff   58.7M | slab   79.6M |
MEM | tot     3.8G | free    1.9G | cache 718.9M | buff   58.7M | slab   79.7M |
MEM | tot     3.8G | free    1.9G | cache 719.0M | buff   58.7M | slab   79.7M |
MEM | tot     3.8G | free    1.9G | cache 717.6M | buff   58.7M | slab   79.6M |
MEM | tot     3.8G | free    1.9G | cache 717.7M | buff   58.7M | slab   79.6M |
MEM | tot     3.8G | free    1.9G | cache 717.8M | buff   58.7M | slab   79.6M |
MEM | tot     3.8G | free    1.9G | cache 716.2M | buff   58.7M | slab   79.6M |
MEM | tot     3.8G | free    1.9G | cache 716.3M | buff   58.7M | slab   79.6M |
MEM | tot     3.8G | free    1.9G | cache 713.9M | buff   58.7M | slab   79.6M |
MEM | tot     3.8G | free    1.9G | cache 714.0M | buff   58.7M | slab   79.6M |
MEM | tot     3.8G | free    1.9G | cache 715.5M | buff   58.7M | slab   79.6M |
MEM | tot     3.8G | free    1.9G | cache 715.6M | buff   58.7M | slab   79.6M |
MEM | tot     3.8G | free    1.9G | cache 715.8M | buff   58.7M | slab   79.6M |
