MEM | tot     3.8G | free    1.9G | cache 715.8M | buff   58.7M | slab   79.6M |
MEM | tot     3.8G | free    1.9G | cache 718.5M | buff   58.7M | slab   79.7M |
MEM | tot     3.8G | free    1.9G | cache 718.3M | buff   58.7M | slab   79.6M |
MEM | tot     3.8G | free    1.9G | cache 718.2M | buff   58.7M | slab   79.6M |
MEM | tot     3.8G | free    1.9G | cache 718.3M | buff   58.7M | slab   79.6M |
MEM | tot     3.8G | free    1.9G | cache 718.3M | buff   58.7M | slab   79.6M |
MEM | tot     3.8G | free    1.9G | cache 718.3M | buff   58.7M | slab   79.7M |
