MEM | tot     3.8G | free  846.2M | cache   1.6G | buff   76.5M | slab  104.9M |
MEM | numnode    1 | shmem  67.2M | shrss  35.8M | tcpsk   0.0M | udpsk   0.0M |
MEM | tot     3.8G | free  836.3M | cache   1.6G | buff   76.5M | slab  104.9M |
MEM | numnode    1 | shmem  66.8M | shrss  35.8M | tcpsk   0.0M | udpsk   0.0M |
MEM | tot     3.8G | free  832.6M | cache   1.6G | buff   76.5M | slab  104.9M |
MEM | numnode    1 | shmem  67.2M | shrss  35.8M | tcpsk   0.0M | udpsk   0.0M |
MEM | tot     3.8G | free  831.8M | cache   1.6G | buff   76.5M | slab  104.9M |
MEM | numnode    1 | shmem  67.2M | shrss  35.8M | tcpsk   0.0M | udpsk   0.0M |
MEM | tot     3.8G | free  830.0M | cache   1.6G | buff   76.5M | slab  104.9M |
MEM | numnode    1 | shmem  67.2M | shrss  35.8M | tcpsk   0.0M | udpsk   0.0M |
MEM | tot     3.8G | free  830.1M | cache   1.6G | buff   76.5M | slab  104.9M |
MEM | numnode    1 | shmem  67.2M | shrss  35.8M | tcpsk   0.0M | udpsk   0.0M |
MEM | tot     3.8G | free  830.1M | cache   1.6G | buff   76.5M | slab  104.9M |
MEM | numnode    1 | shmem  67.2M | shrss  35.8M | tcpsk   0.0M | udpsk   0.0M |
