MEM | tot     3.8G | free  844.0M | cache   1.6G | buff   76.5M | slab  104.8M |
MEM | numnode    1 | shmem  69.4M | shrss  35.8M | tcpsk   0.0M | udpsk   0.0M |
MEM | tot     3.8G | free  834.8M | cache   1.6G | buff   76.5M | slab  104.9M |
MEM | numnode    1 | shmem  68.0M | shrss  35.8M | tcpsk   0.0M | udpsk   0.0M |
MEM | tot     3.8G | free  835.6M | cache   1.6G | buff   76.5M | slab  104.9M |
MEM | numnode    1 | shmem  67.9M | shrss  35.8M | tcpsk   0.0M | udpsk   0.0M |
MEM | tot     3.8G | free  837.8M | cache   1.6G | buff   76.5M | slab  104.9M |
MEM | numnode    1 | shmem  66.4M | shrss  35.8M | tcpsk   0.0M | udpsk   0.0M |
MEM | tot     3.8G | free  837.8M | cache   1.6G | buff   76.5M | slab  104.9M |
MEM | numnode    1 | shmem  66.4M | shrss  35.8M | tcpsk   0.0M | udpsk   0.0M |
MEM | tot     3.8G | free  837.3M | cache   1.6G | buff   76.5M | slab  104.9M |
MEM | numnode    1 | shmem  66.4M | shrss  35.8M | tcpsk   0.0M | udpsk   0.0M |
MEM | tot     3.8G | free  837.8M | cache   1.6G | buff   76.5M | slab  104.9M |
MEM | numnode    1 | shmem  66.4M | shrss  35.8M | tcpsk   0.0M | udpsk   0.0M |
