MEM | tot     3.8G | free  849.9M | cache   1.6G | buff   76.5M | slab  104.8M |
MEM | numnode    1 | shmem  65.9M | shrss  35.8M | tcpsk   0.0M | udpsk   0.0M |
MEM | tot     3.8G | free  837.1M | cache   1.6G | buff   76.5M | slab  104.8M |
MEM | numnode    1 | shmem  66.4M | shrss  35.8M | tcpsk   0.0M | udpsk   0.0M |
MEM | tot     3.8G | free  834.1M | cache   1.6G | buff   76.5M | slab  104.8M |
MEM | numnode    1 | shmem  66.9M | shrss  35.8M | tcpsk   0.0M | udpsk   0.0M |
MEM | tot     3.8G | free  834.3M | cache   1.6G | buff   76.5M | slab  104.9M |
MEM | numnode    1 | shmem  66.9M | shrss  35.8M | tcpsk   0.0M | udpsk   0.0M |
