MEM | tot     3.8G | free    2.2G | cache 634.5M | buff   47.2M | slab   65.7M |
MEM | tot     3.8G | free    2.2G | cache 641.8M | buff   47.2M | slab   65.8M |
MEM | tot     3.8G | free    2.2G | cache 634.7M | buff   47.2M | slab   65.8M |
MEM | tot     3.8G | free    2.2G | cache 634.7M | buff   47.2M | slab   65.8M |
MEM | tot     3.8G | free    2.2G | cache 634.8M | buff   47.2M | slab   65.8M |
MEM | tot     3.8G | free    2.2G | cache 634.8M | buff   47.2M | slab   65.8M |
MEM | tot     3.8G | free    2.2G | cache 634.3M | buff   47.2M | slab   65.8M |
MEM | tot     3.8G | free    2.2G | cache 633.5M | buff   47.2M | slab   65.8M |
MEM | tot     3.8G | free    2.2G | cache 633.5M | buff   47.2M | slab   65.8M |
MEM | tot     3.8G | free    2.2G | cache 633.6M | buff   47.2M | slab   65.8M |
MEM | tot     3.8G | free    2.2G | cache 633.6M | buff   47.2M | slab   65.8M |
MEM | tot     3.8G | free    2.2G | cache 633.6M | buff   47.2M | slab   65.8M |
MEM | tot     3.8G | free    2.2G | cache 633.6M | buff   47.2M | slab   65.8M |
MEM | tot     3.8G | free    2.2G | cache 633.6M | buff   47.2M | slab   65.8M |
MEM | tot     3.8G | free    2.2G | cache 633.6M | buff   47.2M | slab   65.8M |
MEM | tot     3.8G | free    2.2G | cache 633.6M | buff   47.2M | slab   65.8M |
MEM | tot     3.8G | free    2.2G | cache 633.6M | buff   47.2M | slab   65.8M |
MEM | tot     3.8G | free    2.2G | cache 633.6M | buff   47.2M | slab   65.8M |
MEM | tot     3.8G | free    2.2G | cache 633.7M | buff   47.2M | slab   65.8M |
MEM | tot     3.8G | free    2.2G | cache 633.7M | buff   47.2M | slab   65.8M |
MEM | tot     3.8G | free    2.2G | cache 633.7M | buff   47.2M | slab   65.8M |
MEM | tot     3.8G | free    2.2G | cache 633.7M | buff   47.2M | slab   65.8M |
MEM | tot     3.8G | free    2.2G | cache 633.7M | buff   47.2M | slab   65.8M |
MEM | tot     3.8G | free    2.2G | cache 633.7M | buff   47.2M | slab   65.8M |
MEM | tot     3.8G | free    2.2G | cache 633.7M | buff   47.2M | slab   65.8M |
MEM | tot     3.8G | free    2.2G | cache 633.7M | buff   47.2M | slab   65.8M |
MEM | tot     3.8G | free    2.2G | cache 633.8M | buff   47.2M | slab   65.8M |
MEM | tot     3.8G | free    2.2G | cache 633.8M | buff   47.2M | slab   65.8M |
MEM | tot     3.8G | free    2.2G | cache 633.8M | buff   47.2M | slab   65.8M |
MEM | tot     3.8G | free    2.2G | cache 633.8M | buff   47.2M | slab   65.8M |
MEM | tot     3.8G | free    2.2G | cache 633.8M | buff   47.2M | slab   65.8M |
MEM | tot     3.8G | free    2.2G | cache 633.8M | buff   47.2M | slab   65.8M |
MEM | tot     3.8G | free    2.2G | cache 633.8M | buff   47.2M | slab   65.8M |
MEM | tot     3.8G | free    2.2G | cache 633.8M | buff   47.2M | slab   65.8M |
MEM | tot     3.8G | free    2.2G | cache 633.8M | buff   47.2M | slab   65.8M |
MEM | tot     3.8G | free    2.2G | cache 634.0M | buff   47.2M | slab   65.8M |
MEM | tot     3.8G | free    2.2G | cache 634.0M | buff   47.2M | slab   65.8M |
MEM | tot     3.8G | free    2.2G | cache 634.0M | buff   47.2M | slab   65.8M |
MEM | tot     3.8G | free    2.2G | cache 634.0M | buff   47.2M | slab   65.8M |
MEM | tot     3.8G | free    2.2G | cache 634.0M | buff   47.2M | slab   65.8M |
MEM | tot     3.8G | free    2.2G | cache 634.0M | buff   47.2M | slab   65.8M |
MEM | tot     3.8G | free    2.2G | cache 634.0M | buff   47.2M | slab   65.8M |
MEM | tot     3.8G | free    2.2G | cache 634.1M | buff   47.2M | slab   65.8M |
MEM | tot     3.8G | free    2.2G | cache 634.1M | buff   47.2M | slab   65.8M |
MEM | tot     3.8G | free    2.2G | cache 634.1M | buff   47.2M | slab   65.8M |
MEM | tot     3.8G | free    2.2G | cache 634.1M | buff   47.3M | slab   65.8M |
MEM | tot     3.8G | free    2.2G | cache 634.1M | buff   47.3M | slab   65.8M |
MEM | tot     3.8G | free    2.2G | cache 634.1M | buff   47.3M | slab   65.8M |
MEM | tot     3.8G | free    2.2G | cache 634.1M | buff   47.3M | slab   65.8M |
MEM | tot     3.8G | free    2.2G | cache 634.1M | buff   47.3M | slab   65.8M |
MEM | tot     3.8G | free    2.2G | cache 634.1M | buff   47.3M | slab   65.8M |
