MEM | tot     3.8G | free    2.2G | cache 630.2M | buff   47.3M | slab   65.8M |
MEM | tot     3.8G | free    2.2G | cache 641.8M | buff   47.3M | slab   65.8M |
MEM | tot     3.8G | free    2.2G | cache 641.8M | buff   47.3M | slab   65.8M |
MEM | tot     3.8G | free    2.2G | cache 641.8M | buff   47.3M | slab   65.8M |
MEM | tot     3.8G | free    2.2G | cache 641.8M | buff   47.3M | slab   65.8M |
MEM | tot     3.8G | free    2.2G | cache 641.8M | buff   47.3M | slab   65.9M |
MEM | tot     3.8G | free    2.2G | cache 641.1M | buff   47.3M | slab   65.9M |
MEM | tot     3.8G | free    2.2G | cache 633.6M | buff   47.3M | slab   65.8M |
MEM | tot     3.8G | free    2.2G | cache 633.6M | buff   47.3M | slab   65.8M |
MEM | tot     3.8G | free    2.2G | cache 633.6M | buff   47.3M | slab   65.8M |
MEM | tot     3.8G | free    2.2G | cache 633.6M | buff   47.3M | slab   65.8M |
MEM | tot     3.8G | free    2.2G | cache 633.6M | buff   47.3M | slab   65.8M |
MEM | tot     3.8G | free    2.2G | cache 633.6M | buff   47.3M | slab   65.8M |
MEM | tot     3.8G | free    2.2G | cache 633.7M | buff   47.3M | slab   65.8M |
MEM | tot     3.8G | free    2.2G | cache 633.7M | buff   47.3M | slab   65.8M |
MEM | tot     3.8G | free    2.2G | cache 633.7M | buff   47.3M | slab   65.8M |
MEM | tot     3.8G | free    2.2G | cache 633.7M | buff   47.3M | slab   65.8M |
