MEM | tot     3.8G | free    2.2G | cache 630.2M | buff   47.3M | slab   65.8M |
MEM | tot     3.8G | free    2.2G | cache 637.5M | buff   47.3M | slab   65.9M |
MEM | tot     3.8G | free    2.2G | cache 644.0M | buff   47.3M | slab   65.8M |
MEM | tot     3.8G | free    2.2G | cache 644.1M | buff   47.3M | slab   65.8M |
MEM | tot     3.8G | free    2.2G | cache 644.1M | buff   47.3M | slab   65.8M |
MEM | tot     3.8G | free    2.2G | cache 644.1M | buff   47.3M | slab   65.8M |
MEM | tot     3.8G | free    2.2G | cache 643.8M | buff   47.3M | slab   65.8M |
MEM | tot     3.8G | free    2.2G | cache 633.7M | buff   47.3M | slab   65.8M |
MEM | tot     3.8G | free    2.2G | cache 633.7M | buff   47.3M | slab   65.8M |
MEM | tot     3.8G | free    2.2G | cache 633.8M | buff   47.3M | slab   65.8M |
MEM | tot     3.8G | free    2.2G | cache 633.8M | buff   47.3M | slab   65.8M |
MEM | tot     3.8G | free    2.2G | cache 633.8M | buff   47.3M | slab   65.8M |
MEM | tot     3.8G | free    2.2G | cache 633.8M | buff   47.3M | slab   65.8M |
MEM | tot     3.8G | free    2.2G | cache 633.8M | buff   47.3M | slab   65.8M |
MEM | tot     3.8G | free    2.2G | cache 633.8M | buff   47.3M | slab   65.8M |
MEM | tot     3.8G | free    2.2G | cache 633.8M | buff   47.3M | slab   65.8M |
MEM | tot     3.8G | free    2.2G | cache 633.8M | buff   47.3M | slab   65.8M |
MEM | tot     3.8G | free    2.2G | cache 633.8M | buff   47.3M | slab   65.8M |
MEM | tot     3.8G | free    2.2G | cache 633.9M | buff   47.3M | slab   65.8M |
MEM | tot     3.8G | free    2.2G | cache 633.9M | buff   47.3M | slab   65.8M |
MEM | tot     3.8G | free    2.2G | cache 633.9M | buff   47.3M | slab   65.8M |
MEM | tot     3.8G | free    2.2G | cache 633.9M | buff   47.3M | slab   65.8M |
MEM | tot     3.8G | free    2.2G | cache 633.9M | buff   47.3M | slab   65.8M |
MEM | tot     3.8G | free    2.2G | cache 633.9M | buff   47.3M | slab   65.8M |
MEM | tot     3.8G | free    2.2G | cache 633.9M | buff   47.3M | slab   65.8M |
MEM | tot     3.8G | free    2.2G | cache 633.9M | buff   47.3M | slab   65.8M |
MEM | tot     3.8G | free    2.2G | cache 633.9M | buff   47.3M | slab   65.8M |
MEM | tot     3.8G | free    2.2G | cache 634.0M | buff   47.3M | slab   65.8M |
MEM | tot     3.8G | free    2.2G | cache 634.0M | buff   47.3M | slab   65.8M |
