E,tot,"3,8",free,"2,2",cache,"630,2",buff,"47,3",slab,"65,8",,"1,6"
E,tot,"3,8",free,"2,2",cache,"637,5",buff,"47,3",slab,"65,9",,"1,6"
E,tot,"3,8",free,"2,2",cache,644,buff,"47,3",slab,"65,8",,"1,6"
E,tot,"3,8",free,"2,2",cache,"644,1",buff,"47,3",slab,"65,8",,"1,6"
E,tot,"3,8",free,"2,2",cache,"644,1",buff,"47,3",slab,"65,8",,"1,6"
E,tot,"3,8",free,"2,2",cache,"644,1",buff,"47,3",slab,"65,8",,"1,6"
E,tot,"3,8",free,"2,2",cache,"643,8",buff,"47,3",slab,"65,8",,"1,6"
E,tot,"3,8",free,"2,2",cache,"633,7",buff,"47,3",slab,"65,8",,"1,6"
E,tot,"3,8",free,"2,2",cache,"633,7",buff,"47,3",slab,"65,8",,"1,6"
E,tot,"3,8",free,"2,2",cache,"633,8",buff,"47,3",slab,"65,8",,"1,6"
E,tot,"3,8",free,"2,2",cache,"633,8",buff,"47,3",slab,"65,8",,"1,6"
E,tot,"3,8",free,"2,2",cache,"633,8",buff,"47,3",slab,"65,8",,"1,6"
E,tot,"3,8",free,"2,2",cache,"633,8",buff,"47,3",slab,"65,8",,"1,6"
E,tot,"3,8",free,"2,2",cache,"633,8",buff,"47,3",slab,"65,8",,"1,6"
E,tot,"3,8",free,"2,2",cache,"633,8",buff,"47,3",slab,"65,8",,"1,6"
E,tot,"3,8",free,"2,2",cache,"633,8",buff,"47,3",slab,"65,8",,"1,6"
E,tot,"3,8",free,"2,2",cache,"633,8",buff,"47,3",slab,"65,8",,"1,6"
E,tot,"3,8",free,"2,2",cache,"633,8",buff,"47,3",slab,"65,8",,"1,6"
E,tot,"3,8",free,"2,2",cache,"633,9",buff,"47,3",slab,"65,8",,"1,6"
E,tot,"3,8",free,"2,2",cache,"633,9",buff,"47,3",slab,"65,8",,"1,6"
E,tot,"3,8",free,"2,2",cache,"633,9",buff,"47,3",slab,"65,8",,"1,6"
E,tot,"3,8",free,"2,2",cache,"633,9",buff,"47,3",slab,"65,8",,"1,6"
E,tot,"3,8",free,"2,2",cache,"633,9",buff,"47,3",slab,"65,8",,"1,6"
E,tot,"3,8",free,"2,2",cache,"633,9",buff,"47,3",slab,"65,8",,"1,6"
E,tot,"3,8",free,"2,2",cache,"633,9",buff,"47,3",slab,"65,8",,"1,6"
E,tot,"3,8",free,"2,2",cache,"633,9",buff,"47,3",slab,"65,8",,"1,6"
E,tot,"3,8",free,"2,2",cache,"633,9",buff,"47,3",slab,"65,8",,"1,6"
E,tot,"3,8",free,"2,2",cache,634,buff,"47,3",slab,"65,8",,"1,6"
E,tot,"3,8",free,"2,2",cache,634,buff,"47,3",slab,"65,8",,"1,6"
,,,,,,,,,,,,
,,,,,,,,,,,média,"1,6"
,,,,,,,,,,,DP,0
