CPU,sys,12,user,35,irq,1,idle,30,wait,23,,47
CPU,sys,34,user,66,irq,0,idle,0,wait,0,,100
CPU,sys,25,user,75,irq,0,idle,0,wait,0,,100
CPU,sys,36,user,63,irq,1,idle,0,wait,0,,99
CPU,sys,28,user,69,irq,3,idle,0,wait,0,,97
CPU,sys,31,user,65,irq,4,idle,0,wait,0,,96
CPU,sys,40,user,55,irq,5,idle,0,wait,0,,95
CPU,sys,31,user,59,irq,1,idle,0,wait,9,,90
CPU,sys,27,user,25,irq,3,idle,0,wait,44,,52
CPU,sys,19,user,20,irq,1,idle,0,wait,61,,39
CPU,sys,18,user,21,irq,1,idle,0,wait,61,,39
CPU,sys,19,user,16,irq,3,idle,0,wait,62,,35
CPU,sys,16,user,29,irq,3,idle,0,wait,52,,45
CPU,sys,21,user,20,irq,3,idle,0,wait,56,,41
CPU,sys,20,user,20,irq,3,idle,0,wait,56,,40
CPU,sys,19,user,22,irq,1,idle,0,wait,57,,41
CPU,sys,23,user,22,irq,1,idle,0,wait,53,,45
CPU,sys,18,user,19,irq,3,idle,0,wait,60,,37
CPU,sys,21,user,21,irq,3,idle,0,wait,55,,42
CPU,sys,20,user,21,irq,3,idle,0,wait,55,,41
CPU,sys,18,user,24,irq,2,idle,0,wait,55,,42
CPU,sys,21,user,15,irq,3,idle,0,wait,61,,36
CPU,sys,18,user,22,irq,1,idle,0,wait,59,,40
CPU,sys,18,user,23,irq,1,idle,0,wait,57,,41
CPU,sys,22,user,20,irq,2,idle,0,wait,56,,42
CPU,sys,19,user,23,irq,2,idle,0,wait,57,,42
CPU,sys,17,user,20,irq,2,idle,0,wait,60,,37
CPU,sys,18,user,20,irq,0,idle,0,wait,63,,38
CPU,sys,20,user,17,irq,3,idle,0,wait,60,,37
,,,,,,,,,,,,
,,,,,,,,,,,média,"54,6071428571429"
,,,,,,,,,,,DP,"25,021974469438"
