CPU,sys,12,user,35,irq,1,idle,30,wait,23,,47
CPU,sys,39,user,61,irq,0,idle,0,wait,0,,100
CPU,sys,24,user,46,irq,1,idle,0,wait,29,,70
CPU,sys,22,user,28,irq,2,idle,0,wait,48,,50
CPU,sys,22,user,17,irq,1,idle,0,wait,60,,39
CPU,sys,29,user,33,irq,2,idle,0,wait,35,,62
CPU,sys,25,user,23,irq,2,idle,0,wait,49,,48
CPU,sys,22,user,20,irq,0,idle,0,wait,59,,42
CPU,sys,19,user,25,irq,2,idle,0,wait,54,,44
CPU,sys,18,user,22,irq,0,idle,0,wait,61,,40
CPU,sys,20,user,22,irq,3,idle,0,wait,55,,42
CPU,sys,22,user,22,irq,1,idle,0,wait,55,,44
CPU,sys,17,user,24,irq,3,idle,0,wait,56,,41
CPU,sys,18,user,27,irq,1,idle,0,wait,54,,45
CPU,sys,24,user,18,irq,3,idle,0,wait,55,,42
CPU,sys,15,user,29,irq,1,idle,0,wait,55,,44
CPU,sys,15,user,22,irq,2,idle,0,wait,61,,37
CPU,sys,18,user,25,irq,1,idle,0,wait,56,,43
CPU,sys,20,user,24,irq,1,idle,0,wait,54,,44
CPU,sys,18,user,26,irq,2,idle,0,wait,54,,44
CPU,sys,16,user,25,irq,2,idle,0,wait,58,,41
CPU,sys,21,user,23,irq,1,idle,0,wait,55,,44
CPU,sys,16,user,20,irq,3,idle,0,wait,60,,36
CPU,sys,17,user,22,irq,2,idle,0,wait,59,,39
CPU,sys,17,user,24,irq,1,idle,0,wait,58,,41
CPU,sys,19,user,23,irq,1,idle,0,wait,56,,42
CPU,sys,19,user,21,irq,1,idle,0,wait,60,,40
CPU,sys,14,user,26,irq,2,idle,0,wait,58,,40
CPU,sys,20,user,27,irq,1,idle,0,wait,53,,47
CPU,sys,19,user,24,irq,2,idle,0,wait,54,,43
CPU,sys,17,user,21,irq,4,idle,0,wait,58,,38
CPU,sys,17,user,29,irq,1,idle,0,wait,53,,46
CPU,sys,19,user,24,irq,2,idle,0,wait,56,,43
CPU,sys,18,user,24,irq,1,idle,0,wait,58,,42
CPU,sys,15,user,25,irq,1,idle,0,wait,59,,40
CPU,sys,17,user,22,irq,2,idle,0,wait,59,,39
CPU,sys,14,user,28,irq,3,idle,0,wait,55,,42
CPU,sys,17,user,27,irq,0,idle,0,wait,56,,44
CPU,sys,19,user,28,irq,1,idle,0,wait,52,,47
CPU,sys,16,user,26,irq,1,idle,0,wait,56,,42
CPU,sys,15,user,24,irq,2,idle,0,wait,58,,39
CPU,sys,19,user,24,irq,1,idle,0,wait,56,,43
CPU,sys,19,user,26,irq,1,idle,0,wait,54,,45
CPU,sys,17,user,27,irq,2,idle,0,wait,54,,44
CPU,sys,15,user,27,irq,1,idle,0,wait,57,,42
CPU,sys,23,user,21,irq,1,idle,0,wait,56,,44
CPU,sys,21,user,21,irq,2,idle,0,wait,56,,42
CPU,sys,20,user,26,irq,2,idle,0,wait,52,,46
CPU,sys,12,user,24,irq,2,idle,0,wait,61,,36
CPU,sys,20,user,24,irq,0,idle,0,wait,57,,44
CPU,sys,15,user,25,irq,1,idle,0,wait,59,,40
,,,,,,,,,,,,
,,,,,,,,,,,média,"44,44"
,,,,,,,,,,,DP,"9,75863824558341"
