CPU,sys,12,user,35,irq,1,idle,30,wait,23,,47
CPU,sys,32,user,68,irq,0,idle,0,wait,0,,100
CPU,sys,33,user,66,irq,1,idle,0,wait,0,,99
CPU,sys,34,user,64,irq,2,idle,0,wait,0,,98
CPU,sys,37,user,59,irq,4,idle,0,wait,0,,96
CPU,sys,30,user,68,irq,2,idle,0,wait,0,,98
CPU,sys,32,user,65,irq,2,idle,0,wait,0,,97
CPU,sys,17,user,54,irq,0,idle,0,wait,29,,71
CPU,sys,9,user,35,irq,0,idle,0,wait,55,,44
CPU,sys,13,user,61,irq,1,idle,0,wait,25,,74
CPU,sys,13,user,67,irq,0,idle,0,wait,19,,80
CPU,sys,15,user,68,irq,1,idle,0,wait,17,,83
CPU,sys,17,user,66,irq,1,idle,0,wait,17,,83
CPU,sys,14,user,68,irq,1,idle,0,wait,16,,82
CPU,sys,12,user,71,irq,2,idle,0,wait,15,,83
CPU,sys,11,user,74,irq,0,idle,0,wait,14,,85
CPU,sys,14,user,71,irq,1,idle,0,wait,13,,85
,,,,,,,,,,,,
,,,,,,,,,,,média,"84,875"
,,,,,,,,,,,DP,"14,3009323705368"
