E,tot,"3,8",free,"2,2",cache,"634,5",buff,"47,2",slab,"65,7",,"1,6"
E,tot,"3,8",free,"2,2",cache,"641,8",buff,"47,2",slab,"65,8",,"1,6"
E,tot,"3,8",free,"2,2",cache,"634,7",buff,"47,2",slab,"65,8",,"1,6"
E,tot,"3,8",free,"2,2",cache,"634,7",buff,"47,2",slab,"65,8",,"1,6"
E,tot,"3,8",free,"2,2",cache,"634,8",buff,"47,2",slab,"65,8",,"1,6"
E,tot,"3,8",free,"2,2",cache,"634,8",buff,"47,2",slab,"65,8",,"1,6"
E,tot,"3,8",free,"2,2",cache,"634,3",buff,"47,2",slab,"65,8",,"1,6"
E,tot,"3,8",free,"2,2",cache,"633,5",buff,"47,2",slab,"65,8",,"1,6"
E,tot,"3,8",free,"2,2",cache,"633,5",buff,"47,2",slab,"65,8",,"1,6"
E,tot,"3,8",free,"2,2",cache,"633,6",buff,"47,2",slab,"65,8",,"1,6"
E,tot,"3,8",free,"2,2",cache,"633,6",buff,"47,2",slab,"65,8",,"1,6"
E,tot,"3,8",free,"2,2",cache,"633,6",buff,"47,2",slab,"65,8",,"1,6"
E,tot,"3,8",free,"2,2",cache,"633,6",buff,"47,2",slab,"65,8",,"1,6"
E,tot,"3,8",free,"2,2",cache,"633,6",buff,"47,2",slab,"65,8",,"1,6"
E,tot,"3,8",free,"2,2",cache,"633,6",buff,"47,2",slab,"65,8",,"1,6"
E,tot,"3,8",free,"2,2",cache,"633,6",buff,"47,2",slab,"65,8",,"1,6"
E,tot,"3,8",free,"2,2",cache,"633,6",buff,"47,2",slab,"65,8",,"1,6"
E,tot,"3,8",free,"2,2",cache,"633,6",buff,"47,2",slab,"65,8",,"1,6"
E,tot,"3,8",free,"2,2",cache,"633,7",buff,"47,2",slab,"65,8",,"1,6"
E,tot,"3,8",free,"2,2",cache,"633,7",buff,"47,2",slab,"65,8",,"1,6"
E,tot,"3,8",free,"2,2",cache,"633,7",buff,"47,2",slab,"65,8",,"1,6"
E,tot,"3,8",free,"2,2",cache,"633,7",buff,"47,2",slab,"65,8",,"1,6"
E,tot,"3,8",free,"2,2",cache,"633,7",buff,"47,2",slab,"65,8",,"1,6"
E,tot,"3,8",free,"2,2",cache,"633,7",buff,"47,2",slab,"65,8",,"1,6"
E,tot,"3,8",free,"2,2",cache,"633,7",buff,"47,2",slab,"65,8",,"1,6"
E,tot,"3,8",free,"2,2",cache,"633,7",buff,"47,2",slab,"65,8",,"1,6"
E,tot,"3,8",free,"2,2",cache,"633,8",buff,"47,2",slab,"65,8",,"1,6"
E,tot,"3,8",free,"2,2",cache,"633,8",buff,"47,2",slab,"65,8",,"1,6"
E,tot,"3,8",free,"2,2",cache,"633,8",buff,"47,2",slab,"65,8",,"1,6"
E,tot,"3,8",free,"2,2",cache,"633,8",buff,"47,2",slab,"65,8",,"1,6"
E,tot,"3,8",free,"2,2",cache,"633,8",buff,"47,2",slab,"65,8",,"1,6"
E,tot,"3,8",free,"2,2",cache,"633,8",buff,"47,2",slab,"65,8",,"1,6"
E,tot,"3,8",free,"2,2",cache,"633,8",buff,"47,2",slab,"65,8",,"1,6"
E,tot,"3,8",free,"2,2",cache,"633,8",buff,"47,2",slab,"65,8",,"1,6"
E,tot,"3,8",free,"2,2",cache,"633,8",buff,"47,2",slab,"65,8",,"1,6"
E,tot,"3,8",free,"2,2",cache,634,buff,"47,2",slab,"65,8",,"1,6"
E,tot,"3,8",free,"2,2",cache,634,buff,"47,2",slab,"65,8",,"1,6"
E,tot,"3,8",free,"2,2",cache,634,buff,"47,2",slab,"65,8",,"1,6"
E,tot,"3,8",free,"2,2",cache,634,buff,"47,2",slab,"65,8",,"1,6"
E,tot,"3,8",free,"2,2",cache,634,buff,"47,2",slab,"65,8",,"1,6"
E,tot,"3,8",free,"2,2",cache,634,buff,"47,2",slab,"65,8",,"1,6"
E,tot,"3,8",free,"2,2",cache,634,buff,"47,2",slab,"65,8",,"1,6"
E,tot,"3,8",free,"2,2",cache,"634,1",buff,"47,2",slab,"65,8",,"1,6"
E,tot,"3,8",free,"2,2",cache,"634,1",buff,"47,2",slab,"65,8",,"1,6"
E,tot,"3,8",free,"2,2",cache,"634,1",buff,"47,2",slab,"65,8",,"1,6"
E,tot,"3,8",free,"2,2",cache,"634,1",buff,"47,3",slab,"65,8",,"1,6"
E,tot,"3,8",free,"2,2",cache,"634,1",buff,"47,3",slab,"65,8",,"1,6"
E,tot,"3,8",free,"2,2",cache,"634,1",buff,"47,3",slab,"65,8",,"1,6"
E,tot,"3,8",free,"2,2",cache,"634,1",buff,"47,3",slab,"65,8",,"1,6"
E,tot,"3,8",free,"2,2",cache,"634,1",buff,"47,3",slab,"65,8",,"1,6"
E,tot,"3,8",free,"2,2",cache,"634,1",buff,"47,3",slab,"65,8",,"1,6"
,,,,,,,,,,,,
,,,,,,,,,,,média,"1,6"
,,,,,,,,,,,DP,0
