MEM | tot     3.8G | free    1.9G | cache 718.2M | buff   62.9M | slab   80.8M |
MEM | tot     3.8G | free    1.9G | cache 722.2M | buff   62.9M | slab   80.8M |
MEM | tot     3.8G | free    1.9G | cache 722.3M | buff   62.9M | slab   80.8M |
MEM | tot     3.8G | free    1.9G | cache 722.3M | buff   62.9M | slab   80.8M |
MEM | tot     3.8G | free    1.9G | cache 722.3M | buff   62.9M | slab   80.8M |
MEM | tot     3.8G | free    1.9G | cache 722.3M | buff   62.9M | slab   80.8M |
MEM | tot     3.8G | free    1.9G | cache 722.3M | buff   62.9M | slab   80.8M |
MEM | tot     3.8G | free    1.9G | cache 721.4M | buff   62.9M | slab   80.8M |
MEM | tot     3.8G | free    1.9G | cache 720.9M | buff   62.9M | slab   80.8M |
MEM | tot     3.8G | free    1.9G | cache 718.4M | buff   62.9M | slab   80.8M |
