MEM | tot     3.8G | free    1.9G | cache 720.0M | buff   62.9M | slab   80.6M |
MEM | tot     3.8G | free    1.9G | cache 721.5M | buff   62.9M | slab   80.8M |
MEM | tot     3.8G | free    1.9G | cache 721.9M | buff   62.9M | slab   80.8M |
MEM | tot     3.8G | free    1.9G | cache 720.4M | buff   62.9M | slab   80.8M |
MEM | tot     3.8G | free    1.9G | cache 720.6M | buff   62.9M | slab   80.8M |
MEM | tot     3.8G | free    1.9G | cache 720.7M | buff   62.9M | slab   80.8M |
MEM | tot     3.8G | free    1.9G | cache 720.8M | buff   62.9M | slab   80.8M |
MEM | tot     3.8G | free    1.9G | cache 719.2M | buff   62.9M | slab   80.8M |
MEM | tot     3.8G | free    1.9G | cache 719.3M | buff   62.9M | slab   80.8M |
MEM | tot     3.8G | free    1.9G | cache 716.9M | buff   62.9M | slab   80.8M |
MEM | tot     3.8G | free    1.9G | cache 717.0M | buff   62.9M | slab   80.8M |
MEM | tot     3.8G | free    1.9G | cache 717.2M | buff   62.9M | slab   80.8M |
MEM | tot     3.8G | free    1.9G | cache 717.3M | buff   62.9M | slab   80.8M |
MEM | tot     3.8G | free    1.9G | cache 717.4M | buff   62.9M | slab   80.8M |
MEM | tot     3.8G | free    1.9G | cache 717.5M | buff   62.9M | slab   80.8M |
MEM | tot     3.8G | free    1.9G | cache 717.7M | buff   62.9M | slab   80.8M |
MEM | tot     3.8G | free    1.9G | cache 717.8M | buff   62.9M | slab   80.8M |
MEM | tot     3.8G | free    1.9G | cache 717.9M | buff   62.9M | slab   80.8M |
MEM | tot     3.8G | free    1.9G | cache 718.1M | buff   62.9M | slab   80.8M |
MEM | tot     3.8G | free    1.9G | cache 718.2M | buff   62.9M | slab   80.8M |
MEM | tot     3.8G | free    1.9G | cache 718.3M | buff   62.9M | slab   80.8M |
MEM | tot     3.8G | free    1.9G | cache 718.4M | buff   62.9M | slab   80.8M |
