MEM | tot     3.8G | free    1.9G | cache 718.4M | buff   62.9M | slab   80.7M |
MEM | tot     3.8G | free    1.9G | cache 722.4M | buff   62.9M | slab   80.8M |
MEM | tot     3.8G | free    1.9G | cache 722.4M | buff   62.9M | slab   80.8M |
MEM | tot     3.8G | free    1.9G | cache 722.4M | buff   62.9M | slab   80.8M |
MEM | tot     3.8G | free    1.9G | cache 722.4M | buff   62.9M | slab   80.8M |
MEM | tot     3.8G | free    1.9G | cache 722.5M | buff   62.9M | slab   80.8M |
MEM | tot     3.8G | free    1.9G | cache 722.5M | buff   62.9M | slab   80.8M |
MEM | tot     3.8G | free    1.9G | cache 721.5M | buff   62.9M | slab   80.8M |
MEM | tot     3.8G | free    1.9G | cache 721.0M | buff   62.9M | slab   80.8M |
MEM | tot     3.8G | free    1.9G | cache 718.5M | buff   62.9M | slab   80.8M |
MEM | tot     3.8G | free    1.9G | cache 718.5M | buff   62.9M | slab   80.8M |
MEM | tot     3.8G | free    1.9G | cache 718.5M | buff   62.9M | slab   80.8M |
MEM | tot     3.8G | free    1.9G | cache 718.6M | buff   62.9M | slab   80.8M |
MEM | tot     3.8G | free    1.9G | cache 718.6M | buff   62.9M | slab   80.8M |
MEM | tot     3.8G | free    1.9G | cache 718.6M | buff   62.9M | slab   80.8M |
MEM | tot     3.8G | free    1.9G | cache 718.6M | buff   62.9M | slab   80.8M |
MEM | tot     3.8G | free    1.9G | cache 718.7M | buff   62.9M | slab   80.8M |
MEM | tot     3.8G | free    1.9G | cache 718.7M | buff   62.9M | slab   80.8M |
MEM | tot     3.8G | free    1.9G | cache 718.7M | buff   62.9M | slab   80.8M |
MEM | tot     3.8G | free    1.9G | cache 718.7M | buff   62.9M | slab   80.8M |
MEM | tot     3.8G | free    1.9G | cache 718.7M | buff   62.9M | slab   80.8M |
