CPU,sys,4,user,9,irq,0,idle,87,wait,0,,13
CPU,sys,34,user,66,irq,0,idle,0,wait,0,,100
CPU,sys,34,user,66,irq,0,idle,0,wait,0,,100
CPU,sys,33,user,65,irq,2,idle,0,wait,0,,98
CPU,sys,29,user,67,irq,3,idle,0,wait,0,,96
CPU,sys,35,user,62,irq,3,idle,0,wait,0,,97
CPU,sys,46,user,52,irq,2,idle,0,wait,0,,98
CPU,sys,33,user,63,irq,4,idle,0,wait,0,,96
CPU,sys,36,user,61,irq,3,idle,0,wait,0,,97
CPU,sys,35,user,60,irq,5,idle,0,wait,0,,95
CPU,sys,38,user,60,irq,2,idle,0,wait,0,,98
CPU,sys,30,user,70,irq,0,idle,0,wait,0,,100
CPU,sys,27,user,71,irq,2,idle,0,wait,0,,98
CPU,sys,34,user,62,irq,4,idle,0,wait,0,,96
CPU,sys,32,user,66,irq,2,idle,0,wait,0,,98
CPU,sys,32,user,64,irq,4,idle,0,wait,0,,96
CPU,sys,29,user,69,irq,2,idle,0,wait,0,,98
CPU,sys,31,user,65,irq,4,idle,0,wait,0,,96
CPU,sys,37,user,61,irq,2,idle,0,wait,0,,98
CPU,sys,36,user,60,irq,4,idle,0,wait,0,,96
CPU,sys,36,user,61,irq,3,idle,0,wait,0,,97
,,,,,,,,,,,,
,,,,,,,,,,,média,"97,4"
,,,,,,,,,,,DP,"1,46539019413009"
