CPU,sys,4,user,9,irq,0,idle,87,wait,0,,13
CPU,sys,34,user,66,irq,0,idle,0,wait,0,,100
CPU,sys,40,user,58,irq,2,idle,0,wait,0,,98
CPU,sys,35,user,64,irq,1,idle,0,wait,0,,99
CPU,sys,35,user,61,irq,4,idle,0,wait,0,,96
CPU,sys,33,user,64,irq,3,idle,0,wait,0,,97
CPU,sys,42,user,56,irq,2,idle,0,wait,0,,98
CPU,sys,36,user,61,irq,3,idle,0,wait,0,,97
CPU,sys,31,user,65,irq,4,idle,0,wait,0,,96
CPU,sys,36,user,62,irq,2,idle,0,wait,0,,98
CPU,sys,33,user,64,irq,3,idle,0,wait,0,,97
CPU,sys,38,user,59,irq,3,idle,0,wait,0,,97
CPU,sys,38,user,59,irq,3,idle,0,wait,0,,97
CPU,sys,34,user,61,irq,5,idle,0,wait,0,,95
CPU,sys,31,user,66,irq,3,idle,0,wait,0,,97
CPU,sys,35,user,61,irq,4,idle,0,wait,0,,96
CPU,sys,37,user,58,irq,5,idle,0,wait,0,,95
CPU,sys,35,user,62,irq,3,idle,0,wait,0,,97
CPU,sys,35,user,60,irq,5,idle,0,wait,0,,95
CPU,sys,28,user,67,irq,5,idle,0,wait,0,,95
CPU,sys,32,user,65,irq,3,idle,0,wait,0,,97
CPU,sys,39,user,59,irq,2,idle,0,wait,0,,98
,,,,,,,,,,,,
,,,,,,,,,,,média,"96,9047619047619"
,,,,,,,,,,,DP,"1,33808676492827"
