CPU,sys,4,user,9,irq,0,idle,87,wait,0,,13
CPU,sys,36,user,63,irq,1,idle,0,wait,0,,99
CPU,sys,36,user,63,irq,1,idle,0,wait,0,,99
CPU,sys,33,user,65,irq,2,idle,0,wait,0,,98
CPU,sys,36,user,59,irq,5,idle,0,wait,0,,95
CPU,sys,32,user,63,irq,5,idle,0,wait,0,,95
CPU,sys,48,user,49,irq,2,idle,0,wait,0,,97
CPU,sys,39,user,57,irq,4,idle,0,wait,0,,96
CPU,sys,41,user,55,irq,4,idle,0,wait,0,,96
CPU,sys,33,user,63,irq,4,idle,0,wait,0,,96
CPU,sys,34,user,62,irq,4,idle,0,wait,0,,96
CPU,sys,29,user,69,irq,2,idle,0,wait,0,,98
CPU,sys,34,user,65,irq,1,idle,0,wait,0,,99
,,,,,,,,,,,,
,,,,,,,,,,,média,97
,,,,,,,,,,,DP,"1,53741222957161"
