MEM | tot     3.8G | free    1.9G | cache 720.7M | buff   59.5M | slab   79.8M |
MEM | tot     3.8G | free    1.9G | cache 720.8M | buff   59.5M | slab   79.9M |
MEM | tot     3.8G | free    1.9G | cache 720.8M | buff   59.5M | slab   80.0M |
MEM | tot     3.8G | free    1.9G | cache 718.1M | buff   59.5M | slab   79.9M |
MEM | tot     3.8G | free    1.9G | cache 718.2M | buff   59.5M | slab   79.9M |
MEM | tot     3.8G | free    1.9G | cache 718.3M | buff   59.5M | slab   79.9M |
MEM | tot     3.8G | free    1.9G | cache 718.4M | buff   59.5M | slab   80.0M |
MEM | tot     3.8G | free    1.9G | cache 716.8M | buff   59.5M | slab   79.9M |
MEM | tot     3.8G | free    1.9G | cache 714.4M | buff   59.5M | slab   79.9M |
MEM | tot     3.8G | free    1.9G | cache 714.5M | buff   59.5M | slab   79.9M |
MEM | tot     3.8G | free    1.9G | cache 714.6M | buff   59.5M | slab   79.9M |
MEM | tot     3.8G | free    1.9G | cache 714.7M | buff   59.5M | slab   79.9M |
MEM | tot     3.8G | free    1.9G | cache 714.8M | buff   59.5M | slab   79.9M |
MEM | tot     3.8G | free    1.9G | cache 714.9M | buff   59.5M | slab   79.9M |
