MEM | tot     3.8G | free    1.9G | cache 717.4M | buff   59.5M | slab   79.9M |
MEM | tot     3.8G | free    1.9G | cache 718.9M | buff   59.5M | slab   79.9M |
MEM | tot     3.8G | free    1.9G | cache 719.0M | buff   59.5M | slab   79.9M |
MEM | tot     3.8G | free    1.9G | cache 719.1M | buff   59.5M | slab   79.9M |
MEM | tot     3.8G | free    1.9G | cache 719.1M | buff   59.5M | slab   79.9M |
MEM | tot     3.8G | free    1.9G | cache 719.1M | buff   59.5M | slab   79.9M |
MEM | tot     3.8G | free    1.9G | cache 719.1M | buff   59.6M | slab   80.0M |
MEM | tot     3.8G | free    1.9G | cache 718.2M | buff   59.6M | slab   79.9M |
MEM | tot     3.8G | free    1.9G | cache 717.7M | buff   59.6M | slab   79.9M |
MEM | tot     3.8G | free    1.9G | cache 715.2M | buff   59.6M | slab   80.0M |
MEM | tot     3.8G | free    1.9G | cache 715.2M | buff   59.6M | slab   80.0M |
MEM | tot     3.8G | free    1.9G | cache 715.2M | buff   59.6M | slab   80.0M |
