MEM | tot     3.8G | free    1.9G | cache 718.9M | buff   59.5M | slab   79.9M |
MEM | tot     3.8G | free    1.9G | cache 718.8M | buff   59.5M | slab   79.9M |
MEM | tot     3.8G | free    1.9G | cache 718.9M | buff   59.5M | slab   79.9M |
MEM | tot     3.8G | free    1.9G | cache 719.4M | buff   59.5M | slab   79.9M |
MEM | tot     3.8G | free    1.9G | cache 719.4M | buff   59.5M | slab   80.0M |
MEM | tot     3.8G | free    1.9G | cache 719.4M | buff   59.5M | slab   80.0M |
MEM | tot     3.8G | free    1.9G | cache 719.4M | buff   59.5M | slab   80.0M |
MEM | tot     3.8G | free    1.9G | cache 719.5M | buff   59.5M | slab   80.0M |
