E,tot,"3,8",free,"1,9",cache,"717,4",buff,"59,5",slab,"79,9",,"1,9"
E,tot,"3,8",free,"1,9",cache,"718,9",buff,"59,5",slab,"79,9",,"1,9"
E,tot,"3,8",free,"1,9",cache,719,buff,"59,5",slab,"79,9",,"1,9"
E,tot,"3,8",free,"1,9",cache,"719,1",buff,"59,5",slab,"79,9",,"1,9"
E,tot,"3,8",free,"1,9",cache,"719,1",buff,"59,5",slab,"79,9",,"1,9"
E,tot,"3,8",free,"1,9",cache,"719,1",buff,"59,5",slab,"79,9",,"1,9"
E,tot,"3,8",free,"1,9",cache,"719,1",buff,"59,6",slab,80,,"1,9"
E,tot,"3,8",free,"1,9",cache,"718,2",buff,"59,6",slab,"79,9",,"1,9"
E,tot,"3,8",free,"1,9",cache,"717,7",buff,"59,6",slab,"79,9",,"1,9"
E,tot,"3,8",free,"1,9",cache,"715,2",buff,"59,6",slab,80,,"1,9"
E,tot,"3,8",free,"1,9",cache,"715,2",buff,"59,6",slab,80,,"1,9"
E,tot,"3,8",free,"1,9",cache,"715,2",buff,"59,6",slab,80,,"1,9"
,,,,,,,,,,,,
,,,,,,,,,,,média,"1,9"
,,,,,,,,,,,DP,0
