CPU,sys,5,user,10,irq,0,idle,85,wait,0,,15
CPU,sys,37,user,63,irq,0,idle,0,wait,0,,100
CPU,sys,34,user,64,irq,2,idle,0,wait,0,,98
CPU,sys,35,user,65,irq,0,idle,0,wait,0,,100
CPU,sys,36,user,64,irq,0,idle,0,wait,0,,100
CPU,sys,38,user,59,irq,3,idle,0,wait,0,,97
CPU,sys,41,user,58,irq,1,idle,0,wait,0,,99
CPU,sys,36,user,62,irq,2,idle,0,wait,0,,98
CPU,sys,37,user,59,irq,4,idle,0,wait,0,,96
CPU,sys,40,user,57,irq,3,idle,0,wait,0,,97
CPU,sys,31,user,65,irq,4,idle,0,wait,0,,96
CPU,sys,36,user,60,irq,4,idle,0,wait,0,,96
,,,,,,,,,,,,
,,,,,,,,,,,média,"97,9090909090909"
,,,,,,,,,,,DP,"1,64039906452945"
