MEM | tot     3.8G | free  926.1M | cache   1.5G | buff   70.8M | slab  103.3M |
MEM | numnode    1 | shmem  57.4M | shrss  26.2M | tcpsk   0.0M | udpsk   0.0M |
MEM | tot     3.8G | free  916.0M | cache   1.5G | buff   70.8M | slab  103.3M |
MEM | numnode    1 | shmem  57.4M | shrss  26.2M | tcpsk   0.0M | udpsk   0.0M |
MEM | tot     3.8G | free  914.7M | cache   1.5G | buff   70.8M | slab  103.3M |
MEM | numnode    1 | shmem  57.6M | shrss  26.2M | tcpsk   0.0M | udpsk   0.0M |
MEM | tot     3.8G | free  913.7M | cache   1.5G | buff   70.8M | slab  103.3M |
MEM | numnode    1 | shmem  57.6M | shrss  26.2M | tcpsk   0.0M | udpsk   0.0M |
