MEM | tot     3.8G | free  919.4M | cache   1.5G | buff   70.8M | slab  103.2M |
MEM | numnode    1 | shmem  56.9M | shrss  26.2M | tcpsk   0.0M | udpsk   0.0M |
MEM | tot     3.8G | free  911.0M | cache   1.5G | buff   70.8M | slab  103.3M |
MEM | numnode    1 | shmem  56.9M | shrss  26.2M | tcpsk   0.0M | udpsk   0.0M |
MEM | tot     3.8G | free  910.5M | cache   1.5G | buff   70.8M | slab  103.3M |
MEM | numnode    1 | shmem  57.3M | shrss  26.2M | tcpsk   0.0M | udpsk   0.0M |
MEM | tot     3.8G | free  914.2M | cache   1.5G | buff   70.8M | slab  103.3M |
MEM | numnode    1 | shmem  57.4M | shrss  26.2M | tcpsk   0.0M | udpsk   0.0M |
