MEM | tot     3.8G | free  916.5M | cache   1.5G | buff   70.7M | slab  103.2M |
MEM | numnode    1 | shmem  58.6M | shrss  26.2M | tcpsk   0.0M | udpsk   0.0M |
MEM | tot     3.8G | free  906.8M | cache   1.5G | buff   70.7M | slab  103.2M |
MEM | numnode    1 | shmem  58.6M | shrss  26.2M | tcpsk   0.0M | udpsk   0.0M |
MEM | tot     3.8G | free  906.9M | cache   1.5G | buff   70.7M | slab  103.2M |
MEM | numnode    1 | shmem  58.6M | shrss  26.2M | tcpsk   0.0M | udpsk   0.0M |
MEM | tot     3.8G | free  907.9M | cache   1.5G | buff   70.7M | slab  103.3M |
MEM | numnode    1 | shmem  58.4M | shrss  26.2M | tcpsk   0.0M | udpsk   0.0M |
