MEM | tot     3.8G | free  924.4M | cache   1.5G | buff   70.8M | slab  103.3M |
MEM | numnode    1 | shmem  57.6M | shrss  26.2M | tcpsk   0.0M | udpsk   0.0M |
MEM | tot     3.8G | free  915.2M | cache   1.5G | buff   70.8M | slab  103.2M |
MEM | numnode    1 | shmem  57.6M | shrss  26.2M | tcpsk   0.0M | udpsk   0.0M |
MEM | tot     3.8G | free  912.5M | cache   1.5G | buff   70.8M | slab  103.3M |
MEM | numnode    1 | shmem  57.6M | shrss  26.2M | tcpsk   0.0M | udpsk   0.0M |
MEM | tot     3.8G | free  912.9M | cache   1.5G | buff   70.8M | slab  103.3M |
MEM | numnode    1 | shmem  57.6M | shrss  26.2M | tcpsk   0.0M | udpsk   0.0M |
