MEM | tot     3.8G | free  837.2M | cache   1.6G | buff   77.5M | slab  105.1M |
MEM | numnode    1 | shmem  65.2M | shrss  35.8M | tcpsk   0.0M | udpsk   0.0M |
MEM | tot     3.8G | free  823.0M | cache   1.6G | buff   77.5M | slab  105.1M |
MEM | numnode    1 | shmem  65.2M | shrss  35.8M | tcpsk   0.0M | udpsk   0.0M |
MEM | tot     3.8G | free  821.8M | cache   1.6G | buff   77.5M | slab  105.1M |
MEM | numnode    1 | shmem  65.6M | shrss  35.8M | tcpsk   0.0M | udpsk   0.0M |
MEM | tot     3.8G | free  822.5M | cache   1.6G | buff   77.5M | slab  105.1M |
MEM | numnode    1 | shmem  66.4M | shrss  35.8M | tcpsk   0.0M | udpsk   0.0M |
MEM | tot     3.8G | free  821.0M | cache   1.6G | buff   77.5M | slab  105.1M |
MEM | numnode    1 | shmem  66.4M | shrss  35.8M | tcpsk   0.0M | udpsk   0.0M |
MEM | tot     3.8G | free  821.0M | cache   1.6G | buff   77.5M | slab  105.2M |
MEM | numnode    1 | shmem  66.4M | shrss  35.8M | tcpsk   0.0M | udpsk   0.0M |
MEM | tot     3.8G | free  819.3M | cache   1.6G | buff   77.5M | slab  105.2M |
MEM | numnode    1 | shmem  66.4M | shrss  35.8M | tcpsk   0.0M | udpsk   0.0M |
MEM | tot     3.8G | free  817.3M | cache   1.6G | buff   77.5M | slab  105.2M |
MEM | numnode    1 | shmem  66.4M | shrss  35.8M | tcpsk   0.0M | udpsk   0.0M |
MEM | tot     3.8G | free  818.8M | cache   1.6G | buff   77.5M | slab  105.2M |
MEM | numnode    1 | shmem  64.4M | shrss  35.8M | tcpsk   0.0M | udpsk   0.0M |
