MEM | tot     3.8G | free  842.4M | cache   1.6G | buff   77.6M | slab  105.1M |
MEM | numnode    1 | shmem  65.4M | shrss  35.8M | tcpsk   0.0M | udpsk   0.0M |
MEM | tot     3.8G | free  820.0M | cache   1.6G | buff   77.6M | slab  105.2M |
MEM | numnode    1 | shmem  66.4M | shrss  35.8M | tcpsk   0.0M | udpsk   0.0M |
MEM | tot     3.8G | free  820.5M | cache   1.6G | buff   77.6M | slab  105.2M |
MEM | numnode    1 | shmem  66.6M | shrss  35.8M | tcpsk   0.0M | udpsk   0.0M |
MEM | tot     3.8G | free  819.8M | cache   1.6G | buff   77.6M | slab  105.2M |
MEM | numnode    1 | shmem  66.7M | shrss  35.8M | tcpsk   0.0M | udpsk   0.0M |
MEM | tot     3.8G | free  819.8M | cache   1.6G | buff   77.6M | slab  105.2M |
MEM | numnode    1 | shmem  66.7M | shrss  35.8M | tcpsk   0.0M | udpsk   0.0M |
MEM | tot     3.8G | free  817.8M | cache   1.6G | buff   77.6M | slab  105.2M |
MEM | numnode    1 | shmem  66.7M | shrss  35.8M | tcpsk   0.0M | udpsk   0.0M |
MEM | tot     3.8G | free  817.3M | cache   1.6G | buff   77.6M | slab  105.2M |
MEM | numnode    1 | shmem  66.7M | shrss  35.8M | tcpsk   0.0M | udpsk   0.0M |
MEM | tot     3.8G | free  819.3M | cache   1.6G | buff   77.6M | slab  105.2M |
MEM | numnode    1 | shmem  64.5M | shrss  35.8M | tcpsk   0.0M | udpsk   0.0M |
MEM | tot     3.8G | free  819.8M | cache   1.6G | buff   77.6M | slab  105.1M |
MEM | numnode    1 | shmem  64.4M | shrss  35.8M | tcpsk   0.0M | udpsk   0.0M |
MEM | tot     3.8G | free  821.3M | cache   1.6G | buff   77.6M | slab  105.1M |
MEM | numnode    1 | shmem  64.4M | shrss  35.8M | tcpsk   0.0M | udpsk   0.0M |
MEM | tot     3.8G | free  821.3M | cache   1.6G | buff   77.6M | slab  105.1M |
MEM | numnode    1 | shmem  64.4M | shrss  35.8M | tcpsk   0.0M | udpsk   0.0M |
MEM | tot     3.8G | free  816.8M | cache   1.6G | buff   77.6M | slab  105.1M |
MEM | numnode    1 | shmem  64.4M | shrss  35.8M | tcpsk   0.0M | udpsk   0.0M |
MEM | tot     3.8G | free  812.4M | cache   1.6G | buff   77.6M | slab  105.1M |
MEM | numnode    1 | shmem  64.4M | shrss  35.8M | tcpsk   0.0M | udpsk   0.0M |
