MEM | tot     3.8G | free  838.2M | cache   1.6G | buff   77.5M | slab  105.1M |
MEM | numnode    1 | shmem  66.1M | shrss  35.8M | tcpsk   0.0M | udpsk   0.0M |
MEM | tot     3.8G | free  820.5M | cache   1.6G | buff   77.5M | slab  105.2M |
MEM | numnode    1 | shmem  66.2M | shrss  35.8M | tcpsk   0.0M | udpsk   0.0M |
MEM | tot     3.8G | free  818.8M | cache   1.6G | buff   77.5M | slab  105.2M |
MEM | numnode    1 | shmem  66.6M | shrss  35.8M | tcpsk   0.0M | udpsk   0.0M |
MEM | tot     3.8G | free  819.1M | cache   1.6G | buff   77.5M | slab  105.2M |
MEM | numnode    1 | shmem  66.7M | shrss  35.8M | tcpsk   0.0M | udpsk   0.0M |
MEM | tot     3.8G | free  817.3M | cache   1.6G | buff   77.5M | slab  105.2M |
MEM | numnode    1 | shmem  66.7M | shrss  35.8M | tcpsk   0.0M | udpsk   0.0M |
MEM | tot     3.8G | free  815.3M | cache   1.6G | buff   77.5M | slab  105.2M |
MEM | numnode    1 | shmem  66.7M | shrss  35.8M | tcpsk   0.0M | udpsk   0.0M |
MEM | tot     3.8G | free  815.1M | cache   1.6G | buff   77.5M | slab  105.1M |
MEM | numnode    1 | shmem  66.7M | shrss  35.8M | tcpsk   0.0M | udpsk   0.0M |
