MEM | tot     3.8G | free  835.3M | cache   1.6G | buff   77.5M | slab  105.1M |
MEM | numnode    1 | shmem  67.7M | shrss  35.8M | tcpsk   0.0M | udpsk   0.0M |
MEM | tot     3.8G | free  821.6M | cache   1.6G | buff   77.5M | slab  105.2M |
MEM | numnode    1 | shmem  67.7M | shrss  35.8M | tcpsk   0.0M | udpsk   0.0M |
MEM | tot     3.8G | free  819.8M | cache   1.6G | buff   77.5M | slab  105.2M |
MEM | numnode    1 | shmem  67.7M | shrss  35.8M | tcpsk   0.0M | udpsk   0.0M |
MEM | tot     3.8G | free  819.8M | cache   1.6G | buff   77.5M | slab  105.2M |
MEM | numnode    1 | shmem  67.7M | shrss  35.8M | tcpsk   0.0M | udpsk   0.0M |
MEM | tot     3.8G | free  821.1M | cache   1.6G | buff   77.5M | slab  105.2M |
MEM | numnode    1 | shmem  66.2M | shrss  35.8M | tcpsk   0.0M | udpsk   0.0M |
MEM | tot     3.8G | free  822.3M | cache   1.6G | buff   77.5M | slab  105.2M |
MEM | numnode    1 | shmem  66.2M | shrss  35.8M | tcpsk   0.0M | udpsk   0.0M |
MEM | tot     3.8G | free  823.3M | cache   1.6G | buff   77.5M | slab  105.1M |
MEM | numnode    1 | shmem  66.2M | shrss  35.8M | tcpsk   0.0M | udpsk   0.0M |
MEM | tot     3.8G | free  825.0M | cache   1.6G | buff   77.5M | slab  105.1M |
MEM | numnode    1 | shmem  64.7M | shrss  35.8M | tcpsk   0.0M | udpsk   0.0M |
MEM | tot     3.8G | free  825.0M | cache   1.6G | buff   77.5M | slab  105.1M |
MEM | numnode    1 | shmem  64.7M | shrss  35.8M | tcpsk   0.0M | udpsk   0.0M |
MEM | tot     3.8G | free  825.0M | cache   1.6G | buff   77.5M | slab  105.1M |
MEM | numnode    1 | shmem  64.7M | shrss  35.8M | tcpsk   0.0M | udpsk   0.0M |
MEM | tot     3.8G | free  825.0M | cache   1.6G | buff   77.5M | slab  105.1M |
MEM | numnode    1 | shmem  64.7M | shrss  35.8M | tcpsk   0.0M | udpsk   0.0M |
MEM | tot     3.8G | free  825.0M | cache   1.6G | buff   77.5M | slab  105.1M |
MEM | numnode    1 | shmem  64.7M | shrss  35.8M | tcpsk   0.0M | udpsk   0.0M |
