MEM | tot     3.8G | free  850.0M | cache   1.6G | buff   76.6M | slab  104.8M |
MEM | numnode    1 | shmem  68.0M | shrss  35.8M | tcpsk   0.0M | udpsk   0.0M |
MEM | tot     3.8G | free  838.0M | cache   1.6G | buff   76.6M | slab  104.9M |
MEM | numnode    1 | shmem  68.0M | shrss  35.8M | tcpsk   0.0M | udpsk   0.0M |
MEM | tot     3.8G | free  825.8M | cache   1.6G | buff   76.6M | slab  105.0M |
MEM | numnode    1 | shmem  68.0M | shrss  35.8M | tcpsk   0.0M | udpsk   0.0M |
MEM | tot     3.8G | free  827.1M | cache   1.6G | buff   76.6M | slab  104.9M |
MEM | numnode    1 | shmem  68.0M | shrss  35.8M | tcpsk   0.0M | udpsk   0.0M |
MEM | tot     3.8G | free  828.6M | cache   1.6G | buff   76.6M | slab  104.9M |
MEM | numnode    1 | shmem  66.5M | shrss  35.8M | tcpsk   0.0M | udpsk   0.0M |
MEM | tot     3.8G | free  828.1M | cache   1.6G | buff   76.6M | slab  105.0M |
MEM | numnode    1 | shmem  66.5M | shrss  35.8M | tcpsk   0.0M | udpsk   0.0M |
MEM | tot     3.8G | free  838.0M | cache   1.6G | buff   76.6M | slab  104.9M |
MEM | numnode    1 | shmem  66.5M | shrss  35.8M | tcpsk   0.0M | udpsk   0.0M |
