MEM | tot     3.8G | free  850.4M | cache   1.6G | buff   76.6M | slab  104.9M |
MEM | numnode    1 | shmem  66.0M | shrss  35.8M | tcpsk   0.0M | udpsk   0.0M |
MEM | tot     3.8G | free  836.8M | cache   1.6G | buff   76.6M | slab  104.9M |
MEM | numnode    1 | shmem  66.5M | shrss  35.8M | tcpsk   0.0M | udpsk   0.0M |
MEM | tot     3.8G | free  826.1M | cache   1.6G | buff   76.6M | slab  104.9M |
MEM | numnode    1 | shmem  66.5M | shrss  35.8M | tcpsk   0.0M | udpsk   0.0M |
MEM | tot     3.8G | free  826.3M | cache   1.6G | buff   76.6M | slab  105.0M |
MEM | numnode    1 | shmem  67.0M | shrss  35.8M | tcpsk   0.0M | udpsk   0.0M |
