MEM | tot     3.8G | free  851.7M | cache   1.6G | buff   76.6M | slab  104.9M |
MEM | numnode    1 | shmem  67.2M | shrss  35.8M | tcpsk   0.0M | udpsk   0.0M |
MEM | tot     3.8G | free  839.5M | cache   1.6G | buff   76.6M | slab  104.9M |
MEM | numnode    1 | shmem  66.8M | shrss  35.8M | tcpsk   0.0M | udpsk   0.0M |
MEM | tot     3.8G | free  837.5M | cache   1.6G | buff   76.6M | slab  104.9M |
MEM | numnode    1 | shmem  67.2M | shrss  35.8M | tcpsk   0.0M | udpsk   0.0M |
MEM | tot     3.8G | free  836.8M | cache   1.6G | buff   76.6M | slab  105.0M |
MEM | numnode    1 | shmem  67.2M | shrss  35.8M | tcpsk   0.0M | udpsk   0.0M |
MEM | tot     3.8G | free  834.8M | cache   1.6G | buff   76.6M | slab  105.0M |
MEM | numnode    1 | shmem  67.2M | shrss  35.8M | tcpsk   0.0M | udpsk   0.0M |
MEM | tot     3.8G | free  834.8M | cache   1.6G | buff   76.6M | slab  105.0M |
MEM | numnode    1 | shmem  67.2M | shrss  35.8M | tcpsk   0.0M | udpsk   0.0M |
MEM | tot     3.8G | free  835.5M | cache   1.6G | buff   76.6M | slab  105.0M |
MEM | numnode    1 | shmem  67.2M | shrss  35.8M | tcpsk   0.0M | udpsk   0.0M |
