MEM | tot     3.8G | free  841.7M | cache   1.6G | buff   77.4M | slab  105.1M |
MEM | numnode    1 | shmem  65.6M | shrss  35.8M | tcpsk   0.0M | udpsk   0.0M |
MEM | tot     3.8G | free  824.8M | cache   1.6G | buff   77.4M | slab  105.1M |
MEM | numnode    1 | shmem  65.6M | shrss  35.8M | tcpsk   0.0M | udpsk   0.0M |
MEM | tot     3.8G | free  822.9M | cache   1.6G | buff   77.4M | slab  105.1M |
MEM | numnode    1 | shmem  66.4M | shrss  35.8M | tcpsk   0.0M | udpsk   0.0M |
MEM | tot     3.8G | free  821.4M | cache   1.6G | buff   77.4M | slab  105.1M |
MEM | numnode    1 | shmem  66.4M | shrss  35.8M | tcpsk   0.0M | udpsk   0.0M |
MEM | tot     3.8G | free  821.3M | cache   1.6G | buff   77.4M | slab  105.1M |
MEM | numnode    1 | shmem  66.4M | shrss  35.8M | tcpsk   0.0M | udpsk   0.0M |
MEM | tot     3.8G | free  819.6M | cache   1.6G | buff   77.4M | slab  105.1M |
MEM | numnode    1 | shmem  66.4M | shrss  35.8M | tcpsk   0.0M | udpsk   0.0M |
MEM | tot     3.8G | free  819.6M | cache   1.6G | buff   77.4M | slab  105.1M |
MEM | numnode    1 | shmem  66.4M | shrss  35.8M | tcpsk   0.0M | udpsk   0.0M |
MEM | tot     3.8G | free  818.8M | cache   1.6G | buff   77.4M | slab  105.1M |
MEM | numnode    1 | shmem  64.4M | shrss  35.8M | tcpsk   0.0M | udpsk   0.0M |
