MEM | tot     3.8G | free  839.2M | cache   1.6G | buff   77.4M | slab  105.0M |
MEM | numnode    1 | shmem  67.6M | shrss  35.8M | tcpsk   0.0M | udpsk   0.0M |
MEM | tot     3.8G | free  813.7M | cache   1.6G | buff   77.4M | slab  105.1M |
MEM | numnode    1 | shmem  67.6M | shrss  35.8M | tcpsk   0.0M | udpsk   0.0M |
MEM | tot     3.8G | free  811.1M | cache   1.6G | buff   77.4M | slab  105.2M |
MEM | numnode    1 | shmem  67.6M | shrss  35.8M | tcpsk   0.0M | udpsk   0.0M |
MEM | tot     3.8G | free  813.9M | cache   1.6G | buff   77.4M | slab  105.1M |
MEM | numnode    1 | shmem  66.2M | shrss  35.8M | tcpsk   0.0M | udpsk   0.0M |
MEM | tot     3.8G | free  813.9M | cache   1.6G | buff   77.4M | slab  105.1M |
MEM | numnode    1 | shmem  66.1M | shrss  35.8M | tcpsk   0.0M | udpsk   0.0M |
MEM | tot     3.8G | free  814.2M | cache   1.6G | buff   77.4M | slab  105.1M |
MEM | numnode    1 | shmem  66.1M | shrss  35.8M | tcpsk   0.0M | udpsk   0.0M |
MEM | tot     3.8G | free  824.3M | cache   1.6G | buff   77.4M | slab  105.1M |
MEM | numnode    1 | shmem  66.1M | shrss  35.8M | tcpsk   0.0M | udpsk   0.0M |
MEM | tot     3.8G | free  824.6M | cache   1.6G | buff   77.4M | slab  105.1M |
MEM | numnode    1 | shmem  66.1M | shrss  35.8M | tcpsk   0.0M | udpsk   0.0M |
MEM | tot     3.8G | free  825.9M | cache   1.6G | buff   77.4M | slab  105.1M |
MEM | numnode    1 | shmem  64.6M | shrss  35.8M | tcpsk   0.0M | udpsk   0.0M |
MEM | tot     3.8G | free  825.9M | cache   1.6G | buff   77.4M | slab  105.1M |
MEM | numnode    1 | shmem  64.6M | shrss  35.8M | tcpsk   0.0M | udpsk   0.0M |
MEM | tot     3.8G | free  828.5M | cache   1.6G | buff   77.4M | slab  105.1M |
MEM | numnode    1 | shmem  64.6M | shrss  35.8M | tcpsk   0.0M | udpsk   0.0M |
MEM | tot     3.8G | free  828.6M | cache   1.6G | buff   77.4M | slab  105.1M |
MEM | numnode    1 | shmem  64.6M | shrss  35.8M | tcpsk   0.0M | udpsk   0.0M |
