MEM | tot     3.8G | free  842.0M | cache   1.6G | buff   77.4M | slab  105.1M |
MEM | numnode    1 | shmem  65.4M | shrss  35.8M | tcpsk   0.0M | udpsk   0.0M |
MEM | tot     3.8G | free  821.4M | cache   1.6G | buff   77.4M | slab  105.1M |
MEM | numnode    1 | shmem  66.4M | shrss  35.8M | tcpsk   0.0M | udpsk   0.0M |
MEM | tot     3.8G | free  821.1M | cache   1.6G | buff   77.4M | slab  105.1M |
MEM | numnode    1 | shmem  66.7M | shrss  35.8M | tcpsk   0.0M | udpsk   0.0M |
MEM | tot     3.8G | free  819.8M | cache   1.6G | buff   77.4M | slab  105.2M |
MEM | numnode    1 | shmem  66.7M | shrss  35.8M | tcpsk   0.0M | udpsk   0.0M |
MEM | tot     3.8G | free  819.8M | cache   1.6G | buff   77.4M | slab  105.2M |
MEM | numnode    1 | shmem  66.7M | shrss  35.8M | tcpsk   0.0M | udpsk   0.0M |
MEM | tot     3.8G | free  819.0M | cache   1.6G | buff   77.4M | slab  105.2M |
MEM | numnode    1 | shmem  66.7M | shrss  35.8M | tcpsk   0.0M | udpsk   0.0M |
MEM | tot     3.8G | free  819.0M | cache   1.6G | buff   77.5M | slab  105.1M |
MEM | numnode    1 | shmem  66.7M | shrss  35.8M | tcpsk   0.0M | udpsk   0.0M |
MEM | tot     3.8G | free  820.2M | cache   1.6G | buff   77.5M | slab  105.1M |
MEM | numnode    1 | shmem  64.4M | shrss  35.8M | tcpsk   0.0M | udpsk   0.0M |
MEM | tot     3.8G | free  821.0M | cache   1.6G | buff   77.5M | slab  105.1M |
MEM | numnode    1 | shmem  64.4M | shrss  35.8M | tcpsk   0.0M | udpsk   0.0M |
MEM | tot     3.8G | free  821.7M | cache   1.6G | buff   77.5M | slab  105.1M |
MEM | numnode    1 | shmem  64.4M | shrss  35.8M | tcpsk   0.0M | udpsk   0.0M |
MEM | tot     3.8G | free  821.5M | cache   1.6G | buff   77.5M | slab  105.1M |
MEM | numnode    1 | shmem  64.4M | shrss  35.8M | tcpsk   0.0M | udpsk   0.0M |
MEM | tot     3.8G | free  821.5M | cache   1.6G | buff   77.5M | slab  105.1M |
MEM | numnode    1 | shmem  64.4M | shrss  35.8M | tcpsk   0.0M | udpsk   0.0M |
