MEM | tot     3.8G | free    2.3G | cache 626.7M | buff   37.0M | slab   64.8M |
MEM | tot     3.8G | free    2.2G | cache 637.3M | buff   37.0M | slab   64.9M |
MEM | tot     3.8G | free    2.2G | cache 648.6M | buff   37.0M | slab   65.0M |
MEM | tot     3.8G | free    2.2G | cache 648.6M | buff   37.0M | slab   65.0M |
MEM | tot     3.8G | free    2.2G | cache 648.6M | buff   37.0M | slab   65.0M |
MEM | tot     3.8G | free    2.2G | cache 648.6M | buff   37.0M | slab   65.0M |
MEM | tot     3.8G | free    2.2G | cache 648.4M | buff   37.0M | slab   65.0M |
MEM | tot     3.8G | free    2.2G | cache 638.4M | buff   37.0M | slab   65.0M |
MEM | tot     3.8G | free    2.2G | cache 638.4M | buff   37.0M | slab   65.0M |
MEM | tot     3.8G | free    2.2G | cache 638.4M | buff   37.0M | slab   65.0M |
MEM | tot     3.8G | free    2.2G | cache 638.4M | buff   37.0M | slab   65.0M |
MEM | tot     3.8G | free    2.2G | cache 638.5M | buff   37.0M | slab   65.0M |
MEM | tot     3.8G | free    2.2G | cache 638.5M | buff   37.0M | slab   65.0M |
MEM | tot     3.8G | free    2.2G | cache 638.5M | buff   37.0M | slab   65.0M |
MEM | tot     3.8G | free    2.2G | cache 638.5M | buff   37.0M | slab   65.0M |
MEM | tot     3.8G | free    2.2G | cache 638.5M | buff   37.1M | slab   65.0M |
MEM | tot     3.8G | free    2.2G | cache 638.5M | buff   37.1M | slab   65.0M |
MEM | tot     3.8G | free    2.2G | cache 638.5M | buff   37.1M | slab   65.0M |
MEM | tot     3.8G | free    2.2G | cache 638.5M | buff   37.1M | slab   65.0M |
MEM | tot     3.8G | free    2.2G | cache 638.6M | buff   37.1M | slab   65.0M |
MEM | tot     3.8G | free    2.2G | cache 638.6M | buff   37.1M | slab   65.0M |
MEM | tot     3.8G | free    2.2G | cache 638.7M | buff   37.1M | slab   65.0M |
MEM | tot     3.8G | free    2.2G | cache 638.7M | buff   37.1M | slab   65.0M |
MEM | tot     3.8G | free    2.2G | cache 638.7M | buff   37.1M | slab   65.0M |
MEM | tot     3.8G | free    2.2G | cache 638.7M | buff   37.1M | slab   65.0M |
MEM | tot     3.8G | free    2.2G | cache 638.7M | buff   37.1M | slab   65.0M |
MEM | tot     3.8G | free    2.2G | cache 638.8M | buff   37.1M | slab   65.0M |
MEM | tot     3.8G | free    2.2G | cache 638.8M | buff   37.1M | slab   65.0M |
MEM | tot     3.8G | free    2.2G | cache 638.8M | buff   37.1M | slab   65.0M |
MEM | tot     3.8G | free    2.2G | cache 638.8M | buff   37.1M | slab   65.0M |
MEM | tot     3.8G | free    2.2G | cache 638.8M | buff   37.1M | slab   65.0M |
MEM | tot     3.8G | free    2.2G | cache 638.8M | buff   37.1M | slab   65.0M |
MEM | tot     3.8G | free    2.2G | cache 638.8M | buff   37.1M | slab   65.0M |
MEM | tot     3.8G | free    2.2G | cache 638.8M | buff   37.1M | slab   65.0M |
MEM | tot     3.8G | free    2.2G | cache 638.8M | buff   37.1M | slab   65.0M |
MEM | tot     3.8G | free    2.2G | cache 638.9M | buff   37.1M | slab   65.0M |
MEM | tot     3.8G | free    2.2G | cache 638.9M | buff   37.1M | slab   65.0M |
MEM | tot     3.8G | free    2.2G | cache 638.9M | buff   37.1M | slab   65.0M |
MEM | tot     3.8G | free    2.2G | cache 638.9M | buff   37.1M | slab   65.0M |
MEM | tot     3.8G | free    2.2G | cache 638.9M | buff   37.1M | slab   65.0M |
MEM | tot     3.8G | free    2.2G | cache 638.9M | buff   37.1M | slab   65.0M |
MEM | tot     3.8G | free    2.2G | cache 638.9M | buff   37.1M | slab   65.0M |
MEM | tot     3.8G | free    2.2G | cache 638.9M | buff   37.1M | slab   65.0M |
MEM | tot     3.8G | free    2.2G | cache 638.9M | buff   37.1M | slab   65.0M |
MEM | tot     3.8G | free    2.2G | cache 639.0M | buff   37.1M | slab   65.0M |
MEM | tot     3.8G | free    2.2G | cache 639.0M | buff   37.1M | slab   65.0M |
MEM | tot     3.8G | free    2.2G | cache 639.0M | buff   37.1M | slab   65.0M |
MEM | tot     3.8G | free    2.2G | cache 639.0M | buff   37.1M | slab   65.0M |
MEM | tot     3.8G | free    2.2G | cache 639.0M | buff   37.1M | slab   65.0M |
MEM | tot     3.8G | free    2.2G | cache 639.0M | buff   37.1M | slab   65.0M |
MEM | tot     3.8G | free    2.2G | cache 639.0M | buff   37.1M | slab   65.0M |
MEM | tot     3.8G | free    2.2G | cache 639.0M | buff   37.1M | slab   65.0M |
MEM | tot     3.8G | free    2.2G | cache 639.1M | buff   37.1M | slab   65.0M |
MEM | tot     3.8G | free    2.2G | cache 639.1M | buff   37.1M | slab   65.0M |
MEM | tot     3.8G | free    2.2G | cache 639.1M | buff   37.1M | slab   65.0M |
MEM | tot     3.8G | free    2.2G | cache 639.1M | buff   37.1M | slab   65.0M |
MEM | tot     3.8G | free    2.2G | cache 639.1M | buff   37.1M | slab   65.0M |
MEM | tot     3.8G | free    2.2G | cache 639.1M | buff   37.1M | slab   65.0M |
MEM | tot     3.8G | free    2.2G | cache 639.1M | buff   37.1M | slab   65.0M |
MEM | tot     3.8G | free    2.2G | cache 639.1M | buff   37.1M | slab   65.0M |
MEM | tot     3.8G | free    2.2G | cache 639.1M | buff   37.1M | slab   65.0M |
MEM | tot     3.8G | free    2.2G | cache 639.2M | buff   37.1M | slab   65.0M |
MEM | tot     3.8G | free    2.2G | cache 639.2M | buff   37.1M | slab   65.0M |
MEM | tot     3.8G | free    2.2G | cache 639.2M | buff   37.1M | slab   65.0M |
MEM | tot     3.8G | free    2.2G | cache 639.2M | buff   37.1M | slab   65.0M |
MEM | tot     3.8G | free    2.2G | cache 639.2M | buff   37.1M | slab   65.0M |
MEM | tot     3.8G | free    2.2G | cache 639.2M | buff   37.1M | slab   65.0M |
MEM | tot     3.8G | free    2.2G | cache 639.2M | buff   37.1M | slab   65.0M |
MEM | tot     3.8G | free    2.2G | cache 639.2M | buff   37.1M | slab   65.0M |
MEM | tot     3.8G | free    2.2G | cache 639.2M | buff   37.1M | slab   65.0M |
MEM | tot     3.8G | free    2.2G | cache 639.3M | buff   37.1M | slab   65.0M |
MEM | tot     3.8G | free    2.2G | cache 639.3M | buff   37.1M | slab   65.0M |
MEM | tot     3.8G | free    2.2G | cache 635.0M | buff   37.1M | slab   65.0M |
MEM | tot     3.8G | free    2.2G | cache 635.0M | buff   37.1M | slab   65.0M |
MEM | tot     3.8G | free    2.2G | cache 635.0M | buff   37.1M | slab   65.0M |
MEM | tot     3.8G | free    2.2G | cache 635.0M | buff   37.1M | slab   65.0M |
MEM | tot     3.8G | free    2.2G | cache 635.0M | buff   37.1M | slab   65.0M |
MEM | tot     3.8G | free    2.2G | cache 635.0M | buff   37.1M | slab   65.0M |
MEM | tot     3.8G | free    2.2G | cache 635.0M | buff   37.1M | slab   65.0M |
MEM | tot     3.8G | free    2.2G | cache 635.0M | buff   37.1M | slab   65.0M |
MEM | tot     3.8G | free    2.2G | cache 635.1M | buff   37.2M | slab   65.0M |
MEM | tot     3.8G | free    2.2G | cache 635.1M | buff   37.2M | slab   65.0M |
MEM | tot     3.8G | free    2.2G | cache 635.1M | buff   37.2M | slab   65.0M |
MEM | tot     3.8G | free    2.2G | cache 635.1M | buff   37.2M | slab   65.0M |
MEM | tot     3.8G | free    2.2G | cache 635.1M | buff   37.2M | slab   65.0M |
MEM | tot     3.8G | free    2.2G | cache 635.1M | buff   37.2M | slab   65.0M |
MEM | tot     3.8G | free    2.2G | cache 635.1M | buff   37.2M | slab   65.0M |
MEM | tot     3.8G | free    2.2G | cache 635.1M | buff   37.2M | slab   65.0M |
MEM | tot     3.8G | free    2.2G | cache 635.1M | buff   37.2M | slab   65.0M |
MEM | tot     3.8G | free    2.2G | cache 635.2M | buff   37.2M | slab   65.0M |
MEM | tot     3.8G | free    2.2G | cache 635.2M | buff   37.2M | slab   65.0M |
MEM | tot     3.8G | free    2.2G | cache 635.2M | buff   37.2M | slab   65.0M |
MEM | tot     3.8G | free    2.2G | cache 635.2M | buff   37.2M | slab   65.0M |
MEM | tot     3.8G | free    2.2G | cache 635.2M | buff   37.2M | slab   65.0M |
MEM | tot     3.8G | free    2.2G | cache 635.2M | buff   37.2M | slab   65.0M |
MEM | tot     3.8G | free    2.2G | cache 635.2M | buff   37.2M | slab   65.0M |
MEM | tot     3.8G | free    2.2G | cache 635.2M | buff   37.2M | slab   65.0M |
MEM | tot     3.8G | free    2.2G | cache 635.2M | buff   37.2M | slab   65.0M |
MEM | tot     3.8G | free    2.2G | cache 635.3M | buff   37.2M | slab   65.0M |
MEM | tot     3.8G | free    2.2G | cache 635.3M | buff   37.2M | slab   65.0M |
MEM | tot     3.8G | free    2.2G | cache 635.3M | buff   37.2M | slab   65.0M |
MEM | tot     3.8G | free    2.2G | cache 635.3M | buff   37.2M | slab   65.0M |
MEM | tot     3.8G | free    2.2G | cache 635.3M | buff   37.2M | slab   65.0M |
MEM | tot     3.8G | free    2.2G | cache 635.3M | buff   37.2M | slab   65.0M |
MEM | tot     3.8G | free    2.2G | cache 635.3M | buff   37.2M | slab   65.0M |
MEM | tot     3.8G | free    2.2G | cache 635.3M | buff   37.2M | slab   65.0M |
MEM | tot     3.8G | free    2.2G | cache 635.3M | buff   37.2M | slab   65.0M |
MEM | tot     3.8G | free    2.2G | cache 635.4M | buff   37.2M | slab   65.0M |
MEM | tot     3.8G | free    2.2G | cache 635.4M | buff   37.2M | slab   65.0M |
MEM | tot     3.8G | free    2.2G | cache 635.4M | buff   37.2M | slab   65.0M |
MEM | tot     3.8G | free    2.2G | cache 635.4M | buff   37.2M | slab   65.0M |
