MEM | tot     3.8G | free    2.3G | cache 631.5M | buff   36.8M | slab   64.7M |
MEM | tot     3.8G | free    2.2G | cache 631.0M | buff   36.8M | slab   64.8M |
MEM | tot     3.8G | free    2.2G | cache 642.1M | buff   36.8M | slab   64.8M |
MEM | tot     3.8G | free    2.2G | cache 642.1M | buff   36.8M | slab   64.8M |
MEM | tot     3.8G | free    2.2G | cache 642.1M | buff   36.8M | slab   64.8M |
MEM | tot     3.8G | free    2.2G | cache 642.1M | buff   36.8M | slab   64.8M |
MEM | tot     3.8G | free    2.2G | cache 641.8M | buff   36.8M | slab   64.8M |
MEM | tot     3.8G | free    2.2G | cache 641.9M | buff   36.8M | slab   64.8M |
MEM | tot     3.8G | free    2.2G | cache 634.4M | buff   36.8M | slab   64.8M |
MEM | tot     3.8G | free    2.2G | cache 634.4M | buff   36.8M | slab   64.8M |
MEM | tot     3.8G | free    2.2G | cache 634.4M | buff   36.8M | slab   64.8M |
MEM | tot     3.8G | free    2.2G | cache 634.4M | buff   36.8M | slab   64.8M |
MEM | tot     3.8G | free    2.2G | cache 634.4M | buff   36.8M | slab   64.8M |
MEM | tot     3.8G | free    2.2G | cache 634.4M | buff   36.8M | slab   64.8M |
MEM | tot     3.8G | free    2.2G | cache 634.4M | buff   36.8M | slab   64.8M |
MEM | tot     3.8G | free    2.2G | cache 634.5M | buff   36.8M | slab   64.8M |
MEM | tot     3.8G | free    2.2G | cache 634.5M | buff   36.8M | slab   64.8M |
MEM | tot     3.8G | free    2.2G | cache 634.5M | buff   36.8M | slab   64.8M |
MEM | tot     3.8G | free    2.2G | cache 634.5M | buff   36.8M | slab   64.8M |
MEM | tot     3.8G | free    2.2G | cache 634.5M | buff   36.9M | slab   64.8M |
MEM | tot     3.8G | free    2.2G | cache 634.5M | buff   36.9M | slab   64.8M |
MEM | tot     3.8G | free    2.2G | cache 634.5M | buff   36.9M | slab   64.8M |
MEM | tot     3.8G | free    2.2G | cache 634.5M | buff   36.9M | slab   64.8M |
MEM | tot     3.8G | free    2.2G | cache 634.5M | buff   36.9M | slab   64.8M |
MEM | tot     3.8G | free    2.2G | cache 634.6M | buff   36.9M | slab   64.8M |
MEM | tot     3.8G | free    2.2G | cache 634.6M | buff   36.9M | slab   64.8M |
MEM | tot     3.8G | free    2.2G | cache 634.6M | buff   36.9M | slab   64.8M |
MEM | tot     3.8G | free    2.2G | cache 634.6M | buff   36.9M | slab   64.8M |
MEM | tot     3.8G | free    2.2G | cache 634.6M | buff   36.9M | slab   64.8M |
MEM | tot     3.8G | free    2.2G | cache 634.6M | buff   36.9M | slab   64.8M |
MEM | tot     3.8G | free    2.2G | cache 634.6M | buff   36.9M | slab   64.8M |
MEM | tot     3.8G | free    2.2G | cache 634.6M | buff   36.9M | slab   64.8M |
MEM | tot     3.8G | free    2.2G | cache 634.6M | buff   36.9M | slab   64.8M |
MEM | tot     3.8G | free    2.2G | cache 634.7M | buff   36.9M | slab   64.8M |
MEM | tot     3.8G | free    2.2G | cache 634.7M | buff   36.9M | slab   64.8M |
MEM | tot     3.8G | free    2.2G | cache 634.7M | buff   36.9M | slab   64.8M |
MEM | tot     3.8G | free    2.2G | cache 634.7M | buff   36.9M | slab   64.8M |
MEM | tot     3.8G | free    2.2G | cache 634.7M | buff   36.9M | slab   64.8M |
MEM | tot     3.8G | free    2.2G | cache 634.7M | buff   36.9M | slab   64.8M |
MEM | tot     3.8G | free    2.2G | cache 634.7M | buff   36.9M | slab   64.8M |
MEM | tot     3.8G | free    2.2G | cache 634.7M | buff   36.9M | slab   64.8M |
MEM | tot     3.8G | free    2.2G | cache 634.8M | buff   36.9M | slab   64.8M |
MEM | tot     3.8G | free    2.2G | cache 634.8M | buff   36.9M | slab   64.8M |
MEM | tot     3.8G | free    2.2G | cache 634.8M | buff   36.9M | slab   64.8M |
MEM | tot     3.8G | free    2.2G | cache 634.8M | buff   36.9M | slab   64.8M |
MEM | tot     3.8G | free    2.2G | cache 634.8M | buff   36.9M | slab   64.8M |
MEM | tot     3.8G | free    2.2G | cache 634.8M | buff   36.9M | slab   64.8M |
MEM | tot     3.8G | free    2.2G | cache 634.8M | buff   36.9M | slab   64.8M |
MEM | tot     3.8G | free    2.2G | cache 634.8M | buff   36.9M | slab   64.8M |
MEM | tot     3.8G | free    2.2G | cache 634.8M | buff   36.9M | slab   64.8M |
MEM | tot     3.8G | free    2.2G | cache 634.9M | buff   36.9M | slab   64.8M |
MEM | tot     3.8G | free    2.2G | cache 634.9M | buff   36.9M | slab   64.8M |
MEM | tot     3.8G | free    2.2G | cache 634.9M | buff   36.9M | slab   64.8M |
MEM | tot     3.8G | free    2.2G | cache 634.9M | buff   36.9M | slab   64.8M |
MEM | tot     3.8G | free    2.2G | cache 634.9M | buff   36.9M | slab   64.8M |
MEM | tot     3.8G | free    2.2G | cache 634.9M | buff   36.9M | slab   64.8M |
MEM | tot     3.8G | free    2.2G | cache 634.9M | buff   36.9M | slab   64.8M |
MEM | tot     3.8G | free    2.2G | cache 634.9M | buff   36.9M | slab   64.8M |
MEM | tot     3.8G | free    2.2G | cache 634.9M | buff   36.9M | slab   64.8M |
MEM | tot     3.8G | free    2.2G | cache 635.0M | buff   36.9M | slab   64.8M |
MEM | tot     3.8G | free    2.2G | cache 635.0M | buff   36.9M | slab   64.8M |
MEM | tot     3.8G | free    2.2G | cache 635.0M | buff   36.9M | slab   64.8M |
MEM | tot     3.8G | free    2.2G | cache 635.0M | buff   36.9M | slab   64.8M |
MEM | tot     3.8G | free    2.2G | cache 635.0M | buff   36.9M | slab   64.8M |
MEM | tot     3.8G | free    2.2G | cache 635.0M | buff   36.9M | slab   64.8M |
MEM | tot     3.8G | free    2.2G | cache 635.0M | buff   36.9M | slab   64.8M |
MEM | tot     3.8G | free    2.2G | cache 635.0M | buff   36.9M | slab   64.8M |
MEM | tot     3.8G | free    2.2G | cache 635.0M | buff   36.9M | slab   64.8M |
MEM | tot     3.8G | free    2.2G | cache 635.1M | buff   36.9M | slab   64.8M |
MEM | tot     3.8G | free    2.2G | cache 635.1M | buff   36.9M | slab   64.8M |
MEM | tot     3.8G | free    2.2G | cache 635.1M | buff   36.9M | slab   64.8M |
MEM | tot     3.8G | free    2.2G | cache 635.1M | buff   36.9M | slab   64.8M |
MEM | tot     3.8G | free    2.2G | cache 630.8M | buff   36.9M | slab   64.8M |
MEM | tot     3.8G | free    2.2G | cache 630.8M | buff   36.9M | slab   64.8M |
MEM | tot     3.8G | free    2.2G | cache 630.8M | buff   36.9M | slab   64.8M |
MEM | tot     3.8G | free    2.2G | cache 630.8M | buff   36.9M | slab   64.8M |
MEM | tot     3.8G | free    2.2G | cache 630.8M | buff   36.9M | slab   64.8M |
MEM | tot     3.8G | free    2.2G | cache 630.8M | buff   36.9M | slab   64.8M |
MEM | tot     3.8G | free    2.2G | cache 630.9M | buff   36.9M | slab   64.8M |
MEM | tot     3.8G | free    2.2G | cache 630.9M | buff   36.9M | slab   64.8M |
MEM | tot     3.8G | free    2.2G | cache 630.9M | buff   36.9M | slab   64.8M |
MEM | tot     3.8G | free    2.2G | cache 630.9M | buff   36.9M | slab   64.8M |
MEM | tot     3.8G | free    2.2G | cache 630.9M | buff   36.9M | slab   64.8M |
MEM | tot     3.8G | free    2.2G | cache 630.9M | buff   36.9M | slab   64.8M |
MEM | tot     3.8G | free    2.2G | cache 630.9M | buff   37.0M | slab   64.8M |
MEM | tot     3.8G | free    2.2G | cache 630.9M | buff   37.0M | slab   64.8M |
MEM | tot     3.8G | free    2.2G | cache 630.9M | buff   37.0M | slab   64.9M |
MEM | tot     3.8G | free    2.2G | cache 631.0M | buff   37.0M | slab   64.8M |
MEM | tot     3.8G | free    2.2G | cache 631.0M | buff   37.0M | slab   64.8M |
MEM | tot     3.8G | free    2.2G | cache 631.0M | buff   37.0M | slab   64.8M |
MEM | tot     3.8G | free    2.2G | cache 631.0M | buff   37.0M | slab   64.8M |
MEM | tot     3.8G | free    2.2G | cache 631.0M | buff   37.0M | slab   64.8M |
MEM | tot     3.8G | free    2.2G | cache 631.0M | buff   37.0M | slab   64.8M |
MEM | tot     3.8G | free    2.2G | cache 631.0M | buff   37.0M | slab   64.8M |
MEM | tot     3.8G | free    2.2G | cache 631.0M | buff   37.0M | slab   64.8M |
MEM | tot     3.8G | free    2.2G | cache 631.1M | buff   37.0M | slab   64.8M |
MEM | tot     3.8G | free    2.2G | cache 631.1M | buff   37.0M | slab   64.9M |
MEM | tot     3.8G | free    2.2G | cache 631.1M | buff   37.0M | slab   64.8M |
MEM | tot     3.8G | free    2.2G | cache 631.1M | buff   37.0M | slab   64.8M |
MEM | tot     3.8G | free    2.2G | cache 631.1M | buff   37.0M | slab   64.8M |
MEM | tot     3.8G | free    2.2G | cache 631.1M | buff   37.0M | slab   64.8M |
MEM | tot     3.8G | free    2.2G | cache 631.1M | buff   37.0M | slab   64.8M |
MEM | tot     3.8G | free    2.2G | cache 631.1M | buff   37.0M | slab   64.8M |
MEM | tot     3.8G | free    2.2G | cache 631.1M | buff   37.0M | slab   64.8M |
MEM | tot     3.8G | free    2.2G | cache 631.2M | buff   37.0M | slab   64.8M |
MEM | tot     3.8G | free    2.2G | cache 631.2M | buff   37.0M | slab   64.8M |
MEM | tot     3.8G | free    2.2G | cache 631.2M | buff   37.0M | slab   64.8M |
MEM | tot     3.8G | free    2.2G | cache 631.2M | buff   37.0M | slab   64.8M |
MEM | tot     3.8G | free    2.2G | cache 631.2M | buff   37.0M | slab   64.8M |
MEM | tot     3.8G | free    2.2G | cache 631.2M | buff   37.0M | slab   64.8M |
MEM | tot     3.8G | free    2.2G | cache 631.2M | buff   37.0M | slab   64.8M |
MEM | tot     3.8G | free    2.2G | cache 631.2M | buff   37.0M | slab   64.8M |
MEM | tot     3.8G | free    2.2G | cache 635.2M | buff   37.0M | slab   64.9M |
MEM | tot     3.8G | free    2.2G | cache 635.3M | buff   37.0M | slab   64.9M |
MEM | tot     3.8G | free    2.2G | cache 635.3M | buff   37.0M | slab   64.9M |
MEM | tot     3.8G | free    2.2G | cache 635.3M | buff   37.0M | slab   64.9M |
MEM | tot     3.8G | free    2.2G | cache 635.3M | buff   37.0M | slab   64.9M |
MEM | tot     3.8G | free    2.2G | cache 635.3M | buff   37.0M | slab   64.9M |
MEM | tot     3.8G | free    2.2G | cache 635.3M | buff   37.0M | slab   64.9M |
MEM | tot     3.8G | free    2.2G | cache 635.3M | buff   37.0M | slab   64.9M |
MEM | tot     3.8G | free    2.2G | cache 635.3M | buff   37.0M | slab   64.9M |
MEM | tot     3.8G | free    2.2G | cache 635.3M | buff   37.0M | slab   64.9M |
MEM | tot     3.8G | free    2.2G | cache 635.4M | buff   37.0M | slab   64.9M |
MEM | tot     3.8G | free    2.2G | cache 635.4M | buff   37.0M | slab   64.9M |
