MEM | tot     3.8G | free    2.3G | cache 626.4M | buff   36.4M | slab   64.6M |
MEM | tot     3.8G | free    2.2G | cache 635.3M | buff   36.4M | slab   64.7M |
MEM | tot     3.8G | free    2.2G | cache 635.3M | buff   36.4M | slab   64.7M |
MEM | tot     3.8G | free    2.2G | cache 635.3M | buff   36.4M | slab   64.7M |
MEM | tot     3.8G | free    2.2G | cache 635.4M | buff   36.4M | slab   64.7M |
MEM | tot     3.8G | free    2.2G | cache 635.4M | buff   36.4M | slab   64.7M |
MEM | tot     3.8G | free    2.2G | cache 635.1M | buff   36.4M | slab   64.7M |
MEM | tot     3.8G | free    2.2G | cache 634.4M | buff   36.4M | slab   64.7M |
MEM | tot     3.8G | free    2.2G | cache 634.4M | buff   36.4M | slab   64.7M |
MEM | tot     3.8G | free    2.2G | cache 634.4M | buff   36.4M | slab   64.7M |
MEM | tot     3.8G | free    2.2G | cache 634.4M | buff   36.4M | slab   64.7M |
MEM | tot     3.8G | free    2.2G | cache 634.4M | buff   36.4M | slab   64.7M |
MEM | tot     3.8G | free    2.2G | cache 634.5M | buff   36.4M | slab   64.7M |
MEM | tot     3.8G | free    2.2G | cache 634.5M | buff   36.4M | slab   64.7M |
MEM | tot     3.8G | free    2.2G | cache 634.5M | buff   36.4M | slab   64.7M |
MEM | tot     3.8G | free    2.2G | cache 634.5M | buff   36.4M | slab   64.7M |
MEM | tot     3.8G | free    2.2G | cache 634.5M | buff   36.4M | slab   64.7M |
MEM | tot     3.8G | free    2.2G | cache 634.5M | buff   36.4M | slab   64.7M |
MEM | tot     3.8G | free    2.2G | cache 634.5M | buff   36.4M | slab   64.7M |
MEM | tot     3.8G | free    2.2G | cache 634.5M | buff   36.4M | slab   64.7M |
MEM | tot     3.8G | free    2.2G | cache 634.5M | buff   36.4M | slab   64.7M |
MEM | tot     3.8G | free    2.2G | cache 634.6M | buff   36.4M | slab   64.7M |
MEM | tot     3.8G | free    2.2G | cache 634.6M | buff   36.4M | slab   64.7M |
MEM | tot     3.8G | free    2.2G | cache 634.6M | buff   36.4M | slab   64.7M |
MEM | tot     3.8G | free    2.2G | cache 634.6M | buff   36.4M | slab   64.7M |
MEM | tot     3.8G | free    2.2G | cache 634.6M | buff   36.4M | slab   64.7M |
MEM | tot     3.8G | free    2.2G | cache 634.6M | buff   36.4M | slab   64.7M |
MEM | tot     3.8G | free    2.2G | cache 634.6M | buff   36.4M | slab   64.7M |
MEM | tot     3.8G | free    2.2G | cache 634.6M | buff   36.4M | slab   64.7M |
MEM | tot     3.8G | free    2.2G | cache 634.6M | buff   36.4M | slab   64.7M |
MEM | tot     3.8G | free    2.2G | cache 634.7M | buff   36.4M | slab   64.7M |
MEM | tot     3.8G | free    2.2G | cache 634.7M | buff   36.4M | slab   64.7M |
MEM | tot     3.8G | free    2.2G | cache 634.7M | buff   36.4M | slab   64.7M |
MEM | tot     3.8G | free    2.2G | cache 634.7M | buff   36.4M | slab   64.7M |
MEM | tot     3.8G | free    2.2G | cache 634.7M | buff   36.4M | slab   64.7M |
MEM | tot     3.8G | free    2.2G | cache 634.7M | buff   36.4M | slab   64.7M |
MEM | tot     3.8G | free    2.2G | cache 634.7M | buff   36.4M | slab   64.7M |
MEM | tot     3.8G | free    2.2G | cache 634.7M | buff   36.4M | slab   64.7M |
MEM | tot     3.8G | free    2.2G | cache 634.7M | buff   36.4M | slab   64.7M |
MEM | tot     3.8G | free    2.2G | cache 634.8M | buff   36.4M | slab   64.7M |
MEM | tot     3.8G | free    2.2G | cache 634.8M | buff   36.4M | slab   64.7M |
MEM | tot     3.8G | free    2.2G | cache 634.8M | buff   36.4M | slab   64.7M |
MEM | tot     3.8G | free    2.2G | cache 634.8M | buff   36.4M | slab   64.7M |
MEM | tot     3.8G | free    2.2G | cache 634.8M | buff   36.4M | slab   64.7M |
MEM | tot     3.8G | free    2.2G | cache 634.8M | buff   36.4M | slab   64.7M |
MEM | tot     3.8G | free    2.2G | cache 634.8M | buff   36.5M | slab   64.7M |
MEM | tot     3.8G | free    2.2G | cache 634.8M | buff   36.5M | slab   64.7M |
MEM | tot     3.8G | free    2.2G | cache 634.8M | buff   36.5M | slab   64.7M |
MEM | tot     3.8G | free    2.2G | cache 634.9M | buff   36.5M | slab   64.7M |
MEM | tot     3.8G | free    2.2G | cache 634.9M | buff   36.5M | slab   64.7M |
MEM | tot     3.8G | free    2.2G | cache 634.9M | buff   36.5M | slab   64.7M |
MEM | tot     3.8G | free    2.2G | cache 634.9M | buff   36.5M | slab   64.7M |
MEM | tot     3.8G | free    2.2G | cache 634.9M | buff   36.5M | slab   64.8M |
MEM | tot     3.8G | free    2.2G | cache 634.9M | buff   36.5M | slab   64.7M |
MEM | tot     3.8G | free    2.2G | cache 634.9M | buff   36.5M | slab   64.7M |
MEM | tot     3.8G | free    2.2G | cache 634.9M | buff   36.5M | slab   64.7M |
MEM | tot     3.8G | free    2.2G | cache 634.9M | buff   36.5M | slab   64.7M |
MEM | tot     3.8G | free    2.2G | cache 635.0M | buff   36.5M | slab   64.7M |
MEM | tot     3.8G | free    2.2G | cache 635.0M | buff   36.5M | slab   64.7M |
MEM | tot     3.8G | free    2.2G | cache 635.0M | buff   36.5M | slab   64.7M |
MEM | tot     3.8G | free    2.2G | cache 635.0M | buff   36.5M | slab   64.7M |
MEM | tot     3.8G | free    2.2G | cache 635.0M | buff   36.5M | slab   64.8M |
MEM | tot     3.8G | free    2.2G | cache 635.0M | buff   36.5M | slab   64.7M |
MEM | tot     3.8G | free    2.2G | cache 635.0M | buff   36.5M | slab   64.7M |
MEM | tot     3.8G | free    2.2G | cache 635.0M | buff   36.5M | slab   64.7M |
MEM | tot     3.8G | free    2.2G | cache 635.1M | buff   36.5M | slab   64.7M |
MEM | tot     3.8G | free    2.2G | cache 635.1M | buff   36.5M | slab   64.7M |
MEM | tot     3.8G | free    2.2G | cache 635.1M | buff   36.5M | slab   64.7M |
MEM | tot     3.8G | free    2.2G | cache 635.1M | buff   36.5M | slab   64.8M |
MEM | tot     3.8G | free    2.2G | cache 635.1M | buff   36.5M | slab   64.7M |
MEM | tot     3.8G | free    2.2G | cache 635.1M | buff   36.5M | slab   64.7M |
MEM | tot     3.8G | free    2.2G | cache 630.7M | buff   36.5M | slab   64.8M |
MEM | tot     3.8G | free    2.2G | cache 630.7M | buff   36.5M | slab   64.7M |
MEM | tot     3.8G | free    2.2G | cache 630.7M | buff   36.5M | slab   64.7M |
MEM | tot     3.8G | free    2.2G | cache 630.7M | buff   36.5M | slab   64.8M |
MEM | tot     3.8G | free    2.2G | cache 630.7M | buff   36.5M | slab   64.7M |
MEM | tot     3.8G | free    2.2G | cache 630.7M | buff   36.5M | slab   64.7M |
MEM | tot     3.8G | free    2.2G | cache 630.7M | buff   36.5M | slab   64.7M |
MEM | tot     3.8G | free    2.2G | cache 630.8M | buff   36.5M | slab   64.7M |
MEM | tot     3.8G | free    2.2G | cache 630.8M | buff   36.5M | slab   64.7M |
MEM | tot     3.8G | free    2.2G | cache 630.8M | buff   36.5M | slab   64.7M |
MEM | tot     3.8G | free    2.2G | cache 630.8M | buff   36.5M | slab   64.8M |
MEM | tot     3.8G | free    2.2G | cache 630.8M | buff   36.5M | slab   64.7M |
MEM | tot     3.8G | free    2.2G | cache 630.8M | buff   36.5M | slab   64.8M |
MEM | tot     3.8G | free    2.2G | cache 630.8M | buff   36.5M | slab   64.7M |
MEM | tot     3.8G | free    2.2G | cache 630.8M | buff   36.5M | slab   64.7M |
MEM | tot     3.8G | free    2.2G | cache 630.8M | buff   36.5M | slab   64.8M |
MEM | tot     3.8G | free    2.2G | cache 630.9M | buff   36.5M | slab   64.8M |
MEM | tot     3.8G | free    2.2G | cache 631.0M | buff   36.5M | slab   64.7M |
MEM | tot     3.8G | free    2.2G | cache 631.0M | buff   36.5M | slab   64.7M |
MEM | tot     3.8G | free    2.2G | cache 631.0M | buff   36.5M | slab   64.7M |
MEM | tot     3.8G | free    2.2G | cache 631.0M | buff   36.5M | slab   64.7M |
MEM | tot     3.8G | free    2.2G | cache 631.0M | buff   36.5M | slab   64.7M |
MEM | tot     3.8G | free    2.2G | cache 631.1M | buff   36.5M | slab   64.7M |
MEM | tot     3.8G | free    2.2G | cache 631.1M | buff   36.5M | slab   64.7M |
MEM | tot     3.8G | free    2.2G | cache 631.1M | buff   36.5M | slab   64.7M |
MEM | tot     3.8G | free    2.2G | cache 631.1M | buff   36.5M | slab   64.7M |
MEM | tot     3.8G | free    2.2G | cache 631.1M | buff   36.5M | slab   64.7M |
MEM | tot     3.8G | free    2.2G | cache 631.1M | buff   36.5M | slab   64.8M |
MEM | tot     3.8G | free    2.2G | cache 631.1M | buff   36.5M | slab   64.8M |
MEM | tot     3.8G | free    2.2G | cache 631.1M | buff   36.5M | slab   64.7M |
MEM | tot     3.8G | free    2.2G | cache 631.1M | buff   36.5M | slab   64.7M |
MEM | tot     3.8G | free    2.2G | cache 631.2M | buff   36.5M | slab   64.8M |
MEM | tot     3.8G | free    2.2G | cache 631.2M | buff   36.5M | slab   64.8M |
MEM | tot     3.8G | free    2.2G | cache 631.2M | buff   36.5M | slab   64.8M |
MEM | tot     3.8G | free    2.2G | cache 631.2M | buff   36.5M | slab   64.8M |
MEM | tot     3.8G | free    2.2G | cache 631.2M | buff   36.5M | slab   64.7M |
MEM | tot     3.8G | free    2.2G | cache 631.2M | buff   36.5M | slab   64.7M |
MEM | tot     3.8G | free    2.2G | cache 631.2M | buff   36.5M | slab   64.8M |
MEM | tot     3.8G | free    2.2G | cache 631.2M | buff   36.5M | slab   64.7M |
MEM | tot     3.8G | free    2.2G | cache 631.2M | buff   36.6M | slab   64.8M |
MEM | tot     3.8G | free    2.2G | cache 631.3M | buff   36.6M | slab   64.7M |
MEM | tot     3.8G | free    2.2G | cache 631.3M | buff   36.6M | slab   64.8M |
MEM | tot     3.8G | free    2.2G | cache 631.3M | buff   36.6M | slab   64.8M |
MEM | tot     3.8G | free    2.2G | cache 631.3M | buff   36.6M | slab   64.7M |
MEM | tot     3.8G | free    2.2G | cache 631.3M | buff   36.6M | slab   64.7M |
MEM | tot     3.8G | free    2.2G | cache 631.3M | buff   36.6M | slab   64.7M |
MEM | tot     3.8G | free    2.2G | cache 631.3M | buff   36.6M | slab   64.8M |
MEM | tot     3.8G | free    2.2G | cache 631.3M | buff   36.6M | slab   64.7M |
MEM | tot     3.8G | free    2.2G | cache 631.3M | buff   36.6M | slab   64.8M |
MEM | tot     3.8G | free    2.2G | cache 631.3M | buff   36.6M | slab   64.7M |
MEM | tot     3.8G | free    2.2G | cache 631.4M | buff   36.6M | slab   64.7M |
MEM | tot     3.8G | free    2.2G | cache 631.4M | buff   36.6M | slab   64.8M |
MEM | tot     3.8G | free    2.2G | cache 631.4M | buff   36.6M | slab   64.8M |
MEM | tot     3.8G | free    2.2G | cache 631.4M | buff   36.6M | slab   64.8M |
MEM | tot     3.8G | free    2.2G | cache 631.4M | buff   36.6M | slab   64.8M |
MEM | tot     3.8G | free    2.2G | cache 631.4M | buff   36.6M | slab   64.8M |
MEM | tot     3.8G | free    2.2G | cache 631.4M | buff   36.6M | slab   64.7M |
MEM | tot     3.8G | free    2.2G | cache 631.4M | buff   36.6M | slab   64.7M |
MEM | tot     3.8G | free    2.2G | cache 631.5M | buff   36.6M | slab   64.7M |
MEM | tot     3.8G | free    2.2G | cache 631.5M | buff   36.6M | slab   64.8M |
MEM | tot     3.8G | free    2.2G | cache 631.5M | buff   36.6M | slab   64.8M |
MEM | tot     3.8G | free    2.2G | cache 631.5M | buff   36.6M | slab   64.7M |
MEM | tot     3.8G | free    2.2G | cache 631.5M | buff   36.6M | slab   64.7M |
MEM | tot     3.8G | free    2.2G | cache 631.5M | buff   36.6M | slab   64.8M |
MEM | tot     3.8G | free    2.2G | cache 631.5M | buff   36.6M | slab   64.8M |
MEM | tot     3.8G | free    2.2G | cache 631.5M | buff   36.6M | slab   64.8M |
MEM | tot     3.8G | free    2.2G | cache 631.5M | buff   36.6M | slab   64.8M |
MEM | tot     3.8G | free    2.2G | cache 631.6M | buff   36.6M | slab   64.7M |
MEM | tot     3.8G | free    2.2G | cache 631.6M | buff   36.6M | slab   64.8M |
MEM | tot     3.8G | free    2.2G | cache 631.6M | buff   36.6M | slab   64.7M |
MEM | tot     3.8G | free    2.2G | cache 631.6M | buff   36.6M | slab   64.7M |
MEM | tot     3.8G | free    2.2G | cache 631.6M | buff   36.6M | slab   64.7M |
MEM | tot     3.8G | free    2.2G | cache 631.6M | buff   36.6M | slab   64.8M |
MEM | tot     3.8G | free    2.2G | cache 631.6M | buff   36.6M | slab   64.7M |
MEM | tot     3.8G | free    2.2G | cache 631.6M | buff   36.6M | slab   64.8M |
MEM | tot     3.8G | free    2.2G | cache 631.6M | buff   36.6M | slab   64.8M |
MEM | tot     3.8G | free    2.2G | cache 631.7M | buff   36.6M | slab   64.7M |
MEM | tot     3.8G | free    2.2G | cache 631.7M | buff   36.6M | slab   64.7M |
MEM | tot     3.8G | free    2.2G | cache 631.7M | buff   36.6M | slab   64.7M |
MEM | tot     3.8G | free    2.2G | cache 631.7M | buff   36.6M | slab   64.7M |
MEM | tot     3.8G | free    2.2G | cache 631.7M | buff   36.6M | slab   64.7M |
MEM | tot     3.8G | free    2.2G | cache 631.7M | buff   36.6M | slab   64.8M |
MEM | tot     3.8G | free    2.2G | cache 631.7M | buff   36.6M | slab   64.8M |
MEM | tot     3.8G | free    2.2G | cache 631.7M | buff   36.6M | slab   64.7M |
MEM | tot     3.8G | free    2.2G | cache 631.7M | buff   36.6M | slab   64.7M |
MEM | tot     3.8G | free    2.2G | cache 631.8M | buff   36.6M | slab   64.8M |
MEM | tot     3.8G | free    2.2G | cache 631.8M | buff   36.6M | slab   64.8M |
MEM | tot     3.8G | free    2.2G | cache 631.8M | buff   36.6M | slab   64.7M |
MEM | tot     3.8G | free    2.2G | cache 631.8M | buff   36.6M | slab   64.7M |
MEM | tot     3.8G | free    2.2G | cache 631.8M | buff   36.6M | slab   64.7M |
MEM | tot     3.8G | free    2.2G | cache 631.8M | buff   36.6M | slab   64.8M |
MEM | tot     3.8G | free    2.2G | cache 631.8M | buff   36.6M | slab   64.7M |
MEM | tot     3.8G | free    2.2G | cache 631.8M | buff   36.6M | slab   64.7M |
MEM | tot     3.8G | free    2.2G | cache 631.9M | buff   36.6M | slab   64.7M |
MEM | tot     3.8G | free    2.2G | cache 631.9M | buff   36.7M | slab   64.7M |
MEM | tot     3.8G | free    2.2G | cache 631.9M | buff   36.7M | slab   64.7M |
MEM | tot     3.8G | free    2.2G | cache 631.9M | buff   36.7M | slab   64.8M |
MEM | tot     3.8G | free    2.2G | cache 631.9M | buff   36.7M | slab   64.8M |
MEM | tot     3.8G | free    2.2G | cache 631.9M | buff   36.7M | slab   64.7M |
MEM | tot     3.8G | free    2.2G | cache 631.9M | buff   36.7M | slab   64.7M |
MEM | tot     3.8G | free    2.2G | cache 631.9M | buff   36.7M | slab   64.8M |
MEM | tot     3.8G | free    2.2G | cache 631.9M | buff   36.7M | slab   64.8M |
MEM | tot     3.8G | free    2.2G | cache 632.0M | buff   36.7M | slab   64.7M |
MEM | tot     3.8G | free    2.2G | cache 632.0M | buff   36.7M | slab   64.8M |
MEM | tot     3.8G | free    2.2G | cache 632.0M | buff   36.7M | slab   64.7M |
MEM | tot     3.8G | free    2.2G | cache 632.0M | buff   36.7M | slab   64.7M |
MEM | tot     3.8G | free    2.2G | cache 632.0M | buff   36.7M | slab   64.7M |
MEM | tot     3.8G | free    2.2G | cache 632.0M | buff   36.7M | slab   64.8M |
MEM | tot     3.8G | free    2.2G | cache 632.0M | buff   36.7M | slab   64.7M |
MEM | tot     3.8G | free    2.2G | cache 632.0M | buff   36.7M | slab   64.7M |
MEM | tot     3.8G | free    2.2G | cache 632.0M | buff   36.7M | slab   64.8M |
MEM | tot     3.8G | free    2.2G | cache 632.1M | buff   36.7M | slab   64.8M |
MEM | tot     3.8G | free    2.2G | cache 632.1M | buff   36.7M | slab   64.8M |
MEM | tot     3.8G | free    2.2G | cache 632.1M | buff   36.7M | slab   64.7M |
MEM | tot     3.8G | free    2.2G | cache 632.1M | buff   36.7M | slab   64.7M |
MEM | tot     3.8G | free    2.2G | cache 632.1M | buff   36.7M | slab   64.7M |
MEM | tot     3.8G | free    2.2G | cache 632.1M | buff   36.7M | slab   64.7M |
MEM | tot     3.8G | free    2.2G | cache 632.1M | buff   36.7M | slab   64.7M |
MEM | tot     3.8G | free    2.2G | cache 632.1M | buff   36.7M | slab   64.8M |
MEM | tot     3.8G | free    2.2G | cache 632.1M | buff   36.7M | slab   64.8M |
MEM | tot     3.8G | free    2.2G | cache 632.2M | buff   36.7M | slab   64.7M |
MEM | tot     3.8G | free    2.2G | cache 632.2M | buff   36.7M | slab   64.8M |
MEM | tot     3.8G | free    2.2G | cache 632.2M | buff   36.7M | slab   64.8M |
MEM | tot     3.8G | free    2.2G | cache 632.2M | buff   36.7M | slab   64.7M |
MEM | tot     3.8G | free    2.2G | cache 632.2M | buff   36.7M | slab   64.7M |
MEM | tot     3.8G | free    2.2G | cache 632.2M | buff   36.7M | slab   64.7M |
MEM | tot     3.8G | free    2.2G | cache 632.2M | buff   36.7M | slab   64.7M |
MEM | tot     3.8G | free    2.2G | cache 632.2M | buff   36.7M | slab   64.7M |
MEM | tot     3.8G | free    2.2G | cache 632.2M | buff   36.7M | slab   64.7M |
MEM | tot     3.8G | free    2.2G | cache 632.2M | buff   36.7M | slab   64.7M |
MEM | tot     3.8G | free    2.2G | cache 632.3M | buff   36.7M | slab   64.7M |
MEM | tot     3.8G | free    2.2G | cache 632.3M | buff   36.7M | slab   64.8M |
MEM | tot     3.8G | free    2.2G | cache 632.3M | buff   36.7M | slab   64.8M |
MEM | tot     3.8G | free    2.2G | cache 632.3M | buff   36.7M | slab   64.7M |
MEM | tot     3.8G | free    2.2G | cache 632.3M | buff   36.7M | slab   64.8M |
MEM | tot     3.8G | free    2.2G | cache 632.3M | buff   36.7M | slab   64.7M |
MEM | tot     3.8G | free    2.2G | cache 632.3M | buff   36.7M | slab   64.8M |
MEM | tot     3.8G | free    2.2G | cache 632.3M | buff   36.7M | slab   64.7M |
MEM | tot     3.8G | free    2.2G | cache 632.4M | buff   36.7M | slab   64.7M |
MEM | tot     3.8G | free    2.2G | cache 632.4M | buff   36.7M | slab   64.8M |
MEM | tot     3.8G | free    2.2G | cache 632.4M | buff   36.7M | slab   64.7M |
MEM | tot     3.8G | free    2.2G | cache 632.4M | buff   36.7M | slab   64.7M |
MEM | tot     3.8G | free    2.2G | cache 632.4M | buff   36.7M | slab   64.8M |
MEM | tot     3.8G | free    2.2G | cache 632.4M | buff   36.7M | slab   64.7M |
MEM | tot     3.8G | free    2.2G | cache 632.4M | buff   36.7M | slab   64.7M |
MEM | tot     3.8G | free    2.2G | cache 632.4M | buff   36.7M | slab   64.8M |
MEM | tot     3.8G | free    2.2G | cache 632.4M | buff   36.7M | slab   64.7M |
MEM | tot     3.8G | free    2.2G | cache 632.5M | buff   36.7M | slab   64.7M |
MEM | tot     3.8G | free    2.2G | cache 632.5M | buff   36.7M | slab   64.7M |
MEM | tot     3.8G | free    2.2G | cache 632.5M | buff   36.7M | slab   64.7M |
MEM | tot     3.8G | free    2.2G | cache 632.5M | buff   36.7M | slab   64.7M |
MEM | tot     3.8G | free    2.2G | cache 632.5M | buff   36.7M | slab   64.7M |
MEM | tot     3.8G | free    2.2G | cache 632.5M | buff   36.7M | slab   64.7M |
MEM | tot     3.8G | free    2.2G | cache 632.5M | buff   36.7M | slab   64.7M |
MEM | tot     3.8G | free    2.2G | cache 632.5M | buff   36.7M | slab   64.8M |
MEM | tot     3.8G | free    2.2G | cache 632.5M | buff   36.8M | slab   64.8M |
MEM | tot     3.8G | free    2.2G | cache 632.6M | buff   36.8M | slab   64.8M |
MEM | tot     3.8G | free    2.2G | cache 632.6M | buff   36.8M | slab   64.8M |
MEM | tot     3.8G | free    2.2G | cache 632.6M | buff   36.8M | slab   64.8M |
MEM | tot     3.8G | free    2.2G | cache 632.6M | buff   36.8M | slab   64.7M |
MEM | tot     3.8G | free    2.2G | cache 632.6M | buff   36.8M | slab   64.7M |
MEM | tot     3.8G | free    2.2G | cache 632.6M | buff   36.8M | slab   64.7M |
MEM | tot     3.8G | free    2.2G | cache 632.6M | buff   36.8M | slab   64.8M |
MEM | tot     3.8G | free    2.2G | cache 632.6M | buff   36.8M | slab   64.8M |
MEM | tot     3.8G | free    2.2G | cache 632.7M | buff   36.8M | slab   64.7M |
MEM | tot     3.8G | free    2.2G | cache 632.7M | buff   36.8M | slab   64.8M |
MEM | tot     3.8G | free    2.2G | cache 632.7M | buff   36.8M | slab   64.8M |
MEM | tot     3.8G | free    2.2G | cache 632.7M | buff   36.8M | slab   64.8M |
MEM | tot     3.8G | free    2.2G | cache 632.7M | buff   36.8M | slab   64.7M |
MEM | tot     3.8G | free    2.2G | cache 632.7M | buff   36.8M | slab   64.7M |
MEM | tot     3.8G | free    2.2G | cache 632.7M | buff   36.8M | slab   64.7M |
MEM | tot     3.8G | free    2.2G | cache 632.7M | buff   36.8M | slab   64.7M |
MEM | tot     3.8G | free    2.2G | cache 632.8M | buff   36.8M | slab   64.7M |
MEM | tot     3.8G | free    2.2G | cache 632.8M | buff   36.8M | slab   64.7M |
MEM | tot     3.8G | free    2.2G | cache 632.8M | buff   36.8M | slab   64.7M |
MEM | tot     3.8G | free    2.2G | cache 632.8M | buff   36.8M | slab   64.7M |
MEM | tot     3.8G | free    2.2G | cache 632.8M | buff   36.8M | slab   64.8M |
MEM | tot     3.8G | free    2.2G | cache 632.8M | buff   36.8M | slab   64.7M |
