MEM | tot     3.8G | free    2.3G | cache 626.7M | buff   36.8M | slab   64.6M |
MEM | tot     3.8G | free    2.2G | cache 637.7M | buff   36.8M | slab   64.8M |
MEM | tot     3.8G | free    2.2G | cache 644.5M | buff   36.8M | slab   64.8M |
MEM | tot     3.8G | free    2.2G | cache 644.5M | buff   36.8M | slab   64.8M |
MEM | tot     3.8G | free    2.2G | cache 644.6M | buff   36.8M | slab   64.8M |
MEM | tot     3.8G | free    2.2G | cache 644.6M | buff   36.8M | slab   64.8M |
MEM | tot     3.8G | free    2.2G | cache 644.6M | buff   36.8M | slab   64.8M |
MEM | tot     3.8G | free    2.2G | cache 634.4M | buff   36.8M | slab   64.8M |
MEM | tot     3.8G | free    2.2G | cache 634.4M | buff   36.8M | slab   64.8M |
MEM | tot     3.8G | free    2.2G | cache 634.4M | buff   36.8M | slab   64.8M |
MEM | tot     3.8G | free    2.2G | cache 634.4M | buff   36.8M | slab   64.8M |
MEM | tot     3.8G | free    2.2G | cache 634.4M | buff   36.8M | slab   64.8M |
MEM | tot     3.8G | free    2.2G | cache 634.4M | buff   36.8M | slab   64.8M |
MEM | tot     3.8G | free    2.2G | cache 634.4M | buff   36.8M | slab   64.8M |
MEM | tot     3.8G | free    2.2G | cache 634.4M | buff   36.8M | slab   64.8M |
MEM | tot     3.8G | free    2.2G | cache 634.7M | buff   36.8M | slab   64.8M |
MEM | tot     3.8G | free    2.2G | cache 634.7M | buff   36.8M | slab   64.8M |
MEM | tot     3.8G | free    2.2G | cache 634.7M | buff   36.8M | slab   64.8M |
MEM | tot     3.8G | free    2.2G | cache 635.2M | buff   36.8M | slab   64.8M |
MEM | tot     3.8G | free    2.2G | cache 635.2M | buff   36.8M | slab   64.8M |
MEM | tot     3.8G | free    2.2G | cache 635.0M | buff   36.8M | slab   64.8M |
MEM | tot     3.8G | free    2.2G | cache 635.0M | buff   36.8M | slab   64.8M |
