E,tot,"3,8",free,"2,3",cache,"631,5",buff,"36,8",slab,"64,7",,"1,5"
E,tot,"3,8",free,"2,2",cache,631,buff,"36,8",slab,"64,8",,"1,6"
E,tot,"3,8",free,"2,2",cache,"642,1",buff,"36,8",slab,"64,8",,"1,6"
E,tot,"3,8",free,"2,2",cache,"642,1",buff,"36,8",slab,"64,8",,"1,6"
E,tot,"3,8",free,"2,2",cache,"642,1",buff,"36,8",slab,"64,8",,"1,6"
E,tot,"3,8",free,"2,2",cache,"642,1",buff,"36,8",slab,"64,8",,"1,6"
E,tot,"3,8",free,"2,2",cache,"641,8",buff,"36,8",slab,"64,8",,"1,6"
E,tot,"3,8",free,"2,2",cache,"641,9",buff,"36,8",slab,"64,8",,"1,6"
E,tot,"3,8",free,"2,2",cache,"634,4",buff,"36,8",slab,"64,8",,"1,6"
E,tot,"3,8",free,"2,2",cache,"634,4",buff,"36,8",slab,"64,8",,"1,6"
E,tot,"3,8",free,"2,2",cache,"634,4",buff,"36,8",slab,"64,8",,"1,6"
E,tot,"3,8",free,"2,2",cache,"634,4",buff,"36,8",slab,"64,8",,"1,6"
E,tot,"3,8",free,"2,2",cache,"634,4",buff,"36,8",slab,"64,8",,"1,6"
E,tot,"3,8",free,"2,2",cache,"634,4",buff,"36,8",slab,"64,8",,"1,6"
E,tot,"3,8",free,"2,2",cache,"634,4",buff,"36,8",slab,"64,8",,"1,6"
E,tot,"3,8",free,"2,2",cache,"634,5",buff,"36,8",slab,"64,8",,"1,6"
E,tot,"3,8",free,"2,2",cache,"634,5",buff,"36,8",slab,"64,8",,"1,6"
E,tot,"3,8",free,"2,2",cache,"634,5",buff,"36,8",slab,"64,8",,"1,6"
E,tot,"3,8",free,"2,2",cache,"634,5",buff,"36,8",slab,"64,8",,"1,6"
E,tot,"3,8",free,"2,2",cache,"634,5",buff,"36,9",slab,"64,8",,"1,6"
E,tot,"3,8",free,"2,2",cache,"634,5",buff,"36,9",slab,"64,8",,"1,6"
E,tot,"3,8",free,"2,2",cache,"634,5",buff,"36,9",slab,"64,8",,"1,6"
E,tot,"3,8",free,"2,2",cache,"634,5",buff,"36,9",slab,"64,8",,"1,6"
E,tot,"3,8",free,"2,2",cache,"634,5",buff,"36,9",slab,"64,8",,"1,6"
E,tot,"3,8",free,"2,2",cache,"634,6",buff,"36,9",slab,"64,8",,"1,6"
E,tot,"3,8",free,"2,2",cache,"634,6",buff,"36,9",slab,"64,8",,"1,6"
E,tot,"3,8",free,"2,2",cache,"634,6",buff,"36,9",slab,"64,8",,"1,6"
E,tot,"3,8",free,"2,2",cache,"634,6",buff,"36,9",slab,"64,8",,"1,6"
E,tot,"3,8",free,"2,2",cache,"634,6",buff,"36,9",slab,"64,8",,"1,6"
E,tot,"3,8",free,"2,2",cache,"634,6",buff,"36,9",slab,"64,8",,"1,6"
E,tot,"3,8",free,"2,2",cache,"634,6",buff,"36,9",slab,"64,8",,"1,6"
E,tot,"3,8",free,"2,2",cache,"634,6",buff,"36,9",slab,"64,8",,"1,6"
E,tot,"3,8",free,"2,2",cache,"634,6",buff,"36,9",slab,"64,8",,"1,6"
E,tot,"3,8",free,"2,2",cache,"634,7",buff,"36,9",slab,"64,8",,"1,6"
E,tot,"3,8",free,"2,2",cache,"634,7",buff,"36,9",slab,"64,8",,"1,6"
E,tot,"3,8",free,"2,2",cache,"634,7",buff,"36,9",slab,"64,8",,"1,6"
E,tot,"3,8",free,"2,2",cache,"634,7",buff,"36,9",slab,"64,8",,"1,6"
E,tot,"3,8",free,"2,2",cache,"634,7",buff,"36,9",slab,"64,8",,"1,6"
E,tot,"3,8",free,"2,2",cache,"634,7",buff,"36,9",slab,"64,8",,"1,6"
E,tot,"3,8",free,"2,2",cache,"634,7",buff,"36,9",slab,"64,8",,"1,6"
E,tot,"3,8",free,"2,2",cache,"634,7",buff,"36,9",slab,"64,8",,"1,6"
E,tot,"3,8",free,"2,2",cache,"634,8",buff,"36,9",slab,"64,8",,"1,6"
E,tot,"3,8",free,"2,2",cache,"634,8",buff,"36,9",slab,"64,8",,"1,6"
E,tot,"3,8",free,"2,2",cache,"634,8",buff,"36,9",slab,"64,8",,"1,6"
E,tot,"3,8",free,"2,2",cache,"634,8",buff,"36,9",slab,"64,8",,"1,6"
E,tot,"3,8",free,"2,2",cache,"634,8",buff,"36,9",slab,"64,8",,"1,6"
E,tot,"3,8",free,"2,2",cache,"634,8",buff,"36,9",slab,"64,8",,"1,6"
E,tot,"3,8",free,"2,2",cache,"634,8",buff,"36,9",slab,"64,8",,"1,6"
E,tot,"3,8",free,"2,2",cache,"634,8",buff,"36,9",slab,"64,8",,"1,6"
E,tot,"3,8",free,"2,2",cache,"634,8",buff,"36,9",slab,"64,8",,"1,6"
E,tot,"3,8",free,"2,2",cache,"634,9",buff,"36,9",slab,"64,8",,"1,6"
E,tot,"3,8",free,"2,2",cache,"634,9",buff,"36,9",slab,"64,8",,"1,6"
E,tot,"3,8",free,"2,2",cache,"634,9",buff,"36,9",slab,"64,8",,"1,6"
E,tot,"3,8",free,"2,2",cache,"634,9",buff,"36,9",slab,"64,8",,"1,6"
E,tot,"3,8",free,"2,2",cache,"634,9",buff,"36,9",slab,"64,8",,"1,6"
E,tot,"3,8",free,"2,2",cache,"634,9",buff,"36,9",slab,"64,8",,"1,6"
E,tot,"3,8",free,"2,2",cache,"634,9",buff,"36,9",slab,"64,8",,"1,6"
E,tot,"3,8",free,"2,2",cache,"634,9",buff,"36,9",slab,"64,8",,"1,6"
E,tot,"3,8",free,"2,2",cache,"634,9",buff,"36,9",slab,"64,8",,"1,6"
E,tot,"3,8",free,"2,2",cache,635,buff,"36,9",slab,"64,8",,"1,6"
E,tot,"3,8",free,"2,2",cache,635,buff,"36,9",slab,"64,8",,"1,6"
E,tot,"3,8",free,"2,2",cache,635,buff,"36,9",slab,"64,8",,"1,6"
E,tot,"3,8",free,"2,2",cache,635,buff,"36,9",slab,"64,8",,"1,6"
E,tot,"3,8",free,"2,2",cache,635,buff,"36,9",slab,"64,8",,"1,6"
E,tot,"3,8",free,"2,2",cache,635,buff,"36,9",slab,"64,8",,"1,6"
E,tot,"3,8",free,"2,2",cache,635,buff,"36,9",slab,"64,8",,"1,6"
E,tot,"3,8",free,"2,2",cache,635,buff,"36,9",slab,"64,8",,"1,6"
E,tot,"3,8",free,"2,2",cache,635,buff,"36,9",slab,"64,8",,"1,6"
E,tot,"3,8",free,"2,2",cache,"635,1",buff,"36,9",slab,"64,8",,"1,6"
E,tot,"3,8",free,"2,2",cache,"635,1",buff,"36,9",slab,"64,8",,"1,6"
E,tot,"3,8",free,"2,2",cache,"635,1",buff,"36,9",slab,"64,8",,"1,6"
E,tot,"3,8",free,"2,2",cache,"635,1",buff,"36,9",slab,"64,8",,"1,6"
E,tot,"3,8",free,"2,2",cache,"630,8",buff,"36,9",slab,"64,8",,"1,6"
E,tot,"3,8",free,"2,2",cache,"630,8",buff,"36,9",slab,"64,8",,"1,6"
E,tot,"3,8",free,"2,2",cache,"630,8",buff,"36,9",slab,"64,8",,"1,6"
E,tot,"3,8",free,"2,2",cache,"630,8",buff,"36,9",slab,"64,8",,"1,6"
E,tot,"3,8",free,"2,2",cache,"630,8",buff,"36,9",slab,"64,8",,"1,6"
E,tot,"3,8",free,"2,2",cache,"630,8",buff,"36,9",slab,"64,8",,"1,6"
E,tot,"3,8",free,"2,2",cache,"630,9",buff,"36,9",slab,"64,8",,"1,6"
E,tot,"3,8",free,"2,2",cache,"630,9",buff,"36,9",slab,"64,8",,"1,6"
E,tot,"3,8",free,"2,2",cache,"630,9",buff,"36,9",slab,"64,8",,"1,6"
E,tot,"3,8",free,"2,2",cache,"630,9",buff,"36,9",slab,"64,8",,"1,6"
E,tot,"3,8",free,"2,2",cache,"630,9",buff,"36,9",slab,"64,8",,"1,6"
E,tot,"3,8",free,"2,2",cache,"630,9",buff,"36,9",slab,"64,8",,"1,6"
E,tot,"3,8",free,"2,2",cache,"630,9",buff,37,slab,"64,8",,"1,6"
E,tot,"3,8",free,"2,2",cache,"630,9",buff,37,slab,"64,8",,"1,6"
E,tot,"3,8",free,"2,2",cache,"630,9",buff,37,slab,"64,9",,"1,6"
E,tot,"3,8",free,"2,2",cache,631,buff,37,slab,"64,8",,"1,6"
E,tot,"3,8",free,"2,2",cache,631,buff,37,slab,"64,8",,"1,6"
E,tot,"3,8",free,"2,2",cache,631,buff,37,slab,"64,8",,"1,6"
E,tot,"3,8",free,"2,2",cache,631,buff,37,slab,"64,8",,"1,6"
E,tot,"3,8",free,"2,2",cache,631,buff,37,slab,"64,8",,"1,6"
E,tot,"3,8",free,"2,2",cache,631,buff,37,slab,"64,8",,"1,6"
E,tot,"3,8",free,"2,2",cache,631,buff,37,slab,"64,8",,"1,6"
E,tot,"3,8",free,"2,2",cache,631,buff,37,slab,"64,8",,"1,6"
E,tot,"3,8",free,"2,2",cache,"631,1",buff,37,slab,"64,8",,"1,6"
E,tot,"3,8",free,"2,2",cache,"631,1",buff,37,slab,"64,9",,"1,6"
E,tot,"3,8",free,"2,2",cache,"631,1",buff,37,slab,"64,8",,"1,6"
E,tot,"3,8",free,"2,2",cache,"631,1",buff,37,slab,"64,8",,"1,6"
E,tot,"3,8",free,"2,2",cache,"631,1",buff,37,slab,"64,8",,"1,6"
E,tot,"3,8",free,"2,2",cache,"631,1",buff,37,slab,"64,8",,"1,6"
E,tot,"3,8",free,"2,2",cache,"631,1",buff,37,slab,"64,8",,"1,6"
E,tot,"3,8",free,"2,2",cache,"631,1",buff,37,slab,"64,8",,"1,6"
E,tot,"3,8",free,"2,2",cache,"631,1",buff,37,slab,"64,8",,"1,6"
E,tot,"3,8",free,"2,2",cache,"631,2",buff,37,slab,"64,8",,"1,6"
E,tot,"3,8",free,"2,2",cache,"631,2",buff,37,slab,"64,8",,"1,6"
E,tot,"3,8",free,"2,2",cache,"631,2",buff,37,slab,"64,8",,"1,6"
E,tot,"3,8",free,"2,2",cache,"631,2",buff,37,slab,"64,8",,"1,6"
E,tot,"3,8",free,"2,2",cache,"631,2",buff,37,slab,"64,8",,"1,6"
E,tot,"3,8",free,"2,2",cache,"631,2",buff,37,slab,"64,8",,"1,6"
E,tot,"3,8",free,"2,2",cache,"631,2",buff,37,slab,"64,8",,"1,6"
E,tot,"3,8",free,"2,2",cache,"631,2",buff,37,slab,"64,8",,"1,6"
E,tot,"3,8",free,"2,2",cache,"635,2",buff,37,slab,"64,9",,"1,6"
E,tot,"3,8",free,"2,2",cache,"635,3",buff,37,slab,"64,9",,"1,6"
E,tot,"3,8",free,"2,2",cache,"635,3",buff,37,slab,"64,9",,"1,6"
E,tot,"3,8",free,"2,2",cache,"635,3",buff,37,slab,"64,9",,"1,6"
E,tot,"3,8",free,"2,2",cache,"635,3",buff,37,slab,"64,9",,"1,6"
E,tot,"3,8",free,"2,2",cache,"635,3",buff,37,slab,"64,9",,"1,6"
E,tot,"3,8",free,"2,2",cache,"635,3",buff,37,slab,"64,9",,"1,6"
E,tot,"3,8",free,"2,2",cache,"635,3",buff,37,slab,"64,9",,"1,6"
E,tot,"3,8",free,"2,2",cache,"635,3",buff,37,slab,"64,9",,"1,6"
E,tot,"3,8",free,"2,2",cache,"635,3",buff,37,slab,"64,9",,"1,6"
E,tot,"3,8",free,"2,2",cache,"635,4",buff,37,slab,"64,9",,"1,6"
E,tot,"3,8",free,"2,2",cache,"635,4",buff,37,slab,"64,9",,"1,6"
,,,,,,,,,,,,
,,,,,,,,,,,média,"1,5991935483871"
,,,,,,,,,,,DP,"0,00898026510133875"
