CPU,sys,12,user,33,irq,1,idle,33,wait,20,,45
CPU,sys,36,user,64,irq,0,idle,0,wait,0,,100
CPU,sys,18,user,61,irq,0,idle,0,wait,21,,79
CPU,sys,25,user,26,irq,1,idle,0,wait,47,,51
CPU,sys,32,user,32,irq,1,idle,0,wait,36,,64
CPU,sys,23,user,22,irq,4,idle,0,wait,51,,45
CPU,sys,14,user,25,irq,1,idle,0,wait,60,,39
CPU,sys,18,user,18,irq,2,idle,0,wait,63,,36
CPU,sys,19,user,20,irq,0,idle,0,wait,60,,39
CPU,sys,15,user,21,irq,1,idle,0,wait,63,,36
CPU,sys,20,user,21,irq,1,idle,0,wait,58,,41
CPU,sys,17,user,20,irq,2,idle,0,wait,61,,37
CPU,sys,19,user,23,irq,0,idle,0,wait,59,,42
CPU,sys,19,user,21,irq,1,idle,0,wait,59,,40
CPU,sys,18,user,25,irq,2,idle,0,wait,55,,43
CPU,sys,19,user,29,irq,2,idle,0,wait,49,,48
CPU,sys,17,user,24,irq,2,idle,0,wait,56,,41
CPU,sys,18,user,23,irq,1,idle,0,wait,58,,41
CPU,sys,13,user,21,irq,2,idle,0,wait,64,,34
CPU,sys,13,user,21,irq,0,idle,0,wait,66,,34
CPU,sys,13,user,18,irq,1,idle,0,wait,68,,31
CPU,sys,12,user,23,irq,3,idle,0,wait,62,,35
CPU,sys,13,user,22,irq,1,idle,0,wait,64,,35
CPU,sys,12,user,21,irq,1,idle,0,wait,66,,33
CPU,sys,15,user,22,irq,3,idle,0,wait,60,,37
CPU,sys,17,user,22,irq,2,idle,0,wait,59,,39
CPU,sys,19,user,21,irq,1,idle,0,wait,59,,40
CPU,sys,19,user,21,irq,0,idle,0,wait,60,,40
CPU,sys,16,user,26,irq,3,idle,0,wait,55,,42
CPU,sys,17,user,26,irq,1,idle,0,wait,56,,43
CPU,sys,19,user,26,irq,2,idle,0,wait,54,,45
CPU,sys,17,user,24,irq,2,idle,0,wait,56,,41
CPU,sys,15,user,28,irq,2,idle,0,wait,55,,43
CPU,sys,9,user,12,irq,0,idle,0,wait,79,,21
CPU,sys,18,user,24,irq,1,idle,0,wait,56,,42
CPU,sys,20,user,21,irq,1,idle,0,wait,58,,41
CPU,sys,18,user,25,irq,1,idle,0,wait,56,,43
CPU,sys,15,user,26,irq,2,idle,0,wait,57,,41
CPU,sys,14,user,23,irq,1,idle,0,wait,62,,37
CPU,sys,17,user,20,irq,1,idle,0,wait,61,,37
CPU,sys,15,user,26,irq,0,idle,0,wait,59,,41
CPU,sys,18,user,21,irq,1,idle,0,wait,60,,39
CPU,sys,14,user,26,irq,0,idle,0,wait,60,,40
CPU,sys,16,user,24,irq,1,idle,0,wait,58,,40
CPU,sys,18,user,23,irq,1,idle,0,wait,58,,41
CPU,sys,17,user,23,irq,1,idle,0,wait,58,,40
CPU,sys,14,user,23,irq,1,idle,0,wait,62,,37
CPU,sys,17,user,22,irq,2,idle,0,wait,59,,39
CPU,sys,17,user,30,irq,0,idle,0,wait,53,,47
CPU,sys,15,user,21,irq,2,idle,0,wait,61,,36
CPU,sys,13,user,22,irq,0,idle,0,wait,65,,35
CPU,sys,17,user,21,irq,2,idle,0,wait,60,,38
CPU,sys,17,user,18,irq,0,idle,0,wait,65,,35
CPU,sys,16,user,22,irq,2,idle,0,wait,59,,38
CPU,sys,17,user,25,irq,3,idle,0,wait,55,,42
CPU,sys,18,user,23,irq,1,idle,0,wait,58,,41
CPU,sys,14,user,28,irq,0,idle,0,wait,58,,42
CPU,sys,14,user,24,irq,1,idle,0,wait,61,,38
CPU,sys,12,user,25,irq,1,idle,0,wait,61,,37
CPU,sys,17,user,25,irq,2,idle,0,wait,56,,42
CPU,sys,15,user,21,irq,1,idle,0,wait,63,,36
CPU,sys,20,user,22,irq,1,idle,0,wait,57,,42
CPU,sys,16,user,26,irq,1,idle,0,wait,57,,42
CPU,sys,14,user,27,irq,0,idle,0,wait,59,,41
CPU,sys,17,user,24,irq,1,idle,0,wait,58,,41
CPU,sys,15,user,23,irq,2,idle,0,wait,60,,38
CPU,sys,17,user,22,irq,0,idle,0,wait,61,,39
CPU,sys,14,user,34,irq,1,idle,0,wait,51,,48
CPU,sys,16,user,27,irq,1,idle,0,wait,56,,43
CPU,sys,14,user,28,irq,1,idle,0,wait,57,,42
CPU,sys,17,user,28,irq,1,idle,0,wait,54,,45
CPU,sys,17,user,27,irq,1,idle,0,wait,55,,44
CPU,sys,14,user,31,irq,1,idle,0,wait,54,,45
CPU,sys,17,user,29,irq,1,idle,0,wait,53,,46
CPU,sys,13,user,31,irq,0,idle,0,wait,56,,44
CPU,sys,20,user,28,irq,1,idle,0,wait,51,,48
CPU,sys,11,user,31,irq,2,idle,0,wait,57,,42
CPU,sys,17,user,25,irq,1,idle,0,wait,57,,42
CPU,sys,17,user,28,irq,2,idle,0,wait,53,,45
CPU,sys,20,user,25,irq,1,idle,0,wait,54,,45
CPU,sys,14,user,26,irq,0,idle,0,wait,60,,40
CPU,sys,16,user,28,irq,1,idle,0,wait,55,,44
CPU,sys,18,user,25,irq,1,idle,0,wait,56,,43
CPU,sys,12,user,27,irq,2,idle,0,wait,59,,39
CPU,sys,13,user,31,irq,3,idle,0,wait,53,,44
CPU,sys,14,user,30,irq,0,idle,0,wait,56,,44
CPU,sys,14,user,33,irq,1,idle,0,wait,52,,47
CPU,sys,18,user,26,irq,1,idle,0,wait,55,,44
CPU,sys,18,user,29,irq,1,idle,0,wait,52,,47
CPU,sys,18,user,22,irq,0,idle,0,wait,59,,40
CPU,sys,22,user,26,irq,0,idle,0,wait,52,,48
CPU,sys,18,user,24,irq,2,idle,0,wait,55,,42
CPU,sys,19,user,25,irq,0,idle,0,wait,56,,44
CPU,sys,15,user,29,irq,2,idle,0,wait,54,,44
CPU,sys,11,user,34,irq,0,idle,0,wait,55,,45
CPU,sys,13,user,26,irq,2,idle,0,wait,59,,39
CPU,sys,14,user,30,irq,0,idle,0,wait,56,,44
CPU,sys,16,user,27,irq,1,idle,0,wait,56,,43
CPU,sys,13,user,33,irq,2,idle,0,wait,52,,46
CPU,sys,13,user,28,irq,3,idle,0,wait,56,,41
CPU,sys,17,user,30,irq,1,idle,0,wait,52,,47
CPU,sys,14,user,29,irq,2,idle,0,wait,55,,43
CPU,sys,13,user,31,irq,1,idle,0,wait,55,,44
CPU,sys,14,user,33,irq,0,idle,0,wait,54,,47
CPU,sys,18,user,28,irq,1,idle,0,wait,53,,46
CPU,sys,16,user,28,irq,2,idle,0,wait,54,,44
CPU,sys,10,user,30,irq,0,idle,0,wait,59,,40
CPU,sys,12,user,30,irq,1,idle,0,wait,56,,42
CPU,sys,12,user,29,irq,2,idle,0,wait,57,,41
CPU,sys,14,user,27,irq,1,idle,0,wait,58,,41
CPU,sys,15,user,27,irq,1,idle,0,wait,56,,42
CPU,sys,19,user,26,irq,2,idle,0,wait,53,,45
CPU,sys,15,user,29,irq,1,idle,0,wait,55,,44
CPU,sys,16,user,28,irq,2,idle,0,wait,54,,44
CPU,sys,15,user,31,irq,0,idle,0,wait,55,,46
CPU,sys,18,user,28,irq,1,idle,0,wait,53,,46
CPU,sys,13,user,28,irq,1,idle,0,wait,58,,41
CPU,sys,19,user,28,irq,1,idle,0,wait,52,,47
CPU,sys,16,user,31,irq,2,idle,0,wait,51,,47
CPU,sys,14,user,33,irq,1,idle,0,wait,52,,47
CPU,sys,17,user,26,irq,1,idle,0,wait,56,,43
CPU,sys,12,user,30,irq,1,idle,0,wait,57,,42
CPU,sys,13,user,27,irq,2,idle,0,wait,58,,40
CPU,sys,12,user,31,irq,1,idle,0,wait,55,,43
CPU,sys,13,user,28,irq,1,idle,0,wait,57,,41
CPU,sys,15,user,28,irq,1,idle,0,wait,55,,43
CPU,sys,14,user,27,irq,1,idle,0,wait,58,,41
CPU,sys,11,user,32,irq,1,idle,0,wait,55,,43
CPU,sys,12,user,32,irq,1,idle,0,wait,55,,44
CPU,sys,14,user,27,irq,1,idle,0,wait,58,,41
CPU,sys,16,user,27,irq,1,idle,0,wait,56,,43
CPU,sys,15,user,30,irq,0,idle,0,wait,55,,45
CPU,sys,16,user,28,irq,1,idle,0,wait,55,,44
CPU,sys,14,user,27,irq,0,idle,0,wait,59,,41
CPU,sys,13,user,29,irq,2,idle,0,wait,56,,42
CPU,sys,16,user,27,irq,0,idle,0,wait,57,,43
CPU,sys,17,user,29,irq,1,idle,0,wait,52,,46
CPU,sys,12,user,33,irq,0,idle,0,wait,55,,45
CPU,sys,17,user,29,irq,2,idle,0,wait,51,,46
CPU,sys,15,user,31,irq,1,idle,0,wait,53,,46
CPU,sys,14,user,29,irq,0,idle,0,wait,57,,43
CPU,sys,12,user,30,irq,0,idle,0,wait,59,,42
CPU,sys,18,user,32,irq,1,idle,0,wait,49,,50
CPU,sys,12,user,29,irq,2,idle,0,wait,57,,41
CPU,sys,17,user,29,irq,0,idle,0,wait,54,,46
CPU,sys,13,user,34,irq,2,idle,0,wait,51,,47
CPU,sys,10,user,36,irq,1,idle,0,wait,53,,46
CPU,sys,14,user,34,irq,1,idle,0,wait,51,,48
CPU,sys,13,user,30,irq,0,idle,0,wait,57,,43
CPU,sys,16,user,27,irq,1,idle,0,wait,56,,43
CPU,sys,15,user,33,irq,1,idle,0,wait,51,,48
CPU,sys,12,user,31,irq,1,idle,0,wait,56,,43
CPU,sys,14,user,34,irq,0,idle,0,wait,52,,48
CPU,sys,16,user,31,irq,1,idle,0,wait,52,,47
CPU,sys,11,user,31,irq,0,idle,0,wait,57,,42
CPU,sys,15,user,28,irq,1,idle,0,wait,56,,43
CPU,sys,16,user,32,irq,1,idle,0,wait,51,,48
CPU,sys,12,user,36,irq,0,idle,0,wait,52,,48
CPU,sys,11,user,33,irq,2,idle,0,wait,54,,44
CPU,sys,15,user,30,irq,1,idle,0,wait,54,,45
CPU,sys,14,user,31,irq,2,idle,0,wait,53,,45
CPU,sys,19,user,31,irq,2,idle,0,wait,48,,50
CPU,sys,15,user,34,irq,1,idle,0,wait,49,,49
CPU,sys,11,user,36,irq,2,idle,0,wait,50,,47
CPU,sys,15,user,35,irq,1,idle,0,wait,49,,50
CPU,sys,15,user,30,irq,2,idle,0,wait,53,,45
CPU,sys,12,user,35,irq,0,idle,0,wait,53,,47
CPU,sys,15,user,34,irq,1,idle,0,wait,50,,49
CPU,sys,16,user,33,irq,1,idle,0,wait,50,,49
CPU,sys,20,user,31,irq,1,idle,0,wait,49,,51
CPU,sys,12,user,35,irq,2,idle,0,wait,51,,47
CPU,sys,17,user,38,irq,1,idle,0,wait,44,,55
CPU,sys,15,user,32,irq,1,idle,0,wait,52,,47
CPU,sys,15,user,37,irq,0,idle,0,wait,47,,52
CPU,sys,15,user,33,irq,2,idle,0,wait,49,,48
CPU,sys,15,user,39,irq,0,idle,0,wait,46,,54
CPU,sys,17,user,38,irq,0,idle,0,wait,46,,55
CPU,sys,12,user,39,irq,1,idle,0,wait,48,,51
CPU,sys,14,user,37,irq,1,idle,0,wait,48,,51
CPU,sys,17,user,35,irq,0,idle,0,wait,48,,52
CPU,sys,15,user,37,irq,2,idle,0,wait,45,,52
CPU,sys,15,user,38,irq,1,idle,0,wait,46,,53
CPU,sys,13,user,38,irq,1,idle,0,wait,47,,51
CPU,sys,18,user,36,irq,2,idle,0,wait,44,,54
CPU,sys,17,user,33,irq,2,idle,0,wait,47,,50
CPU,sys,15,user,33,irq,2,idle,0,wait,49,,48
CPU,sys,16,user,34,irq,0,idle,0,wait,49,,50
CPU,sys,18,user,31,irq,0,idle,0,wait,51,,49
CPU,sys,14,user,37,irq,0,idle,0,wait,49,,51
CPU,sys,16,user,36,irq,1,idle,0,wait,47,,52
CPU,sys,10,user,34,irq,1,idle,0,wait,55,,44
CPU,sys,13,user,34,irq,0,idle,0,wait,53,,47
CPU,sys,14,user,33,irq,2,idle,0,wait,51,,47
CPU,sys,13,user,28,irq,2,idle,0,wait,57,,41
CPU,sys,13,user,34,irq,2,idle,0,wait,51,,47
CPU,sys,15,user,34,irq,2,idle,0,wait,50,,49
CPU,sys,14,user,31,irq,1,idle,0,wait,54,,45
CPU,sys,11,user,35,irq,2,idle,0,wait,51,,46
CPU,sys,15,user,33,irq,0,idle,0,wait,52,,48
CPU,sys,16,user,35,irq,0,idle,0,wait,49,,51
CPU,sys,15,user,32,irq,0,idle,0,wait,53,,47
CPU,sys,16,user,31,irq,1,idle,0,wait,52,,47
CPU,sys,13,user,31,irq,0,idle,0,wait,56,,44
CPU,sys,11,user,32,irq,1,idle,0,wait,56,,43
CPU,sys,11,user,31,irq,1,idle,0,wait,56,,42
CPU,sys,14,user,30,irq,0,idle,0,wait,56,,44
CPU,sys,15,user,31,irq,3,idle,0,wait,51,,46
CPU,sys,13,user,34,irq,0,idle,0,wait,53,,47
CPU,sys,16,user,26,irq,0,idle,0,wait,58,,42
CPU,sys,9,user,17,irq,1,idle,0,wait,73,,26
CPU,sys,15,user,31,irq,2,idle,0,wait,51,,46
CPU,sys,13,user,35,irq,0,idle,0,wait,52,,48
CPU,sys,16,user,29,irq,2,idle,0,wait,53,,45
CPU,sys,16,user,29,irq,0,idle,0,wait,54,,45
CPU,sys,13,user,29,irq,2,idle,0,wait,55,,42
CPU,sys,15,user,33,irq,0,idle,0,wait,52,,48
CPU,sys,12,user,32,irq,1,idle,0,wait,55,,44
CPU,sys,15,user,31,irq,1,idle,0,wait,52,,46
CPU,sys,11,user,33,irq,2,idle,0,wait,54,,44
CPU,sys,14,user,32,irq,1,idle,0,wait,54,,46
CPU,sys,15,user,33,irq,1,idle,0,wait,51,,48
CPU,sys,15,user,34,irq,0,idle,0,wait,51,,49
CPU,sys,13,user,35,irq,1,idle,0,wait,51,,48
CPU,sys,16,user,31,irq,2,idle,0,wait,51,,47
CPU,sys,10,user,33,irq,1,idle,0,wait,55,,43
CPU,sys,14,user,32,irq,1,idle,0,wait,53,,46
CPU,sys,31,user,44,irq,1,idle,0,wait,23,,75
CPU,sys,22,user,76,irq,2,idle,0,wait,0,,98
CPU,sys,12,user,87,irq,1,idle,0,wait,0,,99
CPU,sys,29,user,69,irq,2,idle,0,wait,0,,98
CPU,sys,32,user,55,irq,2,idle,0,wait,11,,87
CPU,sys,11,user,42,irq,0,idle,0,wait,47,,53
CPU,sys,15,user,33,irq,0,idle,0,wait,52,,48
CPU,sys,11,user,43,irq,1,idle,0,wait,45,,54
CPU,sys,17,user,33,irq,1,idle,0,wait,47,,50
CPU,sys,12,user,43,irq,1,idle,0,wait,42,,55
CPU,sys,16,user,41,irq,2,idle,0,wait,42,,57
CPU,sys,13,user,40,irq,2,idle,0,wait,44,,53
CPU,sys,16,user,35,irq,0,idle,0,wait,48,,51
CPU,sys,15,user,39,irq,1,idle,0,wait,45,,54
CPU,sys,15,user,36,irq,0,idle,0,wait,48,,51
CPU,sys,14,user,34,irq,2,idle,0,wait,50,,48
CPU,sys,13,user,38,irq,0,idle,0,wait,48,,51
CPU,sys,14,user,35,irq,0,idle,0,wait,51,,49
CPU,sys,13,user,37,irq,0,idle,0,wait,49,,50
CPU,sys,11,user,34,irq,1,idle,0,wait,53,,45
CPU,sys,12,user,36,irq,0,idle,0,wait,52,,48
CPU,sys,14,user,31,irq,2,idle,0,wait,53,,45
CPU,sys,16,user,34,irq,0,idle,0,wait,49,,50
,,,,,,,,,,,,
,,,,,,,,,,,média,"45,6532258064516"
,,,,,,,,,,,DP,"9,37827997561556"
