CPU,sys,13,user,35,irq,1,idle,30,wait,22,,48
CPU,sys,37,user,63,irq,0,idle,0,wait,0,,100
CPU,sys,29,user,71,irq,0,idle,0,wait,0,,100
CPU,sys,34,user,62,irq,4,idle,0,wait,0,,96
CPU,sys,32,user,63,irq,5,idle,0,wait,0,,95
CPU,sys,34,user,63,irq,3,idle,0,wait,0,,97
CPU,sys,39,user,59,irq,2,idle,0,wait,0,,98
CPU,sys,32,user,67,irq,1,idle,0,wait,0,,99
CPU,sys,31,user,66,irq,3,idle,0,wait,0,,97
CPU,sys,30,user,67,irq,3,idle,0,wait,0,,97
CPU,sys,31,user,67,irq,2,idle,0,wait,0,,98
CPU,sys,23,user,73,irq,4,idle,0,wait,0,,96
CPU,sys,26,user,70,irq,4,idle,0,wait,0,,96
CPU,sys,34,user,62,irq,4,idle,0,wait,0,,96
CPU,sys,27,user,70,irq,3,idle,0,wait,0,,97
CPU,sys,31,user,68,irq,1,idle,0,wait,0,,99
CPU,sys,30,user,67,irq,3,idle,0,wait,0,,97
CPU,sys,28,user,67,irq,5,idle,0,wait,0,,95
CPU,sys,29,user,69,irq,2,idle,0,wait,0,,98
CPU,sys,29,user,68,irq,3,idle,0,wait,0,,97
CPU,sys,26,user,71,irq,3,idle,0,wait,0,,97
CPU,sys,30,user,49,irq,3,idle,0,wait,17,,79
CPU,sys,15,user,18,irq,4,idle,0,wait,62,,33
CPU,sys,20,user,16,irq,3,idle,0,wait,61,,36
CPU,sys,23,user,15,irq,1,idle,0,wait,61,,38
CPU,sys,21,user,18,irq,1,idle,0,wait,59,,39
CPU,sys,17,user,17,irq,3,idle,0,wait,62,,34
CPU,sys,19,user,22,irq,1,idle,0,wait,58,,41
CPU,sys,19,user,20,irq,3,idle,0,wait,58,,39
CPU,sys,22,user,22,irq,3,idle,0,wait,52,,44
CPU,sys,19,user,22,irq,2,idle,0,wait,57,,41
CPU,sys,16,user,18,irq,2,idle,0,wait,64,,34
CPU,sys,18,user,15,irq,1,idle,0,wait,66,,33
CPU,sys,17,user,15,irq,2,idle,0,wait,66,,32
CPU,sys,17,user,18,irq,3,idle,0,wait,61,,35
CPU,sys,16,user,18,irq,2,idle,0,wait,65,,34
CPU,sys,20,user,18,irq,2,idle,0,wait,60,,38
CPU,sys,18,user,19,irq,2,idle,0,wait,61,,37
CPU,sys,18,user,21,irq,2,idle,0,wait,59,,39
CPU,sys,18,user,20,irq,2,idle,0,wait,60,,38
CPU,sys,21,user,23,irq,2,idle,0,wait,55,,44
CPU,sys,20,user,20,irq,2,idle,0,wait,58,,40
CPU,sys,16,user,21,irq,2,idle,0,wait,61,,37
CPU,sys,16,user,22,irq,4,idle,0,wait,57,,38
CPU,sys,19,user,19,irq,1,idle,0,wait,61,,38
CPU,sys,20,user,18,irq,2,idle,0,wait,59,,38
CPU,sys,19,user,20,irq,1,idle,0,wait,59,,39
CPU,sys,20,user,21,irq,1,idle,0,wait,57,,41
CPU,sys,21,user,19,irq,2,idle,0,wait,58,,40
CPU,sys,21,user,16,irq,2,idle,0,wait,61,,37
CPU,sys,22,user,17,irq,1,idle,0,wait,60,,39
CPU,sys,17,user,17,irq,3,idle,0,wait,63,,34
CPU,sys,20,user,17,irq,2,idle,0,wait,61,,37
CPU,sys,15,user,19,irq,2,idle,0,wait,64,,34
CPU,sys,21,user,16,irq,3,idle,0,wait,60,,37
CPU,sys,16,user,20,irq,1,idle,0,wait,63,,36
CPU,sys,18,user,17,irq,3,idle,0,wait,62,,35
CPU,sys,15,user,19,irq,0,idle,0,wait,66,,34
CPU,sys,19,user,16,irq,2,idle,0,wait,63,,35
CPU,sys,21,user,17,irq,0,idle,0,wait,62,,38
CPU,sys,18,user,16,irq,1,idle,0,wait,65,,34
CPU,sys,21,user,17,irq,1,idle,0,wait,61,,38
CPU,sys,16,user,21,irq,2,idle,0,wait,61,,37
CPU,sys,25,user,19,irq,2,idle,0,wait,54,,44
CPU,sys,20,user,21,irq,1,idle,0,wait,58,,41
CPU,sys,23,user,16,irq,1,idle,0,wait,59,,39
CPU,sys,14,user,18,irq,3,idle,0,wait,65,,32
CPU,sys,19,user,19,irq,1,idle,0,wait,61,,38
CPU,sys,19,user,20,irq,1,idle,0,wait,60,,39
CPU,sys,16,user,25,irq,1,idle,0,wait,58,,41
CPU,sys,18,user,19,irq,1,idle,0,wait,62,,37
CPU,sys,16,user,20,irq,2,idle,0,wait,62,,36
CPU,sys,18,user,17,irq,1,idle,0,wait,64,,35
CPU,sys,12,user,23,irq,1,idle,0,wait,64,,35
CPU,sys,16,user,22,irq,1,idle,0,wait,60,,38
CPU,sys,17,user,22,irq,1,idle,0,wait,60,,39
CPU,sys,21,user,22,irq,2,idle,0,wait,56,,43
CPU,sys,21,user,25,irq,3,idle,0,wait,51,,46
CPU,sys,23,user,19,irq,1,idle,0,wait,58,,42
CPU,sys,22,user,22,irq,4,idle,0,wait,53,,44
CPU,sys,23,user,21,irq,2,idle,0,wait,55,,44
CPU,sys,20,user,24,irq,1,idle,0,wait,55,,44
CPU,sys,22,user,16,irq,2,idle,0,wait,59,,38
CPU,sys,19,user,19,irq,2,idle,0,wait,59,,38
CPU,sys,14,user,22,irq,1,idle,0,wait,63,,36
CPU,sys,20,user,18,irq,1,idle,0,wait,61,,38
CPU,sys,21,user,19,irq,3,idle,0,wait,56,,40
CPU,sys,16,user,18,irq,2,idle,0,wait,64,,34
CPU,sys,17,user,19,irq,2,idle,0,wait,60,,36
CPU,sys,17,user,18,irq,1,idle,0,wait,63,,35
CPU,sys,18,user,23,irq,1,idle,0,wait,58,,41
CPU,sys,12,user,20,irq,2,idle,0,wait,66,,32
CPU,sys,16,user,23,irq,1,idle,0,wait,58,,39
CPU,sys,14,user,18,irq,2,idle,0,wait,66,,32
CPU,sys,21,user,20,irq,1,idle,0,wait,59,,41
CPU,sys,18,user,19,irq,1,idle,0,wait,61,,37
CPU,sys,17,user,18,irq,2,idle,0,wait,63,,35
CPU,sys,24,user,14,irq,2,idle,0,wait,60,,38
CPU,sys,20,user,19,irq,2,idle,0,wait,60,,39
CPU,sys,15,user,18,irq,3,idle,0,wait,63,,33
CPU,sys,16,user,22,irq,1,idle,0,wait,61,,38
CPU,sys,18,user,21,irq,0,idle,0,wait,60,,39
CPU,sys,15,user,19,irq,1,idle,0,wait,66,,34
CPU,sys,18,user,18,irq,2,idle,0,wait,62,,36
CPU,sys,18,user,18,irq,1,idle,0,wait,62,,36
CPU,sys,22,user,19,irq,2,idle,0,wait,57,,41
CPU,sys,22,user,14,irq,2,idle,0,wait,62,,36
CPU,sys,22,user,22,irq,2,idle,0,wait,54,,44
CPU,sys,17,user,18,irq,3,idle,0,wait,61,,35
CPU,sys,19,user,20,irq,1,idle,0,wait,60,,39
CPU,sys,21,user,16,irq,2,idle,0,wait,61,,37
,,,,,,,,,,,,
,,,,,,,,,,,média,"48,9363636363636"
,,,,,,,,,,,DP,"23,4040211681461"
