CPU,sys,13,user,33,irq,1,idle,31,wait,22,,46
CPU,sys,29,user,71,irq,0,idle,0,wait,0,,100
CPU,sys,28,user,72,irq,0,idle,0,wait,0,,100
CPU,sys,32,user,66,irq,2,idle,0,wait,0,,98
CPU,sys,31,user,67,irq,2,idle,0,wait,0,,98
CPU,sys,32,user,65,irq,3,idle,0,wait,0,,97
CPU,sys,40,user,57,irq,3,idle,0,wait,0,,97
CPU,sys,27,user,67,irq,5,idle,0,wait,0,,94
CPU,sys,33,user,64,irq,3,idle,0,wait,0,,97
CPU,sys,29,user,67,irq,4,idle,0,wait,0,,96
CPU,sys,30,user,67,irq,3,idle,0,wait,0,,97
CPU,sys,28,user,70,irq,2,idle,0,wait,0,,98
CPU,sys,27,user,71,irq,2,idle,0,wait,0,,98
CPU,sys,29,user,66,irq,5,idle,0,wait,0,,95
CPU,sys,29,user,68,irq,3,idle,0,wait,0,,97
CPU,sys,28,user,70,irq,2,idle,0,wait,0,,98
CPU,sys,27,user,68,irq,5,idle,0,wait,0,,95
CPU,sys,22,user,74,irq,4,idle,0,wait,0,,96
CPU,sys,34,user,63,irq,3,idle,0,wait,0,,97
CPU,sys,29,user,66,irq,5,idle,0,wait,0,,95
CPU,sys,25,user,73,irq,2,idle,0,wait,0,,98
CPU,sys,29,user,66,irq,5,idle,0,wait,0,,95
CPU,sys,17,user,78,irq,0,idle,0,wait,5,,95
CPU,sys,7,user,88,irq,0,idle,0,wait,5,,95
CPU,sys,8,user,87,irq,0,idle,0,wait,5,,95
CPU,sys,8,user,87,irq,1,idle,0,wait,4,,95
CPU,sys,8,user,86,irq,0,idle,0,wait,6,,94
CPU,sys,12,user,85,irq,0,idle,0,wait,3,,97
CPU,sys,10,user,83,irq,0,idle,0,wait,7,,93
CPU,sys,8,user,87,irq,1,idle,0,wait,4,,95
CPU,sys,9,user,87,irq,0,idle,0,wait,4,,96
CPU,sys,10,user,86,irq,0,idle,0,wait,4,,96
CPU,sys,9,user,86,irq,0,idle,0,wait,5,,95
CPU,sys,10,user,83,irq,1,idle,0,wait,5,,93
CPU,sys,8,user,88,irq,0,idle,0,wait,4,,96
CPU,sys,10,user,85,irq,0,idle,0,wait,5,,95
CPU,sys,9,user,86,irq,0,idle,0,wait,5,,95
CPU,sys,11,user,85,irq,0,idle,0,wait,4,,96
CPU,sys,10,user,85,irq,0,idle,0,wait,5,,95
CPU,sys,7,user,88,irq,0,idle,0,wait,5,,95
CPU,sys,9,user,86,irq,1,idle,0,wait,4,,95
CPU,sys,8,user,88,irq,0,idle,0,wait,4,,96
CPU,sys,11,user,84,irq,0,idle,0,wait,5,,95
CPU,sys,6,user,90,irq,0,idle,0,wait,4,,96
CPU,sys,12,user,83,irq,0,idle,0,wait,5,,95
CPU,sys,10,user,85,irq,1,idle,0,wait,4,,95
CPU,sys,9,user,86,irq,0,idle,0,wait,5,,95
CPU,sys,12,user,84,irq,0,idle,0,wait,4,,96
CPU,sys,7,user,89,irq,0,idle,0,wait,4,,96
CPU,sys,6,user,88,irq,1,idle,0,wait,5,,94
CPU,sys,10,user,86,irq,0,idle,0,wait,4,,96
CPU,sys,11,user,84,irq,0,idle,0,wait,5,,95
CPU,sys,9,user,87,irq,0,idle,0,wait,4,,96
CPU,sys,7,user,89,irq,0,idle,0,wait,4,,96
CPU,sys,11,user,83,irq,0,idle,0,wait,6,,94
CPU,sys,10,user,86,irq,0,idle,0,wait,4,,96
CPU,sys,11,user,83,irq,0,idle,0,wait,6,,94
CPU,sys,11,user,85,irq,0,idle,0,wait,4,,96
CPU,sys,9,user,86,irq,0,idle,0,wait,5,,95
CPU,sys,10,user,85,irq,1,idle,0,wait,4,,95
CPU,sys,11,user,85,irq,0,idle,0,wait,4,,96
CPU,sys,9,user,85,irq,1,idle,0,wait,5,,94
CPU,sys,6,user,90,irq,0,idle,0,wait,4,,96
CPU,sys,10,user,85,irq,0,idle,0,wait,5,,95
CPU,sys,10,user,85,irq,1,idle,0,wait,4,,95
CPU,sys,6,user,89,irq,0,idle,0,wait,5,,95
CPU,sys,8,user,87,irq,0,idle,0,wait,5,,95
CPU,sys,6,user,91,irq,0,idle,0,wait,3,,97
CPU,sys,7,user,87,irq,1,idle,0,wait,5,,94
CPU,sys,9,user,85,irq,1,idle,0,wait,5,,94
CPU,sys,9,user,87,irq,0,idle,0,wait,4,,96
CPU,sys,8,user,87,irq,0,idle,0,wait,5,,95
CPU,sys,13,user,82,irq,0,idle,0,wait,5,,95
CPU,sys,7,user,87,irq,0,idle,0,wait,6,,94
CPU,sys,10,user,83,irq,1,idle,0,wait,6,,93
CPU,sys,9,user,86,irq,1,idle,0,wait,4,,95
CPU,sys,11,user,83,irq,1,idle,0,wait,5,,94
CPU,sys,9,user,86,irq,0,idle,0,wait,5,,95
CPU,sys,8,user,87,irq,0,idle,0,wait,5,,95
CPU,sys,10,user,84,irq,1,idle,0,wait,5,,94
CPU,sys,7,user,88,irq,0,idle,0,wait,5,,95
CPU,sys,8,user,88,irq,0,idle,0,wait,4,,96
CPU,sys,9,user,85,irq,0,idle,0,wait,6,,94
CPU,sys,8,user,88,irq,0,idle,0,wait,4,,96
CPU,sys,8,user,88,irq,0,idle,0,wait,4,,96
CPU,sys,15,user,81,irq,1,idle,0,wait,3,,96
CPU,sys,22,user,78,irq,0,idle,0,wait,0,,100
CPU,sys,28,user,71,irq,0,idle,0,wait,1,,99
CPU,sys,10,user,84,irq,0,idle,0,wait,6,,94
CPU,sys,10,user,86,irq,0,idle,0,wait,4,,96
CPU,sys,8,user,87,irq,0,idle,0,wait,5,,95
CPU,sys,7,user,88,irq,0,idle,0,wait,5,,95
CPU,sys,7,user,88,irq,0,idle,0,wait,5,,95
CPU,sys,10,user,79,irq,0,idle,0,wait,11,,89
CPU,sys,10,user,85,irq,1,idle,0,wait,4,,95
CPU,sys,8,user,87,irq,0,idle,0,wait,5,,95
CPU,sys,9,user,81,irq,0,idle,0,wait,9,,90
CPU,sys,9,user,86,irq,0,idle,0,wait,4,,95
CPU,sys,8,user,86,irq,0,idle,0,wait,6,,94
CPU,sys,8,user,88,irq,0,idle,0,wait,4,,96
CPU,sys,6,user,87,irq,0,idle,0,wait,7,,93
CPU,sys,8,user,86,irq,0,idle,0,wait,6,,94
CPU,sys,8,user,88,irq,0,idle,0,wait,4,,96
CPU,sys,8,user,86,irq,1,idle,0,wait,5,,94
CPU,sys,10,user,85,irq,0,idle,0,wait,5,,95
CPU,sys,12,user,85,irq,0,idle,0,wait,3,,97
CPU,sys,8,user,87,irq,0,idle,0,wait,5,,95
CPU,sys,8,user,87,irq,1,idle,0,wait,4,,95
CPU,sys,9,user,85,irq,1,idle,0,wait,5,,94
CPU,sys,7,user,88,irq,1,idle,0,wait,4,,95
CPU,sys,8,user,87,irq,0,idle,0,wait,5,,95
CPU,sys,8,user,87,irq,0,idle,0,wait,5,,95
CPU,sys,11,user,85,irq,0,idle,0,wait,4,,96
CPU,sys,8,user,87,irq,0,idle,0,wait,5,,95
CPU,sys,9,user,86,irq,0,idle,0,wait,5,,95
CPU,sys,11,user,85,irq,0,idle,0,wait,4,,96
CPU,sys,7,user,85,irq,1,idle,0,wait,7,,92
CPU,sys,7,user,89,irq,0,idle,0,wait,4,,96
CPU,sys,7,user,85,irq,1,idle,0,wait,7,,92
CPU,sys,9,user,85,irq,0,idle,0,wait,6,,94
CPU,sys,7,user,88,irq,0,idle,0,wait,5,,95
CPU,sys,10,user,85,irq,0,idle,0,wait,5,,95
CPU,sys,6,user,89,irq,0,idle,0,wait,5,,95
CPU,sys,12,user,84,irq,0,idle,0,wait,4,,96
,,,,,,,,,,,,
,,,,,,,,,,,média,"95,3333333333333"
,,,,,,,,,,,DP,"1,59233134921192"
