E,tot,"3,8",free,"2,3",cache,"626,7",buff,37,slab,"64,8",,"1,5"
E,tot,"3,8",free,"2,2",cache,"637,3",buff,37,slab,"64,9",,"1,6"
E,tot,"3,8",free,"2,2",cache,"648,6",buff,37,slab,65,,"1,6"
E,tot,"3,8",free,"2,2",cache,"648,6",buff,37,slab,65,,"1,6"
E,tot,"3,8",free,"2,2",cache,"648,6",buff,37,slab,65,,"1,6"
E,tot,"3,8",free,"2,2",cache,"648,6",buff,37,slab,65,,"1,6"
E,tot,"3,8",free,"2,2",cache,"648,4",buff,37,slab,65,,"1,6"
E,tot,"3,8",free,"2,2",cache,"638,4",buff,37,slab,65,,"1,6"
E,tot,"3,8",free,"2,2",cache,"638,4",buff,37,slab,65,,"1,6"
E,tot,"3,8",free,"2,2",cache,"638,4",buff,37,slab,65,,"1,6"
E,tot,"3,8",free,"2,2",cache,"638,4",buff,37,slab,65,,"1,6"
E,tot,"3,8",free,"2,2",cache,"638,5",buff,37,slab,65,,"1,6"
E,tot,"3,8",free,"2,2",cache,"638,5",buff,37,slab,65,,"1,6"
E,tot,"3,8",free,"2,2",cache,"638,5",buff,37,slab,65,,"1,6"
E,tot,"3,8",free,"2,2",cache,"638,5",buff,37,slab,65,,"1,6"
E,tot,"3,8",free,"2,2",cache,"638,5",buff,"37,1",slab,65,,"1,6"
E,tot,"3,8",free,"2,2",cache,"638,5",buff,"37,1",slab,65,,"1,6"
E,tot,"3,8",free,"2,2",cache,"638,5",buff,"37,1",slab,65,,"1,6"
E,tot,"3,8",free,"2,2",cache,"638,5",buff,"37,1",slab,65,,"1,6"
E,tot,"3,8",free,"2,2",cache,"638,6",buff,"37,1",slab,65,,"1,6"
E,tot,"3,8",free,"2,2",cache,"638,6",buff,"37,1",slab,65,,"1,6"
E,tot,"3,8",free,"2,2",cache,"638,7",buff,"37,1",slab,65,,"1,6"
E,tot,"3,8",free,"2,2",cache,"638,7",buff,"37,1",slab,65,,"1,6"
E,tot,"3,8",free,"2,2",cache,"638,7",buff,"37,1",slab,65,,"1,6"
E,tot,"3,8",free,"2,2",cache,"638,7",buff,"37,1",slab,65,,"1,6"
E,tot,"3,8",free,"2,2",cache,"638,7",buff,"37,1",slab,65,,"1,6"
E,tot,"3,8",free,"2,2",cache,"638,8",buff,"37,1",slab,65,,"1,6"
E,tot,"3,8",free,"2,2",cache,"638,8",buff,"37,1",slab,65,,"1,6"
E,tot,"3,8",free,"2,2",cache,"638,8",buff,"37,1",slab,65,,"1,6"
E,tot,"3,8",free,"2,2",cache,"638,8",buff,"37,1",slab,65,,"1,6"
E,tot,"3,8",free,"2,2",cache,"638,8",buff,"37,1",slab,65,,"1,6"
E,tot,"3,8",free,"2,2",cache,"638,8",buff,"37,1",slab,65,,"1,6"
E,tot,"3,8",free,"2,2",cache,"638,8",buff,"37,1",slab,65,,"1,6"
E,tot,"3,8",free,"2,2",cache,"638,8",buff,"37,1",slab,65,,"1,6"
E,tot,"3,8",free,"2,2",cache,"638,8",buff,"37,1",slab,65,,"1,6"
E,tot,"3,8",free,"2,2",cache,"638,9",buff,"37,1",slab,65,,"1,6"
E,tot,"3,8",free,"2,2",cache,"638,9",buff,"37,1",slab,65,,"1,6"
E,tot,"3,8",free,"2,2",cache,"638,9",buff,"37,1",slab,65,,"1,6"
E,tot,"3,8",free,"2,2",cache,"638,9",buff,"37,1",slab,65,,"1,6"
E,tot,"3,8",free,"2,2",cache,"638,9",buff,"37,1",slab,65,,"1,6"
E,tot,"3,8",free,"2,2",cache,"638,9",buff,"37,1",slab,65,,"1,6"
E,tot,"3,8",free,"2,2",cache,"638,9",buff,"37,1",slab,65,,"1,6"
E,tot,"3,8",free,"2,2",cache,"638,9",buff,"37,1",slab,65,,"1,6"
E,tot,"3,8",free,"2,2",cache,"638,9",buff,"37,1",slab,65,,"1,6"
E,tot,"3,8",free,"2,2",cache,639,buff,"37,1",slab,65,,"1,6"
E,tot,"3,8",free,"2,2",cache,639,buff,"37,1",slab,65,,"1,6"
E,tot,"3,8",free,"2,2",cache,639,buff,"37,1",slab,65,,"1,6"
E,tot,"3,8",free,"2,2",cache,639,buff,"37,1",slab,65,,"1,6"
E,tot,"3,8",free,"2,2",cache,639,buff,"37,1",slab,65,,"1,6"
E,tot,"3,8",free,"2,2",cache,639,buff,"37,1",slab,65,,"1,6"
E,tot,"3,8",free,"2,2",cache,639,buff,"37,1",slab,65,,"1,6"
E,tot,"3,8",free,"2,2",cache,639,buff,"37,1",slab,65,,"1,6"
E,tot,"3,8",free,"2,2",cache,"639,1",buff,"37,1",slab,65,,"1,6"
E,tot,"3,8",free,"2,2",cache,"639,1",buff,"37,1",slab,65,,"1,6"
E,tot,"3,8",free,"2,2",cache,"639,1",buff,"37,1",slab,65,,"1,6"
E,tot,"3,8",free,"2,2",cache,"639,1",buff,"37,1",slab,65,,"1,6"
E,tot,"3,8",free,"2,2",cache,"639,1",buff,"37,1",slab,65,,"1,6"
E,tot,"3,8",free,"2,2",cache,"639,1",buff,"37,1",slab,65,,"1,6"
E,tot,"3,8",free,"2,2",cache,"639,1",buff,"37,1",slab,65,,"1,6"
E,tot,"3,8",free,"2,2",cache,"639,1",buff,"37,1",slab,65,,"1,6"
E,tot,"3,8",free,"2,2",cache,"639,1",buff,"37,1",slab,65,,"1,6"
E,tot,"3,8",free,"2,2",cache,"639,2",buff,"37,1",slab,65,,"1,6"
E,tot,"3,8",free,"2,2",cache,"639,2",buff,"37,1",slab,65,,"1,6"
E,tot,"3,8",free,"2,2",cache,"639,2",buff,"37,1",slab,65,,"1,6"
E,tot,"3,8",free,"2,2",cache,"639,2",buff,"37,1",slab,65,,"1,6"
E,tot,"3,8",free,"2,2",cache,"639,2",buff,"37,1",slab,65,,"1,6"
E,tot,"3,8",free,"2,2",cache,"639,2",buff,"37,1",slab,65,,"1,6"
E,tot,"3,8",free,"2,2",cache,"639,2",buff,"37,1",slab,65,,"1,6"
E,tot,"3,8",free,"2,2",cache,"639,2",buff,"37,1",slab,65,,"1,6"
E,tot,"3,8",free,"2,2",cache,"639,2",buff,"37,1",slab,65,,"1,6"
E,tot,"3,8",free,"2,2",cache,"639,3",buff,"37,1",slab,65,,"1,6"
E,tot,"3,8",free,"2,2",cache,"639,3",buff,"37,1",slab,65,,"1,6"
E,tot,"3,8",free,"2,2",cache,635,buff,"37,1",slab,65,,"1,6"
E,tot,"3,8",free,"2,2",cache,635,buff,"37,1",slab,65,,"1,6"
E,tot,"3,8",free,"2,2",cache,635,buff,"37,1",slab,65,,"1,6"
E,tot,"3,8",free,"2,2",cache,635,buff,"37,1",slab,65,,"1,6"
E,tot,"3,8",free,"2,2",cache,635,buff,"37,1",slab,65,,"1,6"
E,tot,"3,8",free,"2,2",cache,635,buff,"37,1",slab,65,,"1,6"
E,tot,"3,8",free,"2,2",cache,635,buff,"37,1",slab,65,,"1,6"
E,tot,"3,8",free,"2,2",cache,635,buff,"37,1",slab,65,,"1,6"
E,tot,"3,8",free,"2,2",cache,"635,1",buff,"37,2",slab,65,,"1,6"
E,tot,"3,8",free,"2,2",cache,"635,1",buff,"37,2",slab,65,,"1,6"
E,tot,"3,8",free,"2,2",cache,"635,1",buff,"37,2",slab,65,,"1,6"
E,tot,"3,8",free,"2,2",cache,"635,1",buff,"37,2",slab,65,,"1,6"
E,tot,"3,8",free,"2,2",cache,"635,1",buff,"37,2",slab,65,,"1,6"
E,tot,"3,8",free,"2,2",cache,"635,1",buff,"37,2",slab,65,,"1,6"
E,tot,"3,8",free,"2,2",cache,"635,1",buff,"37,2",slab,65,,"1,6"
E,tot,"3,8",free,"2,2",cache,"635,1",buff,"37,2",slab,65,,"1,6"
E,tot,"3,8",free,"2,2",cache,"635,1",buff,"37,2",slab,65,,"1,6"
E,tot,"3,8",free,"2,2",cache,"635,2",buff,"37,2",slab,65,,"1,6"
E,tot,"3,8",free,"2,2",cache,"635,2",buff,"37,2",slab,65,,"1,6"
E,tot,"3,8",free,"2,2",cache,"635,2",buff,"37,2",slab,65,,"1,6"
E,tot,"3,8",free,"2,2",cache,"635,2",buff,"37,2",slab,65,,"1,6"
E,tot,"3,8",free,"2,2",cache,"635,2",buff,"37,2",slab,65,,"1,6"
E,tot,"3,8",free,"2,2",cache,"635,2",buff,"37,2",slab,65,,"1,6"
E,tot,"3,8",free,"2,2",cache,"635,2",buff,"37,2",slab,65,,"1,6"
E,tot,"3,8",free,"2,2",cache,"635,2",buff,"37,2",slab,65,,"1,6"
E,tot,"3,8",free,"2,2",cache,"635,2",buff,"37,2",slab,65,,"1,6"
E,tot,"3,8",free,"2,2",cache,"635,3",buff,"37,2",slab,65,,"1,6"
E,tot,"3,8",free,"2,2",cache,"635,3",buff,"37,2",slab,65,,"1,6"
E,tot,"3,8",free,"2,2",cache,"635,3",buff,"37,2",slab,65,,"1,6"
E,tot,"3,8",free,"2,2",cache,"635,3",buff,"37,2",slab,65,,"1,6"
E,tot,"3,8",free,"2,2",cache,"635,3",buff,"37,2",slab,65,,"1,6"
E,tot,"3,8",free,"2,2",cache,"635,3",buff,"37,2",slab,65,,"1,6"
E,tot,"3,8",free,"2,2",cache,"635,3",buff,"37,2",slab,65,,"1,6"
E,tot,"3,8",free,"2,2",cache,"635,3",buff,"37,2",slab,65,,"1,6"
E,tot,"3,8",free,"2,2",cache,"635,3",buff,"37,2",slab,65,,"1,6"
E,tot,"3,8",free,"2,2",cache,"635,4",buff,"37,2",slab,65,,"1,6"
E,tot,"3,8",free,"2,2",cache,"635,4",buff,"37,2",slab,65,,"1,6"
E,tot,"3,8",free,"2,2",cache,"635,4",buff,"37,2",slab,65,,"1,6"
E,tot,"3,8",free,"2,2",cache,"635,4",buff,"37,2",slab,65,,"1,6"
,,,,,,,,,,,,
,,,,,,,,,,,média,"1,5990990990991"
,,,,,,,,,,,DP,"0,00949157995752494"
