CPU,sys,13,user,33,irq,1,idle,31,wait,23,,46
CPU,sys,33,user,67,irq,0,idle,0,wait,0,,100
CPU,sys,26,user,74,irq,0,idle,0,wait,0,,100
CPU,sys,21,user,76,irq,3,idle,0,wait,0,,97
CPU,sys,27,user,68,irq,4,idle,0,wait,0,,95
CPU,sys,30,user,66,irq,4,idle,0,wait,0,,96
CPU,sys,38,user,59,irq,3,idle,0,wait,0,,97
CPU,sys,23,user,74,irq,3,idle,0,wait,0,,97
CPU,sys,35,user,62,irq,3,idle,0,wait,0,,97
CPU,sys,28,user,69,irq,3,idle,0,wait,0,,97
CPU,sys,34,user,62,irq,4,idle,0,wait,0,,96
CPU,sys,29,user,69,irq,2,idle,0,wait,0,,98
CPU,sys,23,user,71,irq,6,idle,0,wait,0,,94
CPU,sys,33,user,64,irq,3,idle,0,wait,0,,97
CPU,sys,29,user,69,irq,2,idle,0,wait,0,,98
CPU,sys,24,user,74,irq,2,idle,0,wait,0,,98
CPU,sys,31,user,67,irq,2,idle,0,wait,0,,98
CPU,sys,30,user,66,irq,4,idle,0,wait,0,,96
CPU,sys,26,user,72,irq,2,idle,0,wait,0,,98
CPU,sys,25,user,71,irq,4,idle,0,wait,0,,96
CPU,sys,22,user,74,irq,4,idle,0,wait,0,,96
CPU,sys,31,user,65,irq,4,idle,0,wait,0,,96
,,,,,,,,,,,,
,,,,,,,,,,,média,97
,,,,,,,,,,,DP,"1,44913767461894"
