E,tot,"3,8",free,"2,3",cache,"626,4",buff,"36,4",slab,"64,6",,"1,5"
E,tot,"3,8",free,"2,2",cache,"635,3",buff,"36,4",slab,"64,7",,"1,6"
E,tot,"3,8",free,"2,2",cache,"635,3",buff,"36,4",slab,"64,7",,"1,6"
E,tot,"3,8",free,"2,2",cache,"635,3",buff,"36,4",slab,"64,7",,"1,6"
E,tot,"3,8",free,"2,2",cache,"635,4",buff,"36,4",slab,"64,7",,"1,6"
E,tot,"3,8",free,"2,2",cache,"635,4",buff,"36,4",slab,"64,7",,"1,6"
E,tot,"3,8",free,"2,2",cache,"635,1",buff,"36,4",slab,"64,7",,"1,6"
E,tot,"3,8",free,"2,2",cache,"634,4",buff,"36,4",slab,"64,7",,"1,6"
E,tot,"3,8",free,"2,2",cache,"634,4",buff,"36,4",slab,"64,7",,"1,6"
E,tot,"3,8",free,"2,2",cache,"634,4",buff,"36,4",slab,"64,7",,"1,6"
E,tot,"3,8",free,"2,2",cache,"634,4",buff,"36,4",slab,"64,7",,"1,6"
E,tot,"3,8",free,"2,2",cache,"634,4",buff,"36,4",slab,"64,7",,"1,6"
E,tot,"3,8",free,"2,2",cache,"634,5",buff,"36,4",slab,"64,7",,"1,6"
E,tot,"3,8",free,"2,2",cache,"634,5",buff,"36,4",slab,"64,7",,"1,6"
E,tot,"3,8",free,"2,2",cache,"634,5",buff,"36,4",slab,"64,7",,"1,6"
E,tot,"3,8",free,"2,2",cache,"634,5",buff,"36,4",slab,"64,7",,"1,6"
E,tot,"3,8",free,"2,2",cache,"634,5",buff,"36,4",slab,"64,7",,"1,6"
E,tot,"3,8",free,"2,2",cache,"634,5",buff,"36,4",slab,"64,7",,"1,6"
E,tot,"3,8",free,"2,2",cache,"634,5",buff,"36,4",slab,"64,7",,"1,6"
E,tot,"3,8",free,"2,2",cache,"634,5",buff,"36,4",slab,"64,7",,"1,6"
E,tot,"3,8",free,"2,2",cache,"634,5",buff,"36,4",slab,"64,7",,"1,6"
E,tot,"3,8",free,"2,2",cache,"634,6",buff,"36,4",slab,"64,7",,"1,6"
E,tot,"3,8",free,"2,2",cache,"634,6",buff,"36,4",slab,"64,7",,"1,6"
E,tot,"3,8",free,"2,2",cache,"634,6",buff,"36,4",slab,"64,7",,"1,6"
E,tot,"3,8",free,"2,2",cache,"634,6",buff,"36,4",slab,"64,7",,"1,6"
E,tot,"3,8",free,"2,2",cache,"634,6",buff,"36,4",slab,"64,7",,"1,6"
E,tot,"3,8",free,"2,2",cache,"634,6",buff,"36,4",slab,"64,7",,"1,6"
E,tot,"3,8",free,"2,2",cache,"634,6",buff,"36,4",slab,"64,7",,"1,6"
E,tot,"3,8",free,"2,2",cache,"634,6",buff,"36,4",slab,"64,7",,"1,6"
E,tot,"3,8",free,"2,2",cache,"634,6",buff,"36,4",slab,"64,7",,"1,6"
E,tot,"3,8",free,"2,2",cache,"634,7",buff,"36,4",slab,"64,7",,"1,6"
E,tot,"3,8",free,"2,2",cache,"634,7",buff,"36,4",slab,"64,7",,"1,6"
E,tot,"3,8",free,"2,2",cache,"634,7",buff,"36,4",slab,"64,7",,"1,6"
E,tot,"3,8",free,"2,2",cache,"634,7",buff,"36,4",slab,"64,7",,"1,6"
E,tot,"3,8",free,"2,2",cache,"634,7",buff,"36,4",slab,"64,7",,"1,6"
E,tot,"3,8",free,"2,2",cache,"634,7",buff,"36,4",slab,"64,7",,"1,6"
E,tot,"3,8",free,"2,2",cache,"634,7",buff,"36,4",slab,"64,7",,"1,6"
E,tot,"3,8",free,"2,2",cache,"634,7",buff,"36,4",slab,"64,7",,"1,6"
E,tot,"3,8",free,"2,2",cache,"634,7",buff,"36,4",slab,"64,7",,"1,6"
E,tot,"3,8",free,"2,2",cache,"634,8",buff,"36,4",slab,"64,7",,"1,6"
E,tot,"3,8",free,"2,2",cache,"634,8",buff,"36,4",slab,"64,7",,"1,6"
E,tot,"3,8",free,"2,2",cache,"634,8",buff,"36,4",slab,"64,7",,"1,6"
E,tot,"3,8",free,"2,2",cache,"634,8",buff,"36,4",slab,"64,7",,"1,6"
E,tot,"3,8",free,"2,2",cache,"634,8",buff,"36,4",slab,"64,7",,"1,6"
E,tot,"3,8",free,"2,2",cache,"634,8",buff,"36,4",slab,"64,7",,"1,6"
E,tot,"3,8",free,"2,2",cache,"634,8",buff,"36,5",slab,"64,7",,"1,6"
E,tot,"3,8",free,"2,2",cache,"634,8",buff,"36,5",slab,"64,7",,"1,6"
E,tot,"3,8",free,"2,2",cache,"634,8",buff,"36,5",slab,"64,7",,"1,6"
E,tot,"3,8",free,"2,2",cache,"634,9",buff,"36,5",slab,"64,7",,"1,6"
E,tot,"3,8",free,"2,2",cache,"634,9",buff,"36,5",slab,"64,7",,"1,6"
E,tot,"3,8",free,"2,2",cache,"634,9",buff,"36,5",slab,"64,7",,"1,6"
E,tot,"3,8",free,"2,2",cache,"634,9",buff,"36,5",slab,"64,7",,"1,6"
E,tot,"3,8",free,"2,2",cache,"634,9",buff,"36,5",slab,"64,8",,"1,6"
E,tot,"3,8",free,"2,2",cache,"634,9",buff,"36,5",slab,"64,7",,"1,6"
E,tot,"3,8",free,"2,2",cache,"634,9",buff,"36,5",slab,"64,7",,"1,6"
E,tot,"3,8",free,"2,2",cache,"634,9",buff,"36,5",slab,"64,7",,"1,6"
E,tot,"3,8",free,"2,2",cache,"634,9",buff,"36,5",slab,"64,7",,"1,6"
E,tot,"3,8",free,"2,2",cache,635,buff,"36,5",slab,"64,7",,"1,6"
E,tot,"3,8",free,"2,2",cache,635,buff,"36,5",slab,"64,7",,"1,6"
E,tot,"3,8",free,"2,2",cache,635,buff,"36,5",slab,"64,7",,"1,6"
E,tot,"3,8",free,"2,2",cache,635,buff,"36,5",slab,"64,7",,"1,6"
E,tot,"3,8",free,"2,2",cache,635,buff,"36,5",slab,"64,8",,"1,6"
E,tot,"3,8",free,"2,2",cache,635,buff,"36,5",slab,"64,7",,"1,6"
E,tot,"3,8",free,"2,2",cache,635,buff,"36,5",slab,"64,7",,"1,6"
E,tot,"3,8",free,"2,2",cache,635,buff,"36,5",slab,"64,7",,"1,6"
E,tot,"3,8",free,"2,2",cache,"635,1",buff,"36,5",slab,"64,7",,"1,6"
E,tot,"3,8",free,"2,2",cache,"635,1",buff,"36,5",slab,"64,7",,"1,6"
E,tot,"3,8",free,"2,2",cache,"635,1",buff,"36,5",slab,"64,7",,"1,6"
E,tot,"3,8",free,"2,2",cache,"635,1",buff,"36,5",slab,"64,8",,"1,6"
E,tot,"3,8",free,"2,2",cache,"635,1",buff,"36,5",slab,"64,7",,"1,6"
E,tot,"3,8",free,"2,2",cache,"635,1",buff,"36,5",slab,"64,7",,"1,6"
E,tot,"3,8",free,"2,2",cache,"630,7",buff,"36,5",slab,"64,8",,"1,6"
E,tot,"3,8",free,"2,2",cache,"630,7",buff,"36,5",slab,"64,7",,"1,6"
E,tot,"3,8",free,"2,2",cache,"630,7",buff,"36,5",slab,"64,7",,"1,6"
E,tot,"3,8",free,"2,2",cache,"630,7",buff,"36,5",slab,"64,8",,"1,6"
E,tot,"3,8",free,"2,2",cache,"630,7",buff,"36,5",slab,"64,7",,"1,6"
E,tot,"3,8",free,"2,2",cache,"630,7",buff,"36,5",slab,"64,7",,"1,6"
E,tot,"3,8",free,"2,2",cache,"630,7",buff,"36,5",slab,"64,7",,"1,6"
E,tot,"3,8",free,"2,2",cache,"630,8",buff,"36,5",slab,"64,7",,"1,6"
E,tot,"3,8",free,"2,2",cache,"630,8",buff,"36,5",slab,"64,7",,"1,6"
E,tot,"3,8",free,"2,2",cache,"630,8",buff,"36,5",slab,"64,7",,"1,6"
E,tot,"3,8",free,"2,2",cache,"630,8",buff,"36,5",slab,"64,8",,"1,6"
E,tot,"3,8",free,"2,2",cache,"630,8",buff,"36,5",slab,"64,7",,"1,6"
E,tot,"3,8",free,"2,2",cache,"630,8",buff,"36,5",slab,"64,8",,"1,6"
E,tot,"3,8",free,"2,2",cache,"630,8",buff,"36,5",slab,"64,7",,"1,6"
E,tot,"3,8",free,"2,2",cache,"630,8",buff,"36,5",slab,"64,7",,"1,6"
E,tot,"3,8",free,"2,2",cache,"630,8",buff,"36,5",slab,"64,8",,"1,6"
E,tot,"3,8",free,"2,2",cache,"630,9",buff,"36,5",slab,"64,8",,"1,6"
E,tot,"3,8",free,"2,2",cache,631,buff,"36,5",slab,"64,7",,"1,6"
E,tot,"3,8",free,"2,2",cache,631,buff,"36,5",slab,"64,7",,"1,6"
E,tot,"3,8",free,"2,2",cache,631,buff,"36,5",slab,"64,7",,"1,6"
E,tot,"3,8",free,"2,2",cache,631,buff,"36,5",slab,"64,7",,"1,6"
E,tot,"3,8",free,"2,2",cache,631,buff,"36,5",slab,"64,7",,"1,6"
E,tot,"3,8",free,"2,2",cache,"631,1",buff,"36,5",slab,"64,7",,"1,6"
E,tot,"3,8",free,"2,2",cache,"631,1",buff,"36,5",slab,"64,7",,"1,6"
E,tot,"3,8",free,"2,2",cache,"631,1",buff,"36,5",slab,"64,7",,"1,6"
E,tot,"3,8",free,"2,2",cache,"631,1",buff,"36,5",slab,"64,7",,"1,6"
E,tot,"3,8",free,"2,2",cache,"631,1",buff,"36,5",slab,"64,7",,"1,6"
E,tot,"3,8",free,"2,2",cache,"631,1",buff,"36,5",slab,"64,8",,"1,6"
E,tot,"3,8",free,"2,2",cache,"631,1",buff,"36,5",slab,"64,8",,"1,6"
E,tot,"3,8",free,"2,2",cache,"631,1",buff,"36,5",slab,"64,7",,"1,6"
E,tot,"3,8",free,"2,2",cache,"631,1",buff,"36,5",slab,"64,7",,"1,6"
E,tot,"3,8",free,"2,2",cache,"631,2",buff,"36,5",slab,"64,8",,"1,6"
E,tot,"3,8",free,"2,2",cache,"631,2",buff,"36,5",slab,"64,8",,"1,6"
E,tot,"3,8",free,"2,2",cache,"631,2",buff,"36,5",slab,"64,8",,"1,6"
E,tot,"3,8",free,"2,2",cache,"631,2",buff,"36,5",slab,"64,8",,"1,6"
E,tot,"3,8",free,"2,2",cache,"631,2",buff,"36,5",slab,"64,7",,"1,6"
E,tot,"3,8",free,"2,2",cache,"631,2",buff,"36,5",slab,"64,7",,"1,6"
E,tot,"3,8",free,"2,2",cache,"631,2",buff,"36,5",slab,"64,8",,"1,6"
E,tot,"3,8",free,"2,2",cache,"631,2",buff,"36,5",slab,"64,7",,"1,6"
E,tot,"3,8",free,"2,2",cache,"631,2",buff,"36,6",slab,"64,8",,"1,6"
E,tot,"3,8",free,"2,2",cache,"631,3",buff,"36,6",slab,"64,7",,"1,6"
E,tot,"3,8",free,"2,2",cache,"631,3",buff,"36,6",slab,"64,8",,"1,6"
E,tot,"3,8",free,"2,2",cache,"631,3",buff,"36,6",slab,"64,8",,"1,6"
E,tot,"3,8",free,"2,2",cache,"631,3",buff,"36,6",slab,"64,7",,"1,6"
E,tot,"3,8",free,"2,2",cache,"631,3",buff,"36,6",slab,"64,7",,"1,6"
E,tot,"3,8",free,"2,2",cache,"631,3",buff,"36,6",slab,"64,7",,"1,6"
E,tot,"3,8",free,"2,2",cache,"631,3",buff,"36,6",slab,"64,8",,"1,6"
E,tot,"3,8",free,"2,2",cache,"631,3",buff,"36,6",slab,"64,7",,"1,6"
E,tot,"3,8",free,"2,2",cache,"631,3",buff,"36,6",slab,"64,8",,"1,6"
E,tot,"3,8",free,"2,2",cache,"631,3",buff,"36,6",slab,"64,7",,"1,6"
E,tot,"3,8",free,"2,2",cache,"631,4",buff,"36,6",slab,"64,7",,"1,6"
E,tot,"3,8",free,"2,2",cache,"631,4",buff,"36,6",slab,"64,8",,"1,6"
E,tot,"3,8",free,"2,2",cache,"631,4",buff,"36,6",slab,"64,8",,"1,6"
E,tot,"3,8",free,"2,2",cache,"631,4",buff,"36,6",slab,"64,8",,"1,6"
E,tot,"3,8",free,"2,2",cache,"631,4",buff,"36,6",slab,"64,8",,"1,6"
E,tot,"3,8",free,"2,2",cache,"631,4",buff,"36,6",slab,"64,8",,"1,6"
E,tot,"3,8",free,"2,2",cache,"631,4",buff,"36,6",slab,"64,7",,"1,6"
E,tot,"3,8",free,"2,2",cache,"631,4",buff,"36,6",slab,"64,7",,"1,6"
E,tot,"3,8",free,"2,2",cache,"631,5",buff,"36,6",slab,"64,7",,"1,6"
E,tot,"3,8",free,"2,2",cache,"631,5",buff,"36,6",slab,"64,8",,"1,6"
E,tot,"3,8",free,"2,2",cache,"631,5",buff,"36,6",slab,"64,8",,"1,6"
E,tot,"3,8",free,"2,2",cache,"631,5",buff,"36,6",slab,"64,7",,"1,6"
E,tot,"3,8",free,"2,2",cache,"631,5",buff,"36,6",slab,"64,7",,"1,6"
E,tot,"3,8",free,"2,2",cache,"631,5",buff,"36,6",slab,"64,8",,"1,6"
E,tot,"3,8",free,"2,2",cache,"631,5",buff,"36,6",slab,"64,8",,"1,6"
E,tot,"3,8",free,"2,2",cache,"631,5",buff,"36,6",slab,"64,8",,"1,6"
E,tot,"3,8",free,"2,2",cache,"631,5",buff,"36,6",slab,"64,8",,"1,6"
E,tot,"3,8",free,"2,2",cache,"631,6",buff,"36,6",slab,"64,7",,"1,6"
E,tot,"3,8",free,"2,2",cache,"631,6",buff,"36,6",slab,"64,8",,"1,6"
E,tot,"3,8",free,"2,2",cache,"631,6",buff,"36,6",slab,"64,7",,"1,6"
E,tot,"3,8",free,"2,2",cache,"631,6",buff,"36,6",slab,"64,7",,"1,6"
E,tot,"3,8",free,"2,2",cache,"631,6",buff,"36,6",slab,"64,7",,"1,6"
E,tot,"3,8",free,"2,2",cache,"631,6",buff,"36,6",slab,"64,8",,"1,6"
E,tot,"3,8",free,"2,2",cache,"631,6",buff,"36,6",slab,"64,7",,"1,6"
E,tot,"3,8",free,"2,2",cache,"631,6",buff,"36,6",slab,"64,8",,"1,6"
E,tot,"3,8",free,"2,2",cache,"631,6",buff,"36,6",slab,"64,8",,"1,6"
E,tot,"3,8",free,"2,2",cache,"631,7",buff,"36,6",slab,"64,7",,"1,6"
E,tot,"3,8",free,"2,2",cache,"631,7",buff,"36,6",slab,"64,7",,"1,6"
E,tot,"3,8",free,"2,2",cache,"631,7",buff,"36,6",slab,"64,7",,"1,6"
E,tot,"3,8",free,"2,2",cache,"631,7",buff,"36,6",slab,"64,7",,"1,6"
E,tot,"3,8",free,"2,2",cache,"631,7",buff,"36,6",slab,"64,7",,"1,6"
E,tot,"3,8",free,"2,2",cache,"631,7",buff,"36,6",slab,"64,8",,"1,6"
E,tot,"3,8",free,"2,2",cache,"631,7",buff,"36,6",slab,"64,8",,"1,6"
E,tot,"3,8",free,"2,2",cache,"631,7",buff,"36,6",slab,"64,7",,"1,6"
E,tot,"3,8",free,"2,2",cache,"631,7",buff,"36,6",slab,"64,7",,"1,6"
E,tot,"3,8",free,"2,2",cache,"631,8",buff,"36,6",slab,"64,8",,"1,6"
E,tot,"3,8",free,"2,2",cache,"631,8",buff,"36,6",slab,"64,8",,"1,6"
E,tot,"3,8",free,"2,2",cache,"631,8",buff,"36,6",slab,"64,7",,"1,6"
E,tot,"3,8",free,"2,2",cache,"631,8",buff,"36,6",slab,"64,7",,"1,6"
E,tot,"3,8",free,"2,2",cache,"631,8",buff,"36,6",slab,"64,7",,"1,6"
E,tot,"3,8",free,"2,2",cache,"631,8",buff,"36,6",slab,"64,8",,"1,6"
E,tot,"3,8",free,"2,2",cache,"631,8",buff,"36,6",slab,"64,7",,"1,6"
E,tot,"3,8",free,"2,2",cache,"631,8",buff,"36,6",slab,"64,7",,"1,6"
E,tot,"3,8",free,"2,2",cache,"631,9",buff,"36,6",slab,"64,7",,"1,6"
E,tot,"3,8",free,"2,2",cache,"631,9",buff,"36,7",slab,"64,7",,"1,6"
E,tot,"3,8",free,"2,2",cache,"631,9",buff,"36,7",slab,"64,7",,"1,6"
E,tot,"3,8",free,"2,2",cache,"631,9",buff,"36,7",slab,"64,8",,"1,6"
E,tot,"3,8",free,"2,2",cache,"631,9",buff,"36,7",slab,"64,8",,"1,6"
E,tot,"3,8",free,"2,2",cache,"631,9",buff,"36,7",slab,"64,7",,"1,6"
E,tot,"3,8",free,"2,2",cache,"631,9",buff,"36,7",slab,"64,7",,"1,6"
E,tot,"3,8",free,"2,2",cache,"631,9",buff,"36,7",slab,"64,8",,"1,6"
E,tot,"3,8",free,"2,2",cache,"631,9",buff,"36,7",slab,"64,8",,"1,6"
E,tot,"3,8",free,"2,2",cache,632,buff,"36,7",slab,"64,7",,"1,6"
E,tot,"3,8",free,"2,2",cache,632,buff,"36,7",slab,"64,8",,"1,6"
E,tot,"3,8",free,"2,2",cache,632,buff,"36,7",slab,"64,7",,"1,6"
E,tot,"3,8",free,"2,2",cache,632,buff,"36,7",slab,"64,7",,"1,6"
E,tot,"3,8",free,"2,2",cache,632,buff,"36,7",slab,"64,7",,"1,6"
E,tot,"3,8",free,"2,2",cache,632,buff,"36,7",slab,"64,8",,"1,6"
E,tot,"3,8",free,"2,2",cache,632,buff,"36,7",slab,"64,7",,"1,6"
E,tot,"3,8",free,"2,2",cache,632,buff,"36,7",slab,"64,7",,"1,6"
E,tot,"3,8",free,"2,2",cache,632,buff,"36,7",slab,"64,8",,"1,6"
E,tot,"3,8",free,"2,2",cache,"632,1",buff,"36,7",slab,"64,8",,"1,6"
E,tot,"3,8",free,"2,2",cache,"632,1",buff,"36,7",slab,"64,8",,"1,6"
E,tot,"3,8",free,"2,2",cache,"632,1",buff,"36,7",slab,"64,7",,"1,6"
E,tot,"3,8",free,"2,2",cache,"632,1",buff,"36,7",slab,"64,7",,"1,6"
E,tot,"3,8",free,"2,2",cache,"632,1",buff,"36,7",slab,"64,7",,"1,6"
E,tot,"3,8",free,"2,2",cache,"632,1",buff,"36,7",slab,"64,7",,"1,6"
E,tot,"3,8",free,"2,2",cache,"632,1",buff,"36,7",slab,"64,7",,"1,6"
E,tot,"3,8",free,"2,2",cache,"632,1",buff,"36,7",slab,"64,8",,"1,6"
E,tot,"3,8",free,"2,2",cache,"632,1",buff,"36,7",slab,"64,8",,"1,6"
E,tot,"3,8",free,"2,2",cache,"632,2",buff,"36,7",slab,"64,7",,"1,6"
E,tot,"3,8",free,"2,2",cache,"632,2",buff,"36,7",slab,"64,8",,"1,6"
E,tot,"3,8",free,"2,2",cache,"632,2",buff,"36,7",slab,"64,8",,"1,6"
E,tot,"3,8",free,"2,2",cache,"632,2",buff,"36,7",slab,"64,7",,"1,6"
E,tot,"3,8",free,"2,2",cache,"632,2",buff,"36,7",slab,"64,7",,"1,6"
E,tot,"3,8",free,"2,2",cache,"632,2",buff,"36,7",slab,"64,7",,"1,6"
E,tot,"3,8",free,"2,2",cache,"632,2",buff,"36,7",slab,"64,7",,"1,6"
E,tot,"3,8",free,"2,2",cache,"632,2",buff,"36,7",slab,"64,7",,"1,6"
E,tot,"3,8",free,"2,2",cache,"632,2",buff,"36,7",slab,"64,7",,"1,6"
E,tot,"3,8",free,"2,2",cache,"632,2",buff,"36,7",slab,"64,7",,"1,6"
E,tot,"3,8",free,"2,2",cache,"632,3",buff,"36,7",slab,"64,7",,"1,6"
E,tot,"3,8",free,"2,2",cache,"632,3",buff,"36,7",slab,"64,8",,"1,6"
E,tot,"3,8",free,"2,2",cache,"632,3",buff,"36,7",slab,"64,8",,"1,6"
E,tot,"3,8",free,"2,2",cache,"632,3",buff,"36,7",slab,"64,7",,"1,6"
E,tot,"3,8",free,"2,2",cache,"632,3",buff,"36,7",slab,"64,8",,"1,6"
E,tot,"3,8",free,"2,2",cache,"632,3",buff,"36,7",slab,"64,7",,"1,6"
E,tot,"3,8",free,"2,2",cache,"632,3",buff,"36,7",slab,"64,8",,"1,6"
E,tot,"3,8",free,"2,2",cache,"632,3",buff,"36,7",slab,"64,7",,"1,6"
E,tot,"3,8",free,"2,2",cache,"632,4",buff,"36,7",slab,"64,7",,"1,6"
E,tot,"3,8",free,"2,2",cache,"632,4",buff,"36,7",slab,"64,8",,"1,6"
E,tot,"3,8",free,"2,2",cache,"632,4",buff,"36,7",slab,"64,7",,"1,6"
E,tot,"3,8",free,"2,2",cache,"632,4",buff,"36,7",slab,"64,7",,"1,6"
E,tot,"3,8",free,"2,2",cache,"632,4",buff,"36,7",slab,"64,8",,"1,6"
E,tot,"3,8",free,"2,2",cache,"632,4",buff,"36,7",slab,"64,7",,"1,6"
E,tot,"3,8",free,"2,2",cache,"632,4",buff,"36,7",slab,"64,7",,"1,6"
E,tot,"3,8",free,"2,2",cache,"632,4",buff,"36,7",slab,"64,8",,"1,6"
E,tot,"3,8",free,"2,2",cache,"632,4",buff,"36,7",slab,"64,7",,"1,6"
E,tot,"3,8",free,"2,2",cache,"632,5",buff,"36,7",slab,"64,7",,"1,6"
E,tot,"3,8",free,"2,2",cache,"632,5",buff,"36,7",slab,"64,7",,"1,6"
E,tot,"3,8",free,"2,2",cache,"632,5",buff,"36,7",slab,"64,7",,"1,6"
E,tot,"3,8",free,"2,2",cache,"632,5",buff,"36,7",slab,"64,7",,"1,6"
E,tot,"3,8",free,"2,2",cache,"632,5",buff,"36,7",slab,"64,7",,"1,6"
E,tot,"3,8",free,"2,2",cache,"632,5",buff,"36,7",slab,"64,7",,"1,6"
E,tot,"3,8",free,"2,2",cache,"632,5",buff,"36,7",slab,"64,7",,"1,6"
E,tot,"3,8",free,"2,2",cache,"632,5",buff,"36,7",slab,"64,8",,"1,6"
E,tot,"3,8",free,"2,2",cache,"632,5",buff,"36,8",slab,"64,8",,"1,6"
E,tot,"3,8",free,"2,2",cache,"632,6",buff,"36,8",slab,"64,8",,"1,6"
E,tot,"3,8",free,"2,2",cache,"632,6",buff,"36,8",slab,"64,8",,"1,6"
E,tot,"3,8",free,"2,2",cache,"632,6",buff,"36,8",slab,"64,8",,"1,6"
E,tot,"3,8",free,"2,2",cache,"632,6",buff,"36,8",slab,"64,7",,"1,6"
E,tot,"3,8",free,"2,2",cache,"632,6",buff,"36,8",slab,"64,7",,"1,6"
E,tot,"3,8",free,"2,2",cache,"632,6",buff,"36,8",slab,"64,7",,"1,6"
E,tot,"3,8",free,"2,2",cache,"632,6",buff,"36,8",slab,"64,8",,"1,6"
E,tot,"3,8",free,"2,2",cache,"632,6",buff,"36,8",slab,"64,8",,"1,6"
E,tot,"3,8",free,"2,2",cache,"632,7",buff,"36,8",slab,"64,7",,"1,6"
E,tot,"3,8",free,"2,2",cache,"632,7",buff,"36,8",slab,"64,8",,"1,6"
E,tot,"3,8",free,"2,2",cache,"632,7",buff,"36,8",slab,"64,8",,"1,6"
E,tot,"3,8",free,"2,2",cache,"632,7",buff,"36,8",slab,"64,8",,"1,6"
E,tot,"3,8",free,"2,2",cache,"632,7",buff,"36,8",slab,"64,7",,"1,6"
E,tot,"3,8",free,"2,2",cache,"632,7",buff,"36,8",slab,"64,7",,"1,6"
E,tot,"3,8",free,"2,2",cache,"632,7",buff,"36,8",slab,"64,7",,"1,6"
E,tot,"3,8",free,"2,2",cache,"632,7",buff,"36,8",slab,"64,7",,"1,6"
E,tot,"3,8",free,"2,2",cache,"632,8",buff,"36,8",slab,"64,7",,"1,6"
E,tot,"3,8",free,"2,2",cache,"632,8",buff,"36,8",slab,"64,7",,"1,6"
E,tot,"3,8",free,"2,2",cache,"632,8",buff,"36,8",slab,"64,7",,"1,6"
E,tot,"3,8",free,"2,2",cache,"632,8",buff,"36,8",slab,"64,7",,"1,6"
E,tot,"3,8",free,"2,2",cache,"632,8",buff,"36,8",slab,"64,8",,"1,6"
E,tot,"3,8",free,"2,2",cache,"632,8",buff,"36,8",slab,"64,7",,"1,6"
,,,,,,,,,,,,
,,,,,,,,,,,média,"1,5995983935743"
,,,,,,,,,,,DP,"0,00633724250524482"
