MEM | tot     3.8G | free    1.9G | cache 715.3M | buff   56.5M | slab   78.9M |
MEM | tot     3.8G | free    1.9G | cache 716.8M | buff   56.5M | slab   78.9M |
MEM | tot     3.8G | free    1.9G | cache 716.8M | buff   56.5M | slab   78.9M |
MEM | tot     3.8G | free    1.9G | cache 716.8M | buff   56.5M | slab   78.9M |
MEM | tot     3.8G | free    1.9G | cache 716.9M | buff   56.5M | slab   79.0M |
MEM | tot     3.8G | free    1.9G | cache 716.9M | buff   56.5M | slab   79.0M |
MEM | tot     3.8G | free    1.9G | cache 716.9M | buff   56.5M | slab   79.0M |
MEM | tot     3.8G | free    1.9G | cache 716.4M | buff   56.5M | slab   79.0M |
MEM | tot     3.8G | free    1.9G | cache 716.4M | buff   56.5M | slab   79.0M |
MEM | tot     3.8G | free    1.9G | cache 716.4M | buff   56.5M | slab   79.0M |
MEM | tot     3.8G | free    1.9G | cache 712.9M | buff   56.5M | slab   79.0M |
MEM | tot     3.8G | free    1.9G | cache 713.0M | buff   56.5M | slab   79.0M |
