MEM | tot     3.8G | free    1.9G | cache 718.2M | buff   56.4M | slab   78.9M |
MEM | tot     3.8G | free    1.9G | cache 718.2M | buff   56.5M | slab   78.9M |
MEM | tot     3.8G | free    1.9G | cache 716.7M | buff   56.5M | slab   79.0M |
MEM | tot     3.8G | free    1.9G | cache 716.7M | buff   56.5M | slab   79.1M |
MEM | tot     3.8G | free    1.9G | cache 716.8M | buff   56.5M | slab   79.1M |
MEM | tot     3.8G | free    1.9G | cache 716.8M | buff   56.5M | slab   79.1M |
MEM | tot     3.8G | free    1.9G | cache 716.8M | buff   56.5M | slab   79.1M |
MEM | tot     3.8G | free    1.9G | cache 716.8M | buff   56.5M | slab   79.0M |
