MEM | tot     3.8G | free    1.9G | cache 714.3M | buff   56.4M | slab   78.8M |
MEM | tot     3.8G | free    1.9G | cache 715.9M | buff   56.4M | slab   78.9M |
MEM | tot     3.8G | free    1.9G | cache 715.9M | buff   56.4M | slab   79.0M |
MEM | tot     3.8G | free    1.9G | cache 716.0M | buff   56.4M | slab   79.0M |
MEM | tot     3.8G | free    1.9G | cache 716.2M | buff   56.4M | slab   79.0M |
MEM | tot     3.8G | free    1.9G | cache 716.3M | buff   56.4M | slab   79.0M |
MEM | tot     3.8G | free    1.9G | cache 716.1M | buff   56.4M | slab   79.0M |
MEM | tot     3.8G | free    1.9G | cache 714.7M | buff   56.4M | slab   79.0M |
MEM | tot     3.8G | free    1.9G | cache 712.3M | buff   56.4M | slab   79.0M |
MEM | tot     3.8G | free    1.9G | cache 712.5M | buff   56.4M | slab   79.0M |
MEM | tot     3.8G | free    1.9G | cache 712.6M | buff   56.4M | slab   79.0M |
MEM | tot     3.8G | free    1.9G | cache 712.7M | buff   56.4M | slab   79.0M |
MEM | tot     3.8G | free    1.9G | cache 712.8M | buff   56.4M | slab   79.0M |
MEM | tot     3.8G | free    1.9G | cache 712.9M | buff   56.4M | slab   79.0M |
