CPU,sys,5,user,10,irq,0,idle,85,wait,0,,15
CPU,sys,32,user,68,irq,0,idle,0,wait,0,,100
CPU,sys,43,user,56,irq,1,idle,0,wait,0,,99
CPU,sys,35,user,64,irq,1,idle,0,wait,0,,99
CPU,sys,35,user,63,irq,2,idle,0,wait,0,,98
CPU,sys,41,user,56,irq,3,idle,0,wait,0,,97
CPU,sys,37,user,61,irq,2,idle,0,wait,0,,98
CPU,sys,43,user,54,irq,3,idle,0,wait,0,,97
CPU,sys,40,user,58,irq,2,idle,0,wait,0,,98
CPU,sys,39,user,58,irq,3,idle,0,wait,0,,97
CPU,sys,38,user,59,irq,3,idle,0,wait,0,,97
CPU,sys,39,user,58,irq,3,idle,0,wait,0,,97
CPU,sys,37,user,60,irq,3,idle,0,wait,0,,97
CPU,sys,43,user,55,irq,2,idle,0,wait,0,,98
,,,,,,,,,,,,
,,,,,,,,,,,média,"97,8461538461538"
,,,,,,,,,,,DP,"0,987096233585649"
