CPU,sys,5,user,10,irq,0,idle,85,wait,0,,15
CPU,sys,33,user,67,irq,0,idle,0,wait,0,,100
CPU,sys,35,user,62,irq,2,idle,0,wait,0,,97
CPU,sys,30,user,68,irq,2,idle,0,wait,0,,98
CPU,sys,30,user,70,irq,0,idle,0,wait,0,,100
CPU,sys,28,user,72,irq,0,idle,0,wait,0,,100
CPU,sys,44,user,54,irq,2,idle,0,wait,0,,98
CPU,sys,38,user,60,irq,2,idle,0,wait,0,,98
CPU,sys,35,user,59,irq,3,idle,0,wait,3,,94
CPU,sys,37,user,59,irq,4,idle,0,wait,0,,96
CPU,sys,26,user,69,irq,5,idle,0,wait,0,,95
CPU,sys,34,user,63,irq,3,idle,0,wait,0,,97
,,,,,,,,,,,,
,,,,,,,,,,,média,"97,5454545454546"
,,,,,,,,,,,DP,"2,01809991643805"
