E,tot,"3,8",free,"1,9",cache,"712,8",buff,"56,4",slab,"78,9",,"1,9"
E,tot,"3,8",free,"1,9",cache,"716,7",buff,"56,4",slab,79,,"1,9"
E,tot,"3,8",free,"1,9",cache,"716,8",buff,"56,4",slab,79,,"1,9"
E,tot,"3,8",free,"1,9",cache,"716,8",buff,"56,4",slab,79,,"1,9"
E,tot,"3,8",free,"1,9",cache,"716,8",buff,"56,4",slab,79,,"1,9"
E,tot,"3,8",free,"1,9",cache,"716,8",buff,"56,4",slab,79,,"1,9"
E,tot,"3,8",free,"1,9",cache,"718,4",buff,"56,4",slab,79,,"1,9"
E,tot,"3,8",free,"1,9",cache,"718,4",buff,"56,4",slab,79,,"1,9"
E,tot,"3,8",free,"1,9",cache,"717,8",buff,"56,4",slab,79,,"1,9"
,,,,,,,,,,,,
,,,,,,,,,,,média,"1,9"
,,,,,,,,,,,PD,0
