E,tot,"3,8",free,"1,9",cache,"714,3",buff,"56,4",slab,"78,8",,"1,9"
E,tot,"3,8",free,"1,9",cache,"715,9",buff,"56,4",slab,"78,9",,"1,9"
E,tot,"3,8",free,"1,9",cache,"715,9",buff,"56,4",slab,79,,"1,9"
E,tot,"3,8",free,"1,9",cache,716,buff,"56,4",slab,79,,"1,9"
E,tot,"3,8",free,"1,9",cache,"716,2",buff,"56,4",slab,79,,"1,9"
E,tot,"3,8",free,"1,9",cache,"716,3",buff,"56,4",slab,79,,"1,9"
E,tot,"3,8",free,"1,9",cache,"716,1",buff,"56,4",slab,79,,"1,9"
E,tot,"3,8",free,"1,9",cache,"714,7",buff,"56,4",slab,79,,"1,9"
E,tot,"3,8",free,"1,9",cache,"712,3",buff,"56,4",slab,79,,"1,9"
E,tot,"3,8",free,"1,9",cache,"712,5",buff,"56,4",slab,79,,"1,9"
E,tot,"3,8",free,"1,9",cache,"712,6",buff,"56,4",slab,79,,"1,9"
E,tot,"3,8",free,"1,9",cache,"712,7",buff,"56,4",slab,79,,"1,9"
E,tot,"3,8",free,"1,9",cache,"712,8",buff,"56,4",slab,79,,"1,9"
E,tot,"3,8",free,"1,9",cache,"712,9",buff,"56,4",slab,79,,"1,9"
,,,,,,,,,,,,
,,,,,,,,,,,média,"1,9"
,,,,,,,,,,,DP,0
