E,tot,"3,8",free,"1,9",cache,"715,3",buff,"56,5",slab,"78,9",,"1,9"
E,tot,"3,8",free,"1,9",cache,"716,8",buff,"56,5",slab,"78,9",,"1,9"
E,tot,"3,8",free,"1,9",cache,"716,8",buff,"56,5",slab,"78,9",,"1,9"
E,tot,"3,8",free,"1,9",cache,"716,8",buff,"56,5",slab,"78,9",,"1,9"
E,tot,"3,8",free,"1,9",cache,"716,9",buff,"56,5",slab,79,,"1,9"
E,tot,"3,8",free,"1,9",cache,"716,9",buff,"56,5",slab,79,,"1,9"
E,tot,"3,8",free,"1,9",cache,"716,9",buff,"56,5",slab,79,,"1,9"
E,tot,"3,8",free,"1,9",cache,"716,4",buff,"56,5",slab,79,,"1,9"
E,tot,"3,8",free,"1,9",cache,"716,4",buff,"56,5",slab,79,,"1,9"
E,tot,"3,8",free,"1,9",cache,"716,4",buff,"56,5",slab,79,,"1,9"
E,tot,"3,8",free,"1,9",cache,"712,9",buff,"56,5",slab,79,,"1,9"
E,tot,"3,8",free,"1,9",cache,713,buff,"56,5",slab,79,,"1,9"
,,,,,,,,,,,,
,,,,,,,,,,,média,"1,9"
,,,,,,,,,,,DP,0
