MEM | tot     3.8G | free  847.9M | cache   1.6G | buff   76.2M | slab  104.7M |
MEM | numnode    1 | shmem  67.1M | shrss  35.8M | tcpsk   0.0M | udpsk   0.0M |
MEM | tot     3.8G | free  836.0M | cache   1.6G | buff   76.2M | slab  104.7M |
MEM | numnode    1 | shmem  67.1M | shrss  35.8M | tcpsk   0.0M | udpsk   0.0M |
MEM | tot     3.8G | free  834.0M | cache   1.6G | buff   76.2M | slab  104.8M |
MEM | numnode    1 | shmem  67.1M | shrss  35.8M | tcpsk   0.0M | udpsk   0.0M |
MEM | tot     3.8G | free  832.0M | cache   1.6G | buff   76.2M | slab  104.8M |
MEM | numnode    1 | shmem  67.1M | shrss  35.8M | tcpsk   0.0M | udpsk   0.0M |
MEM | tot     3.8G | free  832.0M | cache   1.6G | buff   76.2M | slab  104.9M |
MEM | numnode    1 | shmem  67.1M | shrss  35.8M | tcpsk   0.0M | udpsk   0.0M |
MEM | tot     3.8G | free  832.5M | cache   1.6G | buff   76.2M | slab  104.9M |
MEM | numnode    1 | shmem  67.1M | shrss  35.8M | tcpsk   0.0M | udpsk   0.0M |
