MEM | tot     3.8G | free  848.9M | cache   1.6G | buff   76.2M | slab  104.7M |
MEM | numnode    1 | shmem  65.8M | shrss  35.8M | tcpsk   0.0M | udpsk   0.0M |
MEM | tot     3.8G | free  839.0M | cache   1.6G | buff   76.2M | slab  104.7M |
MEM | numnode    1 | shmem  66.4M | shrss  35.8M | tcpsk   0.0M | udpsk   0.0M |
MEM | tot     3.8G | free  836.5M | cache   1.6G | buff   76.2M | slab  104.7M |
MEM | numnode    1 | shmem  66.9M | shrss  35.8M | tcpsk   0.0M | udpsk   0.0M |
MEM | tot     3.8G | free  836.0M | cache   1.6G | buff   76.2M | slab  104.8M |
MEM | numnode    1 | shmem  66.9M | shrss  35.8M | tcpsk   0.0M | udpsk   0.0M |
