MEM | tot     3.8G | free  846.7M | cache   1.6G | buff   76.2M | slab  104.7M |
MEM | numnode    1 | shmem  69.1M | shrss  35.8M | tcpsk   0.0M | udpsk   0.0M |
MEM | tot     3.8G | free  835.0M | cache   1.6G | buff   76.2M | slab  104.8M |
MEM | numnode    1 | shmem  68.6M | shrss  35.8M | tcpsk   0.0M | udpsk   0.0M |
MEM | tot     3.8G | free  834.3M | cache   1.6G | buff   76.2M | slab  104.8M |
MEM | numnode    1 | shmem  68.6M | shrss  35.8M | tcpsk   0.0M | udpsk   0.0M |
MEM | tot     3.8G | free  835.5M | cache   1.6G | buff   76.2M | slab  104.8M |
MEM | numnode    1 | shmem  67.9M | shrss  35.8M | tcpsk   0.0M | udpsk   0.0M |
MEM | tot     3.8G | free  836.5M | cache   1.6G | buff   76.2M | slab  104.8M |
MEM | numnode    1 | shmem  66.4M | shrss  35.8M | tcpsk   0.0M | udpsk   0.0M |
MEM | tot     3.8G | free  836.5M | cache   1.6G | buff   76.2M | slab  104.8M |
MEM | numnode    1 | shmem  66.4M | shrss  35.8M | tcpsk   0.0M | udpsk   0.0M |
MEM | tot     3.8G | free  836.2M | cache   1.6G | buff   76.2M | slab  104.8M |
MEM | numnode    1 | shmem  66.4M | shrss  35.8M | tcpsk   0.0M | udpsk   0.0M |
