MEM | tot     3.8G | free    2.2G | cache 629.3M | buff   46.3M | slab   65.4M |
MEM | tot     3.8G | free    2.2G | cache 633.7M | buff   46.3M | slab   65.4M |
MEM | tot     3.8G | free    2.2G | cache 643.3M | buff   46.3M | slab   65.4M |
MEM | tot     3.8G | free    2.2G | cache 643.3M | buff   46.3M | slab   65.4M |
MEM | tot     3.8G | free    2.2G | cache 643.4M | buff   46.3M | slab   65.6M |
MEM | tot     3.8G | free    2.2G | cache 643.4M | buff   46.3M | slab   65.6M |
MEM | tot     3.8G | free    2.2G | cache 643.1M | buff   46.3M | slab   65.6M |
MEM | tot     3.8G | free    2.2G | cache 632.7M | buff   46.3M | slab   65.5M |
MEM | tot     3.8G | free    2.2G | cache 632.7M | buff   46.3M | slab   65.5M |
MEM | tot     3.8G | free    2.2G | cache 632.7M | buff   46.3M | slab   65.5M |
MEM | tot     3.8G | free    2.2G | cache 632.7M | buff   46.3M | slab   65.5M |
MEM | tot     3.8G | free    2.2G | cache 632.7M | buff   46.3M | slab   65.5M |
MEM | tot     3.8G | free    2.2G | cache 632.7M | buff   46.3M | slab   65.5M |
MEM | tot     3.8G | free    2.2G | cache 632.7M | buff   46.3M | slab   65.5M |
MEM | tot     3.8G | free    2.2G | cache 632.7M | buff   46.3M | slab   65.5M |
MEM | tot     3.8G | free    2.2G | cache 632.8M | buff   46.3M | slab   65.5M |
MEM | tot     3.8G | free    2.2G | cache 632.8M | buff   46.3M | slab   65.5M |
