MEM | tot     3.8G | free    2.2G | cache 629.3M | buff   46.3M | slab   65.4M |
MEM | tot     3.8G | free    2.2G | cache 639.8M | buff   46.3M | slab   65.5M |
MEM | tot     3.8G | free    2.2G | cache 640.8M | buff   46.3M | slab   65.5M |
MEM | tot     3.8G | free    2.2G | cache 640.8M | buff   46.3M | slab   65.5M |
MEM | tot     3.8G | free    2.2G | cache 640.8M | buff   46.3M | slab   65.5M |
MEM | tot     3.8G | free    2.2G | cache 640.8M | buff   46.3M | slab   65.5M |
MEM | tot     3.8G | free    2.2G | cache 640.8M | buff   46.3M | slab   65.5M |
