MEM | tot     3.8G | free    2.2G | cache 629.3M | buff   46.3M | slab   65.5M |
MEM | tot     3.8G | free    2.2G | cache 638.5M | buff   46.3M | slab   65.5M |
MEM | tot     3.8G | free    2.2G | cache 643.1M | buff   46.3M | slab   65.5M |
MEM | tot     3.8G | free    2.2G | cache 643.1M | buff   46.3M | slab   65.5M |
MEM | tot     3.8G | free    2.2G | cache 643.1M | buff   46.3M | slab   65.5M |
MEM | tot     3.8G | free    2.2G | cache 643.2M | buff   46.3M | slab   65.5M |
MEM | tot     3.8G | free    2.2G | cache 642.9M | buff   46.3M | slab   65.6M |
MEM | tot     3.8G | free    2.2G | cache 632.8M | buff   46.3M | slab   65.5M |
MEM | tot     3.8G | free    2.2G | cache 632.8M | buff   46.3M | slab   65.5M |
MEM | tot     3.8G | free    2.2G | cache 632.8M | buff   46.3M | slab   65.5M |
MEM | tot     3.8G | free    2.2G | cache 632.8M | buff   46.3M | slab   65.5M |
MEM | tot     3.8G | free    2.2G | cache 632.8M | buff   46.3M | slab   65.5M |
MEM | tot     3.8G | free    2.2G | cache 632.9M | buff   46.3M | slab   65.5M |
MEM | tot     3.8G | free    2.2G | cache 632.9M | buff   46.3M | slab   65.5M |
MEM | tot     3.8G | free    2.2G | cache 632.9M | buff   46.3M | slab   65.5M |
MEM | tot     3.8G | free    2.2G | cache 632.9M | buff   46.3M | slab   65.5M |
MEM | tot     3.8G | free    2.2G | cache 632.9M | buff   46.3M | slab   65.5M |
MEM | tot     3.8G | free    2.2G | cache 632.9M | buff   46.3M | slab   65.5M |
MEM | tot     3.8G | free    2.2G | cache 632.9M | buff   46.3M | slab   65.5M |
MEM | tot     3.8G | free    2.2G | cache 632.9M | buff   46.3M | slab   65.5M |
MEM | tot     3.8G | free    2.2G | cache 632.9M | buff   46.3M | slab   65.5M |
MEM | tot     3.8G | free    2.2G | cache 637.0M | buff   46.3M | slab   65.6M |
MEM | tot     3.8G | free    2.2G | cache 637.0M | buff   46.4M | slab   65.6M |
MEM | tot     3.8G | free    2.2G | cache 637.0M | buff   46.4M | slab   65.6M |
MEM | tot     3.8G | free    2.2G | cache 637.0M | buff   46.4M | slab   65.6M |
