MEM | tot     3.8G | free    2.2G | cache 633.9M | buff   46.2M | slab   65.3M |
MEM | tot     3.8G | free    2.2G | cache 642.5M | buff   46.2M | slab   65.4M |
MEM | tot     3.8G | free    2.2G | cache 635.5M | buff   46.2M | slab   65.4M |
MEM | tot     3.8G | free    2.2G | cache 633.8M | buff   46.2M | slab   65.4M |
MEM | tot     3.8G | free    2.2G | cache 633.8M | buff   46.2M | slab   65.4M |
MEM | tot     3.8G | free    2.2G | cache 633.8M | buff   46.2M | slab   65.5M |
MEM | tot     3.8G | free    2.2G | cache 633.3M | buff   46.2M | slab   65.5M |
MEM | tot     3.8G | free    2.2G | cache 632.6M | buff   46.2M | slab   65.5M |
MEM | tot     3.8G | free    2.2G | cache 632.6M | buff   46.2M | slab   65.5M |
MEM | tot     3.8G | free    2.2G | cache 632.6M | buff   46.2M | slab   65.5M |
MEM | tot     3.8G | free    2.2G | cache 632.6M | buff   46.2M | slab   65.5M |
MEM | tot     3.8G | free    2.2G | cache 632.6M | buff   46.2M | slab   65.5M |
MEM | tot     3.8G | free    2.2G | cache 632.6M | buff   46.2M | slab   65.5M |
MEM | tot     3.8G | free    2.2G | cache 632.6M | buff   46.2M | slab   65.5M |
MEM | tot     3.8G | free    2.2G | cache 632.7M | buff   46.2M | slab   65.5M |
MEM | tot     3.8G | free    2.2G | cache 632.7M | buff   46.2M | slab   65.5M |
MEM | tot     3.8G | free    2.2G | cache 632.7M | buff   46.2M | slab   65.5M |
MEM | tot     3.8G | free    2.2G | cache 632.7M | buff   46.2M | slab   65.5M |
MEM | tot     3.8G | free    2.2G | cache 632.7M | buff   46.2M | slab   65.5M |
MEM | tot     3.8G | free    2.2G | cache 632.7M | buff   46.2M | slab   65.5M |
MEM | tot     3.8G | free    2.2G | cache 632.7M | buff   46.2M | slab   65.5M |
MEM | tot     3.8G | free    2.2G | cache 632.7M | buff   46.2M | slab   65.5M |
MEM | tot     3.8G | free    2.2G | cache 632.8M | buff   46.2M | slab   65.5M |
MEM | tot     3.8G | free    2.2G | cache 632.8M | buff   46.2M | slab   65.5M |
MEM | tot     3.8G | free    2.2G | cache 632.8M | buff   46.2M | slab   65.5M |
MEM | tot     3.8G | free    2.2G | cache 632.8M | buff   46.2M | slab   65.5M |
MEM | tot     3.8G | free    2.2G | cache 632.8M | buff   46.2M | slab   65.5M |
MEM | tot     3.8G | free    2.2G | cache 632.8M | buff   46.2M | slab   65.5M |
MEM | tot     3.8G | free    2.2G | cache 632.8M | buff   46.2M | slab   65.5M |
MEM | tot     3.8G | free    2.2G | cache 632.8M | buff   46.2M | slab   65.5M |
MEM | tot     3.8G | free    2.2G | cache 632.8M | buff   46.2M | slab   65.5M |
MEM | tot     3.8G | free    2.2G | cache 632.9M | buff   46.2M | slab   65.5M |
MEM | tot     3.8G | free    2.2G | cache 632.9M | buff   46.2M | slab   65.5M |
MEM | tot     3.8G | free    2.2G | cache 632.9M | buff   46.2M | slab   65.5M |
MEM | tot     3.8G | free    2.2G | cache 632.9M | buff   46.2M | slab   65.5M |
MEM | tot     3.8G | free    2.2G | cache 632.9M | buff   46.2M | slab   65.5M |
MEM | tot     3.8G | free    2.2G | cache 632.9M | buff   46.3M | slab   65.5M |
MEM | tot     3.8G | free    2.2G | cache 632.9M | buff   46.3M | slab   65.5M |
MEM | tot     3.8G | free    2.2G | cache 632.9M | buff   46.3M | slab   65.5M |
MEM | tot     3.8G | free    2.2G | cache 632.9M | buff   46.3M | slab   65.5M |
MEM | tot     3.8G | free    2.2G | cache 633.0M | buff   46.3M | slab   65.5M |
MEM | tot     3.8G | free    2.2G | cache 633.0M | buff   46.3M | slab   65.5M |
MEM | tot     3.8G | free    2.2G | cache 633.0M | buff   46.3M | slab   65.5M |
MEM | tot     3.8G | free    2.2G | cache 633.0M | buff   46.3M | slab   65.5M |
MEM | tot     3.8G | free    2.2G | cache 633.0M | buff   46.3M | slab   65.5M |
MEM | tot     3.8G | free    2.2G | cache 633.0M | buff   46.3M | slab   65.5M |
MEM | tot     3.8G | free    2.2G | cache 633.0M | buff   46.3M | slab   65.5M |
MEM | tot     3.8G | free    2.2G | cache 633.0M | buff   46.3M | slab   65.5M |
MEM | tot     3.8G | free    2.2G | cache 633.0M | buff   46.3M | slab   65.5M |
MEM | tot     3.8G | free    2.2G | cache 633.1M | buff   46.3M | slab   65.5M |
MEM | tot     3.8G | free    2.2G | cache 633.1M | buff   46.3M | slab   65.5M |
