E,tot,"3,8",free,"2,2",cache,"629,3",buff,"46,3",slab,"65,5",,"1,6"
E,tot,"3,8",free,"2,2",cache,"638,5",buff,"46,3",slab,"65,5",,"1,6"
E,tot,"3,8",free,"2,2",cache,"643,1",buff,"46,3",slab,"65,5",,"1,6"
E,tot,"3,8",free,"2,2",cache,"643,1",buff,"46,3",slab,"65,5",,"1,6"
E,tot,"3,8",free,"2,2",cache,"643,1",buff,"46,3",slab,"65,5",,"1,6"
E,tot,"3,8",free,"2,2",cache,"643,2",buff,"46,3",slab,"65,5",,"1,6"
E,tot,"3,8",free,"2,2",cache,"642,9",buff,"46,3",slab,"65,6",,"1,6"
E,tot,"3,8",free,"2,2",cache,"632,8",buff,"46,3",slab,"65,5",,"1,6"
E,tot,"3,8",free,"2,2",cache,"632,8",buff,"46,3",slab,"65,5",,"1,6"
E,tot,"3,8",free,"2,2",cache,"632,8",buff,"46,3",slab,"65,5",,"1,6"
E,tot,"3,8",free,"2,2",cache,"632,8",buff,"46,3",slab,"65,5",,"1,6"
E,tot,"3,8",free,"2,2",cache,"632,8",buff,"46,3",slab,"65,5",,"1,6"
E,tot,"3,8",free,"2,2",cache,"632,9",buff,"46,3",slab,"65,5",,"1,6"
E,tot,"3,8",free,"2,2",cache,"632,9",buff,"46,3",slab,"65,5",,"1,6"
E,tot,"3,8",free,"2,2",cache,"632,9",buff,"46,3",slab,"65,5",,"1,6"
E,tot,"3,8",free,"2,2",cache,"632,9",buff,"46,3",slab,"65,5",,"1,6"
E,tot,"3,8",free,"2,2",cache,"632,9",buff,"46,3",slab,"65,5",,"1,6"
E,tot,"3,8",free,"2,2",cache,"632,9",buff,"46,3",slab,"65,5",,"1,6"
E,tot,"3,8",free,"2,2",cache,"632,9",buff,"46,3",slab,"65,5",,"1,6"
E,tot,"3,8",free,"2,2",cache,"632,9",buff,"46,3",slab,"65,5",,"1,6"
E,tot,"3,8",free,"2,2",cache,"632,9",buff,"46,3",slab,"65,5",,"1,6"
E,tot,"3,8",free,"2,2",cache,637,buff,"46,3",slab,"65,6",,"1,6"
E,tot,"3,8",free,"2,2",cache,637,buff,"46,4",slab,"65,6",,"1,6"
E,tot,"3,8",free,"2,2",cache,637,buff,"46,4",slab,"65,6",,"1,6"
E,tot,"3,8",free,"2,2",cache,637,buff,"46,4",slab,"65,6",,"1,6"
,,,,,,,,,,,média,"1,6"
,,,,,,,,,,,DP,0
