CPU,sys,12,user,36,irq,1,idle,28,wait,23,,48
CPU,sys,39,user,61,irq,0,idle,0,wait,0,,100
CPU,sys,27,user,72,irq,1,idle,0,wait,0,,99
CPU,sys,24,user,72,irq,4,idle,0,wait,0,,96
CPU,sys,40,user,60,irq,0,idle,0,wait,0,,100
CPU,sys,34,user,63,irq,3,idle,0,wait,0,,97
CPU,sys,30,user,65,irq,5,idle,0,wait,0,,95
CPU,sys,28,user,60,irq,1,idle,0,wait,11,,88
CPU,sys,9,user,36,irq,1,idle,0,wait,54,,45
CPU,sys,15,user,46,irq,1,idle,0,wait,39,,61
CPU,sys,14,user,68,irq,0,idle,0,wait,18,,82
CPU,sys,17,user,65,irq,1,idle,0,wait,17,,82
CPU,sys,11,user,71,irq,2,idle,0,wait,16,,82
CPU,sys,12,user,71,irq,1,idle,0,wait,16,,83
CPU,sys,14,user,73,irq,0,idle,0,wait,14,,87
CPU,sys,13,user,71,irq,1,idle,0,wait,15,,84
CPU,sys,15,user,70,irq,0,idle,0,wait,14,,85
,,,,,,,,,,,,
,,,,,,,,,,,média,"85,375"
,,,,,,,,,,,DP,"14,6736725691514"
