CPU,sys,12,user,36,irq,1,idle,28,wait,23,,48
CPU,sys,38,user,62,irq,0,idle,0,wait,0,,100
CPU,sys,25,user,42,irq,0,idle,0,wait,32,,67
CPU,sys,20,user,33,irq,2,idle,0,wait,46,,53
CPU,sys,21,user,24,irq,0,idle,0,wait,55,,45
CPU,sys,24,user,34,irq,1,idle,0,wait,41,,58
CPU,sys,20,user,25,irq,2,idle,0,wait,53,,45
CPU,sys,22,user,24,irq,1,idle,0,wait,52,,46
CPU,sys,23,user,22,irq,2,idle,0,wait,52,,45
CPU,sys,16,user,22,irq,0,idle,0,wait,62,,38
CPU,sys,17,user,26,irq,0,idle,0,wait,57,,43
CPU,sys,17,user,23,irq,2,idle,0,wait,57,,40
CPU,sys,17,user,24,irq,1,idle,0,wait,58,,41
CPU,sys,16,user,24,irq,2,idle,0,wait,58,,40
CPU,sys,19,user,26,irq,3,idle,0,wait,52,,45
CPU,sys,18,user,21,irq,2,idle,0,wait,59,,39
CPU,sys,21,user,22,irq,3,idle,0,wait,53,,43
CPU,sys,14,user,27,irq,1,idle,0,wait,58,,41
CPU,sys,19,user,24,irq,2,idle,0,wait,54,,43
CPU,sys,12,user,20,irq,1,idle,0,wait,67,,32
CPU,sys,17,user,26,irq,1,idle,0,wait,55,,43
CPU,sys,18,user,24,irq,2,idle,0,wait,56,,42
CPU,sys,17,user,24,irq,3,idle,0,wait,56,,41
CPU,sys,15,user,29,irq,1,idle,0,wait,55,,44
CPU,sys,20,user,24,irq,1,idle,0,wait,56,,44
CPU,sys,14,user,27,irq,2,idle,0,wait,57,,41
CPU,sys,20,user,24,irq,1,idle,0,wait,55,,44
CPU,sys,16,user,26,irq,2,idle,0,wait,56,,42
CPU,sys,23,user,20,irq,2,idle,0,wait,55,,43
CPU,sys,19,user,22,irq,2,idle,0,wait,57,,41
CPU,sys,16,user,29,irq,1,idle,0,wait,54,,45
CPU,sys,15,user,27,irq,3,idle,0,wait,55,,42
CPU,sys,19,user,22,irq,0,idle,0,wait,60,,41
CPU,sys,16,user,22,irq,1,idle,0,wait,61,,38
CPU,sys,18,user,27,irq,1,idle,0,wait,54,,45
CPU,sys,17,user,26,irq,1,idle,0,wait,56,,43
CPU,sys,18,user,24,irq,1,idle,0,wait,57,,42
CPU,sys,17,user,26,irq,2,idle,0,wait,55,,43
CPU,sys,15,user,27,irq,0,idle,0,wait,58,,42
CPU,sys,18,user,25,irq,1,idle,0,wait,57,,43
CPU,sys,14,user,28,irq,2,idle,0,wait,55,,42
CPU,sys,17,user,22,irq,2,idle,0,wait,59,,39
CPU,sys,24,user,22,irq,1,idle,0,wait,53,,46
CPU,sys,13,user,29,irq,1,idle,0,wait,57,,42
CPU,sys,18,user,24,irq,2,idle,0,wait,56,,42
CPU,sys,17,user,23,irq,1,idle,0,wait,59,,40
CPU,sys,16,user,27,irq,0,idle,0,wait,57,,43
CPU,sys,17,user,24,irq,1,idle,0,wait,58,,41
CPU,sys,19,user,27,irq,1,idle,0,wait,53,,46
CPU,sys,18,user,24,irq,0,idle,0,wait,58,,42
CPU,sys,16,user,31,irq,2,idle,0,wait,51,,47
,,,,,,,,,,,,
,,,,,,,,,,,média,"44,46"
,,,,,,,,,,,DP,"9,45496306341871"
