E,tot,"3,8",free,"2,2",cache,"633,9",buff,"46,2",slab,"65,3",,"1,6"
E,tot,"3,8",free,"2,2",cache,"642,5",buff,"46,2",slab,"65,4",,"1,6"
E,tot,"3,8",free,"2,2",cache,"635,5",buff,"46,2",slab,"65,4",,"1,6"
E,tot,"3,8",free,"2,2",cache,"633,8",buff,"46,2",slab,"65,4",,"1,6"
E,tot,"3,8",free,"2,2",cache,"633,8",buff,"46,2",slab,"65,4",,"1,6"
E,tot,"3,8",free,"2,2",cache,"633,8",buff,"46,2",slab,"65,5",,"1,6"
E,tot,"3,8",free,"2,2",cache,"633,3",buff,"46,2",slab,"65,5",,"1,6"
E,tot,"3,8",free,"2,2",cache,"632,6",buff,"46,2",slab,"65,5",,"1,6"
E,tot,"3,8",free,"2,2",cache,"632,6",buff,"46,2",slab,"65,5",,"1,6"
E,tot,"3,8",free,"2,2",cache,"632,6",buff,"46,2",slab,"65,5",,"1,6"
E,tot,"3,8",free,"2,2",cache,"632,6",buff,"46,2",slab,"65,5",,"1,6"
E,tot,"3,8",free,"2,2",cache,"632,6",buff,"46,2",slab,"65,5",,"1,6"
E,tot,"3,8",free,"2,2",cache,"632,6",buff,"46,2",slab,"65,5",,"1,6"
E,tot,"3,8",free,"2,2",cache,"632,6",buff,"46,2",slab,"65,5",,"1,6"
E,tot,"3,8",free,"2,2",cache,"632,7",buff,"46,2",slab,"65,5",,"1,6"
E,tot,"3,8",free,"2,2",cache,"632,7",buff,"46,2",slab,"65,5",,"1,6"
E,tot,"3,8",free,"2,2",cache,"632,7",buff,"46,2",slab,"65,5",,"1,6"
E,tot,"3,8",free,"2,2",cache,"632,7",buff,"46,2",slab,"65,5",,"1,6"
E,tot,"3,8",free,"2,2",cache,"632,7",buff,"46,2",slab,"65,5",,"1,6"
E,tot,"3,8",free,"2,2",cache,"632,7",buff,"46,2",slab,"65,5",,"1,6"
E,tot,"3,8",free,"2,2",cache,"632,7",buff,"46,2",slab,"65,5",,"1,6"
E,tot,"3,8",free,"2,2",cache,"632,7",buff,"46,2",slab,"65,5",,"1,6"
E,tot,"3,8",free,"2,2",cache,"632,8",buff,"46,2",slab,"65,5",,"1,6"
E,tot,"3,8",free,"2,2",cache,"632,8",buff,"46,2",slab,"65,5",,"1,6"
E,tot,"3,8",free,"2,2",cache,"632,8",buff,"46,2",slab,"65,5",,"1,6"
E,tot,"3,8",free,"2,2",cache,"632,8",buff,"46,2",slab,"65,5",,"1,6"
E,tot,"3,8",free,"2,2",cache,"632,8",buff,"46,2",slab,"65,5",,"1,6"
E,tot,"3,8",free,"2,2",cache,"632,8",buff,"46,2",slab,"65,5",,"1,6"
E,tot,"3,8",free,"2,2",cache,"632,8",buff,"46,2",slab,"65,5",,"1,6"
E,tot,"3,8",free,"2,2",cache,"632,8",buff,"46,2",slab,"65,5",,"1,6"
E,tot,"3,8",free,"2,2",cache,"632,8",buff,"46,2",slab,"65,5",,"1,6"
E,tot,"3,8",free,"2,2",cache,"632,9",buff,"46,2",slab,"65,5",,"1,6"
E,tot,"3,8",free,"2,2",cache,"632,9",buff,"46,2",slab,"65,5",,"1,6"
E,tot,"3,8",free,"2,2",cache,"632,9",buff,"46,2",slab,"65,5",,"1,6"
E,tot,"3,8",free,"2,2",cache,"632,9",buff,"46,2",slab,"65,5",,"1,6"
E,tot,"3,8",free,"2,2",cache,"632,9",buff,"46,2",slab,"65,5",,"1,6"
E,tot,"3,8",free,"2,2",cache,"632,9",buff,"46,3",slab,"65,5",,"1,6"
E,tot,"3,8",free,"2,2",cache,"632,9",buff,"46,3",slab,"65,5",,"1,6"
E,tot,"3,8",free,"2,2",cache,"632,9",buff,"46,3",slab,"65,5",,"1,6"
E,tot,"3,8",free,"2,2",cache,"632,9",buff,"46,3",slab,"65,5",,"1,6"
E,tot,"3,8",free,"2,2",cache,633,buff,"46,3",slab,"65,5",,"1,6"
E,tot,"3,8",free,"2,2",cache,633,buff,"46,3",slab,"65,5",,"1,6"
E,tot,"3,8",free,"2,2",cache,633,buff,"46,3",slab,"65,5",,"1,6"
E,tot,"3,8",free,"2,2",cache,633,buff,"46,3",slab,"65,5",,"1,6"
E,tot,"3,8",free,"2,2",cache,633,buff,"46,3",slab,"65,5",,"1,6"
E,tot,"3,8",free,"2,2",cache,633,buff,"46,3",slab,"65,5",,"1,6"
E,tot,"3,8",free,"2,2",cache,633,buff,"46,3",slab,"65,5",,"1,6"
E,tot,"3,8",free,"2,2",cache,633,buff,"46,3",slab,"65,5",,"1,6"
E,tot,"3,8",free,"2,2",cache,633,buff,"46,3",slab,"65,5",,"1,6"
E,tot,"3,8",free,"2,2",cache,"633,1",buff,"46,3",slab,"65,5",,"1,6"
E,tot,"3,8",free,"2,2",cache,"633,1",buff,"46,3",slab,"65,5",,"1,6"
,,,,,,,,,,,,
,,,,,,,,,,,média,"1,6"
,,,,,,,,,,,DP,0
