CPU,sys,12,user,36,irq,1,idle,28,wait,23,,48
CPU,sys,36,user,64,irq,0,idle,0,wait,0,,100
CPU,sys,34,user,65,irq,1,idle,0,wait,0,,99
CPU,sys,34,user,61,irq,5,idle,0,wait,0,,95
CPU,sys,28,user,69,irq,3,idle,0,wait,0,,97
CPU,sys,28,user,71,irq,1,idle,0,wait,0,,99
CPU,sys,40,user,57,irq,3,idle,0,wait,0,,97
CPU,sys,30,user,58,irq,2,idle,0,wait,10,,88
CPU,sys,28,user,31,irq,3,idle,0,wait,38,,59
CPU,sys,24,user,26,irq,1,idle,0,wait,49,,50
CPU,sys,25,user,28,irq,1,idle,0,wait,46,,53
CPU,sys,22,user,32,irq,4,idle,0,wait,42,,54
CPU,sys,19,user,23,irq,2,idle,0,wait,56,,42
CPU,sys,23,user,20,irq,1,idle,0,wait,55,,43
CPU,sys,20,user,22,irq,2,idle,0,wait,56,,42
CPU,sys,22,user,24,irq,2,idle,0,wait,53,,46
CPU,sys,23,user,23,irq,1,idle,0,wait,53,,46
CPU,sys,21,user,26,irq,2,idle,0,wait,51,,47
CPU,sys,22,user,19,irq,2,idle,0,wait,57,,41
CPU,sys,19,user,19,irq,0,idle,0,wait,62,,38
CPU,sys,18,user,21,irq,2,idle,0,wait,59,,39
CPU,sys,22,user,26,irq,2,idle,0,wait,51,,48
CPU,sys,30,user,22,irq,2,idle,0,wait,46,,52
CPU,sys,15,user,23,irq,3,idle,0,wait,59,,38
CPU,sys,23,user,20,irq,2,idle,0,wait,54,,43
,,,,,,,,,,,,
,,,,,,,,,,,média,"60,6666666666667"
,,,,,,,,,,,DP,"24,0735587706525"
