MEM | tot     3.8G | free  933.4M | cache   1.5G | buff   70.2M | slab  103.0M |
MEM | numnode    1 | shmem  58.0M | shrss  26.2M | tcpsk   0.0M | udpsk   0.0M |
MEM | tot     3.8G | free  924.2M | cache   1.5G | buff   70.2M | slab  103.1M |
MEM | numnode    1 | shmem  58.0M | shrss  26.2M | tcpsk   0.0M | udpsk   0.0M |
MEM | tot     3.8G | free  924.9M | cache   1.5G | buff   70.2M | slab  103.1M |
MEM | numnode    1 | shmem  58.0M | shrss  26.2M | tcpsk   0.0M | udpsk   0.0M |
MEM | tot     3.8G | free  925.5M | cache   1.5G | buff   70.2M | slab  103.1M |
MEM | numnode    1 | shmem  58.0M | shrss  26.2M | tcpsk   0.0M | udpsk   0.0M |
