MEM | tot     3.8G | free  924.4M | cache   1.5G | buff   70.2M | slab  103.0M |
MEM | numnode    1 | shmem  56.6M | shrss  26.2M | tcpsk   0.0M | udpsk   0.0M |
MEM | tot     3.8G | free  914.5M | cache   1.5G | buff   70.2M | slab  103.0M |
MEM | numnode    1 | shmem  56.6M | shrss  26.2M | tcpsk   0.0M | udpsk   0.0M |
MEM | tot     3.8G | free  911.6M | cache   1.5G | buff   70.2M | slab  103.0M |
MEM | numnode    1 | shmem  56.8M | shrss  26.2M | tcpsk   0.0M | udpsk   0.0M |
MEM | tot     3.8G | free  911.3M | cache   1.5G | buff   70.2M | slab  103.1M |
MEM | numnode    1 | shmem  56.8M | shrss  26.2M | tcpsk   0.0M | udpsk   0.0M |
