MEM | tot     3.8G | free    2.3G | cache 631.5M | buff   37.8M | slab   64.9M |
MEM | tot     3.8G | free    2.2G | cache 642.4M | buff   37.8M | slab   65.0M |
MEM | tot     3.8G | free    2.2G | cache 642.6M | buff   37.8M | slab   65.0M |
MEM | tot     3.8G | free    2.2G | cache 642.6M | buff   37.8M | slab   65.0M |
MEM | tot     3.8G | free    2.2G | cache 642.6M | buff   37.8M | slab   65.0M |
MEM | tot     3.8G | free    2.2G | cache 642.6M | buff   37.8M | slab   65.0M |
MEM | tot     3.8G | free    2.2G | cache 642.4M | buff   37.8M | slab   65.0M |
MEM | tot     3.8G | free    2.2G | cache 634.9M | buff   37.8M | slab   65.0M |
MEM | tot     3.8G | free    2.2G | cache 634.9M | buff   37.8M | slab   65.0M |
MEM | tot     3.8G | free    2.2G | cache 634.9M | buff   37.8M | slab   65.0M |
MEM | tot     3.8G | free    2.2G | cache 634.9M | buff   37.8M | slab   65.0M |
MEM | tot     3.8G | free    2.2G | cache 634.9M | buff   37.8M | slab   65.0M |
MEM | tot     3.8G | free    2.2G | cache 635.0M | buff   37.8M | slab   65.0M |
MEM | tot     3.8G | free    2.2G | cache 635.0M | buff   37.8M | slab   65.0M |
MEM | tot     3.8G | free    2.2G | cache 635.0M | buff   37.8M | slab   65.0M |
MEM | tot     3.8G | free    2.2G | cache 635.0M | buff   37.8M | slab   65.0M |
MEM | tot     3.8G | free    2.2G | cache 635.0M | buff   37.8M | slab   65.0M |
MEM | tot     3.8G | free    2.2G | cache 635.0M | buff   37.8M | slab   65.0M |
MEM | tot     3.8G | free    2.2G | cache 635.0M | buff   37.8M | slab   65.0M |
MEM | tot     3.8G | free    2.2G | cache 635.0M | buff   37.8M | slab   65.0M |
MEM | tot     3.8G | free    2.2G | cache 635.1M | buff   37.8M | slab   65.0M |
MEM | tot     3.8G | free    2.2G | cache 635.1M | buff   37.8M | slab   65.0M |
MEM | tot     3.8G | free    2.2G | cache 635.1M | buff   37.8M | slab   65.0M |
MEM | tot     3.8G | free    2.2G | cache 635.1M | buff   37.8M | slab   65.0M |
MEM | tot     3.8G | free    2.2G | cache 635.1M | buff   37.8M | slab   65.0M |
MEM | tot     3.8G | free    2.2G | cache 635.1M | buff   37.8M | slab   65.0M |
MEM | tot     3.8G | free    2.2G | cache 635.1M | buff   37.8M | slab   65.0M |
MEM | tot     3.8G | free    2.2G | cache 635.1M | buff   37.8M | slab   65.0M |
MEM | tot     3.8G | free    2.2G | cache 635.1M | buff   37.8M | slab   65.0M |
MEM | tot     3.8G | free    2.2G | cache 635.2M | buff   37.8M | slab   65.0M |
MEM | tot     3.8G | free    2.2G | cache 635.2M | buff   37.8M | slab   65.0M |
MEM | tot     3.8G | free    2.2G | cache 635.2M | buff   37.8M | slab   65.0M |
MEM | tot     3.8G | free    2.2G | cache 635.2M | buff   37.8M | slab   65.0M |
MEM | tot     3.8G | free    2.2G | cache 635.2M | buff   37.8M | slab   65.0M |
MEM | tot     3.8G | free    2.2G | cache 635.2M | buff   37.8M | slab   65.0M |
MEM | tot     3.8G | free    2.2G | cache 635.2M | buff   37.8M | slab   65.0M |
MEM | tot     3.8G | free    2.2G | cache 635.2M | buff   37.8M | slab   65.0M |
MEM | tot     3.8G | free    2.2G | cache 635.2M | buff   37.8M | slab   65.0M |
MEM | tot     3.8G | free    2.2G | cache 635.3M | buff   37.8M | slab   65.0M |
MEM | tot     3.8G | free    2.2G | cache 635.3M | buff   37.8M | slab   65.0M |
MEM | tot     3.8G | free    2.2G | cache 635.3M | buff   37.8M | slab   65.0M |
MEM | tot     3.8G | free    2.2G | cache 635.3M | buff   37.8M | slab   65.0M |
MEM | tot     3.8G | free    2.2G | cache 635.3M | buff   37.8M | slab   65.0M |
MEM | tot     3.8G | free    2.2G | cache 635.3M | buff   37.8M | slab   65.0M |
MEM | tot     3.8G | free    2.2G | cache 635.3M | buff   37.8M | slab   65.0M |
MEM | tot     3.8G | free    2.2G | cache 635.3M | buff   37.8M | slab   65.0M |
MEM | tot     3.8G | free    2.2G | cache 635.4M | buff   37.8M | slab   65.0M |
MEM | tot     3.8G | free    2.2G | cache 635.4M | buff   37.8M | slab   65.0M |
MEM | tot     3.8G | free    2.2G | cache 635.4M | buff   37.8M | slab   65.0M |
MEM | tot     3.8G | free    2.2G | cache 635.4M | buff   37.8M | slab   65.0M |
MEM | tot     3.8G | free    2.2G | cache 635.4M | buff   37.8M | slab   65.0M |
MEM | tot     3.8G | free    2.2G | cache 635.4M | buff   37.8M | slab   65.0M |
MEM | tot     3.8G | free    2.2G | cache 635.4M | buff   37.8M | slab   65.0M |
MEM | tot     3.8G | free    2.2G | cache 635.4M | buff   37.8M | slab   65.0M |
MEM | tot     3.8G | free    2.2G | cache 635.4M | buff   37.8M | slab   65.0M |
MEM | tot     3.8G | free    2.2G | cache 635.5M | buff   37.8M | slab   65.0M |
MEM | tot     3.8G | free    2.2G | cache 635.5M | buff   37.8M | slab   65.0M |
MEM | tot     3.8G | free    2.2G | cache 635.5M | buff   37.8M | slab   65.0M |
MEM | tot     3.8G | free    2.2G | cache 635.5M | buff   37.8M | slab   65.0M |
MEM | tot     3.8G | free    2.2G | cache 635.5M | buff   37.8M | slab   65.0M |
MEM | tot     3.8G | free    2.2G | cache 635.5M | buff   37.8M | slab   65.0M |
MEM | tot     3.8G | free    2.2G | cache 635.5M | buff   37.9M | slab   65.0M |
MEM | tot     3.8G | free    2.2G | cache 635.5M | buff   37.9M | slab   65.0M |
MEM | tot     3.8G | free    2.2G | cache 635.5M | buff   37.9M | slab   65.0M |
MEM | tot     3.8G | free    2.2G | cache 635.6M | buff   37.9M | slab   65.0M |
MEM | tot     3.8G | free    2.2G | cache 635.6M | buff   37.9M | slab   65.0M |
MEM | tot     3.8G | free    2.2G | cache 635.6M | buff   37.9M | slab   65.0M |
MEM | tot     3.8G | free    2.2G | cache 635.6M | buff   37.9M | slab   65.0M |
MEM | tot     3.8G | free    2.2G | cache 635.6M | buff   37.9M | slab   65.0M |
MEM | tot     3.8G | free    2.2G | cache 635.6M | buff   37.9M | slab   65.0M |
MEM | tot     3.8G | free    2.2G | cache 635.6M | buff   37.9M | slab   65.0M |
MEM | tot     3.8G | free    2.2G | cache 631.4M | buff   37.9M | slab   65.0M |
MEM | tot     3.8G | free    2.2G | cache 631.3M | buff   37.9M | slab   65.0M |
MEM | tot     3.8G | free    2.2G | cache 631.3M | buff   37.9M | slab   65.0M |
MEM | tot     3.8G | free    2.2G | cache 631.3M | buff   37.9M | slab   65.0M |
MEM | tot     3.8G | free    2.2G | cache 631.4M | buff   37.9M | slab   65.0M |
MEM | tot     3.8G | free    2.2G | cache 631.4M | buff   37.9M | slab   65.0M |
MEM | tot     3.8G | free    2.2G | cache 631.4M | buff   37.9M | slab   65.0M |
MEM | tot     3.8G | free    2.2G | cache 631.4M | buff   37.9M | slab   65.0M |
MEM | tot     3.8G | free    2.2G | cache 631.4M | buff   37.9M | slab   65.0M |
MEM | tot     3.8G | free    2.2G | cache 631.4M | buff   37.9M | slab   65.0M |
MEM | tot     3.8G | free    2.2G | cache 631.4M | buff   37.9M | slab   65.0M |
MEM | tot     3.8G | free    2.2G | cache 631.4M | buff   37.9M | slab   65.0M |
MEM | tot     3.8G | free    2.2G | cache 631.4M | buff   37.9M | slab   65.0M |
MEM | tot     3.8G | free    2.2G | cache 631.5M | buff   37.9M | slab   65.0M |
MEM | tot     3.8G | free    2.2G | cache 631.5M | buff   37.9M | slab   65.0M |
MEM | tot     3.8G | free    2.2G | cache 631.5M | buff   37.9M | slab   65.0M |
MEM | tot     3.8G | free    2.2G | cache 631.5M | buff   37.9M | slab   65.0M |
MEM | tot     3.8G | free    2.2G | cache 631.5M | buff   37.9M | slab   65.0M |
MEM | tot     3.8G | free    2.2G | cache 631.5M | buff   37.9M | slab   65.0M |
MEM | tot     3.8G | free    2.2G | cache 631.5M | buff   37.9M | slab   65.0M |
MEM | tot     3.8G | free    2.2G | cache 631.5M | buff   37.9M | slab   65.0M |
MEM | tot     3.8G | free    2.2G | cache 631.6M | buff   37.9M | slab   65.0M |
MEM | tot     3.8G | free    2.2G | cache 631.6M | buff   37.9M | slab   65.0M |
MEM | tot     3.8G | free    2.2G | cache 631.6M | buff   37.9M | slab   65.0M |
MEM | tot     3.8G | free    2.2G | cache 631.6M | buff   37.9M | slab   65.0M |
MEM | tot     3.8G | free    2.2G | cache 631.6M | buff   37.9M | slab   65.0M |
MEM | tot     3.8G | free    2.2G | cache 631.6M | buff   37.9M | slab   65.0M |
MEM | tot     3.8G | free    2.2G | cache 631.6M | buff   37.9M | slab   65.0M |
MEM | tot     3.8G | free    2.2G | cache 631.6M | buff   37.9M | slab   65.0M |
MEM | tot     3.8G | free    2.2G | cache 631.6M | buff   37.9M | slab   65.0M |
MEM | tot     3.8G | free    2.2G | cache 631.7M | buff   37.9M | slab   65.0M |
MEM | tot     3.8G | free    2.2G | cache 631.7M | buff   37.9M | slab   65.0M |
MEM | tot     3.8G | free    2.2G | cache 631.7M | buff   37.9M | slab   65.0M |
MEM | tot     3.8G | free    2.2G | cache 631.7M | buff   37.9M | slab   65.0M |
MEM | tot     3.8G | free    2.2G | cache 631.7M | buff   37.9M | slab   65.0M |
MEM | tot     3.8G | free    2.2G | cache 631.7M | buff   37.9M | slab   65.0M |
MEM | tot     3.8G | free    2.2G | cache 631.7M | buff   37.9M | slab   65.0M |
MEM | tot     3.8G | free    2.2G | cache 631.7M | buff   37.9M | slab   65.0M |
MEM | tot     3.8G | free    2.2G | cache 631.7M | buff   37.9M | slab   65.0M |
MEM | tot     3.8G | free    2.2G | cache 631.8M | buff   37.9M | slab   65.0M |
MEM | tot     3.8G | free    2.2G | cache 631.8M | buff   37.9M | slab   65.0M |
MEM | tot     3.8G | free    2.2G | cache 631.8M | buff   37.9M | slab   65.0M |
MEM | tot     3.8G | free    2.2G | cache 631.8M | buff   37.9M | slab   65.0M |
MEM | tot     3.8G | free    2.2G | cache 631.8M | buff   37.9M | slab   65.0M |
MEM | tot     3.8G | free    2.2G | cache 631.8M | buff   37.9M | slab   65.0M |
MEM | tot     3.8G | free    2.2G | cache 631.8M | buff   37.9M | slab   65.0M |
MEM | tot     3.8G | free    2.2G | cache 631.8M | buff   37.9M | slab   65.0M |
MEM | tot     3.8G | free    2.2G | cache 631.8M | buff   37.9M | slab   65.0M |
MEM | tot     3.8G | free    2.2G | cache 631.9M | buff   37.9M | slab   65.0M |
MEM | tot     3.8G | free    2.2G | cache 631.9M | buff   37.9M | slab   65.0M |
MEM | tot     3.8G | free    2.2G | cache 631.9M | buff   37.9M | slab   65.0M |
