MEM | tot     3.8G | free    2.3G | cache 627.0M | buff   37.3M | slab   64.8M |
MEM | tot     3.8G | free    2.2G | cache 635.8M | buff   37.3M | slab   64.8M |
MEM | tot     3.8G | free    2.2G | cache 635.9M | buff   37.3M | slab   64.9M |
MEM | tot     3.8G | free    2.2G | cache 635.9M | buff   37.3M | slab   64.9M |
MEM | tot     3.8G | free    2.2G | cache 635.9M | buff   37.3M | slab   64.9M |
MEM | tot     3.8G | free    2.2G | cache 635.9M | buff   37.3M | slab   64.9M |
MEM | tot     3.8G | free    2.2G | cache 635.7M | buff   37.3M | slab   64.9M |
MEM | tot     3.8G | free    2.2G | cache 634.9M | buff   37.3M | slab   64.9M |
MEM | tot     3.8G | free    2.2G | cache 635.0M | buff   37.3M | slab   64.9M |
MEM | tot     3.8G | free    2.2G | cache 635.0M | buff   37.3M | slab   64.9M |
MEM | tot     3.8G | free    2.2G | cache 635.0M | buff   37.3M | slab   64.9M |
MEM | tot     3.8G | free    2.2G | cache 635.0M | buff   37.3M | slab   64.9M |
MEM | tot     3.8G | free    2.2G | cache 635.0M | buff   37.3M | slab   64.9M |
MEM | tot     3.8G | free    2.2G | cache 635.0M | buff   37.3M | slab   64.9M |
MEM | tot     3.8G | free    2.2G | cache 635.0M | buff   37.3M | slab   64.9M |
MEM | tot     3.8G | free    2.2G | cache 635.0M | buff   37.3M | slab   64.9M |
MEM | tot     3.8G | free    2.2G | cache 635.1M | buff   37.3M | slab   64.9M |
MEM | tot     3.8G | free    2.2G | cache 635.1M | buff   37.3M | slab   64.9M |
MEM | tot     3.8G | free    2.2G | cache 635.1M | buff   37.3M | slab   64.9M |
MEM | tot     3.8G | free    2.2G | cache 635.1M | buff   37.3M | slab   64.9M |
MEM | tot     3.8G | free    2.2G | cache 635.1M | buff   37.4M | slab   64.9M |
MEM | tot     3.8G | free    2.2G | cache 635.1M | buff   37.4M | slab   64.9M |
MEM | tot     3.8G | free    2.2G | cache 635.1M | buff   37.4M | slab   64.9M |
MEM | tot     3.8G | free    2.2G | cache 635.1M | buff   37.4M | slab   64.9M |
MEM | tot     3.8G | free    2.2G | cache 635.1M | buff   37.4M | slab   64.9M |
MEM | tot     3.8G | free    2.2G | cache 635.2M | buff   37.4M | slab   64.9M |
MEM | tot     3.8G | free    2.2G | cache 635.2M | buff   37.4M | slab   64.9M |
MEM | tot     3.8G | free    2.2G | cache 635.2M | buff   37.4M | slab   64.9M |
MEM | tot     3.8G | free    2.2G | cache 635.2M | buff   37.4M | slab   64.9M |
MEM | tot     3.8G | free    2.2G | cache 635.2M | buff   37.4M | slab   64.9M |
MEM | tot     3.8G | free    2.2G | cache 635.2M | buff   37.4M | slab   64.9M |
MEM | tot     3.8G | free    2.2G | cache 635.2M | buff   37.4M | slab   64.9M |
MEM | tot     3.8G | free    2.2G | cache 635.2M | buff   37.4M | slab   64.9M |
MEM | tot     3.8G | free    2.2G | cache 635.2M | buff   37.4M | slab   64.9M |
MEM | tot     3.8G | free    2.2G | cache 635.3M | buff   37.4M | slab   64.9M |
MEM | tot     3.8G | free    2.2G | cache 635.3M | buff   37.4M | slab   64.9M |
MEM | tot     3.8G | free    2.2G | cache 635.3M | buff   37.4M | slab   64.9M |
MEM | tot     3.8G | free    2.2G | cache 635.3M | buff   37.4M | slab   64.9M |
MEM | tot     3.8G | free    2.2G | cache 635.3M | buff   37.4M | slab   64.9M |
MEM | tot     3.8G | free    2.2G | cache 635.4M | buff   37.4M | slab   64.9M |
MEM | tot     3.8G | free    2.2G | cache 635.4M | buff   37.4M | slab   64.9M |
MEM | tot     3.8G | free    2.2G | cache 635.5M | buff   37.4M | slab   64.9M |
MEM | tot     3.8G | free    2.2G | cache 635.5M | buff   37.4M | slab   64.9M |
MEM | tot     3.8G | free    2.2G | cache 635.5M | buff   37.4M | slab   64.9M |
MEM | tot     3.8G | free    2.2G | cache 635.5M | buff   37.4M | slab   64.9M |
MEM | tot     3.8G | free    2.2G | cache 635.5M | buff   37.4M | slab   64.9M |
MEM | tot     3.8G | free    2.2G | cache 635.5M | buff   37.4M | slab   64.9M |
MEM | tot     3.8G | free    2.2G | cache 635.5M | buff   37.4M | slab   64.9M |
MEM | tot     3.8G | free    2.2G | cache 635.5M | buff   37.4M | slab   64.9M |
MEM | tot     3.8G | free    2.2G | cache 635.5M | buff   37.4M | slab   64.9M |
MEM | tot     3.8G | free    2.2G | cache 635.6M | buff   37.4M | slab   64.9M |
MEM | tot     3.8G | free    2.2G | cache 635.6M | buff   37.4M | slab   64.9M |
MEM | tot     3.8G | free    2.2G | cache 635.6M | buff   37.4M | slab   64.9M |
MEM | tot     3.8G | free    2.2G | cache 635.6M | buff   37.4M | slab   64.9M |
MEM | tot     3.8G | free    2.2G | cache 635.6M | buff   37.4M | slab   64.9M |
MEM | tot     3.8G | free    2.2G | cache 635.6M | buff   37.4M | slab   64.9M |
MEM | tot     3.8G | free    2.2G | cache 635.6M | buff   37.4M | slab   64.9M |
MEM | tot     3.8G | free    2.2G | cache 635.6M | buff   37.4M | slab   64.9M |
MEM | tot     3.8G | free    2.2G | cache 635.6M | buff   37.4M | slab   64.9M |
MEM | tot     3.8G | free    2.2G | cache 635.7M | buff   37.4M | slab   64.9M |
MEM | tot     3.8G | free    2.2G | cache 635.7M | buff   37.4M | slab   64.9M |
MEM | tot     3.8G | free    2.2G | cache 635.7M | buff   37.4M | slab   64.9M |
MEM | tot     3.8G | free    2.2G | cache 635.7M | buff   37.4M | slab   64.9M |
MEM | tot     3.8G | free    2.2G | cache 635.7M | buff   37.4M | slab   64.9M |
MEM | tot     3.8G | free    2.2G | cache 635.7M | buff   37.4M | slab   64.9M |
MEM | tot     3.8G | free    2.2G | cache 635.7M | buff   37.4M | slab   64.9M |
MEM | tot     3.8G | free    2.2G | cache 635.7M | buff   37.4M | slab   64.9M |
MEM | tot     3.8G | free    2.2G | cache 635.8M | buff   37.4M | slab   64.9M |
MEM | tot     3.8G | free    2.2G | cache 635.8M | buff   37.4M | slab   64.9M |
MEM | tot     3.8G | free    2.2G | cache 635.8M | buff   37.4M | slab   64.9M |
MEM | tot     3.8G | free    2.2G | cache 635.8M | buff   37.4M | slab   64.9M |
MEM | tot     3.8G | free    2.2G | cache 631.4M | buff   37.5M | slab   64.9M |
MEM | tot     3.8G | free    2.2G | cache 631.4M | buff   37.5M | slab   64.9M |
MEM | tot     3.8G | free    2.2G | cache 631.4M | buff   37.5M | slab   64.9M |
MEM | tot     3.8G | free    2.2G | cache 631.4M | buff   37.5M | slab   64.9M |
MEM | tot     3.8G | free    2.2G | cache 631.4M | buff   37.5M | slab   64.9M |
MEM | tot     3.8G | free    2.2G | cache 631.4M | buff   37.5M | slab   64.9M |
MEM | tot     3.8G | free    2.2G | cache 631.4M | buff   37.5M | slab   64.9M |
MEM | tot     3.8G | free    2.2G | cache 631.4M | buff   37.5M | slab   64.9M |
MEM | tot     3.8G | free    2.2G | cache 631.4M | buff   37.5M | slab   64.9M |
MEM | tot     3.8G | free    2.2G | cache 631.5M | buff   37.5M | slab   64.9M |
MEM | tot     3.8G | free    2.2G | cache 631.5M | buff   37.5M | slab   64.9M |
MEM | tot     3.8G | free    2.2G | cache 631.5M | buff   37.5M | slab   64.9M |
MEM | tot     3.8G | free    2.2G | cache 631.5M | buff   37.5M | slab   64.9M |
MEM | tot     3.8G | free    2.2G | cache 631.5M | buff   37.5M | slab   64.9M |
MEM | tot     3.8G | free    2.2G | cache 631.5M | buff   37.5M | slab   64.9M |
MEM | tot     3.8G | free    2.2G | cache 631.5M | buff   37.5M | slab   64.9M |
MEM | tot     3.8G | free    2.2G | cache 631.5M | buff   37.5M | slab   64.9M |
MEM | tot     3.8G | free    2.2G | cache 631.5M | buff   37.5M | slab   64.9M |
MEM | tot     3.8G | free    2.2G | cache 631.6M | buff   37.5M | slab   64.9M |
MEM | tot     3.8G | free    2.2G | cache 631.6M | buff   37.5M | slab   64.9M |
MEM | tot     3.8G | free    2.2G | cache 631.6M | buff   37.5M | slab   64.9M |
MEM | tot     3.8G | free    2.2G | cache 631.6M | buff   37.5M | slab   64.9M |
MEM | tot     3.8G | free    2.2G | cache 631.6M | buff   37.5M | slab   64.9M |
MEM | tot     3.8G | free    2.2G | cache 631.6M | buff   37.5M | slab   64.9M |
MEM | tot     3.8G | free    2.2G | cache 631.6M | buff   37.5M | slab   64.9M |
MEM | tot     3.8G | free    2.2G | cache 631.6M | buff   37.5M | slab   64.9M |
MEM | tot     3.8G | free    2.2G | cache 631.6M | buff   37.5M | slab   64.9M |
MEM | tot     3.8G | free    2.2G | cache 631.7M | buff   37.5M | slab   64.9M |
MEM | tot     3.8G | free    2.2G | cache 631.7M | buff   37.5M | slab   64.9M |
MEM | tot     3.8G | free    2.2G | cache 631.7M | buff   37.5M | slab   64.9M |
MEM | tot     3.8G | free    2.2G | cache 631.7M | buff   37.5M | slab   64.9M |
MEM | tot     3.8G | free    2.2G | cache 631.7M | buff   37.5M | slab   64.9M |
MEM | tot     3.8G | free    2.2G | cache 631.7M | buff   37.5M | slab   64.9M |
MEM | tot     3.8G | free    2.2G | cache 631.7M | buff   37.5M | slab   64.9M |
MEM | tot     3.8G | free    2.2G | cache 631.7M | buff   37.5M | slab   64.9M |
MEM | tot     3.8G | free    2.2G | cache 631.8M | buff   37.5M | slab   64.9M |
MEM | tot     3.8G | free    2.2G | cache 631.8M | buff   37.5M | slab   64.9M |
MEM | tot     3.8G | free    2.2G | cache 631.8M | buff   37.5M | slab   64.9M |
MEM | tot     3.8G | free    2.2G | cache 631.8M | buff   37.5M | slab   64.9M |
MEM | tot     3.8G | free    2.2G | cache 631.8M | buff   37.5M | slab   64.9M |
MEM | tot     3.8G | free    2.2G | cache 631.8M | buff   37.5M | slab   64.9M |
MEM | tot     3.8G | free    2.2G | cache 631.8M | buff   37.5M | slab   64.9M |
MEM | tot     3.8G | free    2.2G | cache 631.8M | buff   37.5M | slab   64.9M |
MEM | tot     3.8G | free    2.2G | cache 631.8M | buff   37.5M | slab   64.9M |
MEM | tot     3.8G | free    2.2G | cache 631.9M | buff   37.5M | slab   64.9M |
MEM | tot     3.8G | free    2.2G | cache 631.9M | buff   37.5M | slab   64.9M |
MEM | tot     3.8G | free    2.2G | cache 631.9M | buff   37.5M | slab   64.9M |
MEM | tot     3.8G | free    2.2G | cache 631.9M | buff   37.5M | slab   64.9M |
MEM | tot     3.8G | free    2.2G | cache 631.9M | buff   37.5M | slab   64.9M |
MEM | tot     3.8G | free    2.2G | cache 631.9M | buff   37.5M | slab   64.9M |
MEM | tot     3.8G | free    2.2G | cache 631.9M | buff   37.6M | slab   64.9M |
MEM | tot     3.8G | free    2.2G | cache 631.9M | buff   37.6M | slab   64.9M |
MEM | tot     3.8G | free    2.2G | cache 631.9M | buff   37.6M | slab   64.9M |
MEM | tot     3.8G | free    2.2G | cache 632.0M | buff   37.6M | slab   64.9M |
MEM | tot     3.8G | free    2.2G | cache 632.0M | buff   37.6M | slab   64.9M |
MEM | tot     3.8G | free    2.2G | cache 632.0M | buff   37.6M | slab   64.9M |
MEM | tot     3.8G | free    2.2G | cache 632.0M | buff   37.6M | slab   64.9M |
MEM | tot     3.8G | free    2.2G | cache 632.0M | buff   37.6M | slab   64.9M |
MEM | tot     3.8G | free    2.2G | cache 632.0M | buff   37.6M | slab   64.9M |
MEM | tot     3.8G | free    2.2G | cache 632.0M | buff   37.6M | slab   64.9M |
MEM | tot     3.8G | free    2.2G | cache 632.0M | buff   37.6M | slab   64.9M |
MEM | tot     3.8G | free    2.2G | cache 632.0M | buff   37.6M | slab   64.9M |
MEM | tot     3.8G | free    2.2G | cache 632.1M | buff   37.6M | slab   64.9M |
MEM | tot     3.8G | free    2.2G | cache 632.1M | buff   37.6M | slab   64.9M |
MEM | tot     3.8G | free    2.2G | cache 632.1M | buff   37.6M | slab   64.9M |
MEM | tot     3.8G | free    2.2G | cache 632.1M | buff   37.6M | slab   64.9M |
MEM | tot     3.8G | free    2.2G | cache 632.1M | buff   37.6M | slab   64.9M |
MEM | tot     3.8G | free    2.2G | cache 632.1M | buff   37.6M | slab   64.9M |
MEM | tot     3.8G | free    2.2G | cache 632.1M | buff   37.6M | slab   64.9M |
MEM | tot     3.8G | free    2.2G | cache 632.1M | buff   37.6M | slab   64.9M |
MEM | tot     3.8G | free    2.2G | cache 632.1M | buff   37.6M | slab   64.9M |
MEM | tot     3.8G | free    2.2G | cache 632.2M | buff   37.6M | slab   64.9M |
MEM | tot     3.8G | free    2.2G | cache 632.2M | buff   37.6M | slab   64.9M |
MEM | tot     3.8G | free    2.2G | cache 632.2M | buff   37.6M | slab   64.9M |
MEM | tot     3.8G | free    2.2G | cache 632.2M | buff   37.6M | slab   64.9M |
MEM | tot     3.8G | free    2.2G | cache 632.2M | buff   37.6M | slab   64.9M |
MEM | tot     3.8G | free    2.2G | cache 632.2M | buff   37.6M | slab   64.9M |
MEM | tot     3.8G | free    2.2G | cache 632.2M | buff   37.6M | slab   64.9M |
MEM | tot     3.8G | free    2.2G | cache 632.2M | buff   37.6M | slab   64.9M |
MEM | tot     3.8G | free    2.2G | cache 632.2M | buff   37.6M | slab   64.9M |
MEM | tot     3.8G | free    2.2G | cache 632.3M | buff   37.6M | slab   64.9M |
MEM | tot     3.8G | free    2.2G | cache 632.3M | buff   37.6M | slab   64.9M |
MEM | tot     3.8G | free    2.2G | cache 632.3M | buff   37.6M | slab   64.9M |
MEM | tot     3.8G | free    2.2G | cache 632.3M | buff   37.6M | slab   64.9M |
MEM | tot     3.8G | free    2.2G | cache 632.3M | buff   37.6M | slab   64.9M |
MEM | tot     3.8G | free    2.2G | cache 632.3M | buff   37.6M | slab   64.9M |
MEM | tot     3.8G | free    2.2G | cache 632.3M | buff   37.6M | slab   64.9M |
MEM | tot     3.8G | free    2.2G | cache 632.3M | buff   37.6M | slab   64.9M |
MEM | tot     3.8G | free    2.2G | cache 632.4M | buff   37.6M | slab   64.9M |
MEM | tot     3.8G | free    2.2G | cache 632.4M | buff   37.6M | slab   64.9M |
MEM | tot     3.8G | free    2.2G | cache 632.4M | buff   37.6M | slab   64.9M |
MEM | tot     3.8G | free    2.2G | cache 632.4M | buff   37.6M | slab   64.9M |
MEM | tot     3.8G | free    2.2G | cache 632.4M | buff   37.6M | slab   64.9M |
MEM | tot     3.8G | free    2.2G | cache 632.4M | buff   37.6M | slab   64.9M |
MEM | tot     3.8G | free    2.2G | cache 632.4M | buff   37.6M | slab   64.9M |
MEM | tot     3.8G | free    2.2G | cache 632.4M | buff   37.6M | slab   64.9M |
MEM | tot     3.8G | free    2.2G | cache 632.4M | buff   37.6M | slab   64.9M |
MEM | tot     3.8G | free    2.2G | cache 632.5M | buff   37.6M | slab   64.9M |
MEM | tot     3.8G | free    2.2G | cache 632.5M | buff   37.6M | slab   64.9M |
MEM | tot     3.8G | free    2.2G | cache 632.5M | buff   37.6M | slab   64.9M |
MEM | tot     3.8G | free    2.2G | cache 632.5M | buff   37.6M | slab   64.9M |
MEM | tot     3.8G | free    2.2G | cache 632.5M | buff   37.6M | slab   64.9M |
MEM | tot     3.8G | free    2.2G | cache 632.5M | buff   37.6M | slab   64.9M |
MEM | tot     3.8G | free    2.2G | cache 632.5M | buff   37.6M | slab   64.9M |
MEM | tot     3.8G | free    2.2G | cache 632.5M | buff   37.6M | slab   64.9M |
MEM | tot     3.8G | free    2.2G | cache 632.5M | buff   37.6M | slab   64.9M |
MEM | tot     3.8G | free    2.2G | cache 632.6M | buff   37.6M | slab   64.9M |
MEM | tot     3.8G | free    2.2G | cache 632.6M | buff   37.6M | slab   64.9M |
MEM | tot     3.8G | free    2.2G | cache 632.6M | buff   37.6M | slab   64.9M |
MEM | tot     3.8G | free    2.2G | cache 632.6M | buff   37.6M | slab   64.9M |
MEM | tot     3.8G | free    2.2G | cache 632.6M | buff   37.6M | slab   64.9M |
MEM | tot     3.8G | free    2.2G | cache 632.6M | buff   37.6M | slab   64.9M |
MEM | tot     3.8G | free    2.2G | cache 632.6M | buff   37.6M | slab   64.9M |
MEM | tot     3.8G | free    2.2G | cache 632.6M | buff   37.6M | slab   64.9M |
MEM | tot     3.8G | free    2.2G | cache 632.6M | buff   37.6M | slab   64.9M |
MEM | tot     3.8G | free    2.2G | cache 632.7M | buff   37.7M | slab   64.9M |
MEM | tot     3.8G | free    2.2G | cache 632.7M | buff   37.7M | slab   64.9M |
MEM | tot     3.8G | free    2.2G | cache 632.7M | buff   37.7M | slab   64.9M |
MEM | tot     3.8G | free    2.2G | cache 632.7M | buff   37.7M | slab   64.9M |
MEM | tot     3.8G | free    2.2G | cache 632.7M | buff   37.7M | slab   64.9M |
MEM | tot     3.8G | free    2.2G | cache 632.7M | buff   37.7M | slab   64.9M |
MEM | tot     3.8G | free    2.2G | cache 632.7M | buff   37.7M | slab   64.9M |
MEM | tot     3.8G | free    2.2G | cache 632.7M | buff   37.7M | slab   64.9M |
MEM | tot     3.8G | free    2.2G | cache 632.7M | buff   37.7M | slab   64.9M |
MEM | tot     3.8G | free    2.2G | cache 632.8M | buff   37.7M | slab   64.9M |
MEM | tot     3.8G | free    2.2G | cache 632.8M | buff   37.7M | slab   64.9M |
MEM | tot     3.8G | free    2.2G | cache 632.8M | buff   37.7M | slab   64.9M |
MEM | tot     3.8G | free    2.2G | cache 632.8M | buff   37.7M | slab   64.9M |
MEM | tot     3.8G | free    2.2G | cache 632.8M | buff   37.7M | slab   64.9M |
MEM | tot     3.8G | free    2.2G | cache 632.8M | buff   37.7M | slab   64.9M |
MEM | tot     3.8G | free    2.2G | cache 632.8M | buff   37.7M | slab   64.9M |
MEM | tot     3.8G | free    2.2G | cache 632.8M | buff   37.7M | slab   64.9M |
MEM | tot     3.8G | free    2.2G | cache 632.8M | buff   37.7M | slab   64.9M |
MEM | tot     3.8G | free    2.2G | cache 632.9M | buff   37.7M | slab   64.9M |
MEM | tot     3.8G | free    2.2G | cache 632.9M | buff   37.7M | slab   64.9M |
MEM | tot     3.8G | free    2.2G | cache 632.9M | buff   37.7M | slab   64.9M |
MEM | tot     3.8G | free    2.2G | cache 632.9M | buff   37.7M | slab   64.9M |
MEM | tot     3.8G | free    2.2G | cache 632.9M | buff   37.7M | slab   64.9M |
MEM | tot     3.8G | free    2.2G | cache 632.9M | buff   37.7M | slab   64.9M |
MEM | tot     3.8G | free    2.2G | cache 632.9M | buff   37.7M | slab   64.9M |
MEM | tot     3.8G | free    2.2G | cache 632.9M | buff   37.7M | slab   64.9M |
MEM | tot     3.8G | free    2.2G | cache 632.9M | buff   37.7M | slab   64.9M |
MEM | tot     3.8G | free    2.2G | cache 633.0M | buff   37.7M | slab   64.9M |
MEM | tot     3.8G | free    2.2G | cache 633.0M | buff   37.7M | slab   64.9M |
MEM | tot     3.8G | free    2.2G | cache 633.0M | buff   37.7M | slab   64.9M |
MEM | tot     3.8G | free    2.2G | cache 633.0M | buff   37.7M | slab   64.9M |
MEM | tot     3.8G | free    2.2G | cache 633.0M | buff   37.7M | slab   64.9M |
MEM | tot     3.8G | free    2.2G | cache 633.0M | buff   37.7M | slab   64.9M |
MEM | tot     3.8G | free    2.2G | cache 633.0M | buff   37.7M | slab   64.9M |
MEM | tot     3.8G | free    2.2G | cache 633.0M | buff   37.7M | slab   64.9M |
MEM | tot     3.8G | free    2.2G | cache 633.0M | buff   37.7M | slab   64.9M |
MEM | tot     3.8G | free    2.2G | cache 633.1M | buff   37.7M | slab   64.9M |
MEM | tot     3.8G | free    2.2G | cache 633.1M | buff   37.7M | slab   64.9M |
MEM | tot     3.8G | free    2.2G | cache 633.1M | buff   37.7M | slab   64.9M |
MEM | tot     3.8G | free    2.2G | cache 633.1M | buff   37.7M | slab   64.9M |
MEM | tot     3.8G | free    2.2G | cache 633.1M | buff   37.7M | slab   64.9M |
MEM | tot     3.8G | free    2.2G | cache 633.1M | buff   37.7M | slab   64.9M |
