MEM | tot     3.8G | free    2.3G | cache 627.2M | buff   37.7M | slab   64.8M |
MEM | tot     3.8G | free    2.2G | cache 638.2M | buff   37.7M | slab   65.0M |
MEM | tot     3.8G | free    2.2G | cache 645.1M | buff   37.7M | slab   65.0M |
MEM | tot     3.8G | free    2.2G | cache 645.1M | buff   37.7M | slab   65.0M |
MEM | tot     3.8G | free    2.2G | cache 645.1M | buff   37.7M | slab   65.0M |
MEM | tot     3.8G | free    2.2G | cache 645.1M | buff   37.7M | slab   65.0M |
MEM | tot     3.8G | free    2.2G | cache 645.1M | buff   37.7M | slab   65.0M |
MEM | tot     3.8G | free    2.2G | cache 634.9M | buff   37.7M | slab   65.0M |
MEM | tot     3.8G | free    2.2G | cache 634.9M | buff   37.7M | slab   65.0M |
MEM | tot     3.8G | free    2.2G | cache 634.9M | buff   37.7M | slab   65.0M |
MEM | tot     3.8G | free    2.2G | cache 634.9M | buff   37.7M | slab   65.0M |
MEM | tot     3.8G | free    2.2G | cache 634.9M | buff   37.7M | slab   65.0M |
MEM | tot     3.8G | free    2.2G | cache 635.0M | buff   37.7M | slab   65.0M |
MEM | tot     3.8G | free    2.2G | cache 635.0M | buff   37.7M | slab   65.0M |
MEM | tot     3.8G | free    2.2G | cache 635.0M | buff   37.7M | slab   65.0M |
MEM | tot     3.8G | free    2.2G | cache 635.0M | buff   37.8M | slab   65.0M |
MEM | tot     3.8G | free    2.2G | cache 635.0M | buff   37.8M | slab   65.0M |
MEM | tot     3.8G | free    2.2G | cache 635.0M | buff   37.8M | slab   65.0M |
MEM | tot     3.8G | free    2.2G | cache 635.0M | buff   37.8M | slab   65.0M |
MEM | tot     3.8G | free    2.2G | cache 635.0M | buff   37.8M | slab   65.0M |
MEM | tot     3.8G | free    2.2G | cache 635.0M | buff   37.8M | slab   65.0M |
