MEM | tot     3.8G | free    2.3G | cache 627.3M | buff   37.9M | slab   64.9M |
MEM | tot     3.8G | free    2.2G | cache 638.1M | buff   37.9M | slab   65.0M |
MEM | tot     3.8G | free    2.2G | cache 645.1M | buff   37.9M | slab   65.0M |
MEM | tot     3.8G | free    2.2G | cache 645.1M | buff   37.9M | slab   65.0M |
MEM | tot     3.8G | free    2.2G | cache 645.2M | buff   37.9M | slab   65.0M |
MEM | tot     3.8G | free    2.2G | cache 645.2M | buff   38.0M | slab   65.0M |
MEM | tot     3.8G | free    2.2G | cache 644.9M | buff   38.0M | slab   65.0M |
MEM | tot     3.8G | free    2.2G | cache 635.0M | buff   38.0M | slab   65.0M |
MEM | tot     3.8G | free    2.2G | cache 635.0M | buff   38.0M | slab   65.0M |
MEM | tot     3.8G | free    2.2G | cache 635.0M | buff   38.0M | slab   65.0M |
MEM | tot     3.8G | free    2.2G | cache 635.0M | buff   38.0M | slab   65.0M |
MEM | tot     3.8G | free    2.2G | cache 635.0M | buff   38.0M | slab   65.0M |
MEM | tot     3.8G | free    2.2G | cache 635.0M | buff   38.0M | slab   65.0M |
MEM | tot     3.8G | free    2.2G | cache 635.0M | buff   38.0M | slab   65.0M |
MEM | tot     3.8G | free    2.2G | cache 635.0M | buff   38.0M | slab   65.0M |
MEM | tot     3.8G | free    2.2G | cache 635.0M | buff   38.0M | slab   65.0M |
MEM | tot     3.8G | free    2.2G | cache 635.1M | buff   38.0M | slab   65.0M |
MEM | tot     3.8G | free    2.2G | cache 635.1M | buff   38.0M | slab   65.0M |
MEM | tot     3.8G | free    2.2G | cache 635.1M | buff   38.0M | slab   65.0M |
MEM | tot     3.8G | free    2.2G | cache 635.1M | buff   38.0M | slab   65.0M |
MEM | tot     3.8G | free    2.2G | cache 635.1M | buff   38.0M | slab   65.0M |
MEM | tot     3.8G | free    2.2G | cache 635.2M | buff   38.0M | slab   65.0M |
MEM | tot     3.8G | free    2.2G | cache 635.2M | buff   38.0M | slab   65.0M |
MEM | tot     3.8G | free    2.2G | cache 635.3M | buff   38.0M | slab   65.0M |
MEM | tot     3.8G | free    2.2G | cache 635.3M | buff   38.0M | slab   65.0M |
MEM | tot     3.8G | free    2.2G | cache 635.3M | buff   38.0M | slab   65.0M |
MEM | tot     3.8G | free    2.2G | cache 635.3M | buff   38.0M | slab   65.0M |
MEM | tot     3.8G | free    2.2G | cache 635.3M | buff   38.0M | slab   65.0M |
MEM | tot     3.8G | free    2.2G | cache 635.3M | buff   38.0M | slab   65.0M |
MEM | tot     3.8G | free    2.2G | cache 635.3M | buff   38.0M | slab   65.0M |
MEM | tot     3.8G | free    2.2G | cache 635.3M | buff   38.0M | slab   65.0M |
MEM | tot     3.8G | free    2.2G | cache 635.3M | buff   38.0M | slab   65.0M |
MEM | tot     3.8G | free    2.2G | cache 635.4M | buff   38.0M | slab   65.0M |
MEM | tot     3.8G | free    2.2G | cache 635.4M | buff   38.0M | slab   65.0M |
MEM | tot     3.8G | free    2.2G | cache 635.4M | buff   38.0M | slab   65.0M |
MEM | tot     3.8G | free    2.2G | cache 635.4M | buff   38.0M | slab   65.0M |
MEM | tot     3.8G | free    2.2G | cache 635.4M | buff   38.0M | slab   65.0M |
MEM | tot     3.8G | free    2.2G | cache 635.4M | buff   38.0M | slab   65.0M |
MEM | tot     3.8G | free    2.2G | cache 635.4M | buff   38.0M | slab   65.0M |
MEM | tot     3.8G | free    2.2G | cache 635.4M | buff   38.0M | slab   65.0M |
MEM | tot     3.8G | free    2.2G | cache 635.4M | buff   38.0M | slab   65.0M |
MEM | tot     3.8G | free    2.2G | cache 635.5M | buff   38.0M | slab   65.0M |
MEM | tot     3.8G | free    2.2G | cache 635.5M | buff   38.0M | slab   65.0M |
MEM | tot     3.8G | free    2.2G | cache 635.5M | buff   38.0M | slab   65.0M |
MEM | tot     3.8G | free    2.2G | cache 635.5M | buff   38.0M | slab   65.0M |
MEM | tot     3.8G | free    2.2G | cache 635.5M | buff   38.0M | slab   65.0M |
MEM | tot     3.8G | free    2.2G | cache 635.5M | buff   38.0M | slab   65.0M |
MEM | tot     3.8G | free    2.2G | cache 635.5M | buff   38.0M | slab   65.0M |
MEM | tot     3.8G | free    2.2G | cache 635.6M | buff   38.0M | slab   65.0M |
MEM | tot     3.8G | free    2.2G | cache 635.6M | buff   38.0M | slab   65.0M |
MEM | tot     3.8G | free    2.2G | cache 635.6M | buff   38.0M | slab   65.0M |
MEM | tot     3.8G | free    2.2G | cache 635.6M | buff   38.0M | slab   65.0M |
MEM | tot     3.8G | free    2.2G | cache 635.6M | buff   38.0M | slab   65.0M |
MEM | tot     3.8G | free    2.2G | cache 635.6M | buff   38.0M | slab   65.0M |
MEM | tot     3.8G | free    2.2G | cache 635.6M | buff   38.0M | slab   65.0M |
MEM | tot     3.8G | free    2.2G | cache 635.6M | buff   38.0M | slab   65.0M |
MEM | tot     3.8G | free    2.2G | cache 635.6M | buff   38.0M | slab   65.0M |
MEM | tot     3.8G | free    2.2G | cache 635.7M | buff   38.0M | slab   65.0M |
MEM | tot     3.8G | free    2.2G | cache 635.7M | buff   38.0M | slab   65.0M |
MEM | tot     3.8G | free    2.2G | cache 635.7M | buff   38.0M | slab   65.0M |
MEM | tot     3.8G | free    2.2G | cache 635.7M | buff   38.0M | slab   65.0M |
MEM | tot     3.8G | free    2.2G | cache 635.7M | buff   38.0M | slab   65.0M |
MEM | tot     3.8G | free    2.2G | cache 635.7M | buff   38.0M | slab   65.0M |
MEM | tot     3.8G | free    2.2G | cache 635.7M | buff   38.0M | slab   65.0M |
MEM | tot     3.8G | free    2.2G | cache 635.7M | buff   38.0M | slab   65.0M |
MEM | tot     3.8G | free    2.2G | cache 635.7M | buff   38.1M | slab   65.0M |
MEM | tot     3.8G | free    2.2G | cache 635.8M | buff   38.1M | slab   65.0M |
MEM | tot     3.8G | free    2.2G | cache 635.8M | buff   38.1M | slab   65.0M |
MEM | tot     3.8G | free    2.2G | cache 635.8M | buff   38.1M | slab   65.0M |
MEM | tot     3.8G | free    2.2G | cache 635.8M | buff   38.1M | slab   65.0M |
MEM | tot     3.8G | free    2.2G | cache 635.8M | buff   38.1M | slab   65.0M |
MEM | tot     3.8G | free    2.2G | cache 635.8M | buff   38.1M | slab   65.0M |
MEM | tot     3.8G | free    2.2G | cache 631.5M | buff   38.1M | slab   65.0M |
MEM | tot     3.8G | free    2.2G | cache 631.5M | buff   38.1M | slab   65.0M |
MEM | tot     3.8G | free    2.2G | cache 631.5M | buff   38.1M | slab   65.0M |
MEM | tot     3.8G | free    2.2G | cache 631.5M | buff   38.1M | slab   65.0M |
MEM | tot     3.8G | free    2.2G | cache 631.6M | buff   38.1M | slab   65.0M |
MEM | tot     3.8G | free    2.2G | cache 631.6M | buff   38.1M | slab   65.0M |
MEM | tot     3.8G | free    2.2G | cache 631.6M | buff   38.1M | slab   65.0M |
MEM | tot     3.8G | free    2.2G | cache 631.6M | buff   38.1M | slab   65.0M |
MEM | tot     3.8G | free    2.2G | cache 631.6M | buff   38.1M | slab   65.0M |
MEM | tot     3.8G | free    2.2G | cache 631.6M | buff   38.1M | slab   65.0M |
MEM | tot     3.8G | free    2.2G | cache 631.6M | buff   38.1M | slab   65.0M |
MEM | tot     3.8G | free    2.2G | cache 631.6M | buff   38.1M | slab   65.0M |
MEM | tot     3.8G | free    2.2G | cache 631.6M | buff   38.1M | slab   65.0M |
MEM | tot     3.8G | free    2.2G | cache 631.7M | buff   38.1M | slab   65.0M |
MEM | tot     3.8G | free    2.2G | cache 631.7M | buff   38.1M | slab   65.0M |
MEM | tot     3.8G | free    2.2G | cache 631.7M | buff   38.1M | slab   65.0M |
MEM | tot     3.8G | free    2.2G | cache 631.7M | buff   38.1M | slab   65.0M |
MEM | tot     3.8G | free    2.2G | cache 631.7M | buff   38.1M | slab   65.0M |
MEM | tot     3.8G | free    2.2G | cache 631.7M | buff   38.1M | slab   65.0M |
MEM | tot     3.8G | free    2.2G | cache 631.7M | buff   38.1M | slab   65.0M |
MEM | tot     3.8G | free    2.2G | cache 631.7M | buff   38.1M | slab   65.0M |
MEM | tot     3.8G | free    2.2G | cache 631.7M | buff   38.1M | slab   65.0M |
MEM | tot     3.8G | free    2.2G | cache 631.8M | buff   38.1M | slab   65.0M |
MEM | tot     3.8G | free    2.2G | cache 631.8M | buff   38.1M | slab   65.0M |
