CPU,sys,13,user,33,irq,1,idle,30,wait,23,,46
CPU,sys,31,user,69,irq,0,idle,0,wait,0,,100
CPU,sys,23,user,77,irq,0,idle,0,wait,0,,100
CPU,sys,25,user,74,irq,1,idle,0,wait,0,,99
CPU,sys,30,user,66,irq,4,idle,0,wait,0,,96
CPU,sys,28,user,68,irq,4,idle,0,wait,0,,96
CPU,sys,41,user,57,irq,2,idle,0,wait,0,,98
CPU,sys,31,user,67,irq,2,idle,0,wait,0,,98
CPU,sys,30,user,67,irq,3,idle,0,wait,0,,97
CPU,sys,27,user,69,irq,4,idle,0,wait,0,,96
CPU,sys,24,user,75,irq,1,idle,0,wait,0,,99
CPU,sys,34,user,62,irq,4,idle,0,wait,0,,96
CPU,sys,31,user,67,irq,2,idle,0,wait,0,,98
CPU,sys,28,user,68,irq,4,idle,0,wait,0,,96
CPU,sys,33,user,63,irq,4,idle,0,wait,0,,96
CPU,sys,27,user,69,irq,4,idle,0,wait,0,,96
CPU,sys,25,user,73,irq,3,idle,0,wait,0,,98
CPU,sys,28,user,69,irq,3,idle,0,wait,0,,97
CPU,sys,28,user,69,irq,3,idle,0,wait,0,,97
CPU,sys,28,user,70,irq,2,idle,0,wait,0,,98
CPU,sys,25,user,73,irq,2,idle,0,wait,0,,98
,,,,,,,,,,,,
,,,,,,,,,,,média,"97,45"
,,,,,,,,,,,DP,"1,356271980176"
