CPU,sys,13,user,35,irq,1,idle,29,wait,22,,48
CPU,sys,36,user,64,irq,0,idle,0,wait,0,,100
CPU,sys,27,user,73,irq,0,idle,0,wait,0,,100
CPU,sys,32,user,65,irq,3,idle,0,wait,0,,97
CPU,sys,31,user,65,irq,4,idle,0,wait,0,,96
CPU,sys,25,user,73,irq,2,idle,0,wait,0,,98
CPU,sys,35,user,65,irq,0,idle,0,wait,0,,100
CPU,sys,30,user,67,irq,3,idle,0,wait,0,,97
CPU,sys,38,user,58,irq,4,idle,0,wait,0,,96
CPU,sys,30,user,67,irq,3,idle,0,wait,0,,97
CPU,sys,29,user,68,irq,3,idle,0,wait,0,,97
CPU,sys,29,user,69,irq,2,idle,0,wait,0,,98
CPU,sys,28,user,70,irq,2,idle,0,wait,0,,98
CPU,sys,30,user,67,irq,3,idle,0,wait,0,,97
CPU,sys,26,user,70,irq,4,idle,0,wait,0,,96
CPU,sys,36,user,60,irq,4,idle,0,wait,0,,96
CPU,sys,28,user,68,irq,4,idle,0,wait,0,,96
CPU,sys,28,user,70,irq,2,idle,0,wait,0,,98
CPU,sys,32,user,64,irq,4,idle,0,wait,0,,96
CPU,sys,26,user,71,irq,3,idle,0,wait,0,,97
CPU,sys,29,user,66,irq,5,idle,0,wait,0,,95
CPU,sys,37,user,48,irq,3,idle,0,wait,13,,85
CPU,sys,27,user,29,irq,2,idle,0,wait,42,,56
CPU,sys,21,user,27,irq,2,idle,0,wait,50,,48
CPU,sys,20,user,23,irq,3,idle,0,wait,54,,43
CPU,sys,18,user,22,irq,4,idle,0,wait,56,,40
CPU,sys,20,user,22,irq,1,idle,0,wait,57,,42
CPU,sys,26,user,32,irq,1,idle,0,wait,42,,58
CPU,sys,26,user,29,irq,2,idle,0,wait,43,,55
CPU,sys,21,user,27,irq,4,idle,0,wait,48,,48
CPU,sys,22,user,25,irq,2,idle,0,wait,51,,47
CPU,sys,25,user,25,irq,2,idle,0,wait,48,,50
CPU,sys,23,user,22,irq,2,idle,0,wait,54,,45
CPU,sys,19,user,26,irq,2,idle,0,wait,53,,45
CPU,sys,21,user,27,irq,2,idle,0,wait,51,,48
CPU,sys,22,user,28,irq,2,idle,0,wait,48,,50
CPU,sys,21,user,25,irq,2,idle,0,wait,52,,46
CPU,sys,20,user,23,irq,2,idle,0,wait,54,,43
CPU,sys,20,user,21,irq,3,idle,0,wait,56,,41
CPU,sys,21,user,24,irq,2,idle,0,wait,53,,45
CPU,sys,19,user,21,irq,2,idle,0,wait,59,,40
CPU,sys,20,user,23,irq,1,idle,0,wait,56,,43
CPU,sys,19,user,21,irq,1,idle,0,wait,60,,40
CPU,sys,23,user,18,irq,1,idle,0,wait,58,,41
CPU,sys,23,user,18,irq,0,idle,0,wait,59,,41
CPU,sys,18,user,17,irq,3,idle,0,wait,62,,35
CPU,sys,15,user,22,irq,1,idle,0,wait,61,,37
CPU,sys,18,user,22,irq,4,idle,0,wait,56,,40
CPU,sys,22,user,25,irq,2,idle,0,wait,51,,47
CPU,sys,22,user,26,irq,2,idle,0,wait,50,,48
CPU,sys,21,user,23,irq,2,idle,0,wait,53,,44
CPU,sys,19,user,24,irq,1,idle,0,wait,56,,43
CPU,sys,20,user,24,irq,0,idle,0,wait,56,,44
CPU,sys,17,user,24,irq,3,idle,0,wait,56,,41
CPU,sys,22,user,19,irq,0,idle,0,wait,60,,41
CPU,sys,12,user,23,irq,2,idle,0,wait,62,,35
CPU,sys,16,user,23,irq,2,idle,0,wait,59,,39
CPU,sys,17,user,23,irq,2,idle,0,wait,57,,40
CPU,sys,21,user,21,irq,2,idle,0,wait,56,,42
CPU,sys,26,user,31,irq,2,idle,0,wait,41,,57
CPU,sys,21,user,22,irq,3,idle,0,wait,54,,43
CPU,sys,18,user,17,irq,3,idle,0,wait,62,,35
CPU,sys,28,user,20,irq,2,idle,0,wait,49,,48
CPU,sys,19,user,26,irq,2,idle,0,wait,53,,45
CPU,sys,20,user,23,irq,2,idle,0,wait,56,,43
CPU,sys,19,user,21,irq,2,idle,0,wait,59,,40
CPU,sys,24,user,14,irq,2,idle,0,wait,60,,38
CPU,sys,18,user,17,irq,3,idle,0,wait,61,,35
CPU,sys,24,user,20,irq,3,idle,0,wait,54,,44
CPU,sys,21,user,23,irq,2,idle,0,wait,53,,44
CPU,sys,21,user,23,irq,5,idle,0,wait,52,,44
CPU,sys,20,user,21,irq,2,idle,0,wait,58,,41
CPU,sys,21,user,24,irq,0,idle,0,wait,55,,45
CPU,sys,17,user,23,irq,1,idle,0,wait,59,,40
CPU,sys,26,user,21,irq,2,idle,0,wait,51,,47
CPU,sys,22,user,23,irq,2,idle,0,wait,53,,45
CPU,sys,23,user,22,irq,4,idle,0,wait,50,,45
CPU,sys,25,user,24,irq,1,idle,0,wait,50,,49
CPU,sys,24,user,25,irq,1,idle,0,wait,51,,49
CPU,sys,22,user,23,irq,3,idle,0,wait,51,,45
CPU,sys,20,user,22,irq,3,idle,0,wait,56,,42
CPU,sys,18,user,23,irq,1,idle,0,wait,58,,41
CPU,sys,19,user,16,irq,4,idle,0,wait,61,,35
CPU,sys,17,user,25,irq,1,idle,0,wait,57,,42
CPU,sys,16,user,24,irq,2,idle,0,wait,58,,40
CPU,sys,19,user,23,irq,2,idle,0,wait,56,,42
CPU,sys,16,user,22,irq,2,idle,0,wait,59,,38
CPU,sys,23,user,21,irq,2,idle,0,wait,53,,44
CPU,sys,21,user,22,irq,2,idle,0,wait,54,,43
CPU,sys,24,user,29,irq,2,idle,0,wait,45,,53
CPU,sys,26,user,26,irq,2,idle,0,wait,47,,52
CPU,sys,24,user,23,irq,1,idle,0,wait,52,,47
CPU,sys,21,user,21,irq,2,idle,0,wait,57,,42
CPU,sys,25,user,20,irq,1,idle,0,wait,54,,45
CPU,sys,18,user,21,irq,1,idle,0,wait,60,,39
CPU,sys,23,user,18,irq,1,idle,0,wait,57,,41
,,,,,,,,,,,,
,,,,,,,,,,,média,"55,4631578947368"
,,,,,,,,,,,DP,"22,5458447963519"
