CPU,sys,12,user,33,irq,1,idle,32,wait,22,,45
CPU,sys,33,user,67,irq,0,idle,0,wait,0,,100
CPU,sys,23,user,60,irq,2,idle,0,wait,15,,83
CPU,sys,28,user,25,irq,2,idle,0,wait,45,,53
CPU,sys,22,user,22,irq,1,idle,0,wait,55,,44
CPU,sys,26,user,20,irq,0,idle,0,wait,55,,46
CPU,sys,18,user,22,irq,1,idle,0,wait,58,,40
CPU,sys,23,user,34,irq,3,idle,0,wait,40,,57
CPU,sys,19,user,25,irq,1,idle,0,wait,55,,44
CPU,sys,9,user,26,irq,1,idle,0,wait,64,,35
CPU,sys,20,user,18,irq,1,idle,0,wait,62,,38
CPU,sys,21,user,23,irq,2,idle,0,wait,54,,44
CPU,sys,15,user,22,irq,2,idle,0,wait,61,,37
CPU,sys,16,user,26,irq,1,idle,0,wait,57,,42
CPU,sys,17,user,25,irq,3,idle,0,wait,55,,42
CPU,sys,17,user,27,irq,1,idle,0,wait,55,,44
CPU,sys,16,user,25,irq,1,idle,0,wait,58,,41
CPU,sys,20,user,27,irq,2,idle,0,wait,52,,47
CPU,sys,22,user,27,irq,2,idle,0,wait,49,,49
CPU,sys,20,user,28,irq,2,idle,0,wait,50,,48
CPU,sys,22,user,28,irq,2,idle,0,wait,47,,50
CPU,sys,14,user,30,irq,2,idle,0,wait,54,,44
CPU,sys,18,user,28,irq,1,idle,0,wait,53,,46
CPU,sys,19,user,29,irq,2,idle,0,wait,49,,48
CPU,sys,16,user,31,irq,0,idle,0,wait,53,,47
CPU,sys,21,user,26,irq,1,idle,0,wait,52,,47
CPU,sys,18,user,26,irq,2,idle,0,wait,55,,44
CPU,sys,19,user,25,irq,1,idle,0,wait,56,,44
CPU,sys,19,user,23,irq,1,idle,0,wait,57,,42
CPU,sys,18,user,26,irq,1,idle,0,wait,55,,44
CPU,sys,14,user,30,irq,2,idle,0,wait,54,,44
CPU,sys,16,user,29,irq,2,idle,0,wait,53,,45
CPU,sys,17,user,30,irq,1,idle,0,wait,52,,47
CPU,sys,19,user,28,irq,3,idle,0,wait,50,,47
CPU,sys,16,user,28,irq,1,idle,0,wait,55,,44
CPU,sys,23,user,24,irq,0,idle,0,wait,53,,47
CPU,sys,18,user,27,irq,0,idle,0,wait,54,,45
CPU,sys,18,user,27,irq,1,idle,0,wait,54,,45
CPU,sys,23,user,26,irq,1,idle,0,wait,50,,49
CPU,sys,21,user,28,irq,4,idle,0,wait,48,,49
CPU,sys,15,user,32,irq,2,idle,0,wait,51,,47
CPU,sys,19,user,28,irq,2,idle,0,wait,51,,47
CPU,sys,20,user,27,irq,2,idle,0,wait,52,,47
CPU,sys,18,user,29,irq,1,idle,0,wait,52,,47
CPU,sys,17,user,31,irq,1,idle,0,wait,51,,48
CPU,sys,19,user,28,irq,2,idle,0,wait,51,,47
CPU,sys,18,user,29,irq,2,idle,0,wait,52,,47
CPU,sys,17,user,31,irq,1,idle,0,wait,52,,48
CPU,sys,20,user,25,irq,2,idle,0,wait,53,,45
CPU,sys,18,user,28,irq,2,idle,0,wait,53,,46
CPU,sys,14,user,29,irq,2,idle,0,wait,55,,43
CPU,sys,14,user,35,irq,0,idle,0,wait,51,,49
CPU,sys,17,user,24,irq,2,idle,0,wait,56,,41
CPU,sys,18,user,26,irq,1,idle,0,wait,55,,44
CPU,sys,12,user,29,irq,1,idle,0,wait,58,,41
CPU,sys,17,user,27,irq,0,idle,0,wait,56,,44
CPU,sys,12,user,27,irq,1,idle,0,wait,59,,39
CPU,sys,18,user,30,irq,1,idle,0,wait,51,,48
CPU,sys,15,user,27,irq,1,idle,0,wait,57,,42
CPU,sys,19,user,31,irq,1,idle,0,wait,49,,50
CPU,sys,17,user,23,irq,4,idle,0,wait,55,,40
CPU,sys,18,user,29,irq,2,idle,0,wait,51,,47
CPU,sys,16,user,27,irq,2,idle,0,wait,55,,43
CPU,sys,17,user,29,irq,0,idle,0,wait,54,,46
CPU,sys,16,user,26,irq,3,idle,0,wait,55,,42
CPU,sys,17,user,30,irq,2,idle,0,wait,51,,47
CPU,sys,14,user,25,irq,1,idle,0,wait,60,,39
CPU,sys,16,user,24,irq,1,idle,0,wait,59,,40
CPU,sys,19,user,30,irq,1,idle,0,wait,51,,49
CPU,sys,16,user,26,irq,1,idle,0,wait,57,,42
CPU,sys,14,user,29,irq,3,idle,0,wait,54,,43
CPU,sys,16,user,26,irq,0,idle,0,wait,59,,42
CPU,sys,20,user,28,irq,2,idle,0,wait,50,,48
CPU,sys,16,user,32,irq,0,idle,0,wait,52,,48
CPU,sys,14,user,32,irq,2,idle,0,wait,52,,46
CPU,sys,15,user,30,irq,2,idle,0,wait,53,,45
CPU,sys,13,user,31,irq,2,idle,0,wait,54,,44
CPU,sys,17,user,28,irq,1,idle,0,wait,54,,45
CPU,sys,18,user,32,irq,1,idle,0,wait,49,,50
CPU,sys,20,user,25,irq,1,idle,0,wait,54,,45
CPU,sys,18,user,30,irq,1,idle,0,wait,51,,48
CPU,sys,17,user,31,irq,1,idle,0,wait,51,,48
CPU,sys,18,user,28,irq,1,idle,0,wait,53,,46
CPU,sys,14,user,33,irq,1,idle,0,wait,51,,47
CPU,sys,16,user,29,irq,1,idle,0,wait,54,,45
CPU,sys,14,user,34,irq,2,idle,0,wait,50,,48
CPU,sys,15,user,35,irq,0,idle,0,wait,50,,50
CPU,sys,15,user,31,irq,2,idle,0,wait,52,,46
CPU,sys,12,user,28,irq,2,idle,0,wait,58,,40
CPU,sys,14,user,32,irq,1,idle,0,wait,53,,46
CPU,sys,13,user,27,irq,2,idle,0,wait,58,,40
CPU,sys,14,user,29,irq,1,idle,0,wait,56,,43
CPU,sys,18,user,28,irq,0,idle,0,wait,54,,46
CPU,sys,19,user,27,irq,0,idle,0,wait,54,,46
CPU,sys,18,user,26,irq,2,idle,0,wait,54,,44
CPU,sys,14,user,27,irq,0,idle,0,wait,59,,41
CPU,sys,16,user,26,irq,1,idle,0,wait,57,,42
CPU,sys,16,user,25,irq,0,idle,0,wait,59,,41
CPU,sys,15,user,25,irq,1,idle,0,wait,58,,40
CPU,sys,15,user,29,irq,0,idle,0,wait,55,,44
CPU,sys,17,user,30,irq,2,idle,0,wait,51,,47
CPU,sys,15,user,29,irq,2,idle,0,wait,54,,44
CPU,sys,16,user,32,irq,2,idle,0,wait,50,,48
CPU,sys,13,user,29,irq,0,idle,0,wait,59,,42
CPU,sys,14,user,29,irq,1,idle,0,wait,56,,43
CPU,sys,18,user,30,irq,1,idle,0,wait,51,,48
CPU,sys,15,user,31,irq,2,idle,0,wait,52,,46
CPU,sys,15,user,29,irq,1,idle,0,wait,55,,44
CPU,sys,12,user,33,irq,0,idle,0,wait,56,,45
CPU,sys,15,user,30,irq,2,idle,0,wait,53,,45
CPU,sys,15,user,33,irq,1,idle,0,wait,51,,48
CPU,sys,16,user,30,irq,1,idle,0,wait,53,,46
CPU,sys,17,user,30,irq,1,idle,0,wait,52,,47
CPU,sys,12,user,35,irq,1,idle,0,wait,52,,47
CPU,sys,12,user,18,irq,1,idle,0,wait,69,,30
CPU,sys,16,user,34,irq,0,idle,0,wait,50,,50
CPU,sys,14,user,31,irq,1,idle,0,wait,54,,45
CPU,sys,15,user,34,irq,1,idle,0,wait,49,,49
CPU,sys,19,user,34,irq,1,idle,1,wait,45,,53
CPU,sys,14,user,39,irq,1,idle,0,wait,47,,53
CPU,sys,17,user,35,irq,2,idle,0,wait,47,,52
CPU,sys,19,user,35,irq,1,idle,0,wait,44,,54
CPU,sys,18,user,33,irq,2,idle,0,wait,47,,51
CPU,sys,16,user,36,irq,1,idle,0,wait,46,,52
CPU,sys,17,user,35,irq,2,idle,0,wait,46,,52
CPU,sys,17,user,34,irq,1,idle,0,wait,48,,51
CPU,sys,14,user,39,irq,2,idle,0,wait,45,,53
CPU,sys,16,user,35,irq,2,idle,0,wait,48,,51
CPU,sys,17,user,32,irq,1,idle,0,wait,50,,49
CPU,sys,12,user,34,irq,3,idle,0,wait,51,,46
CPU,sys,16,user,31,irq,0,idle,0,wait,53,,47
CPU,sys,17,user,36,irq,2,idle,0,wait,45,,53
CPU,sys,14,user,35,irq,1,idle,0,wait,49,,49
CPU,sys,14,user,36,irq,1,idle,0,wait,48,,50
CPU,sys,15,user,31,irq,2,idle,0,wait,52,,46
CPU,sys,19,user,31,irq,1,idle,0,wait,50,,50
CPU,sys,16,user,33,irq,1,idle,0,wait,50,,49
CPU,sys,11,user,36,irq,1,idle,0,wait,52,,47
CPU,sys,14,user,29,irq,1,idle,0,wait,56,,43
CPU,sys,16,user,36,irq,0,idle,0,wait,47,,52
CPU,sys,17,user,32,irq,0,idle,0,wait,51,,49
CPU,sys,18,user,36,irq,1,idle,0,wait,46,,54
CPU,sys,13,user,34,irq,1,idle,0,wait,52,,47
CPU,sys,14,user,35,irq,0,idle,0,wait,51,,49
CPU,sys,12,user,31,irq,1,idle,0,wait,56,,43
CPU,sys,12,user,35,irq,1,idle,0,wait,51,,47
CPU,sys,14,user,36,irq,0,idle,0,wait,50,,50
CPU,sys,15,user,32,irq,1,idle,0,wait,52,,47
CPU,sys,16,user,36,irq,1,idle,0,wait,48,,52
CPU,sys,15,user,35,irq,1,idle,0,wait,48,,50
CPU,sys,12,user,38,irq,2,idle,0,wait,48,,50
CPU,sys,18,user,34,irq,0,idle,0,wait,48,,52
CPU,sys,15,user,34,irq,1,idle,0,wait,49,,49
CPU,sys,17,user,34,irq,1,idle,0,wait,48,,51
CPU,sys,16,user,36,irq,1,idle,0,wait,46,,52
CPU,sys,16,user,37,irq,1,idle,0,wait,46,,53
CPU,sys,14,user,42,irq,2,idle,0,wait,42,,56
CPU,sys,17,user,45,irq,2,idle,0,wait,36,,62
CPU,sys,18,user,45,irq,1,idle,0,wait,36,,63
CPU,sys,18,user,39,irq,2,idle,0,wait,40,,57
CPU,sys,22,user,40,irq,1,idle,0,wait,37,,62
CPU,sys,20,user,36,irq,0,idle,0,wait,44,,56
CPU,sys,17,user,40,irq,1,idle,0,wait,41,,57
CPU,sys,16,user,34,irq,2,idle,0,wait,47,,50
CPU,sys,15,user,40,irq,2,idle,0,wait,42,,55
CPU,sys,15,user,42,irq,3,idle,0,wait,39,,57
CPU,sys,17,user,40,irq,2,idle,0,wait,42,,57
CPU,sys,14,user,34,irq,1,idle,0,wait,52,,48
CPU,sys,14,user,39,irq,0,idle,0,wait,47,,53
CPU,sys,12,user,38,irq,1,idle,0,wait,50,,50
CPU,sys,15,user,39,irq,1,idle,0,wait,46,,54
CPU,sys,18,user,39,irq,0,idle,0,wait,44,,57
CPU,sys,17,user,33,irq,2,idle,0,wait,48,,50
CPU,sys,14,user,42,irq,0,idle,0,wait,43,,56
CPU,sys,12,user,38,irq,2,idle,0,wait,48,,50
CPU,sys,16,user,39,irq,0,idle,0,wait,45,,55
CPU,sys,12,user,36,irq,2,idle,0,wait,51,,48
CPU,sys,19,user,37,irq,2,idle,0,wait,42,,56
CPU,sys,14,user,41,irq,2,idle,0,wait,42,,55
CPU,sys,18,user,37,irq,0,idle,0,wait,45,,55
CPU,sys,13,user,38,irq,1,idle,0,wait,48,,51
CPU,sys,11,user,37,irq,2,idle,0,wait,50,,48
CPU,sys,14,user,27,irq,0,idle,0,wait,59,,41
CPU,sys,11,user,34,irq,0,idle,0,wait,55,,45
CPU,sys,14,user,31,irq,1,idle,0,wait,54,,45
CPU,sys,13,user,35,irq,1,idle,0,wait,51,,48
CPU,sys,11,user,35,irq,1,idle,0,wait,52,,46
CPU,sys,15,user,33,irq,0,idle,0,wait,52,,48
CPU,sys,15,user,34,irq,2,idle,0,wait,48,,49
CPU,sys,15,user,32,irq,0,idle,0,wait,53,,47
CPU,sys,14,user,30,irq,1,idle,0,wait,55,,44
CPU,sys,14,user,34,irq,0,idle,0,wait,52,,48
CPU,sys,13,user,31,irq,1,idle,0,wait,55,,44
CPU,sys,15,user,33,irq,1,idle,0,wait,51,,48
CPU,sys,16,user,31,irq,1,idle,0,wait,52,,47
CPU,sys,13,user,39,irq,1,idle,0,wait,46,,52
CPU,sys,13,user,33,irq,1,idle,0,wait,53,,46
CPU,sys,16,user,36,irq,0,idle,0,wait,47,,52
CPU,sys,13,user,37,irq,4,idle,0,wait,46,,50
CPU,sys,14,user,33,irq,2,idle,0,wait,51,,47
CPU,sys,15,user,36,irq,1,idle,0,wait,49,,51
CPU,sys,15,user,32,irq,1,idle,0,wait,52,,47
CPU,sys,10,user,33,irq,1,idle,0,wait,56,,43
CPU,sys,14,user,35,irq,1,idle,0,wait,50,,49
CPU,sys,12,user,40,irq,0,idle,0,wait,48,,52
CPU,sys,13,user,33,irq,1,idle,0,wait,53,,46
CPU,sys,11,user,34,irq,1,idle,0,wait,54,,45
CPU,sys,13,user,36,irq,0,idle,0,wait,51,,49
CPU,sys,13,user,33,irq,1,idle,0,wait,53,,46
CPU,sys,16,user,34,irq,0,idle,0,wait,50,,50
CPU,sys,15,user,29,irq,1,idle,0,wait,55,,44
CPU,sys,12,user,32,irq,0,idle,0,wait,57,,44
CPU,sys,15,user,33,irq,1,idle,0,wait,51,,48
CPU,sys,14,user,32,irq,1,idle,0,wait,52,,46
CPU,sys,12,user,33,irq,2,idle,0,wait,53,,45
CPU,sys,10,user,32,irq,2,idle,0,wait,55,,42
CPU,sys,12,user,34,irq,1,idle,0,wait,53,,46
CPU,sys,15,user,37,irq,1,idle,0,wait,46,,52
CPU,sys,9,user,39,irq,1,idle,0,wait,51,,48
CPU,sys,11,user,34,irq,0,idle,0,wait,55,,45
CPU,sys,17,user,35,irq,1,idle,0,wait,48,,52
CPU,sys,12,user,34,irq,0,idle,0,wait,54,,46
CPU,sys,13,user,34,irq,2,idle,0,wait,51,,47
CPU,sys,12,user,33,irq,1,idle,0,wait,53,,45
CPU,sys,8,user,39,irq,1,idle,0,wait,52,,47
CPU,sys,11,user,34,irq,1,idle,0,wait,54,,45
CPU,sys,11,user,36,irq,1,idle,0,wait,52,,47
CPU,sys,9,user,38,irq,0,idle,0,wait,53,,47
,,,,,,,,,,,,
,,,,,,,,,,,média,"47,7312775330396"
,,,,,,,,,,,DP,"6,24096087221153"
