E,tot,"3,8",free,"2,3",cache,"627,2",buff,"37,7",slab,"64,8",,"1,5"
E,tot,"3,8",free,"2,2",cache,"638,2",buff,"37,7",slab,65,,"1,6"
E,tot,"3,8",free,"2,2",cache,"645,1",buff,"37,7",slab,65,,"1,6"
E,tot,"3,8",free,"2,2",cache,"645,1",buff,"37,7",slab,65,,"1,6"
E,tot,"3,8",free,"2,2",cache,"645,1",buff,"37,7",slab,65,,"1,6"
E,tot,"3,8",free,"2,2",cache,"645,1",buff,"37,7",slab,65,,"1,6"
E,tot,"3,8",free,"2,2",cache,"645,1",buff,"37,7",slab,65,,"1,6"
E,tot,"3,8",free,"2,2",cache,"634,9",buff,"37,7",slab,65,,"1,6"
E,tot,"3,8",free,"2,2",cache,"634,9",buff,"37,7",slab,65,,"1,6"
E,tot,"3,8",free,"2,2",cache,"634,9",buff,"37,7",slab,65,,"1,6"
E,tot,"3,8",free,"2,2",cache,"634,9",buff,"37,7",slab,65,,"1,6"
E,tot,"3,8",free,"2,2",cache,"634,9",buff,"37,7",slab,65,,"1,6"
E,tot,"3,8",free,"2,2",cache,635,buff,"37,7",slab,65,,"1,6"
E,tot,"3,8",free,"2,2",cache,635,buff,"37,7",slab,65,,"1,6"
E,tot,"3,8",free,"2,2",cache,635,buff,"37,7",slab,65,,"1,6"
E,tot,"3,8",free,"2,2",cache,635,buff,"37,8",slab,65,,"1,6"
E,tot,"3,8",free,"2,2",cache,635,buff,"37,8",slab,65,,"1,6"
E,tot,"3,8",free,"2,2",cache,635,buff,"37,8",slab,65,,"1,6"
E,tot,"3,8",free,"2,2",cache,635,buff,"37,8",slab,65,,"1,6"
E,tot,"3,8",free,"2,2",cache,635,buff,"37,8",slab,65,,"1,6"
E,tot,"3,8",free,"2,2",cache,635,buff,"37,8",slab,65,,"1,6"
,,,,,,,,,,,,
,,,,,,,,,,,média,"1,5952380952381"
,,,,,,,,,,,DP,"0,0218217890235992"
