E,tot,"3,8",free,"2,3",cache,627,buff,"37,3",slab,"64,8",,"1,5"
E,tot,"3,8",free,"2,2",cache,"635,8",buff,"37,3",slab,"64,8",,"1,6"
E,tot,"3,8",free,"2,2",cache,"635,9",buff,"37,3",slab,"64,9",,"1,6"
E,tot,"3,8",free,"2,2",cache,"635,9",buff,"37,3",slab,"64,9",,"1,6"
E,tot,"3,8",free,"2,2",cache,"635,9",buff,"37,3",slab,"64,9",,"1,6"
E,tot,"3,8",free,"2,2",cache,"635,9",buff,"37,3",slab,"64,9",,"1,6"
E,tot,"3,8",free,"2,2",cache,"635,7",buff,"37,3",slab,"64,9",,"1,6"
E,tot,"3,8",free,"2,2",cache,"634,9",buff,"37,3",slab,"64,9",,"1,6"
E,tot,"3,8",free,"2,2",cache,635,buff,"37,3",slab,"64,9",,"1,6"
E,tot,"3,8",free,"2,2",cache,635,buff,"37,3",slab,"64,9",,"1,6"
E,tot,"3,8",free,"2,2",cache,635,buff,"37,3",slab,"64,9",,"1,6"
E,tot,"3,8",free,"2,2",cache,635,buff,"37,3",slab,"64,9",,"1,6"
E,tot,"3,8",free,"2,2",cache,635,buff,"37,3",slab,"64,9",,"1,6"
E,tot,"3,8",free,"2,2",cache,635,buff,"37,3",slab,"64,9",,"1,6"
E,tot,"3,8",free,"2,2",cache,635,buff,"37,3",slab,"64,9",,"1,6"
E,tot,"3,8",free,"2,2",cache,635,buff,"37,3",slab,"64,9",,"1,6"
E,tot,"3,8",free,"2,2",cache,"635,1",buff,"37,3",slab,"64,9",,"1,6"
E,tot,"3,8",free,"2,2",cache,"635,1",buff,"37,3",slab,"64,9",,"1,6"
E,tot,"3,8",free,"2,2",cache,"635,1",buff,"37,3",slab,"64,9",,"1,6"
E,tot,"3,8",free,"2,2",cache,"635,1",buff,"37,3",slab,"64,9",,"1,6"
E,tot,"3,8",free,"2,2",cache,"635,1",buff,"37,4",slab,"64,9",,"1,6"
E,tot,"3,8",free,"2,2",cache,"635,1",buff,"37,4",slab,"64,9",,"1,6"
E,tot,"3,8",free,"2,2",cache,"635,1",buff,"37,4",slab,"64,9",,"1,6"
E,tot,"3,8",free,"2,2",cache,"635,1",buff,"37,4",slab,"64,9",,"1,6"
E,tot,"3,8",free,"2,2",cache,"635,1",buff,"37,4",slab,"64,9",,"1,6"
E,tot,"3,8",free,"2,2",cache,"635,2",buff,"37,4",slab,"64,9",,"1,6"
E,tot,"3,8",free,"2,2",cache,"635,2",buff,"37,4",slab,"64,9",,"1,6"
E,tot,"3,8",free,"2,2",cache,"635,2",buff,"37,4",slab,"64,9",,"1,6"
E,tot,"3,8",free,"2,2",cache,"635,2",buff,"37,4",slab,"64,9",,"1,6"
E,tot,"3,8",free,"2,2",cache,"635,2",buff,"37,4",slab,"64,9",,"1,6"
E,tot,"3,8",free,"2,2",cache,"635,2",buff,"37,4",slab,"64,9",,"1,6"
E,tot,"3,8",free,"2,2",cache,"635,2",buff,"37,4",slab,"64,9",,"1,6"
E,tot,"3,8",free,"2,2",cache,"635,2",buff,"37,4",slab,"64,9",,"1,6"
E,tot,"3,8",free,"2,2",cache,"635,2",buff,"37,4",slab,"64,9",,"1,6"
E,tot,"3,8",free,"2,2",cache,"635,3",buff,"37,4",slab,"64,9",,"1,6"
E,tot,"3,8",free,"2,2",cache,"635,3",buff,"37,4",slab,"64,9",,"1,6"
E,tot,"3,8",free,"2,2",cache,"635,3",buff,"37,4",slab,"64,9",,"1,6"
E,tot,"3,8",free,"2,2",cache,"635,3",buff,"37,4",slab,"64,9",,"1,6"
E,tot,"3,8",free,"2,2",cache,"635,3",buff,"37,4",slab,"64,9",,"1,6"
E,tot,"3,8",free,"2,2",cache,"635,4",buff,"37,4",slab,"64,9",,"1,6"
E,tot,"3,8",free,"2,2",cache,"635,4",buff,"37,4",slab,"64,9",,"1,6"
E,tot,"3,8",free,"2,2",cache,"635,5",buff,"37,4",slab,"64,9",,"1,6"
E,tot,"3,8",free,"2,2",cache,"635,5",buff,"37,4",slab,"64,9",,"1,6"
E,tot,"3,8",free,"2,2",cache,"635,5",buff,"37,4",slab,"64,9",,"1,6"
E,tot,"3,8",free,"2,2",cache,"635,5",buff,"37,4",slab,"64,9",,"1,6"
E,tot,"3,8",free,"2,2",cache,"635,5",buff,"37,4",slab,"64,9",,"1,6"
E,tot,"3,8",free,"2,2",cache,"635,5",buff,"37,4",slab,"64,9",,"1,6"
E,tot,"3,8",free,"2,2",cache,"635,5",buff,"37,4",slab,"64,9",,"1,6"
E,tot,"3,8",free,"2,2",cache,"635,5",buff,"37,4",slab,"64,9",,"1,6"
E,tot,"3,8",free,"2,2",cache,"635,5",buff,"37,4",slab,"64,9",,"1,6"
E,tot,"3,8",free,"2,2",cache,"635,6",buff,"37,4",slab,"64,9",,"1,6"
E,tot,"3,8",free,"2,2",cache,"635,6",buff,"37,4",slab,"64,9",,"1,6"
E,tot,"3,8",free,"2,2",cache,"635,6",buff,"37,4",slab,"64,9",,"1,6"
E,tot,"3,8",free,"2,2",cache,"635,6",buff,"37,4",slab,"64,9",,"1,6"
E,tot,"3,8",free,"2,2",cache,"635,6",buff,"37,4",slab,"64,9",,"1,6"
E,tot,"3,8",free,"2,2",cache,"635,6",buff,"37,4",slab,"64,9",,"1,6"
E,tot,"3,8",free,"2,2",cache,"635,6",buff,"37,4",slab,"64,9",,"1,6"
E,tot,"3,8",free,"2,2",cache,"635,6",buff,"37,4",slab,"64,9",,"1,6"
E,tot,"3,8",free,"2,2",cache,"635,6",buff,"37,4",slab,"64,9",,"1,6"
E,tot,"3,8",free,"2,2",cache,"635,7",buff,"37,4",slab,"64,9",,"1,6"
E,tot,"3,8",free,"2,2",cache,"635,7",buff,"37,4",slab,"64,9",,"1,6"
E,tot,"3,8",free,"2,2",cache,"635,7",buff,"37,4",slab,"64,9",,"1,6"
E,tot,"3,8",free,"2,2",cache,"635,7",buff,"37,4",slab,"64,9",,"1,6"
E,tot,"3,8",free,"2,2",cache,"635,7",buff,"37,4",slab,"64,9",,"1,6"
E,tot,"3,8",free,"2,2",cache,"635,7",buff,"37,4",slab,"64,9",,"1,6"
E,tot,"3,8",free,"2,2",cache,"635,7",buff,"37,4",slab,"64,9",,"1,6"
E,tot,"3,8",free,"2,2",cache,"635,7",buff,"37,4",slab,"64,9",,"1,6"
E,tot,"3,8",free,"2,2",cache,"635,8",buff,"37,4",slab,"64,9",,"1,6"
E,tot,"3,8",free,"2,2",cache,"635,8",buff,"37,4",slab,"64,9",,"1,6"
E,tot,"3,8",free,"2,2",cache,"635,8",buff,"37,4",slab,"64,9",,"1,6"
E,tot,"3,8",free,"2,2",cache,"635,8",buff,"37,4",slab,"64,9",,"1,6"
E,tot,"3,8",free,"2,2",cache,"631,4",buff,"37,5",slab,"64,9",,"1,6"
E,tot,"3,8",free,"2,2",cache,"631,4",buff,"37,5",slab,"64,9",,"1,6"
E,tot,"3,8",free,"2,2",cache,"631,4",buff,"37,5",slab,"64,9",,"1,6"
E,tot,"3,8",free,"2,2",cache,"631,4",buff,"37,5",slab,"64,9",,"1,6"
E,tot,"3,8",free,"2,2",cache,"631,4",buff,"37,5",slab,"64,9",,"1,6"
E,tot,"3,8",free,"2,2",cache,"631,4",buff,"37,5",slab,"64,9",,"1,6"
E,tot,"3,8",free,"2,2",cache,"631,4",buff,"37,5",slab,"64,9",,"1,6"
E,tot,"3,8",free,"2,2",cache,"631,4",buff,"37,5",slab,"64,9",,"1,6"
E,tot,"3,8",free,"2,2",cache,"631,4",buff,"37,5",slab,"64,9",,"1,6"
E,tot,"3,8",free,"2,2",cache,"631,5",buff,"37,5",slab,"64,9",,"1,6"
E,tot,"3,8",free,"2,2",cache,"631,5",buff,"37,5",slab,"64,9",,"1,6"
E,tot,"3,8",free,"2,2",cache,"631,5",buff,"37,5",slab,"64,9",,"1,6"
E,tot,"3,8",free,"2,2",cache,"631,5",buff,"37,5",slab,"64,9",,"1,6"
E,tot,"3,8",free,"2,2",cache,"631,5",buff,"37,5",slab,"64,9",,"1,6"
E,tot,"3,8",free,"2,2",cache,"631,5",buff,"37,5",slab,"64,9",,"1,6"
E,tot,"3,8",free,"2,2",cache,"631,5",buff,"37,5",slab,"64,9",,"1,6"
E,tot,"3,8",free,"2,2",cache,"631,5",buff,"37,5",slab,"64,9",,"1,6"
E,tot,"3,8",free,"2,2",cache,"631,5",buff,"37,5",slab,"64,9",,"1,6"
E,tot,"3,8",free,"2,2",cache,"631,6",buff,"37,5",slab,"64,9",,"1,6"
E,tot,"3,8",free,"2,2",cache,"631,6",buff,"37,5",slab,"64,9",,"1,6"
E,tot,"3,8",free,"2,2",cache,"631,6",buff,"37,5",slab,"64,9",,"1,6"
E,tot,"3,8",free,"2,2",cache,"631,6",buff,"37,5",slab,"64,9",,"1,6"
E,tot,"3,8",free,"2,2",cache,"631,6",buff,"37,5",slab,"64,9",,"1,6"
E,tot,"3,8",free,"2,2",cache,"631,6",buff,"37,5",slab,"64,9",,"1,6"
E,tot,"3,8",free,"2,2",cache,"631,6",buff,"37,5",slab,"64,9",,"1,6"
E,tot,"3,8",free,"2,2",cache,"631,6",buff,"37,5",slab,"64,9",,"1,6"
E,tot,"3,8",free,"2,2",cache,"631,6",buff,"37,5",slab,"64,9",,"1,6"
E,tot,"3,8",free,"2,2",cache,"631,7",buff,"37,5",slab,"64,9",,"1,6"
E,tot,"3,8",free,"2,2",cache,"631,7",buff,"37,5",slab,"64,9",,"1,6"
E,tot,"3,8",free,"2,2",cache,"631,7",buff,"37,5",slab,"64,9",,"1,6"
E,tot,"3,8",free,"2,2",cache,"631,7",buff,"37,5",slab,"64,9",,"1,6"
E,tot,"3,8",free,"2,2",cache,"631,7",buff,"37,5",slab,"64,9",,"1,6"
E,tot,"3,8",free,"2,2",cache,"631,7",buff,"37,5",slab,"64,9",,"1,6"
E,tot,"3,8",free,"2,2",cache,"631,7",buff,"37,5",slab,"64,9",,"1,6"
E,tot,"3,8",free,"2,2",cache,"631,7",buff,"37,5",slab,"64,9",,"1,6"
E,tot,"3,8",free,"2,2",cache,"631,8",buff,"37,5",slab,"64,9",,"1,6"
E,tot,"3,8",free,"2,2",cache,"631,8",buff,"37,5",slab,"64,9",,"1,6"
E,tot,"3,8",free,"2,2",cache,"631,8",buff,"37,5",slab,"64,9",,"1,6"
E,tot,"3,8",free,"2,2",cache,"631,8",buff,"37,5",slab,"64,9",,"1,6"
E,tot,"3,8",free,"2,2",cache,"631,8",buff,"37,5",slab,"64,9",,"1,6"
E,tot,"3,8",free,"2,2",cache,"631,8",buff,"37,5",slab,"64,9",,"1,6"
E,tot,"3,8",free,"2,2",cache,"631,8",buff,"37,5",slab,"64,9",,"1,6"
E,tot,"3,8",free,"2,2",cache,"631,8",buff,"37,5",slab,"64,9",,"1,6"
E,tot,"3,8",free,"2,2",cache,"631,8",buff,"37,5",slab,"64,9",,"1,6"
E,tot,"3,8",free,"2,2",cache,"631,9",buff,"37,5",slab,"64,9",,"1,6"
E,tot,"3,8",free,"2,2",cache,"631,9",buff,"37,5",slab,"64,9",,"1,6"
E,tot,"3,8",free,"2,2",cache,"631,9",buff,"37,5",slab,"64,9",,"1,6"
E,tot,"3,8",free,"2,2",cache,"631,9",buff,"37,5",slab,"64,9",,"1,6"
E,tot,"3,8",free,"2,2",cache,"631,9",buff,"37,5",slab,"64,9",,"1,6"
E,tot,"3,8",free,"2,2",cache,"631,9",buff,"37,5",slab,"64,9",,"1,6"
E,tot,"3,8",free,"2,2",cache,"631,9",buff,"37,6",slab,"64,9",,"1,6"
E,tot,"3,8",free,"2,2",cache,"631,9",buff,"37,6",slab,"64,9",,"1,6"
E,tot,"3,8",free,"2,2",cache,"631,9",buff,"37,6",slab,"64,9",,"1,6"
E,tot,"3,8",free,"2,2",cache,632,buff,"37,6",slab,"64,9",,"1,6"
E,tot,"3,8",free,"2,2",cache,632,buff,"37,6",slab,"64,9",,"1,6"
E,tot,"3,8",free,"2,2",cache,632,buff,"37,6",slab,"64,9",,"1,6"
E,tot,"3,8",free,"2,2",cache,632,buff,"37,6",slab,"64,9",,"1,6"
E,tot,"3,8",free,"2,2",cache,632,buff,"37,6",slab,"64,9",,"1,6"
E,tot,"3,8",free,"2,2",cache,632,buff,"37,6",slab,"64,9",,"1,6"
E,tot,"3,8",free,"2,2",cache,632,buff,"37,6",slab,"64,9",,"1,6"
E,tot,"3,8",free,"2,2",cache,632,buff,"37,6",slab,"64,9",,"1,6"
E,tot,"3,8",free,"2,2",cache,632,buff,"37,6",slab,"64,9",,"1,6"
E,tot,"3,8",free,"2,2",cache,"632,1",buff,"37,6",slab,"64,9",,"1,6"
E,tot,"3,8",free,"2,2",cache,"632,1",buff,"37,6",slab,"64,9",,"1,6"
E,tot,"3,8",free,"2,2",cache,"632,1",buff,"37,6",slab,"64,9",,"1,6"
E,tot,"3,8",free,"2,2",cache,"632,1",buff,"37,6",slab,"64,9",,"1,6"
E,tot,"3,8",free,"2,2",cache,"632,1",buff,"37,6",slab,"64,9",,"1,6"
E,tot,"3,8",free,"2,2",cache,"632,1",buff,"37,6",slab,"64,9",,"1,6"
E,tot,"3,8",free,"2,2",cache,"632,1",buff,"37,6",slab,"64,9",,"1,6"
E,tot,"3,8",free,"2,2",cache,"632,1",buff,"37,6",slab,"64,9",,"1,6"
E,tot,"3,8",free,"2,2",cache,"632,1",buff,"37,6",slab,"64,9",,"1,6"
E,tot,"3,8",free,"2,2",cache,"632,2",buff,"37,6",slab,"64,9",,"1,6"
E,tot,"3,8",free,"2,2",cache,"632,2",buff,"37,6",slab,"64,9",,"1,6"
E,tot,"3,8",free,"2,2",cache,"632,2",buff,"37,6",slab,"64,9",,"1,6"
E,tot,"3,8",free,"2,2",cache,"632,2",buff,"37,6",slab,"64,9",,"1,6"
E,tot,"3,8",free,"2,2",cache,"632,2",buff,"37,6",slab,"64,9",,"1,6"
E,tot,"3,8",free,"2,2",cache,"632,2",buff,"37,6",slab,"64,9",,"1,6"
E,tot,"3,8",free,"2,2",cache,"632,2",buff,"37,6",slab,"64,9",,"1,6"
E,tot,"3,8",free,"2,2",cache,"632,2",buff,"37,6",slab,"64,9",,"1,6"
E,tot,"3,8",free,"2,2",cache,"632,2",buff,"37,6",slab,"64,9",,"1,6"
E,tot,"3,8",free,"2,2",cache,"632,3",buff,"37,6",slab,"64,9",,"1,6"
E,tot,"3,8",free,"2,2",cache,"632,3",buff,"37,6",slab,"64,9",,"1,6"
E,tot,"3,8",free,"2,2",cache,"632,3",buff,"37,6",slab,"64,9",,"1,6"
E,tot,"3,8",free,"2,2",cache,"632,3",buff,"37,6",slab,"64,9",,"1,6"
E,tot,"3,8",free,"2,2",cache,"632,3",buff,"37,6",slab,"64,9",,"1,6"
E,tot,"3,8",free,"2,2",cache,"632,3",buff,"37,6",slab,"64,9",,"1,6"
E,tot,"3,8",free,"2,2",cache,"632,3",buff,"37,6",slab,"64,9",,"1,6"
E,tot,"3,8",free,"2,2",cache,"632,3",buff,"37,6",slab,"64,9",,"1,6"
E,tot,"3,8",free,"2,2",cache,"632,4",buff,"37,6",slab,"64,9",,"1,6"
E,tot,"3,8",free,"2,2",cache,"632,4",buff,"37,6",slab,"64,9",,"1,6"
E,tot,"3,8",free,"2,2",cache,"632,4",buff,"37,6",slab,"64,9",,"1,6"
E,tot,"3,8",free,"2,2",cache,"632,4",buff,"37,6",slab,"64,9",,"1,6"
E,tot,"3,8",free,"2,2",cache,"632,4",buff,"37,6",slab,"64,9",,"1,6"
E,tot,"3,8",free,"2,2",cache,"632,4",buff,"37,6",slab,"64,9",,"1,6"
E,tot,"3,8",free,"2,2",cache,"632,4",buff,"37,6",slab,"64,9",,"1,6"
E,tot,"3,8",free,"2,2",cache,"632,4",buff,"37,6",slab,"64,9",,"1,6"
E,tot,"3,8",free,"2,2",cache,"632,4",buff,"37,6",slab,"64,9",,"1,6"
E,tot,"3,8",free,"2,2",cache,"632,5",buff,"37,6",slab,"64,9",,"1,6"
E,tot,"3,8",free,"2,2",cache,"632,5",buff,"37,6",slab,"64,9",,"1,6"
E,tot,"3,8",free,"2,2",cache,"632,5",buff,"37,6",slab,"64,9",,"1,6"
E,tot,"3,8",free,"2,2",cache,"632,5",buff,"37,6",slab,"64,9",,"1,6"
E,tot,"3,8",free,"2,2",cache,"632,5",buff,"37,6",slab,"64,9",,"1,6"
E,tot,"3,8",free,"2,2",cache,"632,5",buff,"37,6",slab,"64,9",,"1,6"
E,tot,"3,8",free,"2,2",cache,"632,5",buff,"37,6",slab,"64,9",,"1,6"
E,tot,"3,8",free,"2,2",cache,"632,5",buff,"37,6",slab,"64,9",,"1,6"
E,tot,"3,8",free,"2,2",cache,"632,5",buff,"37,6",slab,"64,9",,"1,6"
E,tot,"3,8",free,"2,2",cache,"632,6",buff,"37,6",slab,"64,9",,"1,6"
E,tot,"3,8",free,"2,2",cache,"632,6",buff,"37,6",slab,"64,9",,"1,6"
E,tot,"3,8",free,"2,2",cache,"632,6",buff,"37,6",slab,"64,9",,"1,6"
E,tot,"3,8",free,"2,2",cache,"632,6",buff,"37,6",slab,"64,9",,"1,6"
E,tot,"3,8",free,"2,2",cache,"632,6",buff,"37,6",slab,"64,9",,"1,6"
E,tot,"3,8",free,"2,2",cache,"632,6",buff,"37,6",slab,"64,9",,"1,6"
E,tot,"3,8",free,"2,2",cache,"632,6",buff,"37,6",slab,"64,9",,"1,6"
E,tot,"3,8",free,"2,2",cache,"632,6",buff,"37,6",slab,"64,9",,"1,6"
E,tot,"3,8",free,"2,2",cache,"632,6",buff,"37,6",slab,"64,9",,"1,6"
E,tot,"3,8",free,"2,2",cache,"632,7",buff,"37,7",slab,"64,9",,"1,6"
E,tot,"3,8",free,"2,2",cache,"632,7",buff,"37,7",slab,"64,9",,"1,6"
E,tot,"3,8",free,"2,2",cache,"632,7",buff,"37,7",slab,"64,9",,"1,6"
E,tot,"3,8",free,"2,2",cache,"632,7",buff,"37,7",slab,"64,9",,"1,6"
E,tot,"3,8",free,"2,2",cache,"632,7",buff,"37,7",slab,"64,9",,"1,6"
E,tot,"3,8",free,"2,2",cache,"632,7",buff,"37,7",slab,"64,9",,"1,6"
E,tot,"3,8",free,"2,2",cache,"632,7",buff,"37,7",slab,"64,9",,"1,6"
E,tot,"3,8",free,"2,2",cache,"632,7",buff,"37,7",slab,"64,9",,"1,6"
E,tot,"3,8",free,"2,2",cache,"632,7",buff,"37,7",slab,"64,9",,"1,6"
E,tot,"3,8",free,"2,2",cache,"632,8",buff,"37,7",slab,"64,9",,"1,6"
E,tot,"3,8",free,"2,2",cache,"632,8",buff,"37,7",slab,"64,9",,"1,6"
E,tot,"3,8",free,"2,2",cache,"632,8",buff,"37,7",slab,"64,9",,"1,6"
E,tot,"3,8",free,"2,2",cache,"632,8",buff,"37,7",slab,"64,9",,"1,6"
E,tot,"3,8",free,"2,2",cache,"632,8",buff,"37,7",slab,"64,9",,"1,6"
E,tot,"3,8",free,"2,2",cache,"632,8",buff,"37,7",slab,"64,9",,"1,6"
E,tot,"3,8",free,"2,2",cache,"632,8",buff,"37,7",slab,"64,9",,"1,6"
E,tot,"3,8",free,"2,2",cache,"632,8",buff,"37,7",slab,"64,9",,"1,6"
E,tot,"3,8",free,"2,2",cache,"632,8",buff,"37,7",slab,"64,9",,"1,6"
E,tot,"3,8",free,"2,2",cache,"632,9",buff,"37,7",slab,"64,9",,"1,6"
E,tot,"3,8",free,"2,2",cache,"632,9",buff,"37,7",slab,"64,9",,"1,6"
E,tot,"3,8",free,"2,2",cache,"632,9",buff,"37,7",slab,"64,9",,"1,6"
E,tot,"3,8",free,"2,2",cache,"632,9",buff,"37,7",slab,"64,9",,"1,6"
E,tot,"3,8",free,"2,2",cache,"632,9",buff,"37,7",slab,"64,9",,"1,6"
E,tot,"3,8",free,"2,2",cache,"632,9",buff,"37,7",slab,"64,9",,"1,6"
E,tot,"3,8",free,"2,2",cache,"632,9",buff,"37,7",slab,"64,9",,"1,6"
E,tot,"3,8",free,"2,2",cache,"632,9",buff,"37,7",slab,"64,9",,"1,6"
E,tot,"3,8",free,"2,2",cache,"632,9",buff,"37,7",slab,"64,9",,"1,6"
E,tot,"3,8",free,"2,2",cache,633,buff,"37,7",slab,"64,9",,"1,6"
E,tot,"3,8",free,"2,2",cache,633,buff,"37,7",slab,"64,9",,"1,6"
E,tot,"3,8",free,"2,2",cache,633,buff,"37,7",slab,"64,9",,"1,6"
E,tot,"3,8",free,"2,2",cache,633,buff,"37,7",slab,"64,9",,"1,6"
E,tot,"3,8",free,"2,2",cache,633,buff,"37,7",slab,"64,9",,"1,6"
E,tot,"3,8",free,"2,2",cache,633,buff,"37,7",slab,"64,9",,"1,6"
E,tot,"3,8",free,"2,2",cache,633,buff,"37,7",slab,"64,9",,"1,6"
E,tot,"3,8",free,"2,2",cache,633,buff,"37,7",slab,"64,9",,"1,6"
E,tot,"3,8",free,"2,2",cache,633,buff,"37,7",slab,"64,9",,"1,6"
E,tot,"3,8",free,"2,2",cache,"633,1",buff,"37,7",slab,"64,9",,"1,6"
E,tot,"3,8",free,"2,2",cache,"633,1",buff,"37,7",slab,"64,9",,"1,6"
E,tot,"3,8",free,"2,2",cache,"633,1",buff,"37,7",slab,"64,9",,"1,6"
E,tot,"3,8",free,"2,2",cache,"633,1",buff,"37,7",slab,"64,9",,"1,6"
E,tot,"3,8",free,"2,2",cache,"633,1",buff,"37,7",slab,"64,9",,"1,6"
E,tot,"3,8",free,"2,2",cache,"633,1",buff,"37,7",slab,"64,9",,"1,6"
,,,,,,,,,,,,
,,,,,,,,,,,média,"1,59956140350877"
,,,,,,,,,,,Dp,"0,00662266178532524"
