E,tot,"3,8",free,"2,3",cache,"627,3",buff,"37,9",slab,"64,9",,"1,5"
E,tot,"3,8",free,"2,2",cache,"638,1",buff,"37,9",slab,65,,"1,6"
E,tot,"3,8",free,"2,2",cache,"645,1",buff,"37,9",slab,65,,"1,6"
E,tot,"3,8",free,"2,2",cache,"645,1",buff,"37,9",slab,65,,"1,6"
E,tot,"3,8",free,"2,2",cache,"645,2",buff,"37,9",slab,65,,"1,6"
E,tot,"3,8",free,"2,2",cache,"645,2",buff,38,slab,65,,"1,6"
E,tot,"3,8",free,"2,2",cache,"644,9",buff,38,slab,65,,"1,6"
E,tot,"3,8",free,"2,2",cache,635,buff,38,slab,65,,"1,6"
E,tot,"3,8",free,"2,2",cache,635,buff,38,slab,65,,"1,6"
E,tot,"3,8",free,"2,2",cache,635,buff,38,slab,65,,"1,6"
E,tot,"3,8",free,"2,2",cache,635,buff,38,slab,65,,"1,6"
E,tot,"3,8",free,"2,2",cache,635,buff,38,slab,65,,"1,6"
E,tot,"3,8",free,"2,2",cache,635,buff,38,slab,65,,"1,6"
E,tot,"3,8",free,"2,2",cache,635,buff,38,slab,65,,"1,6"
E,tot,"3,8",free,"2,2",cache,635,buff,38,slab,65,,"1,6"
E,tot,"3,8",free,"2,2",cache,635,buff,38,slab,65,,"1,6"
E,tot,"3,8",free,"2,2",cache,"635,1",buff,38,slab,65,,"1,6"
E,tot,"3,8",free,"2,2",cache,"635,1",buff,38,slab,65,,"1,6"
E,tot,"3,8",free,"2,2",cache,"635,1",buff,38,slab,65,,"1,6"
E,tot,"3,8",free,"2,2",cache,"635,1",buff,38,slab,65,,"1,6"
E,tot,"3,8",free,"2,2",cache,"635,1",buff,38,slab,65,,"1,6"
E,tot,"3,8",free,"2,2",cache,"635,2",buff,38,slab,65,,"1,6"
E,tot,"3,8",free,"2,2",cache,"635,2",buff,38,slab,65,,"1,6"
E,tot,"3,8",free,"2,2",cache,"635,3",buff,38,slab,65,,"1,6"
E,tot,"3,8",free,"2,2",cache,"635,3",buff,38,slab,65,,"1,6"
E,tot,"3,8",free,"2,2",cache,"635,3",buff,38,slab,65,,"1,6"
E,tot,"3,8",free,"2,2",cache,"635,3",buff,38,slab,65,,"1,6"
E,tot,"3,8",free,"2,2",cache,"635,3",buff,38,slab,65,,"1,6"
E,tot,"3,8",free,"2,2",cache,"635,3",buff,38,slab,65,,"1,6"
E,tot,"3,8",free,"2,2",cache,"635,3",buff,38,slab,65,,"1,6"
E,tot,"3,8",free,"2,2",cache,"635,3",buff,38,slab,65,,"1,6"
E,tot,"3,8",free,"2,2",cache,"635,3",buff,38,slab,65,,"1,6"
E,tot,"3,8",free,"2,2",cache,"635,4",buff,38,slab,65,,"1,6"
E,tot,"3,8",free,"2,2",cache,"635,4",buff,38,slab,65,,"1,6"
E,tot,"3,8",free,"2,2",cache,"635,4",buff,38,slab,65,,"1,6"
E,tot,"3,8",free,"2,2",cache,"635,4",buff,38,slab,65,,"1,6"
E,tot,"3,8",free,"2,2",cache,"635,4",buff,38,slab,65,,"1,6"
E,tot,"3,8",free,"2,2",cache,"635,4",buff,38,slab,65,,"1,6"
E,tot,"3,8",free,"2,2",cache,"635,4",buff,38,slab,65,,"1,6"
E,tot,"3,8",free,"2,2",cache,"635,4",buff,38,slab,65,,"1,6"
E,tot,"3,8",free,"2,2",cache,"635,4",buff,38,slab,65,,"1,6"
E,tot,"3,8",free,"2,2",cache,"635,5",buff,38,slab,65,,"1,6"
E,tot,"3,8",free,"2,2",cache,"635,5",buff,38,slab,65,,"1,6"
E,tot,"3,8",free,"2,2",cache,"635,5",buff,38,slab,65,,"1,6"
E,tot,"3,8",free,"2,2",cache,"635,5",buff,38,slab,65,,"1,6"
E,tot,"3,8",free,"2,2",cache,"635,5",buff,38,slab,65,,"1,6"
E,tot,"3,8",free,"2,2",cache,"635,5",buff,38,slab,65,,"1,6"
E,tot,"3,8",free,"2,2",cache,"635,5",buff,38,slab,65,,"1,6"
E,tot,"3,8",free,"2,2",cache,"635,6",buff,38,slab,65,,"1,6"
E,tot,"3,8",free,"2,2",cache,"635,6",buff,38,slab,65,,"1,6"
E,tot,"3,8",free,"2,2",cache,"635,6",buff,38,slab,65,,"1,6"
E,tot,"3,8",free,"2,2",cache,"635,6",buff,38,slab,65,,"1,6"
E,tot,"3,8",free,"2,2",cache,"635,6",buff,38,slab,65,,"1,6"
E,tot,"3,8",free,"2,2",cache,"635,6",buff,38,slab,65,,"1,6"
E,tot,"3,8",free,"2,2",cache,"635,6",buff,38,slab,65,,"1,6"
E,tot,"3,8",free,"2,2",cache,"635,6",buff,38,slab,65,,"1,6"
E,tot,"3,8",free,"2,2",cache,"635,6",buff,38,slab,65,,"1,6"
E,tot,"3,8",free,"2,2",cache,"635,7",buff,38,slab,65,,"1,6"
E,tot,"3,8",free,"2,2",cache,"635,7",buff,38,slab,65,,"1,6"
E,tot,"3,8",free,"2,2",cache,"635,7",buff,38,slab,65,,"1,6"
E,tot,"3,8",free,"2,2",cache,"635,7",buff,38,slab,65,,"1,6"
E,tot,"3,8",free,"2,2",cache,"635,7",buff,38,slab,65,,"1,6"
E,tot,"3,8",free,"2,2",cache,"635,7",buff,38,slab,65,,"1,6"
E,tot,"3,8",free,"2,2",cache,"635,7",buff,38,slab,65,,"1,6"
E,tot,"3,8",free,"2,2",cache,"635,7",buff,38,slab,65,,"1,6"
E,tot,"3,8",free,"2,2",cache,"635,7",buff,"38,1",slab,65,,"1,6"
E,tot,"3,8",free,"2,2",cache,"635,8",buff,"38,1",slab,65,,"1,6"
E,tot,"3,8",free,"2,2",cache,"635,8",buff,"38,1",slab,65,,"1,6"
E,tot,"3,8",free,"2,2",cache,"635,8",buff,"38,1",slab,65,,"1,6"
E,tot,"3,8",free,"2,2",cache,"635,8",buff,"38,1",slab,65,,"1,6"
E,tot,"3,8",free,"2,2",cache,"635,8",buff,"38,1",slab,65,,"1,6"
E,tot,"3,8",free,"2,2",cache,"635,8",buff,"38,1",slab,65,,"1,6"
E,tot,"3,8",free,"2,2",cache,"631,5",buff,"38,1",slab,65,,"1,6"
E,tot,"3,8",free,"2,2",cache,"631,5",buff,"38,1",slab,65,,"1,6"
E,tot,"3,8",free,"2,2",cache,"631,5",buff,"38,1",slab,65,,"1,6"
E,tot,"3,8",free,"2,2",cache,"631,5",buff,"38,1",slab,65,,"1,6"
E,tot,"3,8",free,"2,2",cache,"631,6",buff,"38,1",slab,65,,"1,6"
E,tot,"3,8",free,"2,2",cache,"631,6",buff,"38,1",slab,65,,"1,6"
E,tot,"3,8",free,"2,2",cache,"631,6",buff,"38,1",slab,65,,"1,6"
E,tot,"3,8",free,"2,2",cache,"631,6",buff,"38,1",slab,65,,"1,6"
E,tot,"3,8",free,"2,2",cache,"631,6",buff,"38,1",slab,65,,"1,6"
E,tot,"3,8",free,"2,2",cache,"631,6",buff,"38,1",slab,65,,"1,6"
E,tot,"3,8",free,"2,2",cache,"631,6",buff,"38,1",slab,65,,"1,6"
E,tot,"3,8",free,"2,2",cache,"631,6",buff,"38,1",slab,65,,"1,6"
E,tot,"3,8",free,"2,2",cache,"631,6",buff,"38,1",slab,65,,"1,6"
E,tot,"3,8",free,"2,2",cache,"631,7",buff,"38,1",slab,65,,"1,6"
E,tot,"3,8",free,"2,2",cache,"631,7",buff,"38,1",slab,65,,"1,6"
E,tot,"3,8",free,"2,2",cache,"631,7",buff,"38,1",slab,65,,"1,6"
E,tot,"3,8",free,"2,2",cache,"631,7",buff,"38,1",slab,65,,"1,6"
E,tot,"3,8",free,"2,2",cache,"631,7",buff,"38,1",slab,65,,"1,6"
E,tot,"3,8",free,"2,2",cache,"631,7",buff,"38,1",slab,65,,"1,6"
E,tot,"3,8",free,"2,2",cache,"631,7",buff,"38,1",slab,65,,"1,6"
E,tot,"3,8",free,"2,2",cache,"631,7",buff,"38,1",slab,65,,"1,6"
E,tot,"3,8",free,"2,2",cache,"631,7",buff,"38,1",slab,65,,"1,6"
E,tot,"3,8",free,"2,2",cache,"631,8",buff,"38,1",slab,65,,"1,6"
E,tot,"3,8",free,"2,2",cache,"631,8",buff,"38,1",slab,65,,"1,6"
,,,,,,,,,,,,
,,,,,,,,,,,média,"1,59895833333333"
,,,,,,,,,,,DP,"0,0102062072615966"
