MEM | tot     3.8G | free    1.9G | cache 718.1M | buff   58.9M | slab   79.7M |
MEM | tot     3.8G | free    1.9G | cache 719.9M | buff   58.9M | slab   79.7M |
MEM | tot     3.8G | free    1.9G | cache 718.4M | buff   58.9M | slab   79.7M |
MEM | tot     3.8G | free    1.9G | cache 718.4M | buff   58.9M | slab   79.8M |
MEM | tot     3.8G | free    1.9G | cache 718.4M | buff   58.9M | slab   79.8M |
MEM | tot     3.8G | free    1.9G | cache 718.4M | buff   58.9M | slab   79.8M |
MEM | tot     3.8G | free    1.9G | cache 718.4M | buff   58.9M | slab   79.8M |
MEM | tot     3.8G | free    1.9G | cache 717.5M | buff   58.9M | slab   79.7M |
