MEM | tot     3.8G | free    1.9G | cache 717.2M | buff   58.9M | slab   79.6M |
MEM | tot     3.8G | free    1.9G | cache 718.9M | buff   58.9M | slab   79.7M |
MEM | tot     3.8G | free    1.9G | cache 719.0M | buff   58.9M | slab   79.7M |
MEM | tot     3.8G | free    1.9G | cache 719.1M | buff   58.9M | slab   79.7M |
MEM | tot     3.8G | free    1.9G | cache 717.6M | buff   58.9M | slab   79.7M |
MEM | tot     3.8G | free    1.9G | cache 719.1M | buff   58.9M | slab   79.7M |
MEM | tot     3.8G | free    1.9G | cache 719.2M | buff   58.9M | slab   79.7M |
MEM | tot     3.8G | free    1.9G | cache 719.0M | buff   58.9M | slab   79.7M |
MEM | tot     3.8G | free    1.9G | cache 719.1M | buff   58.9M | slab   79.7M |
MEM | tot     3.8G | free    1.9G | cache 719.2M | buff   58.9M | slab   79.7M |
MEM | tot     3.8G | free    1.9G | cache 716.6M | buff   58.9M | slab   79.7M |
MEM | tot     3.8G | free    1.9G | cache 713.9M | buff   58.9M | slab   79.7M |
MEM | tot     3.8G | free    1.9G | cache 714.0M | buff   58.9M | slab   79.7M |
MEM | tot     3.8G | free    1.9G | cache 714.1M | buff   58.9M | slab   79.7M |
MEM | tot     3.8G | free    1.9G | cache 714.2M | buff   58.9M | slab   79.7M |
MEM | tot     3.8G | free    1.9G | cache 714.3M | buff   58.9M | slab   79.7M |
MEM | tot     3.8G | free    1.9G | cache 714.4M | buff   58.9M | slab   79.7M |
