MEM | tot     3.8G | free    1.9G | cache 714.3M | buff   58.9M | slab   79.7M |
MEM | tot     3.8G | free    1.9G | cache 718.3M | buff   58.9M | slab   79.8M |
MEM | tot     3.8G | free    1.9G | cache 718.3M | buff   58.9M | slab   79.8M |
MEM | tot     3.8G | free    1.9G | cache 718.8M | buff   58.9M | slab   79.8M |
MEM | tot     3.8G | free    1.9G | cache 720.3M | buff   58.9M | slab   79.8M |
MEM | tot     3.8G | free    1.9G | cache 720.4M | buff   58.9M | slab   79.8M |
MEM | tot     3.8G | free    1.9G | cache 720.4M | buff   58.9M | slab   79.8M |
MEM | tot     3.8G | free    1.9G | cache 720.4M | buff   58.9M | slab   79.7M |
MEM | tot     3.8G | free    1.9G | cache 720.2M | buff   58.9M | slab   79.8M |
