CPU,sys,5,user,10,irq,0,idle,85,wait,0,,15
CPU,sys,32,user,68,irq,0,idle,0,wait,0,,100
CPU,sys,32,user,67,irq,1,idle,0,wait,0,,99
CPU,sys,36,user,61,irq,3,idle,0,wait,0,,97
CPU,sys,39,user,59,irq,2,idle,0,wait,0,,98
CPU,sys,33,user,65,irq,2,idle,0,wait,0,,98
CPU,sys,33,user,64,irq,3,idle,0,wait,0,,97
CPU,sys,35,user,62,irq,3,idle,0,wait,0,,97
CPU,sys,42,user,53,irq,5,idle,0,wait,0,,95
CPU,sys,41,user,55,irq,4,idle,0,wait,0,,96
CPU,sys,36,user,59,irq,4,idle,0,wait,0,,95
,,,,,,,,,,,,
,,,,,,,,,,,média,"97,2"
,,,,,,,,,,,DP,"1,61932770686548"
