CPU,sys,5,user,10,irq,0,idle,85,wait,0,,15
CPU,sys,37,user,63,irq,0,idle,0,wait,0,,100
CPU,sys,37,user,63,irq,0,idle,0,wait,0,,100
CPU,sys,40,user,58,irq,2,idle,0,wait,0,,98
CPU,sys,31,user,68,irq,1,idle,0,wait,0,,99
CPU,sys,27,user,71,irq,1,idle,0,wait,0,,98
CPU,sys,32,user,66,irq,2,idle,0,wait,0,,98
CPU,sys,31,user,68,irq,1,idle,0,wait,0,,99
CPU,sys,39,user,59,irq,2,idle,0,wait,0,,98
CPU,sys,33,user,65,irq,2,idle,0,wait,0,,98
CPU,sys,32,user,67,irq,1,idle,0,wait,0,,99
CPU,sys,35,user,64,irq,1,idle,0,wait,0,,99
CPU,sys,37,user,61,irq,2,idle,0,wait,0,,98
CPU,sys,42,user,55,irq,3,idle,0,wait,0,,97
CPU,sys,36,user,62,irq,2,idle,0,wait,0,,98
CPU,sys,41,user,55,irq,4,idle,0,wait,0,,96
CPU,sys,36,user,60,irq,4,idle,0,wait,0,,96
,,,,,,,,,,,,
,,,,,,,,,,,média,"98,1875"
,,,,,,,,,,,DP,"1,16726175299288"
