MEM | tot     3.8G | free    2.2G | cache 629.0M | buff   46.0M | slab   65.2M |
MEM | tot     3.8G | free    2.2G | cache 637.8M | buff   46.0M | slab   65.2M |
MEM | tot     3.8G | free    2.2G | cache 640.5M | buff   46.0M | slab   65.2M |
MEM | tot     3.8G | free    2.2G | cache 640.6M | buff   46.0M | slab   65.2M |
MEM | tot     3.8G | free    2.2G | cache 640.6M | buff   46.0M | slab   65.2M |
MEM | tot     3.8G | free    2.2G | cache 640.6M | buff   46.0M | slab   65.2M |
MEM | tot     3.8G | free    2.2G | cache 640.6M | buff   46.0M | slab   65.3M |
MEM | tot     3.8G | free    2.2G | cache 640.1M | buff   46.0M | slab   65.3M |
