MEM | tot     3.8G | free    2.2G | cache 629.0M | buff   46.0M | slab   65.2M |
MEM | tot     3.8G | free    2.2G | cache 634.0M | buff   46.0M | slab   65.2M |
MEM | tot     3.8G | free    2.2G | cache 643.1M | buff   46.0M | slab   65.2M |
MEM | tot     3.8G | free    2.2G | cache 643.1M | buff   46.0M | slab   65.3M |
MEM | tot     3.8G | free    2.2G | cache 643.1M | buff   46.0M | slab   65.3M |
MEM | tot     3.8G | free    2.2G | cache 643.1M | buff   46.0M | slab   65.4M |
MEM | tot     3.8G | free    2.2G | cache 642.2M | buff   46.0M | slab   65.4M |
MEM | tot     3.8G | free    2.2G | cache 632.4M | buff   46.0M | slab   65.3M |
MEM | tot     3.8G | free    2.2G | cache 632.4M | buff   46.0M | slab   65.3M |
MEM | tot     3.8G | free    2.2G | cache 632.4M | buff   46.0M | slab   65.3M |
MEM | tot     3.8G | free    2.2G | cache 632.4M | buff   46.0M | slab   65.3M |
MEM | tot     3.8G | free    2.2G | cache 632.4M | buff   46.0M | slab   65.3M |
MEM | tot     3.8G | free    2.2G | cache 632.5M | buff   46.0M | slab   65.3M |
MEM | tot     3.8G | free    2.2G | cache 632.5M | buff   46.0M | slab   65.3M |
MEM | tot     3.8G | free    2.2G | cache 632.5M | buff   46.0M | slab   65.3M |
MEM | tot     3.8G | free    2.2G | cache 632.5M | buff   46.0M | slab   65.3M |
MEM | tot     3.8G | free    2.2G | cache 632.5M | buff   46.0M | slab   65.3M |
MEM | tot     3.8G | free    2.2G | cache 632.5M | buff   46.0M | slab   65.3M |
