MEM | tot     3.8G | free    2.2G | cache 632.9M | buff   45.9M | slab   65.1M |
MEM | tot     3.8G | free    2.2G | cache 641.5M | buff   45.9M | slab   65.2M |
MEM | tot     3.8G | free    2.2G | cache 633.8M | buff   45.9M | slab   65.3M |
MEM | tot     3.8G | free    2.2G | cache 633.5M | buff   45.9M | slab   65.3M |
MEM | tot     3.8G | free    2.2G | cache 635.0M | buff   45.9M | slab   65.3M |
MEM | tot     3.8G | free    2.2G | cache 635.0M | buff   45.9M | slab   65.3M |
MEM | tot     3.8G | free    2.2G | cache 634.8M | buff   45.9M | slab   65.2M |
MEM | tot     3.8G | free    2.2G | cache 634.8M | buff   45.9M | slab   65.2M |
MEM | tot     3.8G | free    2.2G | cache 634.8M | buff   45.9M | slab   65.2M |
MEM | tot     3.8G | free    2.2G | cache 632.4M | buff   45.9M | slab   65.2M |
MEM | tot     3.8G | free    2.2G | cache 632.4M | buff   45.9M | slab   65.2M |
MEM | tot     3.8G | free    2.2G | cache 632.4M | buff   45.9M | slab   65.2M |
MEM | tot     3.8G | free    2.2G | cache 632.4M | buff   45.9M | slab   65.2M |
MEM | tot     3.8G | free    2.2G | cache 632.9M | buff   45.9M | slab   65.2M |
MEM | tot     3.8G | free    2.2G | cache 632.9M | buff   45.9M | slab   65.2M |
MEM | tot     3.8G | free    2.2G | cache 632.9M | buff   45.9M | slab   65.2M |
MEM | tot     3.8G | free    2.2G | cache 632.9M | buff   45.9M | slab   65.2M |
MEM | tot     3.8G | free    2.2G | cache 633.0M | buff   45.9M | slab   65.2M |
MEM | tot     3.8G | free    2.2G | cache 632.5M | buff   45.9M | slab   65.2M |
MEM | tot     3.8G | free    2.2G | cache 632.5M | buff   45.9M | slab   65.2M |
MEM | tot     3.8G | free    2.2G | cache 632.5M | buff   45.9M | slab   65.2M |
MEM | tot     3.8G | free    2.2G | cache 632.5M | buff   45.9M | slab   65.2M |
MEM | tot     3.8G | free    2.2G | cache 632.5M | buff   45.9M | slab   65.2M |
MEM | tot     3.8G | free    2.2G | cache 632.5M | buff   45.9M | slab   65.2M |
MEM | tot     3.8G | free    2.2G | cache 633.0M | buff   45.9M | slab   65.2M |
MEM | tot     3.8G | free    2.2G | cache 633.0M | buff   45.9M | slab   65.2M |
MEM | tot     3.8G | free    2.2G | cache 633.1M | buff   45.9M | slab   65.2M |
MEM | tot     3.8G | free    2.2G | cache 633.1M | buff   45.9M | slab   65.2M |
MEM | tot     3.8G | free    2.2G | cache 633.1M | buff   45.9M | slab   65.2M |
MEM | tot     3.8G | free    2.2G | cache 635.8M | buff   45.9M | slab   65.2M |
MEM | tot     3.8G | free    2.2G | cache 635.8M | buff   45.9M | slab   65.2M |
MEM | tot     3.8G | free    2.2G | cache 635.9M | buff   45.9M | slab   65.2M |
MEM | tot     3.8G | free    2.2G | cache 635.9M | buff   45.9M | slab   65.2M |
MEM | tot     3.8G | free    2.2G | cache 635.9M | buff   45.9M | slab   65.2M |
MEM | tot     3.8G | free    2.2G | cache 634.9M | buff   45.9M | slab   65.2M |
MEM | tot     3.8G | free    2.2G | cache 632.7M | buff   45.9M | slab   65.2M |
MEM | tot     3.8G | free    2.2G | cache 632.7M | buff   45.9M | slab   65.2M |
MEM | tot     3.8G | free    2.2G | cache 632.7M | buff   45.9M | slab   65.2M |
MEM | tot     3.8G | free    2.2G | cache 632.7M | buff   45.9M | slab   65.2M |
MEM | tot     3.8G | free    2.2G | cache 632.7M | buff   45.9M | slab   65.2M |
MEM | tot     3.8G | free    2.2G | cache 632.7M | buff   45.9M | slab   65.2M |
MEM | tot     3.8G | free    2.2G | cache 632.7M | buff   45.9M | slab   65.2M |
MEM | tot     3.8G | free    2.2G | cache 632.7M | buff   45.9M | slab   65.2M |
MEM | tot     3.8G | free    2.2G | cache 632.7M | buff   45.9M | slab   65.2M |
MEM | tot     3.8G | free    2.2G | cache 632.8M | buff   45.9M | slab   65.2M |
MEM | tot     3.8G | free    2.2G | cache 632.8M | buff   45.9M | slab   65.2M |
MEM | tot     3.8G | free    2.2G | cache 632.8M | buff   45.9M | slab   65.2M |
MEM | tot     3.8G | free    2.2G | cache 632.8M | buff   45.9M | slab   65.2M |
MEM | tot     3.8G | free    2.2G | cache 632.8M | buff   45.9M | slab   65.2M |
MEM | tot     3.8G | free    2.2G | cache 632.8M | buff   46.0M | slab   65.2M |
MEM | tot     3.8G | free    2.2G | cache 632.8M | buff   46.0M | slab   65.2M |
MEM | tot     3.8G | free    2.2G | cache 632.8M | buff   46.0M | slab   65.2M |
MEM | tot     3.8G | free    2.2G | cache 632.8M | buff   46.0M | slab   65.2M |
MEM | tot     3.8G | free    2.2G | cache 632.9M | buff   46.0M | slab   65.2M |
MEM | tot     3.8G | free    2.2G | cache 632.9M | buff   46.0M | slab   65.2M |
