MEM | tot     3.8G | free    2.2G | cache 629.0M | buff   46.0M | slab   65.3M |
MEM | tot     3.8G | free    2.2G | cache 629.9M | buff   46.0M | slab   65.4M |
MEM | tot     3.8G | free    2.2G | cache 642.8M | buff   46.0M | slab   65.4M |
MEM | tot     3.8G | free    2.2G | cache 642.9M | buff   46.0M | slab   65.4M |
MEM | tot     3.8G | free    2.2G | cache 642.9M | buff   46.0M | slab   65.4M |
MEM | tot     3.8G | free    2.2G | cache 642.9M | buff   46.0M | slab   65.4M |
MEM | tot     3.8G | free    2.2G | cache 642.6M | buff   46.0M | slab   65.4M |
MEM | tot     3.8G | free    2.2G | cache 633.2M | buff   46.0M | slab   65.4M |
MEM | tot     3.8G | free    2.2G | cache 632.6M | buff   46.0M | slab   65.4M |
MEM | tot     3.8G | free    2.2G | cache 632.6M | buff   46.0M | slab   65.4M |
MEM | tot     3.8G | free    2.2G | cache 632.6M | buff   46.0M | slab   65.4M |
MEM | tot     3.8G | free    2.2G | cache 632.6M | buff   46.0M | slab   65.4M |
MEM | tot     3.8G | free    2.2G | cache 632.6M | buff   46.0M | slab   65.4M |
MEM | tot     3.8G | free    2.2G | cache 632.6M | buff   46.0M | slab   65.4M |
MEM | tot     3.8G | free    2.2G | cache 632.6M | buff   46.0M | slab   65.4M |
MEM | tot     3.8G | free    2.2G | cache 632.6M | buff   46.0M | slab   65.4M |
MEM | tot     3.8G | free    2.2G | cache 632.6M | buff   46.0M | slab   65.4M |
MEM | tot     3.8G | free    2.2G | cache 632.7M | buff   46.0M | slab   65.4M |
MEM | tot     3.8G | free    2.2G | cache 632.7M | buff   46.0M | slab   65.4M |
MEM | tot     3.8G | free    2.2G | cache 632.7M | buff   46.0M | slab   65.4M |
MEM | tot     3.8G | free    2.2G | cache 632.7M | buff   46.0M | slab   65.4M |
MEM | tot     3.8G | free    2.2G | cache 632.7M | buff   46.0M | slab   65.4M |
MEM | tot     3.8G | free    2.2G | cache 632.7M | buff   46.1M | slab   65.4M |
MEM | tot     3.8G | free    2.2G | cache 632.7M | buff   46.1M | slab   65.4M |
MEM | tot     3.8G | free    2.2G | cache 632.7M | buff   46.1M | slab   65.4M |
MEM | tot     3.8G | free    2.2G | cache 632.7M | buff   46.1M | slab   65.4M |
MEM | tot     3.8G | free    2.2G | cache 632.8M | buff   46.1M | slab   65.4M |
MEM | tot     3.8G | free    2.2G | cache 632.8M | buff   46.1M | slab   65.4M |
MEM | tot     3.8G | free    2.2G | cache 632.8M | buff   46.1M | slab   65.4M |
MEM | tot     3.8G | free    2.2G | cache 632.8M | buff   46.1M | slab   65.4M |
