CPU,sys,12,user,36,irq,1,idle,28,wait,23,,48
CPU,sys,37,user,63,irq,0,idle,0,wait,0,,100
CPU,sys,31,user,69,irq,0,idle,0,wait,0,,100
CPU,sys,28,user,71,irq,1,idle,0,wait,0,,99
CPU,sys,29,user,68,irq,2,idle,0,wait,0,,97
CPU,sys,17,user,81,irq,2,idle,0,wait,0,,98
CPU,sys,40,user,57,irq,3,idle,0,wait,0,,97
CPU,sys,33,user,64,irq,3,idle,0,wait,0,,97
CPU,sys,28,user,36,irq,1,idle,0,wait,35,,64
CPU,sys,24,user,29,irq,2,idle,0,wait,44,,53
CPU,sys,24,user,17,irq,1,idle,0,wait,58,,41
CPU,sys,20,user,21,irq,3,idle,0,wait,56,,41
CPU,sys,19,user,21,irq,1,idle,0,wait,59,,40
CPU,sys,12,user,23,irq,1,idle,0,wait,64,,35
CPU,sys,18,user,20,irq,2,idle,0,wait,59,,38
CPU,sys,22,user,21,irq,1,idle,0,wait,56,,43
CPU,sys,20,user,21,irq,2,idle,0,wait,57,,41
CPU,sys,21,user,19,irq,2,idle,0,wait,58,,40
CPU,sys,17,user,17,irq,0,idle,0,wait,67,,34
CPU,sys,14,user,19,irq,2,idle,0,wait,64,,33
CPU,sys,15,user,18,irq,1,idle,0,wait,66,,33
CPU,sys,12,user,19,irq,1,idle,0,wait,68,,31
CPU,sys,14,user,20,irq,2,idle,0,wait,63,,34
CPU,sys,21,user,16,irq,1,idle,0,wait,62,,37
CPU,sys,21,user,21,irq,3,idle,0,wait,55,,42
CPU,sys,19,user,19,irq,2,idle,0,wait,60,,38
CPU,sys,18,user,21,irq,2,idle,0,wait,59,,39
CPU,sys,17,user,23,irq,3,idle,0,wait,56,,40
CPU,sys,17,user,18,irq,2,idle,0,wait,64,,35
CPU,sys,16,user,18,irq,3,idle,0,wait,63,,34
,,,,,,,,,,,,
,,,,,,,,,,,média,"53,5862068965517"
,,,,,,,,,,,DP,"26,4271468128883"
