E,tot,"3,8",free,"2,2",cache,629,buff,46,slab,"65,2",,"1,6"
E,tot,"3,8",free,"2,2",cache,634,buff,46,slab,"65,2",,"1,6"
E,tot,"3,8",free,"2,2",cache,"643,1",buff,46,slab,"65,2",,"1,6"
E,tot,"3,8",free,"2,2",cache,"643,1",buff,46,slab,"65,3",,"1,6"
E,tot,"3,8",free,"2,2",cache,"643,1",buff,46,slab,"65,3",,"1,6"
E,tot,"3,8",free,"2,2",cache,"643,1",buff,46,slab,"65,4",,"1,6"
E,tot,"3,8",free,"2,2",cache,"642,2",buff,46,slab,"65,4",,"1,6"
E,tot,"3,8",free,"2,2",cache,"632,4",buff,46,slab,"65,3",,"1,6"
E,tot,"3,8",free,"2,2",cache,"632,4",buff,46,slab,"65,3",,"1,6"
E,tot,"3,8",free,"2,2",cache,"632,4",buff,46,slab,"65,3",,"1,6"
E,tot,"3,8",free,"2,2",cache,"632,4",buff,46,slab,"65,3",,"1,6"
E,tot,"3,8",free,"2,2",cache,"632,4",buff,46,slab,"65,3",,"1,6"
E,tot,"3,8",free,"2,2",cache,"632,5",buff,46,slab,"65,3",,"1,6"
E,tot,"3,8",free,"2,2",cache,"632,5",buff,46,slab,"65,3",,"1,6"
E,tot,"3,8",free,"2,2",cache,"632,5",buff,46,slab,"65,3",,"1,6"
E,tot,"3,8",free,"2,2",cache,"632,5",buff,46,slab,"65,3",,"1,6"
E,tot,"3,8",free,"2,2",cache,"632,5",buff,46,slab,"65,3",,"1,6"
E,tot,"3,8",free,"2,2",cache,"632,5",buff,46,slab,"65,3",,"1,6"
,,,,,,,,,,,,
,,,,,,,,,,,média,"1,6"
,,,,,,,,,,,DP,0
