E,tot,"3,8",free,"2,2",cache,629,buff,46,slab,"65,2",,"1,6"
E,tot,"3,8",free,"2,2",cache,"637,8",buff,46,slab,"65,2",,"1,6"
E,tot,"3,8",free,"2,2",cache,"640,5",buff,46,slab,"65,2",,"1,6"
E,tot,"3,8",free,"2,2",cache,"640,6",buff,46,slab,"65,2",,"1,6"
E,tot,"3,8",free,"2,2",cache,"640,6",buff,46,slab,"65,2",,"1,6"
E,tot,"3,8",free,"2,2",cache,"640,6",buff,46,slab,"65,2",,"1,6"
E,tot,"3,8",free,"2,2",cache,"640,6",buff,46,slab,"65,3",,"1,6"
E,tot,"3,8",free,"2,2",cache,"640,1",buff,46,slab,"65,3",,"1,6"
,,,,,,,,,,,,
,,,,,,,,,,,média,"1,6"
,,,,,,,,,,,DP,0
