CPU,sys,12,user,36,irq,1,idle,28,wait,23,,48
CPU,sys,31,user,69,irq,0,idle,0,wait,0,,100
CPU,sys,34,user,65,irq,1,idle,0,wait,0,,99
CPU,sys,35,user,64,irq,1,idle,0,wait,0,,99
CPU,sys,38,user,58,irq,4,idle,0,wait,0,,96
CPU,sys,37,user,62,irq,1,idle,0,wait,0,,99
CPU,sys,41,user,56,irq,3,idle,0,wait,0,,97
CPU,sys,34,user,64,irq,2,idle,0,wait,0,,98
CPU,sys,24,user,56,irq,2,idle,0,wait,18,,80
CPU,sys,11,user,39,irq,0,idle,0,wait,49,,50
CPU,sys,12,user,61,irq,0,idle,0,wait,27,,73
CPU,sys,12,user,69,irq,2,idle,0,wait,17,,81
CPU,sys,16,user,66,irq,1,idle,0,wait,18,,82
CPU,sys,15,user,66,irq,1,idle,0,wait,18,,81
CPU,sys,16,user,68,irq,0,idle,0,wait,16,,84
CPU,sys,19,user,66,irq,1,idle,0,wait,14,,85
CPU,sys,12,user,70,irq,1,idle,0,wait,16,,82
CPU,sys,15,user,71,irq,0,idle,0,wait,14,,86
,,,,,,,,,,,,
,,,,,,,,,,,média,"86,5882352941177"
,,,,,,,,,,,DP,"12,8698233453757"
