CPU,sys,12,user,36,irq,1,idle,28,wait,23,,48
CPU,sys,37,user,62,irq,0,idle,0,wait,0,,99
CPU,sys,27,user,43,irq,1,idle,0,wait,27,,70
CPU,sys,32,user,26,irq,0,idle,0,wait,43,,58
CPU,sys,26,user,67,irq,3,idle,0,wait,4,,93
CPU,sys,23,user,33,irq,3,idle,0,wait,40,,56
CPU,sys,27,user,28,irq,1,idle,0,wait,45,,55
CPU,sys,24,user,32,irq,1,idle,0,wait,43,,56
CPU,sys,19,user,21,irq,1,idle,0,wait,58,,40
CPU,sys,18,user,26,irq,1,idle,0,wait,55,,44
CPU,sys,18,user,21,irq,1,idle,0,wait,61,,39
CPU,sys,16,user,20,irq,1,idle,0,wait,62,,36
CPU,sys,15,user,17,irq,1,idle,0,wait,68,,32
CPU,sys,20,user,33,irq,1,idle,0,wait,46,,53
CPU,sys,20,user,22,irq,2,idle,0,wait,56,,42
CPU,sys,17,user,28,irq,2,idle,0,wait,53,,45
CPU,sys,21,user,22,irq,3,idle,0,wait,55,,43
CPU,sys,21,user,24,irq,2,idle,0,wait,53,,45
CPU,sys,13,user,24,irq,1,idle,0,wait,61,,37
CPU,sys,17,user,21,irq,2,idle,0,wait,60,,38
CPU,sys,15,user,22,irq,2,idle,0,wait,62,,37
CPU,sys,18,user,19,irq,1,idle,0,wait,61,,37
CPU,sys,16,user,20,irq,2,idle,0,wait,61,,36
CPU,sys,13,user,25,irq,3,idle,0,wait,59,,38
CPU,sys,16,user,24,irq,0,idle,0,wait,59,,40
CPU,sys,19,user,36,irq,2,idle,0,wait,41,,55
CPU,sys,18,user,27,irq,0,idle,0,wait,55,,45
CPU,sys,22,user,36,irq,1,idle,0,wait,40,,58
CPU,sys,19,user,35,irq,2,idle,0,wait,44,,54
CPU,sys,30,user,63,irq,3,idle,0,wait,4,,93
CPU,sys,26,user,30,irq,1,idle,0,wait,43,,56
CPU,sys,19,user,27,irq,1,idle,0,wait,54,,46
CPU,sys,22,user,24,irq,2,idle,0,wait,53,,46
CPU,sys,17,user,29,irq,0,idle,0,wait,53,,46
CPU,sys,16,user,26,irq,2,idle,0,wait,56,,42
CPU,sys,19,user,26,irq,3,idle,0,wait,53,,45
CPU,sys,20,user,22,irq,1,idle,0,wait,56,,42
CPU,sys,17,user,24,irq,0,idle,0,wait,58,,41
CPU,sys,13,user,30,irq,2,idle,0,wait,55,,43
CPU,sys,17,user,25,irq,0,idle,0,wait,58,,42
CPU,sys,19,user,24,irq,1,idle,0,wait,56,,43
CPU,sys,18,user,22,irq,1,idle,0,wait,58,,40
CPU,sys,20,user,27,irq,2,idle,0,wait,51,,47
CPU,sys,18,user,22,irq,2,idle,0,wait,58,,40
CPU,sys,20,user,27,irq,0,idle,0,wait,54,,47
CPU,sys,14,user,26,irq,2,idle,0,wait,58,,40
CPU,sys,15,user,32,irq,0,idle,0,wait,52,,47
CPU,sys,17,user,26,irq,0,idle,0,wait,57,,43
CPU,sys,16,user,26,irq,1,idle,0,wait,57,,42
CPU,sys,18,user,22,irq,2,idle,0,wait,58,,40
CPU,sys,15,user,24,irq,1,idle,0,wait,60,,39
CPU,sys,16,user,22,irq,2,idle,0,wait,59,,38
CPU,sys,19,user,27,irq,2,idle,0,wait,51,,46
CPU,sys,18,user,23,irq,2,idle,0,wait,57,,41
CPU,sys,16,user,29,irq,2,idle,0,wait,52,,45
,,,,,,,,,,,,
,,,,,,,,,,,média,"47,4259259259259"
,,,,,,,,,,,DP,"13,6528410919194"
