E,tot,"3,8",free,"2,2",cache,"632,9",buff,"45,9",slab,"65,1",,"1,6"
E,tot,"3,8",free,"2,2",cache,"641,5",buff,"45,9",slab,"65,2",,"1,6"
E,tot,"3,8",free,"2,2",cache,"633,8",buff,"45,9",slab,"65,3",,"1,6"
E,tot,"3,8",free,"2,2",cache,"633,5",buff,"45,9",slab,"65,3",,"1,6"
E,tot,"3,8",free,"2,2",cache,635,buff,"45,9",slab,"65,3",,"1,6"
E,tot,"3,8",free,"2,2",cache,635,buff,"45,9",slab,"65,3",,"1,6"
E,tot,"3,8",free,"2,2",cache,"634,8",buff,"45,9",slab,"65,2",,"1,6"
E,tot,"3,8",free,"2,2",cache,"634,8",buff,"45,9",slab,"65,2",,"1,6"
E,tot,"3,8",free,"2,2",cache,"634,8",buff,"45,9",slab,"65,2",,"1,6"
E,tot,"3,8",free,"2,2",cache,"632,4",buff,"45,9",slab,"65,2",,"1,6"
E,tot,"3,8",free,"2,2",cache,"632,4",buff,"45,9",slab,"65,2",,"1,6"
E,tot,"3,8",free,"2,2",cache,"632,4",buff,"45,9",slab,"65,2",,"1,6"
E,tot,"3,8",free,"2,2",cache,"632,4",buff,"45,9",slab,"65,2",,"1,6"
E,tot,"3,8",free,"2,2",cache,"632,9",buff,"45,9",slab,"65,2",,"1,6"
E,tot,"3,8",free,"2,2",cache,"632,9",buff,"45,9",slab,"65,2",,"1,6"
E,tot,"3,8",free,"2,2",cache,"632,9",buff,"45,9",slab,"65,2",,"1,6"
E,tot,"3,8",free,"2,2",cache,"632,9",buff,"45,9",slab,"65,2",,"1,6"
E,tot,"3,8",free,"2,2",cache,633,buff,"45,9",slab,"65,2",,"1,6"
E,tot,"3,8",free,"2,2",cache,"632,5",buff,"45,9",slab,"65,2",,"1,6"
E,tot,"3,8",free,"2,2",cache,"632,5",buff,"45,9",slab,"65,2",,"1,6"
E,tot,"3,8",free,"2,2",cache,"632,5",buff,"45,9",slab,"65,2",,"1,6"
E,tot,"3,8",free,"2,2",cache,"632,5",buff,"45,9",slab,"65,2",,"1,6"
E,tot,"3,8",free,"2,2",cache,"632,5",buff,"45,9",slab,"65,2",,"1,6"
E,tot,"3,8",free,"2,2",cache,"632,5",buff,"45,9",slab,"65,2",,"1,6"
E,tot,"3,8",free,"2,2",cache,633,buff,"45,9",slab,"65,2",,"1,6"
E,tot,"3,8",free,"2,2",cache,633,buff,"45,9",slab,"65,2",,"1,6"
E,tot,"3,8",free,"2,2",cache,"633,1",buff,"45,9",slab,"65,2",,"1,6"
E,tot,"3,8",free,"2,2",cache,"633,1",buff,"45,9",slab,"65,2",,"1,6"
E,tot,"3,8",free,"2,2",cache,"633,1",buff,"45,9",slab,"65,2",,"1,6"
E,tot,"3,8",free,"2,2",cache,"635,8",buff,"45,9",slab,"65,2",,"1,6"
E,tot,"3,8",free,"2,2",cache,"635,8",buff,"45,9",slab,"65,2",,"1,6"
E,tot,"3,8",free,"2,2",cache,"635,9",buff,"45,9",slab,"65,2",,"1,6"
E,tot,"3,8",free,"2,2",cache,"635,9",buff,"45,9",slab,"65,2",,"1,6"
E,tot,"3,8",free,"2,2",cache,"635,9",buff,"45,9",slab,"65,2",,"1,6"
E,tot,"3,8",free,"2,2",cache,"634,9",buff,"45,9",slab,"65,2",,"1,6"
E,tot,"3,8",free,"2,2",cache,"632,7",buff,"45,9",slab,"65,2",,"1,6"
E,tot,"3,8",free,"2,2",cache,"632,7",buff,"45,9",slab,"65,2",,"1,6"
E,tot,"3,8",free,"2,2",cache,"632,7",buff,"45,9",slab,"65,2",,"1,6"
E,tot,"3,8",free,"2,2",cache,"632,7",buff,"45,9",slab,"65,2",,"1,6"
E,tot,"3,8",free,"2,2",cache,"632,7",buff,"45,9",slab,"65,2",,"1,6"
E,tot,"3,8",free,"2,2",cache,"632,7",buff,"45,9",slab,"65,2",,"1,6"
E,tot,"3,8",free,"2,2",cache,"632,7",buff,"45,9",slab,"65,2",,"1,6"
E,tot,"3,8",free,"2,2",cache,"632,7",buff,"45,9",slab,"65,2",,"1,6"
E,tot,"3,8",free,"2,2",cache,"632,7",buff,"45,9",slab,"65,2",,"1,6"
E,tot,"3,8",free,"2,2",cache,"632,8",buff,"45,9",slab,"65,2",,"1,6"
E,tot,"3,8",free,"2,2",cache,"632,8",buff,"45,9",slab,"65,2",,"1,6"
E,tot,"3,8",free,"2,2",cache,"632,8",buff,"45,9",slab,"65,2",,"1,6"
E,tot,"3,8",free,"2,2",cache,"632,8",buff,"45,9",slab,"65,2",,"1,6"
E,tot,"3,8",free,"2,2",cache,"632,8",buff,"45,9",slab,"65,2",,"1,6"
E,tot,"3,8",free,"2,2",cache,"632,8",buff,46,slab,"65,2",,"1,6"
E,tot,"3,8",free,"2,2",cache,"632,8",buff,46,slab,"65,2",,"1,6"
E,tot,"3,8",free,"2,2",cache,"632,8",buff,46,slab,"65,2",,"1,6"
E,tot,"3,8",free,"2,2",cache,"632,8",buff,46,slab,"65,2",,"1,6"
E,tot,"3,8",free,"2,2",cache,"632,9",buff,46,slab,"65,2",,"1,6"
E,tot,"3,8",free,"2,2",cache,"632,9",buff,46,slab,"65,2",,"1,6"
,,,,,,,,,,,,
,,,,,,,,,,,média,"1,6"
,,,,,,,,,,,DP,0
