E,tot,"3,8",free,"2,2",cache,629,buff,46,slab,"65,3",,"1,6"
E,tot,"3,8",free,"2,2",cache,"629,9",buff,46,slab,"65,4",,"1,6"
E,tot,"3,8",free,"2,2",cache,"642,8",buff,46,slab,"65,4",,"1,6"
E,tot,"3,8",free,"2,2",cache,"642,9",buff,46,slab,"65,4",,"1,6"
E,tot,"3,8",free,"2,2",cache,"642,9",buff,46,slab,"65,4",,"1,6"
E,tot,"3,8",free,"2,2",cache,"642,9",buff,46,slab,"65,4",,"1,6"
E,tot,"3,8",free,"2,2",cache,"642,6",buff,46,slab,"65,4",,"1,6"
E,tot,"3,8",free,"2,2",cache,"633,2",buff,46,slab,"65,4",,"1,6"
E,tot,"3,8",free,"2,2",cache,"632,6",buff,46,slab,"65,4",,"1,6"
E,tot,"3,8",free,"2,2",cache,"632,6",buff,46,slab,"65,4",,"1,6"
E,tot,"3,8",free,"2,2",cache,"632,6",buff,46,slab,"65,4",,"1,6"
E,tot,"3,8",free,"2,2",cache,"632,6",buff,46,slab,"65,4",,"1,6"
E,tot,"3,8",free,"2,2",cache,"632,6",buff,46,slab,"65,4",,"1,6"
E,tot,"3,8",free,"2,2",cache,"632,6",buff,46,slab,"65,4",,"1,6"
E,tot,"3,8",free,"2,2",cache,"632,6",buff,46,slab,"65,4",,"1,6"
E,tot,"3,8",free,"2,2",cache,"632,6",buff,46,slab,"65,4",,"1,6"
E,tot,"3,8",free,"2,2",cache,"632,6",buff,46,slab,"65,4",,"1,6"
E,tot,"3,8",free,"2,2",cache,"632,7",buff,46,slab,"65,4",,"1,6"
E,tot,"3,8",free,"2,2",cache,"632,7",buff,46,slab,"65,4",,"1,6"
E,tot,"3,8",free,"2,2",cache,"632,7",buff,46,slab,"65,4",,"1,6"
E,tot,"3,8",free,"2,2",cache,"632,7",buff,46,slab,"65,4",,"1,6"
E,tot,"3,8",free,"2,2",cache,"632,7",buff,46,slab,"65,4",,"1,6"
E,tot,"3,8",free,"2,2",cache,"632,7",buff,"46,1",slab,"65,4",,"1,6"
E,tot,"3,8",free,"2,2",cache,"632,7",buff,"46,1",slab,"65,4",,"1,6"
E,tot,"3,8",free,"2,2",cache,"632,7",buff,"46,1",slab,"65,4",,"1,6"
E,tot,"3,8",free,"2,2",cache,"632,7",buff,"46,1",slab,"65,4",,"1,6"
E,tot,"3,8",free,"2,2",cache,"632,8",buff,"46,1",slab,"65,4",,"1,6"
E,tot,"3,8",free,"2,2",cache,"632,8",buff,"46,1",slab,"65,4",,"1,6"
E,tot,"3,8",free,"2,2",cache,"632,8",buff,"46,1",slab,"65,4",,"1,6"
E,tot,"3,8",free,"2,2",cache,"632,8",buff,"46,1",slab,"65,4",,"1,6"
,,,,,,,,,,,,
,,,,,,,,,,,média,"1,6"
,,,,,,,,,,,DP,0
