MEM | tot     3.8G | free    1.7G | cache 833.3M | buff   50.8M | slab   72.4M |
MEM | tot     3.8G | free    1.6G | cache 837.5M | buff   50.8M | slab   73.2M |
MEM | tot     3.8G | free    1.6G | cache 841.5M | buff   50.8M | slab   73.2M |
MEM | tot     3.8G | free    1.6G | cache 841.5M | buff   50.8M | slab   73.3M |
MEM | tot     3.8G | free    1.6G | cache 840.0M | buff   50.8M | slab   73.3M |
MEM | tot     3.8G | free    1.6G | cache 840.1M | buff   50.8M | slab   73.3M |
MEM | tot     3.8G | free    1.6G | cache 839.6M | buff   50.8M | slab   73.3M |
MEM | tot     3.8G | free    1.6G | cache 838.8M | buff   50.8M | slab   73.3M |
MEM | tot     3.8G | free    1.6G | cache 841.4M | buff   50.8M | slab   73.4M |
MEM | tot     3.8G | free    1.6G | cache 841.4M | buff   50.8M | slab   73.4M |
MEM | tot     3.8G | free    1.6G | cache 841.5M | buff   50.8M | slab   73.4M |
MEM | tot     3.8G | free    1.6G | cache 841.5M | buff   50.8M | slab   73.4M |
MEM | tot     3.8G | free    1.6G | cache 841.5M | buff   50.8M | slab   73.4M |
MEM | tot     3.8G | free    1.6G | cache 841.5M | buff   50.8M | slab   73.4M |
MEM | tot     3.8G | free    1.6G | cache 841.5M | buff   50.8M | slab   73.4M |
MEM | tot     3.8G | free    1.6G | cache 841.5M | buff   50.8M | slab   73.4M |
MEM | tot     3.8G | free    1.6G | cache 841.5M | buff   50.8M | slab   73.4M |
MEM | tot     3.8G | free    1.6G | cache 841.5M | buff   50.8M | slab   73.4M |
MEM | tot     3.8G | free    1.6G | cache 841.6M | buff   50.8M | slab   73.4M |
MEM | tot     3.8G | free    1.6G | cache 841.6M | buff   50.8M | slab   73.4M |
MEM | tot     3.8G | free    1.6G | cache 841.6M | buff   50.8M | slab   73.4M |
MEM | tot     3.8G | free    1.6G | cache 841.6M | buff   50.8M | slab   73.4M |
MEM | tot     3.8G | free    1.6G | cache 841.6M | buff   50.8M | slab   73.4M |
MEM | tot     3.8G | free    1.6G | cache 841.6M | buff   50.8M | slab   73.4M |
MEM | tot     3.8G | free    1.6G | cache 841.6M | buff   50.8M | slab   73.4M |
MEM | tot     3.8G | free    1.6G | cache 841.6M | buff   50.8M | slab   73.4M |
MEM | tot     3.8G | free    1.6G | cache 841.7M | buff   50.8M | slab   73.4M |
MEM | tot     3.8G | free    1.6G | cache 841.7M | buff   50.8M | slab   73.4M |
MEM | tot     3.8G | free    1.6G | cache 841.7M | buff   50.8M | slab   73.4M |
MEM | tot     3.8G | free    1.6G | cache 841.7M | buff   50.8M | slab   73.4M |
MEM | tot     3.8G | free    1.6G | cache 841.7M | buff   50.8M | slab   73.4M |
MEM | tot     3.8G | free    1.6G | cache 841.8M | buff   50.8M | slab   73.4M |
MEM | tot     3.8G | free    1.6G | cache 841.9M | buff   50.8M | slab   73.4M |
MEM | tot     3.8G | free    1.6G | cache 841.9M | buff   50.8M | slab   73.4M |
MEM | tot     3.8G | free    1.6G | cache 841.9M | buff   50.8M | slab   73.4M |
MEM | tot     3.8G | free    1.6G | cache 841.9M | buff   50.8M | slab   73.4M |
MEM | tot     3.8G | free    1.6G | cache 841.9M | buff   50.8M | slab   73.4M |
MEM | tot     3.8G | free    1.6G | cache 841.9M | buff   50.8M | slab   73.4M |
MEM | tot     3.8G | free    1.6G | cache 841.9M | buff   50.8M | slab   73.4M |
MEM | tot     3.8G | free    1.6G | cache 841.9M | buff   50.8M | slab   73.4M |
MEM | tot     3.8G | free    1.6G | cache 841.9M | buff   50.8M | slab   73.4M |
MEM | tot     3.8G | free    1.6G | cache 842.0M | buff   50.8M | slab   73.4M |
MEM | tot     3.8G | free    1.6G | cache 842.0M | buff   50.8M | slab   73.4M |
MEM | tot     3.8G | free    1.6G | cache 842.0M | buff   50.8M | slab   73.4M |
MEM | tot     3.8G | free    1.6G | cache 842.0M | buff   50.8M | slab   73.4M |
MEM | tot     3.8G | free    1.6G | cache 842.0M | buff   50.8M | slab   73.4M |
MEM | tot     3.8G | free    1.6G | cache 842.0M | buff   50.8M | slab   73.4M |
MEM | tot     3.8G | free    1.6G | cache 842.0M | buff   50.8M | slab   73.4M |
MEM | tot     3.8G | free    1.6G | cache 842.0M | buff   50.8M | slab   73.4M |
MEM | tot     3.8G | free    1.6G | cache 842.1M | buff   50.8M | slab   73.4M |
MEM | tot     3.8G | free    1.6G | cache 842.1M | buff   50.9M | slab   73.4M |
MEM | tot     3.8G | free    1.6G | cache 842.1M | buff   50.9M | slab   73.4M |
MEM | tot     3.8G | free    1.6G | cache 842.1M | buff   50.9M | slab   73.4M |
MEM | tot     3.8G | free    1.6G | cache 842.1M | buff   50.9M | slab   73.4M |
MEM | tot     3.8G | free    1.6G | cache 842.1M | buff   50.9M | slab   73.4M |
MEM | tot     3.8G | free    1.6G | cache 842.2M | buff   50.9M | slab   73.4M |
MEM | tot     3.8G | free    1.6G | cache 842.2M | buff   50.9M | slab   73.4M |
MEM | tot     3.8G | free    1.6G | cache 842.2M | buff   50.9M | slab   73.4M |
MEM | tot     3.8G | free    1.6G | cache 842.2M | buff   50.9M | slab   73.4M |
MEM | tot     3.8G | free    1.6G | cache 842.2M | buff   50.9M | slab   73.4M |
MEM | tot     3.8G | free    1.6G | cache 842.2M | buff   50.9M | slab   73.4M |
MEM | tot     3.8G | free    1.6G | cache 842.2M | buff   50.9M | slab   73.4M |
MEM | tot     3.8G | free    1.6G | cache 842.3M | buff   50.9M | slab   73.4M |
MEM | tot     3.8G | free    1.7G | cache 842.3M | buff   50.9M | slab   73.4M |
MEM | tot     3.8G | free    1.7G | cache 842.3M | buff   50.9M | slab   73.4M |
MEM | tot     3.8G | free    1.7G | cache 842.3M | buff   50.9M | slab   73.4M |
MEM | tot     3.8G | free    1.7G | cache 842.3M | buff   50.9M | slab   73.4M |
MEM | tot     3.8G | free    1.6G | cache 842.3M | buff   50.9M | slab   73.4M |
MEM | tot     3.8G | free    1.6G | cache 842.3M | buff   50.9M | slab   73.4M |
MEM | tot     3.8G | free    1.6G | cache 842.3M | buff   50.9M | slab   73.4M |
MEM | tot     3.8G | free    1.6G | cache 842.4M | buff   50.9M | slab   73.4M |
MEM | tot     3.8G | free    1.7G | cache 837.9M | buff   50.9M | slab   73.4M |
MEM | tot     3.8G | free    1.7G | cache 837.9M | buff   50.9M | slab   73.4M |
MEM | tot     3.8G | free    1.7G | cache 837.9M | buff   50.9M | slab   73.4M |
MEM | tot     3.8G | free    1.7G | cache 838.0M | buff   50.9M | slab   73.4M |
MEM | tot     3.8G | free    1.7G | cache 838.0M | buff   50.9M | slab   73.4M |
MEM | tot     3.8G | free    1.7G | cache 838.0M | buff   50.9M | slab   73.4M |
MEM | tot     3.8G | free    1.7G | cache 838.0M | buff   50.9M | slab   73.4M |
MEM | tot     3.8G | free    1.7G | cache 838.0M | buff   50.9M | slab   73.4M |
MEM | tot     3.8G | free    1.7G | cache 838.0M | buff   50.9M | slab   73.4M |
MEM | tot     3.8G | free    1.7G | cache 838.0M | buff   50.9M | slab   73.4M |
MEM | tot     3.8G | free    1.7G | cache 838.0M | buff   50.9M | slab   73.4M |
MEM | tot     3.8G | free    1.7G | cache 838.1M | buff   50.9M | slab   73.4M |
MEM | tot     3.8G | free    1.7G | cache 838.1M | buff   50.9M | slab   73.4M |
MEM | tot     3.8G | free    1.7G | cache 838.1M | buff   50.9M | slab   73.4M |
MEM | tot     3.8G | free    1.7G | cache 838.1M | buff   50.9M | slab   73.4M |
MEM | tot     3.8G | free    1.7G | cache 838.1M | buff   50.9M | slab   73.4M |
MEM | tot     3.8G | free    1.7G | cache 838.1M | buff   50.9M | slab   73.4M |
MEM | tot     3.8G | free    1.7G | cache 838.1M | buff   50.9M | slab   73.4M |
MEM | tot     3.8G | free    1.7G | cache 838.1M | buff   50.9M | slab   73.4M |
MEM | tot     3.8G | free    1.7G | cache 838.2M | buff   50.9M | slab   73.4M |
MEM | tot     3.8G | free    1.7G | cache 838.2M | buff   50.9M | slab   73.4M |
MEM | tot     3.8G | free    1.7G | cache 838.2M | buff   50.9M | slab   73.4M |
MEM | tot     3.8G | free    1.7G | cache 838.2M | buff   50.9M | slab   73.4M |
MEM | tot     3.8G | free    1.7G | cache 838.2M | buff   50.9M | slab   73.4M |
MEM | tot     3.8G | free    1.7G | cache 838.2M | buff   50.9M | slab   73.4M |
MEM | tot     3.8G | free    1.7G | cache 838.2M | buff   50.9M | slab   73.4M |
MEM | tot     3.8G | free    1.7G | cache 838.2M | buff   50.9M | slab   73.4M |
MEM | tot     3.8G | free    1.7G | cache 838.3M | buff   50.9M | slab   73.4M |
MEM | tot     3.8G | free    1.7G | cache 838.3M | buff   50.9M | slab   73.4M |
MEM | tot     3.8G | free    1.7G | cache 838.3M | buff   50.9M | slab   73.4M |
MEM | tot     3.8G | free    1.7G | cache 838.3M | buff   50.9M | slab   73.4M |
MEM | tot     3.8G | free    1.7G | cache 838.3M | buff   50.9M | slab   73.4M |
MEM | tot     3.8G | free    1.7G | cache 838.3M | buff   50.9M | slab   73.4M |
MEM | tot     3.8G | free    1.7G | cache 838.3M | buff   50.9M | slab   73.4M |
MEM | tot     3.8G | free    1.7G | cache 838.3M | buff   50.9M | slab   73.4M |
MEM | tot     3.8G | free    1.7G | cache 838.4M | buff   50.9M | slab   73.4M |
MEM | tot     3.8G | free    1.7G | cache 838.4M | buff   50.9M | slab   73.4M |
MEM | tot     3.8G | free    1.7G | cache 838.4M | buff   50.9M | slab   73.4M |
MEM | tot     3.8G | free    1.7G | cache 838.4M | buff   50.9M | slab   73.4M |
MEM | tot     3.8G | free    1.7G | cache 838.4M | buff   51.0M | slab   73.4M |
