MEM | tot     3.8G | free    1.7G | cache 838.0M | buff   51.0M | slab   73.3M |
MEM | tot     3.8G | free    1.7G | cache 843.1M | buff   51.0M | slab   73.5M |
MEM | tot     3.8G | free    1.7G | cache 849.6M | buff   51.0M | slab   73.5M |
MEM | tot     3.8G | free    1.7G | cache 849.6M | buff   51.0M | slab   73.5M |
MEM | tot     3.8G | free    1.7G | cache 849.6M | buff   51.0M | slab   73.5M |
MEM | tot     3.8G | free    1.7G | cache 849.6M | buff   51.0M | slab   73.5M |
MEM | tot     3.8G | free    1.7G | cache 849.4M | buff   51.0M | slab   73.5M |
MEM | tot     3.8G | free    1.7G | cache 841.4M | buff   51.0M | slab   73.5M |
MEM | tot     3.8G | free    1.7G | cache 841.4M | buff   51.0M | slab   73.5M |
MEM | tot     3.8G | free    1.7G | cache 841.4M | buff   51.0M | slab   73.5M |
MEM | tot     3.8G | free    1.7G | cache 841.4M | buff   51.0M | slab   73.5M |
MEM | tot     3.8G | free    1.7G | cache 841.4M | buff   51.0M | slab   73.5M |
MEM | tot     3.8G | free    1.7G | cache 841.5M | buff   51.0M | slab   73.5M |
MEM | tot     3.8G | free    1.7G | cache 841.5M | buff   51.0M | slab   73.5M |
MEM | tot     3.8G | free    1.7G | cache 841.5M | buff   51.0M | slab   73.5M |
MEM | tot     3.8G | free    1.7G | cache 841.5M | buff   51.0M | slab   73.5M |
MEM | tot     3.8G | free    1.7G | cache 841.5M | buff   51.0M | slab   73.5M |
MEM | tot     3.8G | free    1.7G | cache 841.5M | buff   51.0M | slab   73.4M |
MEM | tot     3.8G | free    1.7G | cache 841.5M | buff   51.0M | slab   73.4M |
MEM | tot     3.8G | free    1.7G | cache 841.5M | buff   51.0M | slab   73.4M |
MEM | tot     3.8G | free    1.7G | cache 841.6M | buff   51.0M | slab   73.4M |
MEM | tot     3.8G | free    1.7G | cache 841.6M | buff   51.0M | slab   73.4M |
MEM | tot     3.8G | free    1.7G | cache 841.6M | buff   51.0M | slab   73.4M |
MEM | tot     3.8G | free    1.7G | cache 841.6M | buff   51.0M | slab   73.4M |
MEM | tot     3.8G | free    1.7G | cache 841.6M | buff   51.0M | slab   73.4M |
MEM | tot     3.8G | free    1.7G | cache 841.6M | buff   51.0M | slab   73.4M |
MEM | tot     3.8G | free    1.7G | cache 841.6M | buff   51.0M | slab   73.4M |
MEM | tot     3.8G | free    1.7G | cache 841.6M | buff   51.0M | slab   73.4M |
MEM | tot     3.8G | free    1.7G | cache 841.7M | buff   51.0M | slab   73.4M |
MEM | tot     3.8G | free    1.7G | cache 841.7M | buff   51.0M | slab   73.4M |
MEM | tot     3.8G | free    1.7G | cache 841.7M | buff   51.0M | slab   73.4M |
MEM | tot     3.8G | free    1.7G | cache 841.7M | buff   51.0M | slab   73.4M |
MEM | tot     3.8G | free    1.7G | cache 841.7M | buff   51.0M | slab   73.4M |
MEM | tot     3.8G | free    1.7G | cache 841.7M | buff   51.0M | slab   73.4M |
MEM | tot     3.8G | free    1.7G | cache 841.7M | buff   51.0M | slab   73.4M |
MEM | tot     3.8G | free    1.7G | cache 841.7M | buff   51.0M | slab   73.4M |
MEM | tot     3.8G | free    1.7G | cache 841.8M | buff   51.0M | slab   73.4M |
MEM | tot     3.8G | free    1.7G | cache 841.8M | buff   51.0M | slab   73.4M |
MEM | tot     3.8G | free    1.7G | cache 841.8M | buff   51.0M | slab   73.4M |
MEM | tot     3.8G | free    1.7G | cache 841.8M | buff   51.0M | slab   73.4M |
MEM | tot     3.8G | free    1.7G | cache 841.8M | buff   51.0M | slab   73.4M |
MEM | tot     3.8G | free    1.7G | cache 841.8M | buff   51.0M | slab   73.4M |
MEM | tot     3.8G | free    1.7G | cache 841.8M | buff   51.0M | slab   73.4M |
