MEM | tot     3.8G | free    1.7G | cache 833.7M | buff   51.0M | slab   73.3M |
MEM | tot     3.8G | free    1.7G | cache 838.7M | buff   51.0M | slab   73.4M |
MEM | tot     3.8G | free    1.7G | cache 852.0M | buff   51.0M | slab   73.4M |
MEM | tot     3.8G | free    1.7G | cache 852.1M | buff   51.0M | slab   73.4M |
MEM | tot     3.8G | free    1.7G | cache 852.1M | buff   51.0M | slab   73.4M |
MEM | tot     3.8G | free    1.7G | cache 852.1M | buff   51.0M | slab   73.4M |
MEM | tot     3.8G | free    1.7G | cache 852.1M | buff   51.0M | slab   73.5M |
MEM | tot     3.8G | free    1.7G | cache 842.2M | buff   51.0M | slab   73.5M |
MEM | tot     3.8G | free    1.7G | cache 841.4M | buff   51.0M | slab   73.4M |
MEM | tot     3.8G | free    1.7G | cache 841.4M | buff   51.0M | slab   73.4M |
MEM | tot     3.8G | free    1.7G | cache 841.4M | buff   51.0M | slab   73.4M |
MEM | tot     3.8G | free    1.7G | cache 841.4M | buff   51.0M | slab   73.4M |
MEM | tot     3.8G | free    1.7G | cache 841.4M | buff   51.0M | slab   73.4M |
