E,tot,"3,8",free,"1,7",cache,"833,3",buff,"50,8",slab,"72,4",,"2,1"
E,tot,"3,8",free,"1,6",cache,"837,5",buff,"50,8",slab,"73,2",,"2,2"
E,tot,"3,8",free,"1,6",cache,"841,5",buff,"50,8",slab,"73,2",,"2,2"
E,tot,"3,8",free,"1,6",cache,"841,5",buff,"50,8",slab,"73,3",,"2,2"
E,tot,"3,8",free,"1,6",cache,840,buff,"50,8",slab,"73,3",,"2,2"
E,tot,"3,8",free,"1,6",cache,"840,1",buff,"50,8",slab,"73,3",,"2,2"
E,tot,"3,8",free,"1,6",cache,"839,6",buff,"50,8",slab,"73,3",,"2,2"
E,tot,"3,8",free,"1,6",cache,"838,8",buff,"50,8",slab,"73,3",,"2,2"
E,tot,"3,8",free,"1,6",cache,"841,4",buff,"50,8",slab,"73,4",,"2,2"
E,tot,"3,8",free,"1,6",cache,"841,4",buff,"50,8",slab,"73,4",,"2,2"
E,tot,"3,8",free,"1,6",cache,"841,5",buff,"50,8",slab,"73,4",,"2,2"
E,tot,"3,8",free,"1,6",cache,"841,5",buff,"50,8",slab,"73,4",,"2,2"
E,tot,"3,8",free,"1,6",cache,"841,5",buff,"50,8",slab,"73,4",,"2,2"
E,tot,"3,8",free,"1,6",cache,"841,5",buff,"50,8",slab,"73,4",,"2,2"
E,tot,"3,8",free,"1,6",cache,"841,5",buff,"50,8",slab,"73,4",,"2,2"
E,tot,"3,8",free,"1,6",cache,"841,5",buff,"50,8",slab,"73,4",,"2,2"
E,tot,"3,8",free,"1,6",cache,"841,5",buff,"50,8",slab,"73,4",,"2,2"
E,tot,"3,8",free,"1,6",cache,"841,5",buff,"50,8",slab,"73,4",,"2,2"
E,tot,"3,8",free,"1,6",cache,"841,6",buff,"50,8",slab,"73,4",,"2,2"
E,tot,"3,8",free,"1,6",cache,"841,6",buff,"50,8",slab,"73,4",,"2,2"
E,tot,"3,8",free,"1,6",cache,"841,6",buff,"50,8",slab,"73,4",,"2,2"
E,tot,"3,8",free,"1,6",cache,"841,6",buff,"50,8",slab,"73,4",,"2,2"
E,tot,"3,8",free,"1,6",cache,"841,6",buff,"50,8",slab,"73,4",,"2,2"
E,tot,"3,8",free,"1,6",cache,"841,6",buff,"50,8",slab,"73,4",,"2,2"
E,tot,"3,8",free,"1,6",cache,"841,6",buff,"50,8",slab,"73,4",,"2,2"
E,tot,"3,8",free,"1,6",cache,"841,6",buff,"50,8",slab,"73,4",,"2,2"
E,tot,"3,8",free,"1,6",cache,"841,7",buff,"50,8",slab,"73,4",,"2,2"
E,tot,"3,8",free,"1,6",cache,"841,7",buff,"50,8",slab,"73,4",,"2,2"
E,tot,"3,8",free,"1,6",cache,"841,7",buff,"50,8",slab,"73,4",,"2,2"
E,tot,"3,8",free,"1,6",cache,"841,7",buff,"50,8",slab,"73,4",,"2,2"
E,tot,"3,8",free,"1,6",cache,"841,7",buff,"50,8",slab,"73,4",,"2,2"
E,tot,"3,8",free,"1,6",cache,"841,8",buff,"50,8",slab,"73,4",,"2,2"
E,tot,"3,8",free,"1,6",cache,"841,9",buff,"50,8",slab,"73,4",,"2,2"
E,tot,"3,8",free,"1,6",cache,"841,9",buff,"50,8",slab,"73,4",,"2,2"
E,tot,"3,8",free,"1,6",cache,"841,9",buff,"50,8",slab,"73,4",,"2,2"
E,tot,"3,8",free,"1,6",cache,"841,9",buff,"50,8",slab,"73,4",,"2,2"
E,tot,"3,8",free,"1,6",cache,"841,9",buff,"50,8",slab,"73,4",,"2,2"
E,tot,"3,8",free,"1,6",cache,"841,9",buff,"50,8",slab,"73,4",,"2,2"
E,tot,"3,8",free,"1,6",cache,"841,9",buff,"50,8",slab,"73,4",,"2,2"
E,tot,"3,8",free,"1,6",cache,"841,9",buff,"50,8",slab,"73,4",,"2,2"
E,tot,"3,8",free,"1,6",cache,"841,9",buff,"50,8",slab,"73,4",,"2,2"
E,tot,"3,8",free,"1,6",cache,842,buff,"50,8",slab,"73,4",,"2,2"
E,tot,"3,8",free,"1,6",cache,842,buff,"50,8",slab,"73,4",,"2,2"
E,tot,"3,8",free,"1,6",cache,842,buff,"50,8",slab,"73,4",,"2,2"
E,tot,"3,8",free,"1,6",cache,842,buff,"50,8",slab,"73,4",,"2,2"
E,tot,"3,8",free,"1,6",cache,842,buff,"50,8",slab,"73,4",,"2,2"
E,tot,"3,8",free,"1,6",cache,842,buff,"50,8",slab,"73,4",,"2,2"
E,tot,"3,8",free,"1,6",cache,842,buff,"50,8",slab,"73,4",,"2,2"
E,tot,"3,8",free,"1,6",cache,842,buff,"50,8",slab,"73,4",,"2,2"
E,tot,"3,8",free,"1,6",cache,"842,1",buff,"50,8",slab,"73,4",,"2,2"
E,tot,"3,8",free,"1,6",cache,"842,1",buff,"50,9",slab,"73,4",,"2,2"
E,tot,"3,8",free,"1,6",cache,"842,1",buff,"50,9",slab,"73,4",,"2,2"
E,tot,"3,8",free,"1,6",cache,"842,1",buff,"50,9",slab,"73,4",,"2,2"
E,tot,"3,8",free,"1,6",cache,"842,1",buff,"50,9",slab,"73,4",,"2,2"
E,tot,"3,8",free,"1,6",cache,"842,1",buff,"50,9",slab,"73,4",,"2,2"
E,tot,"3,8",free,"1,6",cache,"842,2",buff,"50,9",slab,"73,4",,"2,2"
E,tot,"3,8",free,"1,6",cache,"842,2",buff,"50,9",slab,"73,4",,"2,2"
E,tot,"3,8",free,"1,6",cache,"842,2",buff,"50,9",slab,"73,4",,"2,2"
E,tot,"3,8",free,"1,6",cache,"842,2",buff,"50,9",slab,"73,4",,"2,2"
E,tot,"3,8",free,"1,6",cache,"842,2",buff,"50,9",slab,"73,4",,"2,2"
E,tot,"3,8",free,"1,6",cache,"842,2",buff,"50,9",slab,"73,4",,"2,2"
E,tot,"3,8",free,"1,6",cache,"842,2",buff,"50,9",slab,"73,4",,"2,2"
E,tot,"3,8",free,"1,6",cache,"842,3",buff,"50,9",slab,"73,4",,"2,2"
E,tot,"3,8",free,"1,7",cache,"842,3",buff,"50,9",slab,"73,4",,"2,1"
E,tot,"3,8",free,"1,7",cache,"842,3",buff,"50,9",slab,"73,4",,"2,1"
E,tot,"3,8",free,"1,7",cache,"842,3",buff,"50,9",slab,"73,4",,"2,1"
E,tot,"3,8",free,"1,7",cache,"842,3",buff,"50,9",slab,"73,4",,"2,1"
E,tot,"3,8",free,"1,6",cache,"842,3",buff,"50,9",slab,"73,4",,"2,2"
E,tot,"3,8",free,"1,6",cache,"842,3",buff,"50,9",slab,"73,4",,"2,2"
E,tot,"3,8",free,"1,6",cache,"842,3",buff,"50,9",slab,"73,4",,"2,2"
E,tot,"3,8",free,"1,6",cache,"842,4",buff,"50,9",slab,"73,4",,"2,2"
E,tot,"3,8",free,"1,7",cache,"837,9",buff,"50,9",slab,"73,4",,"2,1"
E,tot,"3,8",free,"1,7",cache,"837,9",buff,"50,9",slab,"73,4",,"2,1"
E,tot,"3,8",free,"1,7",cache,"837,9",buff,"50,9",slab,"73,4",,"2,1"
E,tot,"3,8",free,"1,7",cache,838,buff,"50,9",slab,"73,4",,"2,1"
E,tot,"3,8",free,"1,7",cache,838,buff,"50,9",slab,"73,4",,"2,1"
E,tot,"3,8",free,"1,7",cache,838,buff,"50,9",slab,"73,4",,"2,1"
E,tot,"3,8",free,"1,7",cache,838,buff,"50,9",slab,"73,4",,"2,1"
E,tot,"3,8",free,"1,7",cache,838,buff,"50,9",slab,"73,4",,"2,1"
E,tot,"3,8",free,"1,7",cache,838,buff,"50,9",slab,"73,4",,"2,1"
E,tot,"3,8",free,"1,7",cache,838,buff,"50,9",slab,"73,4",,"2,1"
E,tot,"3,8",free,"1,7",cache,838,buff,"50,9",slab,"73,4",,"2,1"
E,tot,"3,8",free,"1,7",cache,"838,1",buff,"50,9",slab,"73,4",,"2,1"
E,tot,"3,8",free,"1,7",cache,"838,1",buff,"50,9",slab,"73,4",,"2,1"
E,tot,"3,8",free,"1,7",cache,"838,1",buff,"50,9",slab,"73,4",,"2,1"
E,tot,"3,8",free,"1,7",cache,"838,1",buff,"50,9",slab,"73,4",,"2,1"
E,tot,"3,8",free,"1,7",cache,"838,1",buff,"50,9",slab,"73,4",,"2,1"
E,tot,"3,8",free,"1,7",cache,"838,1",buff,"50,9",slab,"73,4",,"2,1"
E,tot,"3,8",free,"1,7",cache,"838,1",buff,"50,9",slab,"73,4",,"2,1"
E,tot,"3,8",free,"1,7",cache,"838,1",buff,"50,9",slab,"73,4",,"2,1"
E,tot,"3,8",free,"1,7",cache,"838,2",buff,"50,9",slab,"73,4",,"2,1"
E,tot,"3,8",free,"1,7",cache,"838,2",buff,"50,9",slab,"73,4",,"2,1"
E,tot,"3,8",free,"1,7",cache,"838,2",buff,"50,9",slab,"73,4",,"2,1"
E,tot,"3,8",free,"1,7",cache,"838,2",buff,"50,9",slab,"73,4",,"2,1"
E,tot,"3,8",free,"1,7",cache,"838,2",buff,"50,9",slab,"73,4",,"2,1"
E,tot,"3,8",free,"1,7",cache,"838,2",buff,"50,9",slab,"73,4",,"2,1"
E,tot,"3,8",free,"1,7",cache,"838,2",buff,"50,9",slab,"73,4",,"2,1"
E,tot,"3,8",free,"1,7",cache,"838,2",buff,"50,9",slab,"73,4",,"2,1"
E,tot,"3,8",free,"1,7",cache,"838,3",buff,"50,9",slab,"73,4",,"2,1"
E,tot,"3,8",free,"1,7",cache,"838,3",buff,"50,9",slab,"73,4",,"2,1"
E,tot,"3,8",free,"1,7",cache,"838,3",buff,"50,9",slab,"73,4",,"2,1"
E,tot,"3,8",free,"1,7",cache,"838,3",buff,"50,9",slab,"73,4",,"2,1"
E,tot,"3,8",free,"1,7",cache,"838,3",buff,"50,9",slab,"73,4",,"2,1"
E,tot,"3,8",free,"1,7",cache,"838,3",buff,"50,9",slab,"73,4",,"2,1"
E,tot,"3,8",free,"1,7",cache,"838,3",buff,"50,9",slab,"73,4",,"2,1"
E,tot,"3,8",free,"1,7",cache,"838,3",buff,"50,9",slab,"73,4",,"2,1"
E,tot,"3,8",free,"1,7",cache,"838,4",buff,"50,9",slab,"73,4",,"2,1"
E,tot,"3,8",free,"1,7",cache,"838,4",buff,"50,9",slab,"73,4",,"2,1"
E,tot,"3,8",free,"1,7",cache,"838,4",buff,"50,9",slab,"73,4",,"2,1"
E,tot,"3,8",free,"1,7",cache,"838,4",buff,"50,9",slab,"73,4",,"2,1"
E,tot,"3,8",free,"1,7",cache,"838,4",buff,51,slab,"73,4",,"2,1"
,,,,,,,,,,,,
,,,,,,,,,,,média,"2,15945945945946"
,,,,,,,,,,,DP,"0,0493196961916072"
