E,tot,"3,8",free,"1,7",cache,838,buff,51,slab,"73,3",,"2,1"
E,tot,"3,8",free,"1,7",cache,"845,7",buff,51,slab,"73,5",,"2,1"
E,tot,"3,8",free,"1,7",cache,"851,8",buff,51,slab,"73,4",,"2,1"
E,tot,"3,8",free,"1,7",cache,"851,8",buff,51,slab,"73,4",,"2,1"
E,tot,"3,8",free,"1,7",cache,"851,9",buff,51,slab,"73,4",,"2,1"
E,tot,"3,8",free,"1,7",cache,"851,9",buff,51,slab,"73,4",,"2,1"
E,tot,"3,8",free,"1,7",cache,"851,6",buff,"51,1",slab,"73,5",,"2,1"
E,tot,"3,8",free,"1,7",cache,"842,2",buff,"51,1",slab,"73,5",,"2,1"
E,tot,"3,8",free,"1,7",cache,"841,4",buff,"51,1",slab,"73,5",,"2,1"
E,tot,"3,8",free,"1,7",cache,"841,4",buff,"51,1",slab,"73,5",,"2,1"
E,tot,"3,8",free,"1,7",cache,"841,4",buff,"51,1",slab,"73,5",,"2,1"
E,tot,"3,8",free,"1,7",cache,"841,5",buff,"51,1",slab,"73,5",,"2,1"
E,tot,"3,8",free,"1,7",cache,"841,5",buff,"51,1",slab,"73,5",,"2,1"
E,tot,"3,8",free,"1,7",cache,"841,6",buff,"51,1",slab,"73,5",,"2,1"
E,tot,"3,8",free,"1,7",cache,"841,6",buff,"51,1",slab,"73,5",,"2,1"
E,tot,"3,8",free,"1,7",cache,"841,6",buff,"51,1",slab,"73,5",,"2,1"
E,tot,"3,8",free,"1,7",cache,"841,6",buff,"51,1",slab,"73,5",,"2,1"
E,tot,"3,8",free,"1,7",cache,"841,7",buff,"51,1",slab,"73,5",,"2,1"
E,tot,"3,8",free,"1,7",cache,"841,7",buff,"51,1",slab,"73,5",,"2,1"
E,tot,"3,8",free,"1,7",cache,"841,7",buff,"51,1",slab,"73,5",,"2,1"
E,tot,"3,8",free,"1,7",cache,"841,7",buff,"51,1",slab,"73,5",,"2,1"
E,tot,"3,8",free,"1,7",cache,"841,7",buff,"51,1",slab,"73,5",,"2,1"
E,tot,"3,8",free,"1,7",cache,"841,7",buff,"51,1",slab,"73,5",,"2,1"
E,tot,"3,8",free,"1,7",cache,"841,7",buff,"51,1",slab,"73,5",,"2,1"
E,tot,"3,8",free,"1,7",cache,"841,7",buff,"51,1",slab,"73,5",,"2,1"
E,tot,"3,8",free,"1,7",cache,"841,8",buff,"51,1",slab,"73,5",,"2,1"
E,tot,"3,8",free,"1,7",cache,"841,8",buff,"51,1",slab,"73,5",,"2,1"
E,tot,"3,8",free,"1,7",cache,"841,8",buff,"51,1",slab,"73,5",,"2,1"
E,tot,"3,8",free,"1,7",cache,"841,8",buff,"51,1",slab,"73,5",,"2,1"
E,tot,"3,8",free,"1,7",cache,"841,8",buff,"51,1",slab,"73,5",,"2,1"
E,tot,"3,8",free,"1,7",cache,"841,8",buff,"51,1",slab,"73,5",,"2,1"
E,tot,"3,8",free,"1,7",cache,"841,8",buff,"51,1",slab,"73,5",,"2,1"
E,tot,"3,8",free,"1,7",cache,"841,8",buff,"51,1",slab,"73,5",,"2,1"
E,tot,"3,8",free,"1,7",cache,"841,9",buff,"51,1",slab,"73,4",,"2,1"
E,tot,"3,8",free,"1,7",cache,"841,9",buff,"51,1",slab,"73,4",,"2,1"
E,tot,"3,8",free,"1,7",cache,"841,9",buff,"51,1",slab,"73,4",,"2,1"
E,tot,"3,8",free,"1,7",cache,"841,9",buff,"51,1",slab,"73,4",,"2,1"
E,tot,"3,8",free,"1,7",cache,"841,9",buff,"51,1",slab,"73,4",,"2,1"
E,tot,"3,8",free,"1,7",cache,"841,9",buff,"51,1",slab,"73,4",,"2,1"
E,tot,"3,8",free,"1,7",cache,"841,9",buff,"51,1",slab,"73,4",,"2,1"
E,tot,"3,8",free,"1,7",cache,"841,9",buff,"51,1",slab,"73,4",,"2,1"
E,tot,"3,8",free,"1,7",cache,"841,9",buff,"51,1",slab,"73,4",,"2,1"
E,tot,"3,8",free,"1,7",cache,842,buff,"51,1",slab,"73,4",,"2,1"
E,tot,"3,8",free,"1,7",cache,842,buff,"51,1",slab,"73,4",,"2,1"
E,tot,"3,8",free,"1,7",cache,842,buff,"51,1",slab,"73,4",,"2,1"
E,tot,"3,8",free,"1,7",cache,842,buff,"51,1",slab,"73,4",,"2,1"
E,tot,"3,8",free,"1,7",cache,842,buff,"51,1",slab,"73,4",,"2,1"
E,tot,"3,8",free,"1,7",cache,"842,1",buff,"51,1",slab,"73,5",,"2,1"
E,tot,"3,8",free,"1,7",cache,"842,1",buff,"51,1",slab,"73,5",,"2,1"
E,tot,"3,8",free,"1,7",cache,"842,1",buff,"51,1",slab,"73,5",,"2,1"
E,tot,"3,8",free,"1,7",cache,"842,1",buff,"51,1",slab,"73,5",,"2,1"
E,tot,"3,8",free,"1,7",cache,"842,1",buff,"51,1",slab,"73,5",,"2,1"
E,tot,"3,8",free,"1,7",cache,"842,1",buff,"51,1",slab,"73,5",,"2,1"
E,tot,"3,8",free,"1,7",cache,"842,1",buff,"51,1",slab,"73,5",,"2,1"
E,tot,"3,8",free,"1,7",cache,"842,1",buff,"51,1",slab,"73,5",,"2,1"
E,tot,"3,8",free,"1,7",cache,"842,2",buff,"51,1",slab,"73,5",,"2,1"
E,tot,"3,8",free,"1,7",cache,"842,2",buff,"51,1",slab,"73,5",,"2,1"
,,,,,,,,,,,,
,,,,,,,,,,,média,"2,1"
,,,,,,,,,,,DP,0
