CPU,sys,12,user,34,irq,1,idle,30,wait,23,,46
CPU,sys,34,user,66,irq,0,idle,0,wait,0,,100
CPU,sys,26,user,64,irq,0,idle,0,wait,11,,90
CPU,sys,26,user,29,irq,4,idle,0,wait,41,,55
CPU,sys,19,user,28,irq,2,idle,0,wait,51,,47
CPU,sys,27,user,39,irq,2,idle,0,wait,31,,66
CPU,sys,28,user,29,irq,2,idle,0,wait,42,,57
CPU,sys,24,user,25,irq,2,idle,0,wait,49,,49
CPU,sys,25,user,23,irq,1,idle,0,wait,52,,48
CPU,sys,19,user,31,irq,2,idle,0,wait,48,,50
CPU,sys,24,user,24,irq,2,idle,0,wait,49,,48
CPU,sys,20,user,27,irq,2,idle,0,wait,51,,47
CPU,sys,21,user,30,irq,2,idle,0,wait,47,,51
CPU,sys,27,user,31,irq,0,idle,0,wait,42,,58
CPU,sys,20,user,27,irq,1,idle,0,wait,52,,47
CPU,sys,19,user,25,irq,1,idle,0,wait,55,,44
CPU,sys,22,user,29,irq,3,idle,0,wait,46,,51
CPU,sys,23,user,28,irq,2,idle,0,wait,47,,51
CPU,sys,25,user,39,irq,1,idle,0,wait,35,,64
CPU,sys,18,user,25,irq,5,idle,0,wait,52,,43
CPU,sys,25,user,24,irq,1,idle,0,wait,51,,49
CPU,sys,24,user,27,irq,2,idle,0,wait,47,,51
CPU,sys,28,user,22,irq,3,idle,0,wait,47,,50
CPU,sys,21,user,23,irq,1,idle,0,wait,55,,44
CPU,sys,21,user,25,irq,1,idle,0,wait,54,,46
CPU,sys,19,user,40,irq,1,idle,0,wait,41,,59
CPU,sys,22,user,26,irq,2,idle,0,wait,49,,48
CPU,sys,16,user,30,irq,3,idle,0,wait,51,,46
CPU,sys,20,user,27,irq,1,idle,0,wait,52,,47
CPU,sys,20,user,43,irq,2,idle,0,wait,35,,63
CPU,sys,22,user,35,irq,3,idle,0,wait,39,,57
CPU,sys,21,user,34,irq,2,idle,0,wait,43,,55
CPU,sys,19,user,29,irq,1,idle,0,wait,51,,48
CPU,sys,18,user,23,irq,2,idle,0,wait,57,,41
CPU,sys,17,user,30,irq,1,idle,0,wait,52,,47
CPU,sys,18,user,23,irq,2,idle,0,wait,56,,41
CPU,sys,19,user,24,irq,1,idle,0,wait,55,,43
CPU,sys,19,user,25,irq,1,idle,0,wait,55,,44
CPU,sys,15,user,27,irq,1,idle,0,wait,57,,42
CPU,sys,17,user,24,irq,2,idle,0,wait,57,,41
CPU,sys,15,user,28,irq,1,idle,0,wait,56,,43
CPU,sys,17,user,26,irq,1,idle,0,wait,56,,43
CPU,sys,18,user,26,irq,0,idle,0,wait,57,,44
CPU,sys,16,user,25,irq,3,idle,0,wait,56,,41
CPU,sys,13,user,25,irq,0,idle,0,wait,62,,38
CPU,sys,20,user,22,irq,1,idle,0,wait,57,,42
CPU,sys,19,user,21,irq,2,idle,0,wait,59,,40
CPU,sys,18,user,31,irq,2,idle,0,wait,49,,49
CPU,sys,17,user,27,irq,1,idle,0,wait,55,,44
CPU,sys,17,user,27,irq,2,idle,0,wait,54,,44
CPU,sys,16,user,29,irq,2,idle,0,wait,53,,45
CPU,sys,20,user,27,irq,1,idle,0,wait,52,,47
CPU,sys,14,user,25,irq,2,idle,0,wait,59,,39
CPU,sys,15,user,26,irq,2,idle,0,wait,57,,41
CPU,sys,19,user,29,irq,0,idle,0,wait,52,,48
CPU,sys,18,user,27,irq,1,idle,0,wait,54,,45
CPU,sys,19,user,23,irq,3,idle,0,wait,55,,42
CPU,sys,15,user,29,irq,0,idle,0,wait,56,,44
CPU,sys,18,user,24,irq,2,idle,0,wait,55,,42
CPU,sys,19,user,22,irq,0,idle,0,wait,59,,41
CPU,sys,16,user,22,irq,4,idle,0,wait,58,,38
CPU,sys,16,user,25,irq,0,idle,0,wait,59,,41
CPU,sys,14,user,27,irq,1,idle,0,wait,58,,41
CPU,sys,21,user,25,irq,1,idle,0,wait,54,,46
CPU,sys,17,user,28,irq,1,idle,0,wait,53,,45
CPU,sys,13,user,23,irq,2,idle,0,wait,62,,36
CPU,sys,16,user,27,irq,1,idle,0,wait,56,,43
CPU,sys,15,user,23,irq,2,idle,0,wait,60,,38
CPU,sys,18,user,26,irq,0,idle,0,wait,57,,44
CPU,sys,16,user,27,irq,0,idle,0,wait,57,,43
CPU,sys,20,user,28,irq,1,idle,0,wait,51,,48
CPU,sys,15,user,29,irq,1,idle,0,wait,55,,44
CPU,sys,18,user,25,irq,1,idle,0,wait,57,,43
CPU,sys,17,user,25,irq,1,idle,0,wait,56,,42
CPU,sys,15,user,25,irq,0,idle,0,wait,60,,40
CPU,sys,17,user,26,irq,1,idle,0,wait,56,,43
CPU,sys,18,user,24,irq,2,idle,0,wait,55,,42
CPU,sys,16,user,27,irq,1,idle,0,wait,56,,43
CPU,sys,17,user,27,irq,1,idle,0,wait,55,,44
CPU,sys,14,user,30,irq,1,idle,0,wait,55,,44
CPU,sys,21,user,27,irq,2,idle,0,wait,50,,48
CPU,sys,13,user,29,irq,1,idle,0,wait,56,,42
CPU,sys,18,user,28,irq,0,idle,0,wait,55,,46
CPU,sys,16,user,30,irq,2,idle,0,wait,52,,46
CPU,sys,17,user,32,irq,0,idle,0,wait,51,,49
CPU,sys,20,user,27,irq,2,idle,0,wait,52,,47
CPU,sys,20,user,36,irq,3,idle,0,wait,40,,56
CPU,sys,19,user,36,irq,1,idle,0,wait,44,,55
CPU,sys,15,user,32,irq,1,idle,0,wait,52,,47
CPU,sys,16,user,31,irq,1,idle,0,wait,52,,47
CPU,sys,19,user,27,irq,1,idle,0,wait,53,,46
CPU,sys,18,user,43,irq,2,idle,0,wait,37,,61
CPU,sys,16,user,31,irq,2,idle,0,wait,52,,47
CPU,sys,18,user,32,irq,0,idle,0,wait,51,,50
CPU,sys,18,user,43,irq,3,idle,0,wait,36,,61
CPU,sys,18,user,29,irq,0,idle,0,wait,53,,47
CPU,sys,21,user,25,irq,1,idle,0,wait,53,,46
CPU,sys,17,user,71,irq,0,idle,0,wait,11,,88
CPU,sys,17,user,48,irq,1,idle,0,wait,35,,65
CPU,sys,13,user,31,irq,2,idle,0,wait,54,,44
CPU,sys,12,user,32,irq,3,idle,0,wait,52,,44
CPU,sys,17,user,32,irq,1,idle,0,wait,49,,49
CPU,sys,12,user,32,irq,1,idle,0,wait,55,,44
CPU,sys,16,user,33,irq,2,idle,0,wait,48,,49
CPU,sys,18,user,28,irq,1,idle,0,wait,53,,46
CPU,sys,19,user,33,irq,1,idle,0,wait,47,,52
CPU,sys,16,user,30,irq,1,idle,0,wait,53,,46
CPU,sys,18,user,28,irq,2,idle,0,wait,52,,46
CPU,sys,22,user,32,irq,1,idle,0,wait,45,,54
CPU,sys,17,user,34,irq,2,idle,0,wait,47,,51
CPU,sys,19,user,34,irq,0,idle,0,wait,47,,53
,,,,,,,,,,,,
,,,,,,,,,,,média,"48,2727272727273"
,,,,,,,,,,,DP,"9,60209179323294"
