CPU,sys,12,user,34,irq,1,idle,30,wait,23,,46
CPU,sys,33,user,67,irq,0,idle,0,wait,0,,100
CPU,sys,28,user,72,irq,0,idle,0,wait,0,,100
CPU,sys,37,user,59,irq,4,idle,0,wait,0,,96
CPU,sys,28,user,70,irq,2,idle,0,wait,0,,98
CPU,sys,33,user,64,irq,3,idle,0,wait,0,,97
CPU,sys,36,user,61,irq,3,idle,0,wait,0,,97
CPU,sys,26,user,72,irq,2,idle,0,wait,0,,98
CPU,sys,37,user,60,irq,3,idle,0,wait,0,,97
CPU,sys,32,user,65,irq,3,idle,0,wait,0,,97
CPU,sys,35,user,62,irq,3,idle,0,wait,0,,97
CPU,sys,34,user,62,irq,4,idle,0,wait,0,,96
CPU,sys,31,user,66,irq,3,idle,0,wait,0,,97
CPU,sys,27,user,25,irq,1,idle,0,wait,46,,52
CPU,sys,21,user,23,irq,1,idle,0,wait,55,,44
CPU,sys,24,user,23,irq,2,idle,0,wait,51,,47
CPU,sys,26,user,24,irq,1,idle,0,wait,49,,50
CPU,sys,20,user,20,irq,3,idle,0,wait,57,,40
CPU,sys,22,user,22,irq,2,idle,0,wait,54,,44
CPU,sys,23,user,23,irq,5,idle,0,wait,50,,46
CPU,sys,26,user,25,irq,1,idle,0,wait,47,,51
CPU,sys,25,user,22,irq,3,idle,0,wait,50,,47
CPU,sys,22,user,20,irq,1,idle,0,wait,56,,42
CPU,sys,20,user,24,irq,2,idle,0,wait,54,,44
CPU,sys,18,user,23,irq,2,idle,0,wait,56,,41
CPU,sys,26,user,16,irq,2,idle,0,wait,56,,42
CPU,sys,21,user,25,irq,1,idle,0,wait,54,,46
CPU,sys,21,user,21,irq,2,idle,0,wait,56,,42
CPU,sys,19,user,22,irq,1,idle,0,wait,58,,41
CPU,sys,21,user,19,irq,1,idle,0,wait,58,,40
CPU,sys,19,user,25,irq,5,idle,0,wait,51,,44
CPU,sys,22,user,19,irq,2,idle,0,wait,57,,41
CPU,sys,21,user,20,irq,2,idle,0,wait,58,,41
CPU,sys,21,user,34,irq,1,idle,0,wait,44,,55
CPU,sys,21,user,22,irq,3,idle,0,wait,53,,43
CPU,sys,21,user,25,irq,2,idle,0,wait,53,,46
CPU,sys,20,user,25,irq,4,idle,0,wait,51,,45
CPU,sys,28,user,25,irq,2,idle,0,wait,44,,53
CPU,sys,20,user,21,irq,2,idle,0,wait,58,,41
CPU,sys,23,user,21,irq,1,idle,0,wait,55,,44
CPU,sys,22,user,22,irq,3,idle,0,wait,53,,44
CPU,sys,22,user,23,irq,2,idle,0,wait,53,,45
CPU,sys,23,user,19,irq,0,idle,0,wait,58,,42
CPU,sys,21,user,17,irq,2,idle,0,wait,59,,38
CPU,sys,20,user,18,irq,2,idle,0,wait,60,,38
CPU,sys,18,user,24,irq,4,idle,0,wait,55,,42
CPU,sys,17,user,22,irq,0,idle,0,wait,60,,39
CPU,sys,32,user,28,irq,2,idle,0,wait,39,,60
CPU,sys,20,user,17,irq,4,idle,0,wait,59,,37
CPU,sys,18,user,23,irq,0,idle,0,wait,58,,41
CPU,sys,20,user,18,irq,2,idle,0,wait,60,,38
CPU,sys,17,user,24,irq,0,idle,0,wait,59,,41
CPU,sys,20,user,20,irq,1,idle,0,wait,59,,40
CPU,sys,16,user,21,irq,2,idle,0,wait,61,,37
CPU,sys,21,user,24,irq,1,idle,0,wait,55,,45
CPU,sys,21,user,22,irq,3,idle,0,wait,54,,43
CPU,sys,21,user,27,irq,1,idle,0,wait,51,,48
,,,,,,,,,,,,
,,,,,,,,,,,média,"55,3571428571429"
,,,,,,,,,,,DP,"22,628564869473"
