MEM | tot     3.8G | free  835.2M | cache   1.6G | buff   77.2M | slab  105.0M |
MEM | numnode    1 | shmem  65.9M | shrss  35.8M | tcpsk   0.0M | udpsk   0.0M |
MEM | tot     3.8G | free  818.4M | cache   1.6G | buff   77.2M | slab  105.0M |
MEM | numnode    1 | shmem  65.8M | shrss  35.8M | tcpsk   0.0M | udpsk   0.0M |
MEM | tot     3.8G | free  818.1M | cache   1.6G | buff   77.2M | slab  105.0M |
MEM | numnode    1 | shmem  66.6M | shrss  35.8M | tcpsk   0.0M | udpsk   0.0M |
MEM | tot     3.8G | free  816.1M | cache   1.6G | buff   77.2M | slab  105.0M |
MEM | numnode    1 | shmem  66.6M | shrss  35.8M | tcpsk   0.0M | udpsk   0.0M |
MEM | tot     3.8G | free  816.1M | cache   1.6G | buff   77.2M | slab  105.1M |
MEM | numnode    1 | shmem  66.6M | shrss  35.8M | tcpsk   0.0M | udpsk   0.0M |
MEM | tot     3.8G | free  814.1M | cache   1.6G | buff   77.2M | slab  105.1M |
MEM | numnode    1 | shmem  66.6M | shrss  35.8M | tcpsk   0.0M | udpsk   0.0M |
MEM | tot     3.8G | free  812.4M | cache   1.6G | buff   77.2M | slab  105.1M |
MEM | numnode    1 | shmem  66.6M | shrss  35.8M | tcpsk   0.0M | udpsk   0.0M |
MEM | tot     3.8G | free  814.4M | cache   1.6G | buff   77.2M | slab  105.1M |
MEM | numnode    1 | shmem  64.6M | shrss  35.8M | tcpsk   0.0M | udpsk   0.0M |
