MEM | tot     3.8G | free  834.1M | cache   1.6G | buff   77.2M | slab  105.0M |
MEM | numnode    1 | shmem  69.3M | shrss  35.8M | tcpsk   0.0M | udpsk   0.0M |
MEM | tot     3.8G | free  821.6M | cache   1.6G | buff   77.2M | slab  105.1M |
MEM | numnode    1 | shmem  66.4M | shrss  35.8M | tcpsk   0.0M | udpsk   0.0M |
MEM | tot     3.8G | free  820.1M | cache   1.6G | buff   77.2M | slab  105.1M |
MEM | numnode    1 | shmem  66.3M | shrss  35.8M | tcpsk   0.0M | udpsk   0.0M |
MEM | tot     3.8G | free  820.1M | cache   1.6G | buff   77.2M | slab  105.1M |
MEM | numnode    1 | shmem  66.3M | shrss  35.8M | tcpsk   0.0M | udpsk   0.0M |
MEM | tot     3.8G | free  820.3M | cache   1.6G | buff   77.2M | slab  105.1M |
MEM | numnode    1 | shmem  66.3M | shrss  35.8M | tcpsk   0.0M | udpsk   0.0M |
MEM | tot     3.8G | free  821.1M | cache   1.6G | buff   77.2M | slab  105.1M |
MEM | numnode    1 | shmem  66.3M | shrss  35.8M | tcpsk   0.0M | udpsk   0.0M |
MEM | tot     3.8G | free  822.0M | cache   1.6G | buff   77.2M | slab  105.1M |
MEM | numnode    1 | shmem  66.3M | shrss  35.8M | tcpsk   0.0M | udpsk   0.0M |
MEM | tot     3.8G | free  823.0M | cache   1.6G | buff   77.2M | slab  105.1M |
MEM | numnode    1 | shmem  64.8M | shrss  35.8M | tcpsk   0.0M | udpsk   0.0M |
MEM | tot     3.8G | free  823.1M | cache   1.6G | buff   77.2M | slab  105.1M |
MEM | numnode    1 | shmem  64.8M | shrss  35.8M | tcpsk   0.0M | udpsk   0.0M |
MEM | tot     3.8G | free  823.3M | cache   1.6G | buff   77.2M | slab  105.1M |
MEM | numnode    1 | shmem  64.8M | shrss  35.8M | tcpsk   0.0M | udpsk   0.0M |
MEM | tot     3.8G | free  823.3M | cache   1.6G | buff   77.2M | slab  105.1M |
MEM | numnode    1 | shmem  64.8M | shrss  35.8M | tcpsk   0.0M | udpsk   0.0M |
MEM | tot     3.8G | free  823.3M | cache   1.6G | buff   77.2M | slab  105.1M |
MEM | numnode    1 | shmem  64.8M | shrss  35.8M | tcpsk   0.0M | udpsk   0.0M |
