MEM | tot     3.8G | free    2.2G | cache 634.0M | buff   47.0M | slab   65.6M |
MEM | tot     3.8G | free    2.2G | cache 634.9M | buff   47.0M | slab   65.7M |
MEM | tot     3.8G | free    2.2G | cache 642.6M | buff   47.0M | slab   65.7M |
MEM | tot     3.8G | free    2.2G | cache 636.1M | buff   47.0M | slab   65.7M |
MEM | tot     3.8G | free    2.2G | cache 634.4M | buff   47.0M | slab   65.7M |
MEM | tot     3.8G | free    2.2G | cache 634.4M | buff   47.0M | slab   65.7M |
MEM | tot     3.8G | free    2.2G | cache 633.9M | buff   47.0M | slab   65.7M |
MEM | tot     3.8G | free    2.2G | cache 633.2M | buff   47.0M | slab   65.7M |
MEM | tot     3.8G | free    2.2G | cache 633.2M | buff   47.0M | slab   65.7M |
MEM | tot     3.8G | free    2.2G | cache 633.2M | buff   47.0M | slab   65.7M |
MEM | tot     3.8G | free    2.2G | cache 633.2M | buff   47.0M | slab   65.7M |
MEM | tot     3.8G | free    2.2G | cache 633.2M | buff   47.0M | slab   65.7M |
MEM | tot     3.8G | free    2.2G | cache 633.2M | buff   47.0M | slab   65.7M |
MEM | tot     3.8G | free    2.2G | cache 633.2M | buff   47.0M | slab   65.7M |
MEM | tot     3.8G | free    2.2G | cache 633.3M | buff   47.0M | slab   65.7M |
MEM | tot     3.8G | free    2.2G | cache 633.3M | buff   47.0M | slab   65.7M |
MEM | tot     3.8G | free    2.2G | cache 633.3M | buff   47.0M | slab   65.7M |
MEM | tot     3.8G | free    2.2G | cache 633.3M | buff   47.0M | slab   65.7M |
MEM | tot     3.8G | free    2.2G | cache 633.3M | buff   47.0M | slab   65.7M |
MEM | tot     3.8G | free    2.2G | cache 633.3M | buff   47.0M | slab   65.7M |
MEM | tot     3.8G | free    2.2G | cache 633.3M | buff   47.0M | slab   65.7M |
MEM | tot     3.8G | free    2.2G | cache 633.3M | buff   47.0M | slab   65.7M |
MEM | tot     3.8G | free    2.2G | cache 633.3M | buff   47.0M | slab   65.7M |
MEM | tot     3.8G | free    2.2G | cache 633.4M | buff   47.0M | slab   65.7M |
MEM | tot     3.8G | free    2.2G | cache 633.4M | buff   47.0M | slab   65.7M |
MEM | tot     3.8G | free    2.2G | cache 633.4M | buff   47.0M | slab   65.7M |
MEM | tot     3.8G | free    2.2G | cache 633.4M | buff   47.0M | slab   65.7M |
MEM | tot     3.8G | free    2.2G | cache 633.4M | buff   47.0M | slab   65.7M |
MEM | tot     3.8G | free    2.2G | cache 633.4M | buff   47.0M | slab   65.7M |
MEM | tot     3.8G | free    2.2G | cache 633.4M | buff   47.0M | slab   65.7M |
MEM | tot     3.8G | free    2.2G | cache 633.5M | buff   47.0M | slab   65.7M |
MEM | tot     3.8G | free    2.2G | cache 633.5M | buff   47.0M | slab   65.7M |
MEM | tot     3.8G | free    2.2G | cache 633.5M | buff   47.0M | slab   65.7M |
MEM | tot     3.8G | free    2.2G | cache 633.5M | buff   47.0M | slab   65.7M |
MEM | tot     3.8G | free    2.2G | cache 633.5M | buff   47.0M | slab   65.7M |
MEM | tot     3.8G | free    2.2G | cache 633.5M | buff   47.0M | slab   65.7M |
MEM | tot     3.8G | free    2.2G | cache 633.6M | buff   47.0M | slab   65.7M |
MEM | tot     3.8G | free    2.2G | cache 633.6M | buff   47.0M | slab   65.7M |
MEM | tot     3.8G | free    2.2G | cache 633.6M | buff   47.0M | slab   65.7M |
MEM | tot     3.8G | free    2.2G | cache 633.6M | buff   47.0M | slab   65.7M |
