MEM | tot     3.8G | free    2.2G | cache 629.9M | buff   47.1M | slab   65.7M |
MEM | tot     3.8G | free    2.2G | cache 639.1M | buff   47.1M | slab   65.8M |
MEM | tot     3.8G | free    2.2G | cache 643.7M | buff   47.1M | slab   65.8M |
MEM | tot     3.8G | free    2.2G | cache 643.7M | buff   47.1M | slab   65.8M |
MEM | tot     3.8G | free    2.2G | cache 643.7M | buff   47.1M | slab   65.8M |
MEM | tot     3.8G | free    2.2G | cache 643.8M | buff   47.1M | slab   65.8M |
MEM | tot     3.8G | free    2.2G | cache 643.5M | buff   47.1M | slab   65.8M |
MEM | tot     3.8G | free    2.2G | cache 633.4M | buff   47.1M | slab   65.7M |
MEM | tot     3.8G | free    2.2G | cache 633.4M | buff   47.1M | slab   65.7M |
MEM | tot     3.8G | free    2.2G | cache 633.4M | buff   47.1M | slab   65.7M |
MEM | tot     3.8G | free    2.2G | cache 633.4M | buff   47.1M | slab   65.7M |
MEM | tot     3.8G | free    2.2G | cache 633.4M | buff   47.1M | slab   65.7M |
MEM | tot     3.8G | free    2.2G | cache 633.5M | buff   47.1M | slab   65.7M |
MEM | tot     3.8G | free    2.2G | cache 633.5M | buff   47.1M | slab   65.7M |
MEM | tot     3.8G | free    2.2G | cache 633.5M | buff   47.1M | slab   65.7M |
MEM | tot     3.8G | free    2.2G | cache 633.5M | buff   47.1M | slab   65.7M |
MEM | tot     3.8G | free    2.2G | cache 633.5M | buff   47.1M | slab   65.7M |
MEM | tot     3.8G | free    2.2G | cache 633.5M | buff   47.1M | slab   65.7M |
MEM | tot     3.8G | free    2.2G | cache 633.5M | buff   47.1M | slab   65.7M |
MEM | tot     3.8G | free    2.2G | cache 633.5M | buff   47.1M | slab   65.7M |
MEM | tot     3.8G | free    2.2G | cache 633.6M | buff   47.1M | slab   65.7M |
MEM | tot     3.8G | free    2.2G | cache 633.6M | buff   47.1M | slab   65.7M |
MEM | tot     3.8G | free    2.2G | cache 633.6M | buff   47.1M | slab   65.7M |
MEM | tot     3.8G | free    2.2G | cache 633.6M | buff   47.1M | slab   65.7M |
MEM | tot     3.8G | free    2.2G | cache 633.6M | buff   47.1M | slab   65.7M |
MEM | tot     3.8G | free    2.2G | cache 633.6M | buff   47.1M | slab   65.7M |
MEM | tot     3.8G | free    2.2G | cache 633.6M | buff   47.1M | slab   65.7M |
MEM | tot     3.8G | free    2.2G | cache 633.6M | buff   47.1M | slab   65.7M |
