MEM | tot     3.8G | free    2.2G | cache 629.9M | buff   47.0M | slab   65.7M |
MEM | tot     3.8G | free    2.2G | cache 641.4M | buff   47.0M | slab   65.7M |
MEM | tot     3.8G | free    2.2G | cache 641.4M | buff   47.0M | slab   65.7M |
MEM | tot     3.8G | free    2.2G | cache 641.5M | buff   47.0M | slab   65.7M |
MEM | tot     3.8G | free    2.2G | cache 641.5M | buff   47.0M | slab   65.8M |
MEM | tot     3.8G | free    2.2G | cache 641.5M | buff   47.0M | slab   65.8M |
MEM | tot     3.8G | free    2.2G | cache 641.2M | buff   47.0M | slab   65.8M |
MEM | tot     3.8G | free    2.2G | cache 633.3M | buff   47.0M | slab   65.7M |
MEM | tot     3.8G | free    2.2G | cache 633.3M | buff   47.0M | slab   65.7M |
MEM | tot     3.8G | free    2.2G | cache 633.3M | buff   47.0M | slab   65.7M |
MEM | tot     3.8G | free    2.2G | cache 633.3M | buff   47.0M | slab   65.7M |
MEM | tot     3.8G | free    2.2G | cache 633.3M | buff   47.0M | slab   65.7M |
MEM | tot     3.8G | free    2.2G | cache 633.3M | buff   47.1M | slab   65.7M |
MEM | tot     3.8G | free    2.2G | cache 633.3M | buff   47.1M | slab   65.7M |
MEM | tot     3.8G | free    2.2G | cache 633.3M | buff   47.1M | slab   65.7M |
MEM | tot     3.8G | free    2.2G | cache 633.3M | buff   47.1M | slab   65.7M |
MEM | tot     3.8G | free    2.2G | cache 633.4M | buff   47.1M | slab   65.7M |
