E,tot,"3,8",free,"2,2",cache,634,buff,47,slab,"65,6",,"1,6"
E,tot,"3,8",free,"2,2",cache,"634,9",buff,47,slab,"65,7",,"1,6"
E,tot,"3,8",free,"2,2",cache,"642,6",buff,47,slab,"65,7",,"1,6"
E,tot,"3,8",free,"2,2",cache,"636,1",buff,47,slab,"65,7",,"1,6"
E,tot,"3,8",free,"2,2",cache,"634,4",buff,47,slab,"65,7",,"1,6"
E,tot,"3,8",free,"2,2",cache,"634,4",buff,47,slab,"65,7",,"1,6"
E,tot,"3,8",free,"2,2",cache,"633,9",buff,47,slab,"65,7",,"1,6"
E,tot,"3,8",free,"2,2",cache,"633,2",buff,47,slab,"65,7",,"1,6"
E,tot,"3,8",free,"2,2",cache,"633,2",buff,47,slab,"65,7",,"1,6"
E,tot,"3,8",free,"2,2",cache,"633,2",buff,47,slab,"65,7",,"1,6"
E,tot,"3,8",free,"2,2",cache,"633,2",buff,47,slab,"65,7",,"1,6"
E,tot,"3,8",free,"2,2",cache,"633,2",buff,47,slab,"65,7",,"1,6"
E,tot,"3,8",free,"2,2",cache,"633,2",buff,47,slab,"65,7",,"1,6"
E,tot,"3,8",free,"2,2",cache,"633,2",buff,47,slab,"65,7",,"1,6"
E,tot,"3,8",free,"2,2",cache,"633,3",buff,47,slab,"65,7",,"1,6"
E,tot,"3,8",free,"2,2",cache,"633,3",buff,47,slab,"65,7",,"1,6"
E,tot,"3,8",free,"2,2",cache,"633,3",buff,47,slab,"65,7",,"1,6"
E,tot,"3,8",free,"2,2",cache,"633,3",buff,47,slab,"65,7",,"1,6"
E,tot,"3,8",free,"2,2",cache,"633,3",buff,47,slab,"65,7",,"1,6"
E,tot,"3,8",free,"2,2",cache,"633,3",buff,47,slab,"65,7",,"1,6"
E,tot,"3,8",free,"2,2",cache,"633,3",buff,47,slab,"65,7",,"1,6"
E,tot,"3,8",free,"2,2",cache,"633,3",buff,47,slab,"65,7",,"1,6"
E,tot,"3,8",free,"2,2",cache,"633,3",buff,47,slab,"65,7",,"1,6"
E,tot,"3,8",free,"2,2",cache,"633,4",buff,47,slab,"65,7",,"1,6"
E,tot,"3,8",free,"2,2",cache,"633,4",buff,47,slab,"65,7",,"1,6"
E,tot,"3,8",free,"2,2",cache,"633,4",buff,47,slab,"65,7",,"1,6"
E,tot,"3,8",free,"2,2",cache,"633,4",buff,47,slab,"65,7",,"1,6"
E,tot,"3,8",free,"2,2",cache,"633,4",buff,47,slab,"65,7",,"1,6"
E,tot,"3,8",free,"2,2",cache,"633,4",buff,47,slab,"65,7",,"1,6"
E,tot,"3,8",free,"2,2",cache,"633,4",buff,47,slab,"65,7",,"1,6"
E,tot,"3,8",free,"2,2",cache,"633,5",buff,47,slab,"65,7",,"1,6"
E,tot,"3,8",free,"2,2",cache,"633,5",buff,47,slab,"65,7",,"1,6"
E,tot,"3,8",free,"2,2",cache,"633,5",buff,47,slab,"65,7",,"1,6"
E,tot,"3,8",free,"2,2",cache,"633,5",buff,47,slab,"65,7",,"1,6"
E,tot,"3,8",free,"2,2",cache,"633,5",buff,47,slab,"65,7",,"1,6"
E,tot,"3,8",free,"2,2",cache,"633,5",buff,47,slab,"65,7",,"1,6"
E,tot,"3,8",free,"2,2",cache,"633,6",buff,47,slab,"65,7",,"1,6"
E,tot,"3,8",free,"2,2",cache,"633,6",buff,47,slab,"65,7",,"1,6"
E,tot,"3,8",free,"2,2",cache,"633,6",buff,47,slab,"65,7",,"1,6"
E,tot,"3,8",free,"2,2",cache,"633,6",buff,47,slab,"65,7",,"1,6"
,,,,,,,,,,,,
,,,,,,,,,,,média,"1,6"
,,,,,,,,,,,DP,0
