E,tot,"3,8",free,"2,2",cache,"629,9",buff,47,slab,"65,7",,"1,6"
E,tot,"3,8",free,"2,2",cache,"641,4",buff,47,slab,"65,7",,"1,6"
E,tot,"3,8",free,"2,2",cache,"641,4",buff,47,slab,"65,7",,"1,6"
E,tot,"3,8",free,"2,2",cache,"641,5",buff,47,slab,"65,7",,"1,6"
E,tot,"3,8",free,"2,2",cache,"641,5",buff,47,slab,"65,8",,"1,6"
E,tot,"3,8",free,"2,2",cache,"641,5",buff,47,slab,"65,8",,"1,6"
E,tot,"3,8",free,"2,2",cache,"641,2",buff,47,slab,"65,8",,"1,6"
E,tot,"3,8",free,"2,2",cache,"633,3",buff,47,slab,"65,7",,"1,6"
E,tot,"3,8",free,"2,2",cache,"633,3",buff,47,slab,"65,7",,"1,6"
E,tot,"3,8",free,"2,2",cache,"633,3",buff,47,slab,"65,7",,"1,6"
E,tot,"3,8",free,"2,2",cache,"633,3",buff,47,slab,"65,7",,"1,6"
E,tot,"3,8",free,"2,2",cache,"633,3",buff,47,slab,"65,7",,"1,6"
E,tot,"3,8",free,"2,2",cache,"633,3",buff,"47,1",slab,"65,7",,"1,6"
E,tot,"3,8",free,"2,2",cache,"633,3",buff,"47,1",slab,"65,7",,"1,6"
E,tot,"3,8",free,"2,2",cache,"633,3",buff,"47,1",slab,"65,7",,"1,6"
E,tot,"3,8",free,"2,2",cache,"633,3",buff,"47,1",slab,"65,7",,"1,6"
E,tot,"3,8",free,"2,2",cache,"633,4",buff,"47,1",slab,"65,7",,"1,6"
,,,,,,,,,,,,
,,,,,,,,,,,média,"1,6"
,,,,,,,,,,,DP,0
