CPU,sys,12,user,35,irq,1,idle,29,wait,23,,47
CPU,sys,33,user,67,irq,0,idle,0,wait,0,,100
CPU,sys,32,user,66,irq,2,idle,0,wait,0,,98
CPU,sys,30,user,66,irq,3,idle,0,wait,0,,96
CPU,sys,34,user,65,irq,1,idle,0,wait,0,,99
CPU,sys,31,user,64,irq,5,idle,0,wait,0,,95
CPU,sys,27,user,71,irq,2,idle,0,wait,0,,98
CPU,sys,15,user,48,irq,1,idle,0,wait,36,,63
CPU,sys,10,user,36,irq,1,idle,0,wait,53,,46
CPU,sys,14,user,60,irq,1,idle,0,wait,24,,74
CPU,sys,14,user,67,irq,2,idle,0,wait,16,,81
CPU,sys,15,user,66,irq,1,idle,0,wait,17,,81
CPU,sys,17,user,67,irq,1,idle,0,wait,16,,84
CPU,sys,16,user,68,irq,1,idle,0,wait,15,,84
CPU,sys,9,user,75,irq,1,idle,0,wait,15,,84
CPU,sys,12,user,73,irq,1,idle,0,wait,15,,85
CPU,sys,14,user,70,irq,0,idle,0,wait,15,,84
,,,,,,,,,,,,
,,,,,,,,,,,média,"84,5"
,,,,,,,,,,,DP,"14,4637477854116"
