CPU,sys,12,user,35,irq,1,idle,29,wait,23,,47
CPU,sys,21,user,78,irq,0,idle,0,wait,0,,99
CPU,sys,38,user,57,irq,0,idle,0,wait,5,,95
CPU,sys,31,user,33,irq,2,idle,0,wait,35,,64
CPU,sys,20,user,34,irq,0,idle,0,wait,46,,54
CPU,sys,35,user,41,irq,4,idle,0,wait,21,,76
CPU,sys,22,user,36,irq,1,idle,0,wait,41,,58
CPU,sys,17,user,24,irq,3,idle,0,wait,56,,41
CPU,sys,18,user,26,irq,1,idle,0,wait,56,,44
CPU,sys,19,user,21,irq,4,idle,0,wait,56,,40
CPU,sys,19,user,28,irq,2,idle,0,wait,51,,47
CPU,sys,26,user,28,irq,2,idle,0,wait,45,,54
CPU,sys,21,user,32,irq,1,idle,0,wait,46,,53
CPU,sys,21,user,29,irq,5,idle,0,wait,45,,50
CPU,sys,16,user,24,irq,2,idle,0,wait,57,,40
CPU,sys,22,user,24,irq,2,idle,0,wait,52,,46
CPU,sys,18,user,23,irq,1,idle,0,wait,57,,41
CPU,sys,21,user,21,irq,1,idle,0,wait,56,,42
CPU,sys,18,user,28,irq,2,idle,0,wait,52,,46
CPU,sys,20,user,22,irq,2,idle,0,wait,56,,42
CPU,sys,19,user,39,irq,1,idle,0,wait,42,,58
CPU,sys,24,user,29,irq,3,idle,0,wait,44,,53
CPU,sys,28,user,29,irq,1,idle,0,wait,43,,57
CPU,sys,22,user,32,irq,3,idle,0,wait,43,,54
CPU,sys,23,user,32,irq,1,idle,0,wait,44,,55
CPU,sys,18,user,35,irq,2,idle,0,wait,45,,53
CPU,sys,27,user,29,irq,2,idle,0,wait,42,,56
CPU,sys,21,user,36,irq,1,idle,0,wait,42,,57
CPU,sys,23,user,28,irq,2,idle,0,wait,46,,51
CPU,sys,24,user,31,irq,1,idle,0,wait,44,,55
CPU,sys,32,user,36,irq,2,idle,0,wait,31,,68
CPU,sys,24,user,32,irq,2,idle,0,wait,42,,56
CPU,sys,22,user,34,irq,3,idle,0,wait,41,,56
CPU,sys,21,user,32,irq,2,idle,0,wait,45,,53
CPU,sys,20,user,37,irq,3,idle,0,wait,39,,57
CPU,sys,21,user,30,irq,2,idle,0,wait,47,,51
CPU,sys,22,user,27,irq,2,idle,0,wait,50,,49
CPU,sys,21,user,27,irq,0,idle,0,wait,52,,48
CPU,sys,19,user,33,irq,2,idle,0,wait,45,,52
CPU,sys,21,user,33,irq,3,idle,0,wait,42,,54
,,,,,,,,,,,,
,,,,,,,,,,,média,"54,4871794871795"
,,,,,,,,,,,DP,"12,5107780793661"
