CPU,sys,12,user,35,irq,1,idle,29,wait,23,,47
CPU,sys,35,user,65,irq,0,idle,0,wait,0,,100
CPU,sys,26,user,71,irq,3,idle,0,wait,0,,97
CPU,sys,34,user,65,irq,1,idle,0,wait,0,,99
CPU,sys,24,user,72,irq,4,idle,0,wait,0,,96
CPU,sys,28,user,71,irq,1,idle,0,wait,0,,99
CPU,sys,39,user,59,irq,2,idle,0,wait,0,,98
CPU,sys,27,user,70,irq,2,idle,0,wait,1,,97
CPU,sys,26,user,37,irq,3,idle,0,wait,34,,63
CPU,sys,22,user,25,irq,2,idle,0,wait,50,,47
CPU,sys,18,user,24,irq,2,idle,0,wait,55,,42
CPU,sys,21,user,26,irq,2,idle,0,wait,52,,47
CPU,sys,31,user,24,irq,4,idle,0,wait,41,,55
CPU,sys,22,user,20,irq,2,idle,0,wait,55,,42
CPU,sys,27,user,18,irq,3,idle,0,wait,52,,45
CPU,sys,22,user,19,irq,2,idle,0,wait,56,,41
CPU,sys,17,user,25,irq,3,idle,0,wait,55,,42
CPU,sys,20,user,17,irq,1,idle,0,wait,62,,37
CPU,sys,18,user,20,irq,0,idle,0,wait,63,,38
CPU,sys,16,user,22,irq,2,idle,0,wait,60,,38
CPU,sys,18,user,20,irq,3,idle,0,wait,58,,38
CPU,sys,16,user,21,irq,3,idle,0,wait,60,,37
CPU,sys,17,user,18,irq,2,idle,0,wait,64,,35
CPU,sys,22,user,19,irq,1,idle,0,wait,58,,41
CPU,sys,18,user,21,irq,1,idle,0,wait,61,,39
CPU,sys,14,user,18,irq,1,idle,0,wait,67,,32
CPU,sys,16,user,20,irq,1,idle,0,wait,63,,36
CPU,sys,18,user,18,irq,2,idle,0,wait,62,,36
,,,,,,,,,,,,
,,,,,,,,,,,média,"56,1851851851852"
,,,,,,,,,,,DP,"25,966008900746"
