MEM | tot     3.8G | free    1.1G | cache   1.5G | buff   63.2M | slab  101.1M |
MEM | numnode    1 | shmem  55.9M | shrss  26.2M | tcpsk   0.0M | udpsk   0.0M |
MEM | tot     3.8G | free    1.1G | cache   1.5G | buff   63.2M | slab  101.1M |
MEM | numnode    1 | shmem  55.9M | shrss  26.2M | tcpsk   0.0M | udpsk   0.0M |
MEM | tot     3.8G | free    1.1G | cache   1.5G | buff   63.2M | slab  101.1M |
MEM | numnode    1 | shmem  55.9M | shrss  26.2M | tcpsk   0.0M | udpsk   0.0M |
MEM | tot     3.8G | free    1.1G | cache   1.5G | buff   63.2M | slab  101.1M |
MEM | numnode    1 | shmem  55.2M | shrss  26.2M | tcpsk   0.0M | udpsk   0.0M |
