MEM | tot     3.8G | free    2.3G | cache 567.8M | buff   34.2M | slab   63.7M |
MEM | tot     3.8G | free    2.3G | cache 576.7M | buff   34.2M | slab   64.0M |
MEM | tot     3.8G | free    2.3G | cache 576.8M | buff   34.2M | slab   64.1M |
MEM | tot     3.8G | free    2.3G | cache 574.5M | buff   34.2M | slab   64.1M |
MEM | tot     3.8G | free    2.3G | cache 574.3M | buff   34.2M | slab   64.1M |
MEM | tot     3.8G | free    2.3G | cache 574.3M | buff   34.2M | slab   64.1M |
MEM | tot     3.8G | free    2.3G | cache 574.1M | buff   34.2M | slab   64.1M |
MEM | tot     3.8G | free    2.3G | cache 573.3M | buff   34.2M | slab   64.1M |
MEM | tot     3.8G | free    2.3G | cache 573.3M | buff   34.2M | slab   64.1M |
MEM | tot     3.8G | free    2.3G | cache 573.3M | buff   34.2M | slab   64.1M |
MEM | tot     3.8G | free    2.3G | cache 573.4M | buff   34.2M | slab   64.1M |
MEM | tot     3.8G | free    2.3G | cache 573.4M | buff   34.2M | slab   64.1M |
MEM | tot     3.8G | free    2.3G | cache 573.4M | buff   34.2M | slab   64.1M |
MEM | tot     3.8G | free    2.3G | cache 573.4M | buff   34.2M | slab   64.1M |
MEM | tot     3.8G | free    2.3G | cache 573.4M | buff   34.2M | slab   64.1M |
MEM | tot     3.8G | free    2.3G | cache 573.4M | buff   34.2M | slab   64.1M |
MEM | tot     3.8G | free    2.3G | cache 573.4M | buff   34.2M | slab   64.1M |
MEM | tot     3.8G | free    2.3G | cache 573.4M | buff   34.2M | slab   64.1M |
MEM | tot     3.8G | free    2.3G | cache 573.4M | buff   34.2M | slab   64.1M |
MEM | tot     3.8G | free    2.3G | cache 573.5M | buff   34.2M | slab   64.1M |
MEM | tot     3.8G | free    2.3G | cache 573.5M | buff   34.2M | slab   64.1M |
MEM | tot     3.8G | free    2.3G | cache 573.5M | buff   34.2M | slab   64.1M |
MEM | tot     3.8G | free    2.3G | cache 573.5M | buff   34.2M | slab   64.1M |
MEM | tot     3.8G | free    2.3G | cache 573.5M | buff   34.2M | slab   64.1M |
MEM | tot     3.8G | free    2.3G | cache 573.5M | buff   34.2M | slab   64.1M |
MEM | tot     3.8G | free    2.3G | cache 573.5M | buff   34.2M | slab   64.1M |
MEM | tot     3.8G | free    2.3G | cache 573.5M | buff   34.2M | slab   64.1M |
MEM | tot     3.8G | free    2.3G | cache 573.6M | buff   34.2M | slab   64.1M |
MEM | tot     3.8G | free    2.3G | cache 573.6M | buff   34.2M | slab   64.1M |
MEM | tot     3.8G | free    2.3G | cache 573.6M | buff   34.2M | slab   64.1M |
MEM | tot     3.8G | free    2.3G | cache 573.6M | buff   34.2M | slab   64.1M |
MEM | tot     3.8G | free    2.3G | cache 573.6M | buff   34.2M | slab   64.1M |
MEM | tot     3.8G | free    2.3G | cache 573.6M | buff   34.2M | slab   64.1M |
MEM | tot     3.8G | free    2.3G | cache 573.6M | buff   34.2M | slab   64.1M |
MEM | tot     3.8G | free    2.3G | cache 573.6M | buff   34.3M | slab   64.1M |
MEM | tot     3.8G | free    2.3G | cache 573.6M | buff   34.3M | slab   64.1M |
MEM | tot     3.8G | free    2.3G | cache 573.7M | buff   34.3M | slab   64.1M |
MEM | tot     3.8G | free    2.3G | cache 573.7M | buff   34.3M | slab   64.1M |
MEM | tot     3.8G | free    2.3G | cache 573.7M | buff   34.3M | slab   64.1M |
MEM | tot     3.8G | free    2.3G | cache 573.7M | buff   34.3M | slab   64.1M |
MEM | tot     3.8G | free    2.3G | cache 573.7M | buff   34.3M | slab   64.1M |
MEM | tot     3.8G | free    2.3G | cache 573.7M | buff   34.3M | slab   64.1M |
MEM | tot     3.8G | free    2.3G | cache 573.7M | buff   34.3M | slab   64.1M |
MEM | tot     3.8G | free    2.3G | cache 573.7M | buff   34.3M | slab   64.1M |
MEM | tot     3.8G | free    2.3G | cache 573.7M | buff   34.3M | slab   64.1M |
MEM | tot     3.8G | free    2.3G | cache 573.8M | buff   34.3M | slab   64.1M |
MEM | tot     3.8G | free    2.3G | cache 573.8M | buff   34.3M | slab   64.1M |
MEM | tot     3.8G | free    2.3G | cache 573.8M | buff   34.3M | slab   64.1M |
MEM | tot     3.8G | free    2.3G | cache 573.8M | buff   34.3M | slab   64.1M |
MEM | tot     3.8G | free    2.3G | cache 573.8M | buff   34.3M | slab   64.1M |
MEM | tot     3.8G | free    2.3G | cache 573.8M | buff   34.3M | slab   64.1M |
MEM | tot     3.8G | free    2.3G | cache 573.8M | buff   34.3M | slab   64.1M |
MEM | tot     3.8G | free    2.3G | cache 573.8M | buff   34.3M | slab   64.1M |
MEM | tot     3.8G | free    2.3G | cache 573.8M | buff   34.3M | slab   64.1M |
MEM | tot     3.8G | free    2.3G | cache 573.9M | buff   34.3M | slab   64.1M |
MEM | tot     3.8G | free    2.3G | cache 573.9M | buff   34.3M | slab   64.1M |
MEM | tot     3.8G | free    2.3G | cache 573.9M | buff   34.3M | slab   64.1M |
MEM | tot     3.8G | free    2.3G | cache 573.9M | buff   34.3M | slab   64.1M |
MEM | tot     3.8G | free    2.3G | cache 573.9M | buff   34.3M | slab   64.1M |
MEM | tot     3.8G | free    2.3G | cache 573.9M | buff   34.3M | slab   64.1M |
MEM | tot     3.8G | free    2.3G | cache 573.9M | buff   34.3M | slab   64.1M |
MEM | tot     3.8G | free    2.3G | cache 573.9M | buff   34.3M | slab   64.1M |
MEM | tot     3.8G | free    2.3G | cache 573.9M | buff   34.3M | slab   64.1M |
MEM | tot     3.8G | free    2.3G | cache 574.0M | buff   34.3M | slab   64.1M |
MEM | tot     3.8G | free    2.3G | cache 574.0M | buff   34.3M | slab   64.1M |
MEM | tot     3.8G | free    2.3G | cache 574.0M | buff   34.3M | slab   64.2M |
MEM | tot     3.8G | free    2.3G | cache 574.0M | buff   34.3M | slab   64.2M |
MEM | tot     3.8G | free    2.3G | cache 574.0M | buff   34.3M | slab   64.2M |
MEM | tot     3.8G | free    2.3G | cache 574.0M | buff   34.3M | slab   64.2M |
MEM | tot     3.8G | free    2.3G | cache 574.0M | buff   34.3M | slab   64.2M |
MEM | tot     3.8G | free    2.3G | cache 574.0M | buff   34.3M | slab   64.2M |
MEM | tot     3.8G | free    2.3G | cache 569.6M | buff   34.3M | slab   64.2M |
MEM | tot     3.8G | free    2.3G | cache 569.6M | buff   34.3M | slab   64.2M |
MEM | tot     3.8G | free    2.3G | cache 569.6M | buff   34.3M | slab   64.2M |
MEM | tot     3.8G | free    2.3G | cache 569.6M | buff   34.3M | slab   64.2M |
MEM | tot     3.8G | free    2.3G | cache 569.6M | buff   34.3M | slab   64.2M |
MEM | tot     3.8G | free    2.3G | cache 569.7M | buff   34.3M | slab   64.2M |
MEM | tot     3.8G | free    2.3G | cache 569.7M | buff   34.3M | slab   64.2M |
MEM | tot     3.8G | free    2.3G | cache 569.7M | buff   34.3M | slab   64.2M |
MEM | tot     3.8G | free    2.3G | cache 569.7M | buff   34.3M | slab   64.2M |
MEM | tot     3.8G | free    2.3G | cache 569.7M | buff   34.3M | slab   64.2M |
MEM | tot     3.8G | free    2.3G | cache 569.7M | buff   34.3M | slab   64.2M |
MEM | tot     3.8G | free    2.3G | cache 569.7M | buff   34.3M | slab   64.2M |
MEM | tot     3.8G | free    2.3G | cache 569.7M | buff   34.3M | slab   64.2M |
MEM | tot     3.8G | free    2.3G | cache 569.8M | buff   34.3M | slab   64.2M |
MEM | tot     3.8G | free    2.3G | cache 569.8M | buff   34.3M | slab   64.2M |
MEM | tot     3.8G | free    2.3G | cache 569.8M | buff   34.3M | slab   64.2M |
MEM | tot     3.8G | free    2.3G | cache 569.8M | buff   34.3M | slab   64.2M |
MEM | tot     3.8G | free    2.3G | cache 569.9M | buff   34.3M | slab   64.2M |
MEM | tot     3.8G | free    2.3G | cache 569.9M | buff   34.3M | slab   64.2M |
MEM | tot     3.8G | free    2.3G | cache 569.9M | buff   34.3M | slab   64.2M |
MEM | tot     3.8G | free    2.3G | cache 570.0M | buff   34.3M | slab   64.2M |
MEM | tot     3.8G | free    2.3G | cache 570.0M | buff   34.3M | slab   64.2M |
MEM | tot     3.8G | free    2.3G | cache 570.0M | buff   34.3M | slab   64.2M |
MEM | tot     3.8G | free    2.3G | cache 570.0M | buff   34.4M | slab   64.2M |
MEM | tot     3.8G | free    2.3G | cache 570.0M | buff   34.4M | slab   64.2M |
MEM | tot     3.8G | free    2.3G | cache 570.0M | buff   34.4M | slab   64.2M |
MEM | tot     3.8G | free    2.3G | cache 570.0M | buff   34.4M | slab   64.2M |
MEM | tot     3.8G | free    2.3G | cache 570.0M | buff   34.4M | slab   64.2M |
MEM | tot     3.8G | free    2.3G | cache 570.0M | buff   34.4M | slab   64.2M |
MEM | tot     3.8G | free    2.3G | cache 570.1M | buff   34.4M | slab   64.2M |
MEM | tot     3.8G | free    2.3G | cache 570.1M | buff   34.4M | slab   64.2M |
MEM | tot     3.8G | free    2.3G | cache 570.1M | buff   34.4M | slab   64.2M |
MEM | tot     3.8G | free    2.3G | cache 570.1M | buff   34.4M | slab   64.2M |
MEM | tot     3.8G | free    2.3G | cache 570.1M | buff   34.4M | slab   64.2M |
MEM | tot     3.8G | free    2.3G | cache 570.1M | buff   34.4M | slab   64.2M |
MEM | tot     3.8G | free    2.3G | cache 570.1M | buff   34.4M | slab   64.2M |
MEM | tot     3.8G | free    2.3G | cache 570.1M | buff   34.4M | slab   64.2M |
MEM | tot     3.8G | free    2.3G | cache 570.1M | buff   34.4M | slab   64.2M |
MEM | tot     3.8G | free    2.3G | cache 570.2M | buff   34.4M | slab   64.2M |
MEM | tot     3.8G | free    2.3G | cache 570.2M | buff   34.4M | slab   64.2M |
MEM | tot     3.8G | free    2.3G | cache 570.2M | buff   34.4M | slab   64.2M |
MEM | tot     3.8G | free    2.3G | cache 570.2M | buff   34.4M | slab   64.2M |
MEM | tot     3.8G | free    2.3G | cache 570.2M | buff   34.4M | slab   64.2M |
MEM | tot     3.8G | free    2.3G | cache 570.2M | buff   34.4M | slab   64.2M |
MEM | tot     3.8G | free    2.3G | cache 570.2M | buff   34.4M | slab   64.2M |
MEM | tot     3.8G | free    2.3G | cache 570.2M | buff   34.4M | slab   64.2M |
MEM | tot     3.8G | free    2.3G | cache 570.2M | buff   34.4M | slab   64.2M |
MEM | tot     3.8G | free    2.3G | cache 570.3M | buff   34.4M | slab   64.2M |
MEM | tot     3.8G | free    2.3G | cache 570.3M | buff   34.4M | slab   64.2M |
MEM | tot     3.8G | free    2.3G | cache 570.3M | buff   34.4M | slab   64.2M |
MEM | tot     3.8G | free    2.3G | cache 570.3M | buff   34.4M | slab   64.2M |
MEM | tot     3.8G | free    2.3G | cache 570.3M | buff   34.4M | slab   64.2M |
MEM | tot     3.8G | free    2.3G | cache 570.3M | buff   34.4M | slab   64.2M |
MEM | tot     3.8G | free    2.3G | cache 570.3M | buff   34.4M | slab   64.2M |
MEM | tot     3.8G | free    2.3G | cache 570.3M | buff   34.4M | slab   64.2M |
MEM | tot     3.8G | free    2.3G | cache 570.3M | buff   34.4M | slab   64.2M |
MEM | tot     3.8G | free    2.3G | cache 570.4M | buff   34.4M | slab   64.2M |
MEM | tot     3.8G | free    2.3G | cache 570.4M | buff   34.4M | slab   64.2M |
MEM | tot     3.8G | free    2.3G | cache 570.4M | buff   34.4M | slab   64.2M |
MEM | tot     3.8G | free    2.3G | cache 570.4M | buff   34.4M | slab   64.2M |
MEM | tot     3.8G | free    2.3G | cache 570.4M | buff   34.4M | slab   64.2M |
MEM | tot     3.8G | free    2.3G | cache 570.4M | buff   34.4M | slab   64.2M |
MEM | tot     3.8G | free    2.3G | cache 570.4M | buff   34.4M | slab   64.2M |
MEM | tot     3.8G | free    2.3G | cache 570.4M | buff   34.4M | slab   64.2M |
MEM | tot     3.8G | free    2.3G | cache 570.4M | buff   34.4M | slab   64.2M |
MEM | tot     3.8G | free    2.3G | cache 570.5M | buff   34.4M | slab   64.2M |
MEM | tot     3.8G | free    2.3G | cache 570.5M | buff   34.4M | slab   64.2M |
MEM | tot     3.8G | free    2.3G | cache 570.5M | buff   34.4M | slab   64.2M |
MEM | tot     3.8G | free    2.3G | cache 570.5M | buff   34.4M | slab   64.2M |
MEM | tot     3.8G | free    2.3G | cache 570.5M | buff   34.4M | slab   64.2M |
MEM | tot     3.8G | free    2.3G | cache 570.5M | buff   34.4M | slab   64.2M |
MEM | tot     3.8G | free    2.3G | cache 570.5M | buff   34.4M | slab   64.2M |
MEM | tot     3.8G | free    2.3G | cache 570.5M | buff   34.4M | slab   64.2M |
MEM | tot     3.8G | free    2.3G | cache 570.5M | buff   34.4M | slab   64.2M |
MEM | tot     3.8G | free    2.3G | cache 570.6M | buff   34.4M | slab   64.2M |
MEM | tot     3.8G | free    2.3G | cache 570.6M | buff   34.4M | slab   64.2M |
MEM | tot     3.8G | free    2.3G | cache 570.6M | buff   34.4M | slab   64.2M |
MEM | tot     3.8G | free    2.3G | cache 570.6M | buff   34.4M | slab   64.2M |
MEM | tot     3.8G | free    2.3G | cache 570.6M | buff   34.4M | slab   64.2M |
MEM | tot     3.8G | free    2.3G | cache 570.6M | buff   34.4M | slab   64.2M |
MEM | tot     3.8G | free    2.3G | cache 570.6M | buff   34.4M | slab   64.2M |
MEM | tot     3.8G | free    2.3G | cache 570.6M | buff   34.4M | slab   64.2M |
MEM | tot     3.8G | free    2.3G | cache 570.6M | buff   34.4M | slab   64.2M |
MEM | tot     3.8G | free    2.3G | cache 570.7M | buff   34.5M | slab   64.2M |
MEM | tot     3.8G | free    2.3G | cache 570.7M | buff   34.5M | slab   64.2M |
MEM | tot     3.8G | free    2.3G | cache 570.7M | buff   34.5M | slab   64.2M |
MEM | tot     3.8G | free    2.3G | cache 570.7M | buff   34.5M | slab   64.2M |
MEM | tot     3.8G | free    2.3G | cache 570.7M | buff   34.5M | slab   64.2M |
MEM | tot     3.8G | free    2.3G | cache 570.7M | buff   34.5M | slab   64.2M |
MEM | tot     3.8G | free    2.3G | cache 570.7M | buff   34.5M | slab   64.2M |
MEM | tot     3.8G | free    2.3G | cache 570.7M | buff   34.5M | slab   64.2M |
MEM | tot     3.8G | free    2.3G | cache 570.8M | buff   34.5M | slab   64.2M |
MEM | tot     3.8G | free    2.3G | cache 570.8M | buff   34.5M | slab   64.2M |
MEM | tot     3.8G | free    2.3G | cache 570.8M | buff   34.5M | slab   64.2M |
MEM | tot     3.8G | free    2.3G | cache 570.8M | buff   34.5M | slab   64.2M |
MEM | tot     3.8G | free    2.3G | cache 570.8M | buff   34.5M | slab   64.2M |
MEM | tot     3.8G | free    2.3G | cache 570.8M | buff   34.5M | slab   64.2M |
MEM | tot     3.8G | free    2.3G | cache 570.8M | buff   34.5M | slab   64.2M |
MEM | tot     3.8G | free    2.3G | cache 570.8M | buff   34.5M | slab   64.2M |
MEM | tot     3.8G | free    2.3G | cache 570.8M | buff   34.5M | slab   64.2M |
MEM | tot     3.8G | free    2.3G | cache 570.8M | buff   34.5M | slab   64.2M |
MEM | tot     3.8G | free    2.3G | cache 570.9M | buff   34.5M | slab   64.2M |
MEM | tot     3.8G | free    2.3G | cache 570.9M | buff   34.5M | slab   64.2M |
MEM | tot     3.8G | free    2.3G | cache 570.9M | buff   34.5M | slab   64.2M |
MEM | tot     3.8G | free    2.3G | cache 570.9M | buff   34.5M | slab   64.2M |
MEM | tot     3.8G | free    2.3G | cache 570.9M | buff   34.5M | slab   64.2M |
MEM | tot     3.8G | free    2.3G | cache 570.9M | buff   34.5M | slab   64.2M |
MEM | tot     3.8G | free    2.3G | cache 570.9M | buff   34.5M | slab   64.2M |
MEM | tot     3.8G | free    2.3G | cache 571.0M | buff   34.5M | slab   64.2M |
MEM | tot     3.8G | free    2.3G | cache 571.0M | buff   34.5M | slab   64.2M |
MEM | tot     3.8G | free    2.3G | cache 571.0M | buff   34.5M | slab   64.2M |
MEM | tot     3.8G | free    2.3G | cache 571.0M | buff   34.5M | slab   64.2M |
MEM | tot     3.8G | free    2.3G | cache 571.0M | buff   34.5M | slab   64.2M |
MEM | tot     3.8G | free    2.3G | cache 571.0M | buff   34.5M | slab   64.2M |
MEM | tot     3.8G | free    2.3G | cache 571.0M | buff   34.5M | slab   64.2M |
MEM | tot     3.8G | free    2.3G | cache 571.0M | buff   34.5M | slab   64.2M |
MEM | tot     3.8G | free    2.3G | cache 571.0M | buff   34.5M | slab   64.2M |
MEM | tot     3.8G | free    2.3G | cache 571.1M | buff   34.5M | slab   64.2M |
MEM | tot     3.8G | free    2.3G | cache 571.1M | buff   34.5M | slab   64.2M |
MEM | tot     3.8G | free    2.3G | cache 571.1M | buff   34.5M | slab   64.2M |
MEM | tot     3.8G | free    2.3G | cache 571.1M | buff   34.5M | slab   64.2M |
MEM | tot     3.8G | free    2.3G | cache 571.1M | buff   34.5M | slab   64.2M |
MEM | tot     3.8G | free    2.3G | cache 571.1M | buff   34.5M | slab   64.2M |
MEM | tot     3.8G | free    2.3G | cache 571.1M | buff   34.5M | slab   64.2M |
MEM | tot     3.8G | free    2.3G | cache 571.1M | buff   34.5M | slab   64.2M |
MEM | tot     3.8G | free    2.3G | cache 571.1M | buff   34.5M | slab   64.2M |
MEM | tot     3.8G | free    2.3G | cache 571.2M | buff   34.5M | slab   64.2M |
MEM | tot     3.8G | free    2.3G | cache 571.2M | buff   34.5M | slab   64.2M |
MEM | tot     3.8G | free    2.3G | cache 571.2M | buff   34.5M | slab   64.2M |
MEM | tot     3.8G | free    2.3G | cache 571.2M | buff   34.5M | slab   64.2M |
MEM | tot     3.8G | free    2.3G | cache 571.2M | buff   34.5M | slab   64.2M |
MEM | tot     3.8G | free    2.3G | cache 571.2M | buff   34.5M | slab   64.2M |
MEM | tot     3.8G | free    2.3G | cache 571.2M | buff   34.5M | slab   64.2M |
MEM | tot     3.8G | free    2.3G | cache 571.2M | buff   34.5M | slab   64.2M |
MEM | tot     3.8G | free    2.3G | cache 571.2M | buff   34.5M | slab   64.2M |
MEM | tot     3.8G | free    2.3G | cache 571.3M | buff   34.5M | slab   64.2M |
MEM | tot     3.8G | free    2.3G | cache 571.3M | buff   34.5M | slab   64.2M |
MEM | tot     3.8G | free    2.3G | cache 571.3M | buff   34.5M | slab   64.2M |
MEM | tot     3.8G | free    2.3G | cache 571.3M | buff   34.6M | slab   64.2M |
MEM | tot     3.8G | free    2.3G | cache 571.3M | buff   34.6M | slab   64.2M |
MEM | tot     3.8G | free    2.3G | cache 571.3M | buff   34.6M | slab   64.2M |
MEM | tot     3.8G | free    2.3G | cache 571.3M | buff   34.6M | slab   64.2M |
MEM | tot     3.8G | free    2.3G | cache 571.3M | buff   34.6M | slab   64.2M |
MEM | tot     3.8G | free    2.3G | cache 571.3M | buff   34.6M | slab   64.2M |
MEM | tot     3.8G | free    2.3G | cache 571.4M | buff   34.6M | slab   64.2M |
MEM | tot     3.8G | free    2.3G | cache 571.4M | buff   34.6M | slab   64.2M |
MEM | tot     3.8G | free    2.3G | cache 571.4M | buff   34.6M | slab   64.2M |
MEM | tot     3.8G | free    2.3G | cache 571.4M | buff   34.6M | slab   64.2M |
MEM | tot     3.8G | free    2.3G | cache 571.4M | buff   34.6M | slab   64.2M |
MEM | tot     3.8G | free    2.3G | cache 571.4M | buff   34.6M | slab   64.2M |
MEM | tot     3.8G | free    2.3G | cache 571.4M | buff   34.6M | slab   64.2M |
MEM | tot     3.8G | free    2.3G | cache 571.4M | buff   34.6M | slab   64.2M |
MEM | tot     3.8G | free    2.3G | cache 571.4M | buff   34.6M | slab   64.2M |
MEM | tot     3.8G | free    2.3G | cache 571.5M | buff   34.6M | slab   64.2M |
MEM | tot     3.8G | free    2.3G | cache 571.5M | buff   34.6M | slab   64.2M |
MEM | tot     3.8G | free    2.3G | cache 571.5M | buff   34.6M | slab   64.2M |
MEM | tot     3.8G | free    2.3G | cache 571.5M | buff   34.6M | slab   64.2M |
MEM | tot     3.8G | free    2.3G | cache 571.5M | buff   34.6M | slab   64.2M |
MEM | tot     3.8G | free    2.3G | cache 571.5M | buff   34.6M | slab   64.2M |
MEM | tot     3.8G | free    2.3G | cache 571.5M | buff   34.6M | slab   64.2M |
MEM | tot     3.8G | free    2.3G | cache 571.5M | buff   34.6M | slab   64.2M |
MEM | tot     3.8G | free    2.3G | cache 571.6M | buff   34.6M | slab   64.2M |
MEM | tot     3.8G | free    2.3G | cache 571.6M | buff   34.6M | slab   64.2M |
MEM | tot     3.8G | free    2.3G | cache 571.6M | buff   34.6M | slab   64.2M |
MEM | tot     3.8G | free    2.3G | cache 571.6M | buff   34.6M | slab   64.2M |
MEM | tot     3.8G | free    2.3G | cache 571.6M | buff   34.6M | slab   64.2M |
MEM | tot     3.8G | free    2.3G | cache 571.6M | buff   34.6M | slab   64.2M |
MEM | tot     3.8G | free    2.3G | cache 571.6M | buff   34.6M | slab   64.2M |
MEM | tot     3.8G | free    2.3G | cache 571.6M | buff   34.6M | slab   64.2M |
MEM | tot     3.8G | free    2.3G | cache 571.6M | buff   34.6M | slab   64.2M |
MEM | tot     3.8G | free    2.3G | cache 571.7M | buff   34.6M | slab   64.2M |
MEM | tot     3.8G | free    2.3G | cache 571.7M | buff   34.6M | slab   64.2M |
MEM | tot     3.8G | free    2.3G | cache 571.7M | buff   34.6M | slab   64.2M |
MEM | tot     3.8G | free    2.3G | cache 571.7M | buff   34.6M | slab   64.2M |
