MEM | tot     3.8G | free    2.3G | cache 565.7M | buff   34.8M | slab   64.1M |
MEM | tot     3.8G | free    2.3G | cache 571.7M | buff   34.8M | slab   64.3M |
MEM | tot     3.8G | free    2.3G | cache 583.8M | buff   34.8M | slab   64.3M |
MEM | tot     3.8G | free    2.3G | cache 583.8M | buff   34.8M | slab   64.3M |
MEM | tot     3.8G | free    2.3G | cache 583.8M | buff   34.8M | slab   64.3M |
MEM | tot     3.8G | free    2.3G | cache 583.8M | buff   34.8M | slab   64.3M |
MEM | tot     3.8G | free    2.3G | cache 583.6M | buff   34.8M | slab   64.3M |
MEM | tot     3.8G | free    2.3G | cache 573.4M | buff   34.9M | slab   64.3M |
MEM | tot     3.8G | free    2.3G | cache 573.4M | buff   34.9M | slab   64.3M |
MEM | tot     3.8G | free    2.3G | cache 573.4M | buff   34.9M | slab   64.3M |
MEM | tot     3.8G | free    2.3G | cache 573.4M | buff   34.9M | slab   64.3M |
MEM | tot     3.8G | free    2.3G | cache 573.4M | buff   34.9M | slab   64.3M |
MEM | tot     3.8G | free    2.3G | cache 573.4M | buff   34.9M | slab   64.3M |
MEM | tot     3.8G | free    2.3G | cache 573.4M | buff   34.9M | slab   64.3M |
MEM | tot     3.8G | free    2.3G | cache 573.4M | buff   34.9M | slab   64.3M |
MEM | tot     3.8G | free    2.3G | cache 573.4M | buff   34.9M | slab   64.3M |
MEM | tot     3.8G | free    2.3G | cache 573.5M | buff   34.9M | slab   64.3M |
MEM | tot     3.8G | free    2.3G | cache 573.5M | buff   34.9M | slab   64.3M |
MEM | tot     3.8G | free    2.3G | cache 573.5M | buff   34.9M | slab   64.3M |
MEM | tot     3.8G | free    2.3G | cache 573.5M | buff   34.9M | slab   64.3M |
MEM | tot     3.8G | free    2.3G | cache 573.5M | buff   34.9M | slab   64.3M |
MEM | tot     3.8G | free    2.3G | cache 573.6M | buff   34.9M | slab   64.3M |
MEM | tot     3.8G | free    2.3G | cache 573.6M | buff   34.9M | slab   64.3M |
MEM | tot     3.8G | free    2.3G | cache 573.7M | buff   34.9M | slab   64.3M |
MEM | tot     3.8G | free    2.3G | cache 573.7M | buff   34.9M | slab   64.3M |
MEM | tot     3.8G | free    2.3G | cache 573.7M | buff   34.9M | slab   64.3M |
MEM | tot     3.8G | free    2.3G | cache 573.7M | buff   34.9M | slab   64.3M |
MEM | tot     3.8G | free    2.3G | cache 573.7M | buff   34.9M | slab   64.3M |
MEM | tot     3.8G | free    2.3G | cache 573.7M | buff   34.9M | slab   64.3M |
MEM | tot     3.8G | free    2.3G | cache 573.7M | buff   34.9M | slab   64.3M |
MEM | tot     3.8G | free    2.3G | cache 573.7M | buff   34.9M | slab   64.3M |
MEM | tot     3.8G | free    2.3G | cache 573.8M | buff   34.9M | slab   64.3M |
MEM | tot     3.8G | free    2.3G | cache 573.8M | buff   34.9M | slab   64.3M |
MEM | tot     3.8G | free    2.3G | cache 573.8M | buff   34.9M | slab   64.3M |
MEM | tot     3.8G | free    2.3G | cache 573.8M | buff   34.9M | slab   64.3M |
MEM | tot     3.8G | free    2.3G | cache 573.8M | buff   34.9M | slab   64.3M |
MEM | tot     3.8G | free    2.3G | cache 573.8M | buff   34.9M | slab   64.3M |
MEM | tot     3.8G | free    2.3G | cache 573.8M | buff   34.9M | slab   64.3M |
MEM | tot     3.8G | free    2.3G | cache 573.8M | buff   34.9M | slab   64.3M |
MEM | tot     3.8G | free    2.3G | cache 573.8M | buff   34.9M | slab   64.3M |
MEM | tot     3.8G | free    2.3G | cache 573.9M | buff   34.9M | slab   64.3M |
MEM | tot     3.8G | free    2.3G | cache 573.9M | buff   34.9M | slab   64.3M |
MEM | tot     3.8G | free    2.3G | cache 573.9M | buff   34.9M | slab   64.3M |
MEM | tot     3.8G | free    2.3G | cache 573.9M | buff   34.9M | slab   64.3M |
MEM | tot     3.8G | free    2.3G | cache 573.9M | buff   34.9M | slab   64.3M |
MEM | tot     3.8G | free    2.3G | cache 573.9M | buff   34.9M | slab   64.3M |
MEM | tot     3.8G | free    2.3G | cache 573.9M | buff   34.9M | slab   64.3M |
MEM | tot     3.8G | free    2.3G | cache 573.9M | buff   34.9M | slab   64.3M |
MEM | tot     3.8G | free    2.3G | cache 573.9M | buff   34.9M | slab   64.3M |
MEM | tot     3.8G | free    2.3G | cache 574.0M | buff   34.9M | slab   64.3M |
MEM | tot     3.8G | free    2.3G | cache 574.0M | buff   34.9M | slab   64.3M |
MEM | tot     3.8G | free    2.3G | cache 574.0M | buff   34.9M | slab   64.3M |
MEM | tot     3.8G | free    2.3G | cache 574.0M | buff   34.9M | slab   64.3M |
MEM | tot     3.8G | free    2.3G | cache 574.0M | buff   34.9M | slab   64.3M |
MEM | tot     3.8G | free    2.3G | cache 574.0M | buff   34.9M | slab   64.3M |
MEM | tot     3.8G | free    2.3G | cache 574.0M | buff   34.9M | slab   64.3M |
MEM | tot     3.8G | free    2.3G | cache 574.0M | buff   34.9M | slab   64.3M |
MEM | tot     3.8G | free    2.3G | cache 574.0M | buff   34.9M | slab   64.3M |
MEM | tot     3.8G | free    2.3G | cache 574.1M | buff   34.9M | slab   64.3M |
MEM | tot     3.8G | free    2.3G | cache 574.1M | buff   34.9M | slab   64.3M |
MEM | tot     3.8G | free    2.3G | cache 574.1M | buff   34.9M | slab   64.3M |
MEM | tot     3.8G | free    2.3G | cache 574.1M | buff   34.9M | slab   64.3M |
MEM | tot     3.8G | free    2.3G | cache 574.1M | buff   34.9M | slab   64.3M |
MEM | tot     3.8G | free    2.3G | cache 574.1M | buff   34.9M | slab   64.3M |
MEM | tot     3.8G | free    2.3G | cache 574.1M | buff   34.9M | slab   64.3M |
MEM | tot     3.8G | free    2.3G | cache 574.1M | buff   34.9M | slab   64.3M |
MEM | tot     3.8G | free    2.3G | cache 574.1M | buff   34.9M | slab   64.3M |
MEM | tot     3.8G | free    2.3G | cache 574.2M | buff   34.9M | slab   64.3M |
MEM | tot     3.8G | free    2.3G | cache 574.2M | buff   34.9M | slab   64.3M |
MEM | tot     3.8G | free    2.3G | cache 574.2M | buff   34.9M | slab   64.3M |
MEM | tot     3.8G | free    2.3G | cache 574.2M | buff   34.9M | slab   64.3M |
MEM | tot     3.8G | free    2.3G | cache 574.2M | buff   34.9M | slab   64.3M |
MEM | tot     3.8G | free    2.3G | cache 569.9M | buff   34.9M | slab   64.3M |
MEM | tot     3.8G | free    2.3G | cache 569.9M | buff   35.0M | slab   64.3M |
MEM | tot     3.8G | free    2.3G | cache 569.9M | buff   35.0M | slab   64.3M |
MEM | tot     3.8G | free    2.3G | cache 569.9M | buff   35.0M | slab   64.3M |
MEM | tot     3.8G | free    2.3G | cache 569.9M | buff   35.0M | slab   64.3M |
MEM | tot     3.8G | free    2.3G | cache 569.9M | buff   35.0M | slab   64.3M |
MEM | tot     3.8G | free    2.3G | cache 570.0M | buff   35.0M | slab   64.3M |
MEM | tot     3.8G | free    2.3G | cache 570.0M | buff   35.0M | slab   64.3M |
MEM | tot     3.8G | free    2.3G | cache 570.0M | buff   35.0M | slab   64.3M |
MEM | tot     3.8G | free    2.3G | cache 570.0M | buff   35.0M | slab   64.3M |
MEM | tot     3.8G | free    2.3G | cache 570.0M | buff   35.0M | slab   64.3M |
MEM | tot     3.8G | free    2.3G | cache 570.0M | buff   35.0M | slab   64.3M |
MEM | tot     3.8G | free    2.3G | cache 570.0M | buff   35.0M | slab   64.3M |
MEM | tot     3.8G | free    2.3G | cache 570.0M | buff   35.0M | slab   64.3M |
MEM | tot     3.8G | free    2.3G | cache 570.1M | buff   35.0M | slab   64.3M |
MEM | tot     3.8G | free    2.3G | cache 570.1M | buff   35.0M | slab   64.3M |
MEM | tot     3.8G | free    2.3G | cache 570.1M | buff   35.0M | slab   64.3M |
MEM | tot     3.8G | free    2.3G | cache 570.1M | buff   35.0M | slab   64.3M |
MEM | tot     3.8G | free    2.3G | cache 570.1M | buff   35.0M | slab   64.3M |
MEM | tot     3.8G | free    2.3G | cache 570.1M | buff   35.0M | slab   64.3M |
MEM | tot     3.8G | free    2.3G | cache 570.1M | buff   35.0M | slab   64.3M |
MEM | tot     3.8G | free    2.3G | cache 570.1M | buff   35.0M | slab   64.3M |
MEM | tot     3.8G | free    2.3G | cache 570.1M | buff   35.0M | slab   64.3M |
MEM | tot     3.8G | free    2.3G | cache 570.2M | buff   35.0M | slab   64.3M |
MEM | tot     3.8G | free    2.3G | cache 570.2M | buff   35.0M | slab   64.3M |
MEM | tot     3.8G | free    2.3G | cache 570.2M | buff   35.0M | slab   64.3M |
MEM | tot     3.8G | free    2.3G | cache 570.2M | buff   35.0M | slab   64.3M |
MEM | tot     3.8G | free    2.3G | cache 570.2M | buff   35.0M | slab   64.3M |
MEM | tot     3.8G | free    2.3G | cache 570.2M | buff   35.0M | slab   64.3M |
MEM | tot     3.8G | free    2.3G | cache 570.2M | buff   35.0M | slab   64.3M |
MEM | tot     3.8G | free    2.3G | cache 570.2M | buff   35.0M | slab   64.3M |
MEM | tot     3.8G | free    2.3G | cache 570.2M | buff   35.0M | slab   64.3M |
MEM | tot     3.8G | free    2.3G | cache 570.3M | buff   35.0M | slab   64.3M |
MEM | tot     3.8G | free    2.3G | cache 570.3M | buff   35.0M | slab   64.3M |
MEM | tot     3.8G | free    2.3G | cache 570.3M | buff   35.0M | slab   64.3M |
