MEM | tot     3.8G | free    2.3G | cache 565.6M | buff   34.6M | slab   64.1M |
MEM | tot     3.8G | free    2.3G | cache 577.1M | buff   34.6M | slab   64.2M |
MEM | tot     3.8G | free    2.3G | cache 583.9M | buff   34.6M | slab   64.2M |
MEM | tot     3.8G | free    2.3G | cache 584.0M | buff   34.6M | slab   64.2M |
MEM | tot     3.8G | free    2.3G | cache 584.0M | buff   34.6M | slab   64.2M |
MEM | tot     3.8G | free    2.3G | cache 584.0M | buff   34.6M | slab   64.2M |
MEM | tot     3.8G | free    2.3G | cache 584.0M | buff   34.6M | slab   64.3M |
MEM | tot     3.8G | free    2.3G | cache 574.1M | buff   34.6M | slab   64.3M |
MEM | tot     3.8G | free    2.3G | cache 573.3M | buff   34.6M | slab   64.2M |
MEM | tot     3.8G | free    2.3G | cache 573.3M | buff   34.6M | slab   64.2M |
MEM | tot     3.8G | free    2.3G | cache 573.3M | buff   34.6M | slab   64.2M |
MEM | tot     3.8G | free    2.3G | cache 573.3M | buff   34.6M | slab   64.2M |
MEM | tot     3.8G | free    2.3G | cache 573.3M | buff   34.6M | slab   64.2M |
MEM | tot     3.8G | free    2.3G | cache 573.3M | buff   34.6M | slab   64.2M |
MEM | tot     3.8G | free    2.3G | cache 573.3M | buff   34.6M | slab   64.2M |
MEM | tot     3.8G | free    2.3G | cache 573.4M | buff   34.6M | slab   64.2M |
MEM | tot     3.8G | free    2.3G | cache 573.4M | buff   34.6M | slab   64.2M |
MEM | tot     3.8G | free    2.3G | cache 573.4M | buff   34.6M | slab   64.2M |
MEM | tot     3.8G | free    2.3G | cache 573.4M | buff   34.6M | slab   64.2M |
MEM | tot     3.8G | free    2.3G | cache 573.4M | buff   34.6M | slab   64.2M |
MEM | tot     3.8G | free    2.3G | cache 573.4M | buff   34.6M | slab   64.2M |
