MEM | tot     3.8G | free    2.3G | cache 569.9M | buff   34.6M | slab   64.2M |
MEM | tot     3.8G | free    2.3G | cache 579.7M | buff   34.6M | slab   64.3M |
MEM | tot     3.8G | free    2.3G | cache 581.5M | buff   34.6M | slab   64.3M |
MEM | tot     3.8G | free    2.3G | cache 581.5M | buff   34.6M | slab   64.3M |
MEM | tot     3.8G | free    2.3G | cache 581.5M | buff   34.7M | slab   64.3M |
MEM | tot     3.8G | free    2.3G | cache 581.5M | buff   34.7M | slab   64.3M |
MEM | tot     3.8G | free    2.3G | cache 581.3M | buff   34.7M | slab   64.3M |
MEM | tot     3.8G | free    2.3G | cache 573.3M | buff   34.7M | slab   64.2M |
MEM | tot     3.8G | free    2.3G | cache 573.3M | buff   34.7M | slab   64.2M |
MEM | tot     3.8G | free    2.3G | cache 573.3M | buff   34.7M | slab   64.2M |
MEM | tot     3.8G | free    2.3G | cache 573.3M | buff   34.7M | slab   64.2M |
MEM | tot     3.8G | free    2.3G | cache 573.3M | buff   34.7M | slab   64.2M |
MEM | tot     3.8G | free    2.3G | cache 573.4M | buff   34.7M | slab   64.2M |
MEM | tot     3.8G | free    2.3G | cache 573.4M | buff   34.7M | slab   64.2M |
MEM | tot     3.8G | free    2.3G | cache 573.4M | buff   34.7M | slab   64.2M |
MEM | tot     3.8G | free    2.3G | cache 573.4M | buff   34.7M | slab   64.2M |
MEM | tot     3.8G | free    2.3G | cache 573.4M | buff   34.7M | slab   64.2M |
MEM | tot     3.8G | free    2.3G | cache 573.4M | buff   34.7M | slab   64.2M |
MEM | tot     3.8G | free    2.3G | cache 573.4M | buff   34.7M | slab   64.2M |
MEM | tot     3.8G | free    2.3G | cache 573.4M | buff   34.7M | slab   64.2M |
MEM | tot     3.8G | free    2.3G | cache 573.4M | buff   34.7M | slab   64.2M |
MEM | tot     3.8G | free    2.3G | cache 573.5M | buff   34.7M | slab   64.2M |
MEM | tot     3.8G | free    2.3G | cache 573.5M | buff   34.7M | slab   64.2M |
MEM | tot     3.8G | free    2.3G | cache 573.5M | buff   34.7M | slab   64.2M |
MEM | tot     3.8G | free    2.3G | cache 573.5M | buff   34.7M | slab   64.2M |
MEM | tot     3.8G | free    2.3G | cache 573.5M | buff   34.7M | slab   64.2M |
MEM | tot     3.8G | free    2.3G | cache 573.5M | buff   34.7M | slab   64.2M |
MEM | tot     3.8G | free    2.3G | cache 573.5M | buff   34.7M | slab   64.2M |
MEM | tot     3.8G | free    2.3G | cache 573.5M | buff   34.7M | slab   64.2M |
MEM | tot     3.8G | free    2.3G | cache 573.5M | buff   34.7M | slab   64.2M |
MEM | tot     3.8G | free    2.3G | cache 573.6M | buff   34.7M | slab   64.2M |
MEM | tot     3.8G | free    2.3G | cache 573.6M | buff   34.7M | slab   64.2M |
MEM | tot     3.8G | free    2.3G | cache 573.6M | buff   34.7M | slab   64.2M |
MEM | tot     3.8G | free    2.3G | cache 573.6M | buff   34.7M | slab   64.2M |
MEM | tot     3.8G | free    2.3G | cache 573.6M | buff   34.7M | slab   64.2M |
MEM | tot     3.8G | free    2.3G | cache 573.6M | buff   34.7M | slab   64.2M |
MEM | tot     3.8G | free    2.3G | cache 573.6M | buff   34.7M | slab   64.2M |
MEM | tot     3.8G | free    2.3G | cache 573.6M | buff   34.7M | slab   64.2M |
MEM | tot     3.8G | free    2.3G | cache 573.6M | buff   34.7M | slab   64.2M |
MEM | tot     3.8G | free    2.3G | cache 573.7M | buff   34.7M | slab   64.2M |
MEM | tot     3.8G | free    2.3G | cache 573.7M | buff   34.7M | slab   64.2M |
MEM | tot     3.8G | free    2.3G | cache 573.7M | buff   34.7M | slab   64.2M |
MEM | tot     3.8G | free    2.3G | cache 573.7M | buff   34.7M | slab   64.2M |
MEM | tot     3.8G | free    2.3G | cache 573.7M | buff   34.7M | slab   64.2M |
MEM | tot     3.8G | free    2.3G | cache 573.7M | buff   34.7M | slab   64.2M |
MEM | tot     3.8G | free    2.3G | cache 573.7M | buff   34.7M | slab   64.2M |
MEM | tot     3.8G | free    2.3G | cache 573.7M | buff   34.7M | slab   64.2M |
MEM | tot     3.8G | free    2.3G | cache 573.7M | buff   34.7M | slab   64.2M |
MEM | tot     3.8G | free    2.3G | cache 573.8M | buff   34.7M | slab   64.2M |
MEM | tot     3.8G | free    2.3G | cache 573.8M | buff   34.7M | slab   64.2M |
MEM | tot     3.8G | free    2.3G | cache 573.8M | buff   34.7M | slab   64.2M |
MEM | tot     3.8G | free    2.3G | cache 573.8M | buff   34.7M | slab   64.2M |
MEM | tot     3.8G | free    2.3G | cache 573.8M | buff   34.7M | slab   64.2M |
MEM | tot     3.8G | free    2.3G | cache 573.8M | buff   34.7M | slab   64.2M |
MEM | tot     3.8G | free    2.3G | cache 573.8M | buff   34.7M | slab   64.2M |
MEM | tot     3.8G | free    2.3G | cache 573.8M | buff   34.7M | slab   64.2M |
MEM | tot     3.8G | free    2.3G | cache 573.8M | buff   34.7M | slab   64.2M |
MEM | tot     3.8G | free    2.3G | cache 573.9M | buff   34.7M | slab   64.2M |
MEM | tot     3.8G | free    2.3G | cache 573.9M | buff   34.7M | slab   64.2M |
MEM | tot     3.8G | free    2.3G | cache 573.9M | buff   34.7M | slab   64.2M |
MEM | tot     3.8G | free    2.3G | cache 573.9M | buff   34.7M | slab   64.2M |
MEM | tot     3.8G | free    2.3G | cache 573.9M | buff   34.7M | slab   64.2M |
MEM | tot     3.8G | free    2.3G | cache 573.9M | buff   34.7M | slab   64.2M |
MEM | tot     3.8G | free    2.3G | cache 573.9M | buff   34.7M | slab   64.2M |
MEM | tot     3.8G | free    2.3G | cache 574.0M | buff   34.7M | slab   64.2M |
MEM | tot     3.8G | free    2.3G | cache 574.0M | buff   34.7M | slab   64.2M |
MEM | tot     3.8G | free    2.3G | cache 574.0M | buff   34.7M | slab   64.2M |
MEM | tot     3.8G | free    2.3G | cache 574.0M | buff   34.7M | slab   64.2M |
MEM | tot     3.8G | free    2.3G | cache 574.0M | buff   34.7M | slab   64.2M |
MEM | tot     3.8G | free    2.3G | cache 574.0M | buff   34.8M | slab   64.2M |
MEM | tot     3.8G | free    2.3G | cache 574.0M | buff   34.8M | slab   64.2M |
MEM | tot     3.8G | free    2.3G | cache 569.7M | buff   34.8M | slab   64.2M |
MEM | tot     3.8G | free    2.3G | cache 569.7M | buff   34.8M | slab   64.2M |
MEM | tot     3.8G | free    2.3G | cache 569.7M | buff   34.8M | slab   64.2M |
MEM | tot     3.8G | free    2.3G | cache 569.8M | buff   34.8M | slab   64.2M |
MEM | tot     3.8G | free    2.3G | cache 569.8M | buff   34.8M | slab   64.2M |
MEM | tot     3.8G | free    2.3G | cache 569.8M | buff   34.8M | slab   64.2M |
MEM | tot     3.8G | free    2.3G | cache 569.8M | buff   34.8M | slab   64.2M |
MEM | tot     3.8G | free    2.3G | cache 569.8M | buff   34.8M | slab   64.2M |
MEM | tot     3.8G | free    2.3G | cache 569.8M | buff   34.8M | slab   64.2M |
MEM | tot     3.8G | free    2.3G | cache 569.8M | buff   34.8M | slab   64.2M |
MEM | tot     3.8G | free    2.3G | cache 569.8M | buff   34.8M | slab   64.2M |
MEM | tot     3.8G | free    2.3G | cache 569.8M | buff   34.8M | slab   64.2M |
MEM | tot     3.8G | free    2.3G | cache 569.9M | buff   34.8M | slab   64.2M |
MEM | tot     3.8G | free    2.3G | cache 569.9M | buff   34.8M | slab   64.2M |
MEM | tot     3.8G | free    2.3G | cache 569.9M | buff   34.8M | slab   64.2M |
MEM | tot     3.8G | free    2.3G | cache 569.9M | buff   34.8M | slab   64.2M |
MEM | tot     3.8G | free    2.3G | cache 569.9M | buff   34.8M | slab   64.2M |
MEM | tot     3.8G | free    2.3G | cache 569.9M | buff   34.8M | slab   64.2M |
MEM | tot     3.8G | free    2.3G | cache 569.9M | buff   34.8M | slab   64.2M |
MEM | tot     3.8G | free    2.3G | cache 569.9M | buff   34.8M | slab   64.2M |
MEM | tot     3.8G | free    2.3G | cache 569.9M | buff   34.8M | slab   64.2M |
MEM | tot     3.8G | free    2.3G | cache 570.0M | buff   34.8M | slab   64.2M |
MEM | tot     3.8G | free    2.3G | cache 570.0M | buff   34.8M | slab   64.2M |
MEM | tot     3.8G | free    2.3G | cache 570.0M | buff   34.8M | slab   64.2M |
MEM | tot     3.8G | free    2.3G | cache 570.0M | buff   34.8M | slab   64.2M |
MEM | tot     3.8G | free    2.3G | cache 570.0M | buff   34.8M | slab   64.2M |
MEM | tot     3.8G | free    2.3G | cache 570.0M | buff   34.8M | slab   64.2M |
MEM | tot     3.8G | free    2.3G | cache 570.0M | buff   34.8M | slab   64.2M |
MEM | tot     3.8G | free    2.3G | cache 570.0M | buff   34.8M | slab   64.2M |
MEM | tot     3.8G | free    2.3G | cache 570.0M | buff   34.8M | slab   64.2M |
MEM | tot     3.8G | free    2.3G | cache 570.1M | buff   34.8M | slab   64.2M |
MEM | tot     3.8G | free    2.3G | cache 570.1M | buff   34.8M | slab   64.2M |
MEM | tot     3.8G | free    2.3G | cache 570.1M | buff   34.8M | slab   64.2M |
MEM | tot     3.8G | free    2.3G | cache 570.1M | buff   34.8M | slab   64.2M |
MEM | tot     3.8G | free    2.3G | cache 570.1M | buff   34.8M | slab   64.2M |
MEM | tot     3.8G | free    2.3G | cache 570.1M | buff   34.8M | slab   64.2M |
MEM | tot     3.8G | free    2.3G | cache 570.1M | buff   34.8M | slab   64.2M |
MEM | tot     3.8G | free    2.3G | cache 570.1M | buff   34.8M | slab   64.2M |
MEM | tot     3.8G | free    2.3G | cache 570.1M | buff   34.8M | slab   64.2M |
MEM | tot     3.8G | free    2.3G | cache 570.2M | buff   34.8M | slab   64.2M |
MEM | tot     3.8G | free    2.3G | cache 570.2M | buff   34.8M | slab   64.2M |
MEM | tot     3.8G | free    2.3G | cache 570.2M | buff   34.8M | slab   64.2M |
MEM | tot     3.8G | free    2.3G | cache 570.2M | buff   34.8M | slab   64.2M |
MEM | tot     3.8G | free    2.3G | cache 570.2M | buff   34.8M | slab   64.2M |
MEM | tot     3.8G | free    2.3G | cache 570.2M | buff   34.8M | slab   64.2M |
MEM | tot     3.8G | free    2.3G | cache 570.2M | buff   34.8M | slab   64.2M |
MEM | tot     3.8G | free    2.3G | cache 570.2M | buff   34.8M | slab   64.2M |
MEM | tot     3.8G | free    2.3G | cache 570.2M | buff   34.8M | slab   64.2M |
MEM | tot     3.8G | free    2.3G | cache 570.3M | buff   34.8M | slab   64.2M |
MEM | tot     3.8G | free    2.3G | cache 570.3M | buff   34.8M | slab   64.2M |
MEM | tot     3.8G | free    2.3G | cache 570.3M | buff   34.8M | slab   64.2M |
MEM | tot     3.8G | free    2.3G | cache 570.3M | buff   34.8M | slab   64.2M |
