E,tot,"3,8",free,"2,3",cache,"565,7",buff,"34,8",slab,"64,1",,"1,5"
E,tot,"3,8",free,"2,3",cache,"571,7",buff,"34,8",slab,"64,3",,"1,5"
E,tot,"3,8",free,"2,3",cache,"583,8",buff,"34,8",slab,"64,3",,"1,5"
E,tot,"3,8",free,"2,3",cache,"583,8",buff,"34,8",slab,"64,3",,"1,5"
E,tot,"3,8",free,"2,3",cache,"583,8",buff,"34,8",slab,"64,3",,"1,5"
E,tot,"3,8",free,"2,3",cache,"583,8",buff,"34,8",slab,"64,3",,"1,5"
E,tot,"3,8",free,"2,3",cache,"583,6",buff,"34,8",slab,"64,3",,"1,5"
E,tot,"3,8",free,"2,3",cache,"573,4",buff,"34,9",slab,"64,3",,"1,5"
E,tot,"3,8",free,"2,3",cache,"573,4",buff,"34,9",slab,"64,3",,"1,5"
E,tot,"3,8",free,"2,3",cache,"573,4",buff,"34,9",slab,"64,3",,"1,5"
E,tot,"3,8",free,"2,3",cache,"573,4",buff,"34,9",slab,"64,3",,"1,5"
E,tot,"3,8",free,"2,3",cache,"573,4",buff,"34,9",slab,"64,3",,"1,5"
E,tot,"3,8",free,"2,3",cache,"573,4",buff,"34,9",slab,"64,3",,"1,5"
E,tot,"3,8",free,"2,3",cache,"573,4",buff,"34,9",slab,"64,3",,"1,5"
E,tot,"3,8",free,"2,3",cache,"573,4",buff,"34,9",slab,"64,3",,"1,5"
E,tot,"3,8",free,"2,3",cache,"573,4",buff,"34,9",slab,"64,3",,"1,5"
E,tot,"3,8",free,"2,3",cache,"573,5",buff,"34,9",slab,"64,3",,"1,5"
E,tot,"3,8",free,"2,3",cache,"573,5",buff,"34,9",slab,"64,3",,"1,5"
E,tot,"3,8",free,"2,3",cache,"573,5",buff,"34,9",slab,"64,3",,"1,5"
E,tot,"3,8",free,"2,3",cache,"573,5",buff,"34,9",slab,"64,3",,"1,5"
E,tot,"3,8",free,"2,3",cache,"573,5",buff,"34,9",slab,"64,3",,"1,5"
E,tot,"3,8",free,"2,3",cache,"573,6",buff,"34,9",slab,"64,3",,"1,5"
E,tot,"3,8",free,"2,3",cache,"573,6",buff,"34,9",slab,"64,3",,"1,5"
E,tot,"3,8",free,"2,3",cache,"573,7",buff,"34,9",slab,"64,3",,"1,5"
E,tot,"3,8",free,"2,3",cache,"573,7",buff,"34,9",slab,"64,3",,"1,5"
E,tot,"3,8",free,"2,3",cache,"573,7",buff,"34,9",slab,"64,3",,"1,5"
E,tot,"3,8",free,"2,3",cache,"573,7",buff,"34,9",slab,"64,3",,"1,5"
E,tot,"3,8",free,"2,3",cache,"573,7",buff,"34,9",slab,"64,3",,"1,5"
E,tot,"3,8",free,"2,3",cache,"573,7",buff,"34,9",slab,"64,3",,"1,5"
E,tot,"3,8",free,"2,3",cache,"573,7",buff,"34,9",slab,"64,3",,"1,5"
E,tot,"3,8",free,"2,3",cache,"573,7",buff,"34,9",slab,"64,3",,"1,5"
E,tot,"3,8",free,"2,3",cache,"573,8",buff,"34,9",slab,"64,3",,"1,5"
E,tot,"3,8",free,"2,3",cache,"573,8",buff,"34,9",slab,"64,3",,"1,5"
E,tot,"3,8",free,"2,3",cache,"573,8",buff,"34,9",slab,"64,3",,"1,5"
E,tot,"3,8",free,"2,3",cache,"573,8",buff,"34,9",slab,"64,3",,"1,5"
E,tot,"3,8",free,"2,3",cache,"573,8",buff,"34,9",slab,"64,3",,"1,5"
E,tot,"3,8",free,"2,3",cache,"573,8",buff,"34,9",slab,"64,3",,"1,5"
E,tot,"3,8",free,"2,3",cache,"573,8",buff,"34,9",slab,"64,3",,"1,5"
E,tot,"3,8",free,"2,3",cache,"573,8",buff,"34,9",slab,"64,3",,"1,5"
E,tot,"3,8",free,"2,3",cache,"573,8",buff,"34,9",slab,"64,3",,"1,5"
E,tot,"3,8",free,"2,3",cache,"573,9",buff,"34,9",slab,"64,3",,"1,5"
E,tot,"3,8",free,"2,3",cache,"573,9",buff,"34,9",slab,"64,3",,"1,5"
E,tot,"3,8",free,"2,3",cache,"573,9",buff,"34,9",slab,"64,3",,"1,5"
E,tot,"3,8",free,"2,3",cache,"573,9",buff,"34,9",slab,"64,3",,"1,5"
E,tot,"3,8",free,"2,3",cache,"573,9",buff,"34,9",slab,"64,3",,"1,5"
E,tot,"3,8",free,"2,3",cache,"573,9",buff,"34,9",slab,"64,3",,"1,5"
E,tot,"3,8",free,"2,3",cache,"573,9",buff,"34,9",slab,"64,3",,"1,5"
E,tot,"3,8",free,"2,3",cache,"573,9",buff,"34,9",slab,"64,3",,"1,5"
E,tot,"3,8",free,"2,3",cache,"573,9",buff,"34,9",slab,"64,3",,"1,5"
E,tot,"3,8",free,"2,3",cache,574,buff,"34,9",slab,"64,3",,"1,5"
E,tot,"3,8",free,"2,3",cache,574,buff,"34,9",slab,"64,3",,"1,5"
E,tot,"3,8",free,"2,3",cache,574,buff,"34,9",slab,"64,3",,"1,5"
E,tot,"3,8",free,"2,3",cache,574,buff,"34,9",slab,"64,3",,"1,5"
E,tot,"3,8",free,"2,3",cache,574,buff,"34,9",slab,"64,3",,"1,5"
E,tot,"3,8",free,"2,3",cache,574,buff,"34,9",slab,"64,3",,"1,5"
E,tot,"3,8",free,"2,3",cache,574,buff,"34,9",slab,"64,3",,"1,5"
E,tot,"3,8",free,"2,3",cache,574,buff,"34,9",slab,"64,3",,"1,5"
E,tot,"3,8",free,"2,3",cache,574,buff,"34,9",slab,"64,3",,"1,5"
E,tot,"3,8",free,"2,3",cache,"574,1",buff,"34,9",slab,"64,3",,"1,5"
E,tot,"3,8",free,"2,3",cache,"574,1",buff,"34,9",slab,"64,3",,"1,5"
E,tot,"3,8",free,"2,3",cache,"574,1",buff,"34,9",slab,"64,3",,"1,5"
E,tot,"3,8",free,"2,3",cache,"574,1",buff,"34,9",slab,"64,3",,"1,5"
E,tot,"3,8",free,"2,3",cache,"574,1",buff,"34,9",slab,"64,3",,"1,5"
E,tot,"3,8",free,"2,3",cache,"574,1",buff,"34,9",slab,"64,3",,"1,5"
E,tot,"3,8",free,"2,3",cache,"574,1",buff,"34,9",slab,"64,3",,"1,5"
E,tot,"3,8",free,"2,3",cache,"574,1",buff,"34,9",slab,"64,3",,"1,5"
E,tot,"3,8",free,"2,3",cache,"574,1",buff,"34,9",slab,"64,3",,"1,5"
E,tot,"3,8",free,"2,3",cache,"574,2",buff,"34,9",slab,"64,3",,"1,5"
E,tot,"3,8",free,"2,3",cache,"574,2",buff,"34,9",slab,"64,3",,"1,5"
E,tot,"3,8",free,"2,3",cache,"574,2",buff,"34,9",slab,"64,3",,"1,5"
E,tot,"3,8",free,"2,3",cache,"574,2",buff,"34,9",slab,"64,3",,"1,5"
E,tot,"3,8",free,"2,3",cache,"574,2",buff,"34,9",slab,"64,3",,"1,5"
E,tot,"3,8",free,"2,3",cache,"569,9",buff,"34,9",slab,"64,3",,"1,5"
E,tot,"3,8",free,"2,3",cache,"569,9",buff,35,slab,"64,3",,"1,5"
E,tot,"3,8",free,"2,3",cache,"569,9",buff,35,slab,"64,3",,"1,5"
E,tot,"3,8",free,"2,3",cache,"569,9",buff,35,slab,"64,3",,"1,5"
E,tot,"3,8",free,"2,3",cache,"569,9",buff,35,slab,"64,3",,"1,5"
E,tot,"3,8",free,"2,3",cache,"569,9",buff,35,slab,"64,3",,"1,5"
E,tot,"3,8",free,"2,3",cache,570,buff,35,slab,"64,3",,"1,5"
E,tot,"3,8",free,"2,3",cache,570,buff,35,slab,"64,3",,"1,5"
E,tot,"3,8",free,"2,3",cache,570,buff,35,slab,"64,3",,"1,5"
E,tot,"3,8",free,"2,3",cache,570,buff,35,slab,"64,3",,"1,5"
E,tot,"3,8",free,"2,3",cache,570,buff,35,slab,"64,3",,"1,5"
E,tot,"3,8",free,"2,3",cache,570,buff,35,slab,"64,3",,"1,5"
E,tot,"3,8",free,"2,3",cache,570,buff,35,slab,"64,3",,"1,5"
E,tot,"3,8",free,"2,3",cache,570,buff,35,slab,"64,3",,"1,5"
E,tot,"3,8",free,"2,3",cache,"570,1",buff,35,slab,"64,3",,"1,5"
E,tot,"3,8",free,"2,3",cache,"570,1",buff,35,slab,"64,3",,"1,5"
E,tot,"3,8",free,"2,3",cache,"570,1",buff,35,slab,"64,3",,"1,5"
E,tot,"3,8",free,"2,3",cache,"570,1",buff,35,slab,"64,3",,"1,5"
E,tot,"3,8",free,"2,3",cache,"570,1",buff,35,slab,"64,3",,"1,5"
E,tot,"3,8",free,"2,3",cache,"570,1",buff,35,slab,"64,3",,"1,5"
E,tot,"3,8",free,"2,3",cache,"570,1",buff,35,slab,"64,3",,"1,5"
E,tot,"3,8",free,"2,3",cache,"570,1",buff,35,slab,"64,3",,"1,5"
E,tot,"3,8",free,"2,3",cache,"570,1",buff,35,slab,"64,3",,"1,5"
E,tot,"3,8",free,"2,3",cache,"570,2",buff,35,slab,"64,3",,"1,5"
E,tot,"3,8",free,"2,3",cache,"570,2",buff,35,slab,"64,3",,"1,5"
E,tot,"3,8",free,"2,3",cache,"570,2",buff,35,slab,"64,3",,"1,5"
E,tot,"3,8",free,"2,3",cache,"570,2",buff,35,slab,"64,3",,"1,5"
E,tot,"3,8",free,"2,3",cache,"570,2",buff,35,slab,"64,3",,"1,5"
E,tot,"3,8",free,"2,3",cache,"570,2",buff,35,slab,"64,3",,"1,5"
E,tot,"3,8",free,"2,3",cache,"570,2",buff,35,slab,"64,3",,"1,5"
E,tot,"3,8",free,"2,3",cache,"570,2",buff,35,slab,"64,3",,"1,5"
E,tot,"3,8",free,"2,3",cache,"570,2",buff,35,slab,"64,3",,"1,5"
E,tot,"3,8",free,"2,3",cache,"570,3",buff,35,slab,"64,3",,"1,5"
E,tot,"3,8",free,"2,3",cache,"570,3",buff,35,slab,"64,3",,"1,5"
E,tot,"3,8",free,"2,3",cache,"570,3",buff,35,slab,"64,3",,"1,5"
,,,,,,,,,,,,
,,,,,,,,,,,média,"1,5"
,,,,,,,,,,,DP,0
