CPU,sys,13,user,36,irq,1,idle,29,wait,21,,49
CPU,sys,35,user,65,irq,0,idle,0,wait,0,,100
CPU,sys,20,user,67,irq,0,idle,0,wait,13,,87
CPU,sys,27,user,33,irq,2,idle,0,wait,37,,60
CPU,sys,18,user,29,irq,2,idle,0,wait,51,,47
CPU,sys,26,user,31,irq,4,idle,0,wait,40,,57
CPU,sys,26,user,25,irq,2,idle,0,wait,47,,51
CPU,sys,23,user,25,irq,1,idle,0,wait,51,,48
CPU,sys,15,user,18,irq,2,idle,0,wait,65,,33
CPU,sys,12,user,24,irq,1,idle,0,wait,63,,36
CPU,sys,10,user,20,irq,1,idle,0,wait,69,,30
CPU,sys,15,user,16,irq,3,idle,0,wait,66,,31
CPU,sys,12,user,19,irq,2,idle,0,wait,67,,31
CPU,sys,14,user,17,irq,0,idle,0,wait,69,,31
CPU,sys,18,user,18,irq,2,idle,0,wait,62,,36
CPU,sys,11,user,23,irq,2,idle,0,wait,64,,34
CPU,sys,16,user,19,irq,3,idle,0,wait,62,,35
CPU,sys,19,user,20,irq,1,idle,0,wait,59,,39
CPU,sys,18,user,21,irq,1,idle,0,wait,61,,39
CPU,sys,17,user,18,irq,1,idle,0,wait,65,,35
CPU,sys,14,user,19,irq,1,idle,0,wait,66,,33
CPU,sys,14,user,19,irq,0,idle,0,wait,66,,33
CPU,sys,15,user,19,irq,1,idle,0,wait,65,,34
CPU,sys,13,user,21,irq,2,idle,0,wait,64,,34
CPU,sys,10,user,24,irq,1,idle,0,wait,65,,34
CPU,sys,16,user,20,irq,1,idle,0,wait,64,,36
CPU,sys,14,user,17,irq,2,idle,0,wait,67,,31
CPU,sys,12,user,16,irq,0,idle,0,wait,72,,28
CPU,sys,16,user,15,irq,2,idle,0,wait,67,,31
CPU,sys,16,user,22,irq,0,idle,0,wait,61,,38
CPU,sys,13,user,22,irq,0,idle,0,wait,65,,35
CPU,sys,12,user,19,irq,0,idle,0,wait,68,,31
CPU,sys,15,user,23,irq,1,idle,0,wait,60,,38
CPU,sys,16,user,16,irq,0,idle,0,wait,68,,32
CPU,sys,15,user,18,irq,2,idle,0,wait,65,,33
CPU,sys,14,user,22,irq,1,idle,0,wait,63,,36
CPU,sys,11,user,23,irq,1,idle,0,wait,65,,34
CPU,sys,16,user,18,irq,2,idle,0,wait,64,,34
CPU,sys,15,user,19,irq,1,idle,0,wait,64,,34
CPU,sys,11,user,24,irq,0,idle,0,wait,65,,35
CPU,sys,14,user,21,irq,2,idle,0,wait,64,,35
CPU,sys,17,user,19,irq,0,idle,0,wait,64,,36
CPU,sys,17,user,17,irq,1,idle,0,wait,65,,34
CPU,sys,13,user,21,irq,0,idle,0,wait,65,,34
CPU,sys,15,user,22,irq,2,idle,0,wait,61,,37
CPU,sys,13,user,19,irq,1,idle,0,wait,66,,32
CPU,sys,17,user,18,irq,1,idle,0,wait,64,,35
CPU,sys,14,user,20,irq,1,idle,0,wait,66,,34
CPU,sys,12,user,20,irq,1,idle,0,wait,66,,32
CPU,sys,15,user,22,irq,0,idle,0,wait,63,,37
CPU,sys,15,user,16,irq,1,idle,0,wait,67,,31
CPU,sys,13,user,20,irq,1,idle,0,wait,65,,33
CPU,sys,18,user,20,irq,1,idle,0,wait,60,,38
CPU,sys,15,user,25,irq,1,idle,0,wait,59,,40
CPU,sys,14,user,24,irq,2,idle,0,wait,60,,38
CPU,sys,16,user,26,irq,1,idle,0,wait,57,,42
CPU,sys,12,user,25,irq,0,idle,0,wait,62,,37
CPU,sys,14,user,25,irq,1,idle,0,wait,60,,39
CPU,sys,14,user,28,irq,1,idle,0,wait,57,,42
CPU,sys,14,user,24,irq,1,idle,0,wait,61,,38
CPU,sys,15,user,24,irq,2,idle,0,wait,59,,39
CPU,sys,14,user,26,irq,1,idle,0,wait,59,,40
CPU,sys,16,user,28,irq,0,idle,0,wait,56,,44
CPU,sys,15,user,28,irq,1,idle,0,wait,56,,43
CPU,sys,13,user,22,irq,1,idle,0,wait,64,,35
CPU,sys,10,user,26,irq,1,idle,0,wait,63,,36
CPU,sys,16,user,22,irq,1,idle,0,wait,61,,38
CPU,sys,19,user,23,irq,0,idle,0,wait,57,,42
CPU,sys,15,user,28,irq,1,idle,0,wait,56,,43
CPU,sys,16,user,27,irq,1,idle,0,wait,56,,43
CPU,sys,17,user,20,irq,2,idle,0,wait,61,,37
CPU,sys,17,user,24,irq,0,idle,0,wait,59,,41
CPU,sys,17,user,25,irq,2,idle,0,wait,56,,42
CPU,sys,14,user,26,irq,1,idle,0,wait,59,,40
CPU,sys,16,user,25,irq,0,idle,0,wait,59,,41
CPU,sys,11,user,25,irq,1,idle,0,wait,62,,36
CPU,sys,14,user,23,irq,1,idle,0,wait,62,,37
CPU,sys,15,user,25,irq,2,idle,0,wait,59,,40
CPU,sys,18,user,26,irq,0,idle,0,wait,57,,44
CPU,sys,14,user,24,irq,0,idle,0,wait,62,,38
CPU,sys,8,user,29,irq,2,idle,0,wait,60,,37
CPU,sys,13,user,24,irq,2,idle,0,wait,60,,37
CPU,sys,14,user,27,irq,1,idle,0,wait,58,,41
CPU,sys,13,user,24,irq,0,idle,0,wait,63,,37
CPU,sys,17,user,25,irq,1,idle,0,wait,55,,42
CPU,sys,18,user,21,irq,1,idle,0,wait,60,,39
CPU,sys,17,user,20,irq,0,idle,0,wait,63,,37
CPU,sys,18,user,25,irq,1,idle,0,wait,56,,43
CPU,sys,15,user,24,irq,2,idle,0,wait,58,,39
CPU,sys,19,user,26,irq,1,idle,0,wait,54,,45
CPU,sys,16,user,27,irq,1,idle,0,wait,56,,43
CPU,sys,14,user,31,irq,1,idle,0,wait,54,,45
CPU,sys,11,user,32,irq,1,idle,0,wait,56,,43
CPU,sys,16,user,24,irq,1,idle,0,wait,59,,40
CPU,sys,12,user,25,irq,1,idle,0,wait,62,,37
CPU,sys,16,user,25,irq,2,idle,0,wait,57,,41
CPU,sys,14,user,25,irq,2,idle,0,wait,59,,39
CPU,sys,17,user,25,irq,1,idle,0,wait,57,,42
CPU,sys,13,user,27,irq,1,idle,0,wait,60,,40
CPU,sys,17,user,29,irq,2,idle,0,wait,52,,46
CPU,sys,16,user,26,irq,2,idle,0,wait,56,,42
CPU,sys,14,user,27,irq,1,idle,0,wait,58,,41
CPU,sys,15,user,28,irq,2,idle,0,wait,55,,43
CPU,sys,16,user,26,irq,1,idle,0,wait,57,,42
CPU,sys,14,user,28,irq,2,idle,0,wait,56,,42
CPU,sys,17,user,27,irq,0,idle,0,wait,56,,44
CPU,sys,18,user,27,irq,2,idle,0,wait,54,,45
CPU,sys,12,user,28,irq,2,idle,0,wait,58,,40
CPU,sys,18,user,30,irq,1,idle,0,wait,51,,48
CPU,sys,17,user,30,irq,1,idle,0,wait,52,,47
CPU,sys,15,user,27,irq,1,idle,0,wait,57,,42
CPU,sys,16,user,34,irq,1,idle,0,wait,48,,50
CPU,sys,13,user,40,irq,0,idle,0,wait,47,,53
CPU,sys,16,user,33,irq,1,idle,0,wait,50,,49
CPU,sys,20,user,35,irq,1,idle,0,wait,44,,55
CPU,sys,16,user,34,irq,1,idle,0,wait,49,,50
CPU,sys,18,user,36,irq,3,idle,0,wait,42,,54
CPU,sys,14,user,37,irq,1,idle,0,wait,47,,51
CPU,sys,16,user,37,irq,1,idle,0,wait,45,,53
CPU,sys,16,user,39,irq,1,idle,0,wait,44,,55
CPU,sys,14,user,33,irq,2,idle,0,wait,50,,47
CPU,sys,18,user,36,irq,1,idle,0,wait,45,,54
CPU,sys,19,user,36,irq,0,idle,0,wait,44,,55
CPU,sys,19,user,33,irq,1,idle,0,wait,48,,52
CPU,sys,19,user,33,irq,0,idle,0,wait,48,,52
CPU,sys,16,user,34,irq,2,idle,0,wait,48,,50
CPU,sys,14,user,35,irq,0,idle,0,wait,51,,49
CPU,sys,18,user,33,irq,2,idle,0,wait,47,,51
CPU,sys,15,user,31,irq,1,idle,0,wait,52,,46
CPU,sys,17,user,40,irq,1,idle,0,wait,43,,57
CPU,sys,17,user,30,irq,1,idle,0,wait,52,,47
CPU,sys,17,user,35,irq,0,idle,0,wait,48,,52
CPU,sys,17,user,32,irq,1,idle,0,wait,49,,49
CPU,sys,18,user,36,irq,1,idle,0,wait,44,,54
CPU,sys,19,user,30,irq,1,idle,0,wait,50,,49
CPU,sys,16,user,39,irq,1,idle,0,wait,44,,55
CPU,sys,17,user,32,irq,2,idle,0,wait,49,,49
CPU,sys,17,user,33,irq,0,idle,0,wait,50,,50
CPU,sys,14,user,35,irq,0,idle,0,wait,51,,49
CPU,sys,19,user,29,irq,2,idle,0,wait,51,,48
CPU,sys,14,user,39,irq,1,idle,0,wait,45,,53
CPU,sys,20,user,31,irq,1,idle,0,wait,46,,51
CPU,sys,16,user,34,irq,2,idle,0,wait,48,,50
CPU,sys,13,user,34,irq,1,idle,0,wait,52,,47
CPU,sys,15,user,37,irq,0,idle,0,wait,48,,52
CPU,sys,13,user,33,irq,2,idle,0,wait,52,,46
CPU,sys,15,user,37,irq,1,idle,0,wait,47,,52
CPU,sys,17,user,33,irq,1,idle,0,wait,49,,50
CPU,sys,13,user,34,irq,2,idle,0,wait,51,,47
CPU,sys,15,user,30,irq,1,idle,0,wait,54,,45
CPU,sys,21,user,36,irq,1,idle,0,wait,42,,57
CPU,sys,15,user,34,irq,1,idle,0,wait,49,,49
CPU,sys,10,user,42,irq,1,idle,0,wait,47,,52
CPU,sys,18,user,35,irq,0,idle,0,wait,47,,53
CPU,sys,17,user,39,irq,1,idle,0,wait,44,,56
CPU,sys,18,user,31,irq,1,idle,0,wait,51,,49
CPU,sys,17,user,32,irq,1,idle,0,wait,49,,49
CPU,sys,16,user,34,irq,1,idle,0,wait,49,,50
CPU,sys,16,user,38,irq,1,idle,0,wait,45,,54
CPU,sys,16,user,40,irq,0,idle,0,wait,44,,56
CPU,sys,16,user,36,irq,3,idle,0,wait,45,,52
CPU,sys,21,user,36,irq,1,idle,0,wait,43,,57
CPU,sys,12,user,40,irq,1,idle,0,wait,46,,52
CPU,sys,19,user,32,irq,1,idle,0,wait,48,,51
CPU,sys,17,user,35,irq,0,idle,0,wait,47,,52
CPU,sys,13,user,44,irq,2,idle,0,wait,40,,57
CPU,sys,19,user,40,irq,2,idle,0,wait,38,,59
CPU,sys,19,user,38,irq,2,idle,0,wait,41,,57
CPU,sys,17,user,37,irq,0,idle,0,wait,45,,54
CPU,sys,17,user,42,irq,2,idle,0,wait,38,,59
CPU,sys,20,user,37,irq,1,idle,0,wait,41,,57
CPU,sys,16,user,39,irq,1,idle,0,wait,45,,55
CPU,sys,12,user,41,irq,2,idle,0,wait,45,,53
CPU,sys,19,user,34,irq,0,idle,0,wait,47,,53
CPU,sys,37,user,55,irq,2,idle,0,wait,6,,92
CPU,sys,41,user,58,irq,1,idle,0,wait,0,,99
CPU,sys,17,user,42,irq,0,idle,0,wait,41,,59
CPU,sys,18,user,39,irq,1,idle,0,wait,42,,57
CPU,sys,16,user,41,irq,2,idle,0,wait,41,,57
CPU,sys,17,user,35,irq,1,idle,0,wait,47,,52
CPU,sys,17,user,36,irq,1,idle,0,wait,46,,53
CPU,sys,17,user,37,irq,1,idle,0,wait,45,,54
CPU,sys,11,user,31,irq,1,idle,0,wait,56,,42
CPU,sys,13,user,31,irq,2,idle,0,wait,53,,44
CPU,sys,14,user,29,irq,1,idle,0,wait,56,,43
CPU,sys,12,user,33,irq,0,idle,0,wait,54,,45
CPU,sys,11,user,34,irq,0,idle,0,wait,55,,45
CPU,sys,10,user,38,irq,1,idle,0,wait,51,,48
CPU,sys,11,user,32,irq,0,idle,0,wait,57,,43
CPU,sys,12,user,32,irq,1,idle,0,wait,55,,44
CPU,sys,16,user,31,irq,0,idle,0,wait,53,,47
CPU,sys,18,user,32,irq,1,idle,0,wait,49,,50
CPU,sys,11,user,31,irq,1,idle,0,wait,57,,42
CPU,sys,14,user,31,irq,0,idle,0,wait,56,,45
CPU,sys,13,user,32,irq,1,idle,0,wait,54,,45
CPU,sys,13,user,31,irq,2,idle,0,wait,54,,44
CPU,sys,16,user,33,irq,1,idle,0,wait,50,,49
CPU,sys,12,user,32,irq,1,idle,0,wait,55,,44
CPU,sys,11,user,36,irq,0,idle,0,wait,53,,47
CPU,sys,16,user,33,irq,0,idle,0,wait,51,,49
CPU,sys,11,user,34,irq,1,idle,0,wait,54,,45
CPU,sys,16,user,33,irq,1,idle,0,wait,49,,49
CPU,sys,14,user,32,irq,1,idle,0,wait,53,,46
CPU,sys,15,user,29,irq,1,idle,0,wait,55,,44
CPU,sys,9,user,31,irq,1,idle,0,wait,59,,40
CPU,sys,14,user,30,irq,1,idle,0,wait,55,,44
CPU,sys,14,user,30,irq,1,idle,0,wait,55,,44
CPU,sys,14,user,35,irq,1,idle,0,wait,49,,49
CPU,sys,15,user,35,irq,0,idle,0,wait,50,,50
CPU,sys,15,user,35,irq,1,idle,0,wait,48,,50
CPU,sys,15,user,36,irq,1,idle,0,wait,48,,51
CPU,sys,16,user,32,irq,1,idle,0,wait,51,,48
CPU,sys,12,user,38,irq,0,idle,0,wait,49,,50
CPU,sys,18,user,32,irq,1,idle,0,wait,49,,50
CPU,sys,17,user,34,irq,1,idle,0,wait,49,,51
CPU,sys,15,user,32,irq,2,idle,0,wait,51,,47
CPU,sys,14,user,35,irq,0,idle,0,wait,51,,49
CPU,sys,13,user,33,irq,0,idle,0,wait,54,,46
CPU,sys,16,user,33,irq,1,idle,0,wait,49,,49
CPU,sys,11,user,35,irq,1,idle,0,wait,53,,46
CPU,sys,15,user,33,irq,1,idle,0,wait,51,,48
CPU,sys,15,user,31,irq,2,idle,0,wait,52,,46
CPU,sys,16,user,35,irq,0,idle,0,wait,49,,51
CPU,sys,17,user,32,irq,2,idle,0,wait,49,,49
CPU,sys,15,user,36,irq,0,idle,0,wait,49,,51
CPU,sys,15,user,30,irq,2,idle,0,wait,53,,45
CPU,sys,16,user,36,irq,1,idle,0,wait,48,,52
CPU,sys,14,user,32,irq,1,idle,0,wait,53,,46
CPU,sys,13,user,35,irq,1,idle,0,wait,51,,48
CPU,sys,15,user,33,irq,0,idle,0,wait,52,,48
CPU,sys,16,user,34,irq,0,idle,0,wait,50,,50
CPU,sys,12,user,33,irq,1,idle,0,wait,54,,45
CPU,sys,14,user,37,irq,0,idle,0,wait,49,,51
CPU,sys,13,user,39,irq,2,idle,0,wait,46,,52
CPU,sys,15,user,35,irq,1,idle,0,wait,49,,50
CPU,sys,14,user,31,irq,1,idle,0,wait,54,,45
CPU,sys,15,user,33,irq,0,idle,0,wait,52,,48
CPU,sys,12,user,35,irq,1,idle,0,wait,52,,47
CPU,sys,15,user,37,irq,0,idle,0,wait,48,,52
CPU,sys,9,user,38,irq,1,idle,0,wait,52,,47
CPU,sys,14,user,32,irq,1,idle,0,wait,53,,46
CPU,sys,10,user,32,irq,1,idle,0,wait,57,,42
CPU,sys,13,user,33,irq,2,idle,0,wait,52,,46
CPU,sys,14,user,29,irq,1,idle,0,wait,55,,43
CPU,sys,11,user,35,irq,0,idle,0,wait,54,,46
,,,,,,,,,,,,
,,,,,,,,,,,média,"45,4836065573771"
,,,,,,,,,,,DP,"9,65515159753149"
