CPU,sys,14,user,36,irq,1,idle,26,wait,24,,50
CPU,sys,36,user,64,irq,0,idle,0,wait,0,,100
CPU,sys,31,user,68,irq,1,idle,0,wait,0,,99
CPU,sys,29,user,70,irq,1,idle,0,wait,0,,99
CPU,sys,27,user,68,irq,5,idle,0,wait,0,,95
CPU,sys,34,user,63,irq,3,idle,0,wait,0,,97
CPU,sys,31,user,67,irq,2,idle,0,wait,0,,98
CPU,sys,34,user,64,irq,2,idle,0,wait,0,,98
CPU,sys,26,user,73,irq,1,idle,0,wait,0,,99
CPU,sys,29,user,68,irq,3,idle,0,wait,0,,97
CPU,sys,26,user,72,irq,2,idle,0,wait,0,,98
CPU,sys,31,user,67,irq,2,idle,0,wait,0,,98
CPU,sys,26,user,72,irq,2,idle,0,wait,0,,98
CPU,sys,30,user,65,irq,5,idle,0,wait,0,,95
CPU,sys,30,user,66,irq,4,idle,0,wait,0,,96
CPU,sys,27,user,70,irq,3,idle,0,wait,0,,97
CPU,sys,27,user,71,irq,2,idle,0,wait,0,,98
CPU,sys,19,user,78,irq,3,idle,0,wait,0,,97
CPU,sys,27,user,70,irq,3,idle,0,wait,0,,97
CPU,sys,29,user,68,irq,3,idle,0,wait,0,,97
CPU,sys,29,user,70,irq,1,idle,0,wait,0,,99
,,,,,,,,,,,,
,,,,,,,,,,,média,"97,6"
,,,,,,,,,,,DP,"1,31389337066357"
