E,tot,"3,8",free,"2,3",cache,"569,9",buff,"34,6",slab,"64,2",,"1,5"
E,tot,"3,8",free,"2,3",cache,"579,7",buff,"34,6",slab,"64,3",,"1,5"
E,tot,"3,8",free,"2,3",cache,"581,5",buff,"34,6",slab,"64,3",,"1,5"
E,tot,"3,8",free,"2,3",cache,"581,5",buff,"34,6",slab,"64,3",,"1,5"
E,tot,"3,8",free,"2,3",cache,"581,5",buff,"34,7",slab,"64,3",,"1,5"
E,tot,"3,8",free,"2,3",cache,"581,5",buff,"34,7",slab,"64,3",,"1,5"
E,tot,"3,8",free,"2,3",cache,"581,3",buff,"34,7",slab,"64,3",,"1,5"
E,tot,"3,8",free,"2,3",cache,"573,3",buff,"34,7",slab,"64,2",,"1,5"
E,tot,"3,8",free,"2,3",cache,"573,3",buff,"34,7",slab,"64,2",,"1,5"
E,tot,"3,8",free,"2,3",cache,"573,3",buff,"34,7",slab,"64,2",,"1,5"
E,tot,"3,8",free,"2,3",cache,"573,3",buff,"34,7",slab,"64,2",,"1,5"
E,tot,"3,8",free,"2,3",cache,"573,3",buff,"34,7",slab,"64,2",,"1,5"
E,tot,"3,8",free,"2,3",cache,"573,4",buff,"34,7",slab,"64,2",,"1,5"
E,tot,"3,8",free,"2,3",cache,"573,4",buff,"34,7",slab,"64,2",,"1,5"
E,tot,"3,8",free,"2,3",cache,"573,4",buff,"34,7",slab,"64,2",,"1,5"
E,tot,"3,8",free,"2,3",cache,"573,4",buff,"34,7",slab,"64,2",,"1,5"
E,tot,"3,8",free,"2,3",cache,"573,4",buff,"34,7",slab,"64,2",,"1,5"
E,tot,"3,8",free,"2,3",cache,"573,4",buff,"34,7",slab,"64,2",,"1,5"
E,tot,"3,8",free,"2,3",cache,"573,4",buff,"34,7",slab,"64,2",,"1,5"
E,tot,"3,8",free,"2,3",cache,"573,4",buff,"34,7",slab,"64,2",,"1,5"
E,tot,"3,8",free,"2,3",cache,"573,4",buff,"34,7",slab,"64,2",,"1,5"
E,tot,"3,8",free,"2,3",cache,"573,5",buff,"34,7",slab,"64,2",,"1,5"
E,tot,"3,8",free,"2,3",cache,"573,5",buff,"34,7",slab,"64,2",,"1,5"
E,tot,"3,8",free,"2,3",cache,"573,5",buff,"34,7",slab,"64,2",,"1,5"
E,tot,"3,8",free,"2,3",cache,"573,5",buff,"34,7",slab,"64,2",,"1,5"
E,tot,"3,8",free,"2,3",cache,"573,5",buff,"34,7",slab,"64,2",,"1,5"
E,tot,"3,8",free,"2,3",cache,"573,5",buff,"34,7",slab,"64,2",,"1,5"
E,tot,"3,8",free,"2,3",cache,"573,5",buff,"34,7",slab,"64,2",,"1,5"
E,tot,"3,8",free,"2,3",cache,"573,5",buff,"34,7",slab,"64,2",,"1,5"
E,tot,"3,8",free,"2,3",cache,"573,5",buff,"34,7",slab,"64,2",,"1,5"
E,tot,"3,8",free,"2,3",cache,"573,6",buff,"34,7",slab,"64,2",,"1,5"
E,tot,"3,8",free,"2,3",cache,"573,6",buff,"34,7",slab,"64,2",,"1,5"
E,tot,"3,8",free,"2,3",cache,"573,6",buff,"34,7",slab,"64,2",,"1,5"
E,tot,"3,8",free,"2,3",cache,"573,6",buff,"34,7",slab,"64,2",,"1,5"
E,tot,"3,8",free,"2,3",cache,"573,6",buff,"34,7",slab,"64,2",,"1,5"
E,tot,"3,8",free,"2,3",cache,"573,6",buff,"34,7",slab,"64,2",,"1,5"
E,tot,"3,8",free,"2,3",cache,"573,6",buff,"34,7",slab,"64,2",,"1,5"
E,tot,"3,8",free,"2,3",cache,"573,6",buff,"34,7",slab,"64,2",,"1,5"
E,tot,"3,8",free,"2,3",cache,"573,6",buff,"34,7",slab,"64,2",,"1,5"
E,tot,"3,8",free,"2,3",cache,"573,7",buff,"34,7",slab,"64,2",,"1,5"
E,tot,"3,8",free,"2,3",cache,"573,7",buff,"34,7",slab,"64,2",,"1,5"
E,tot,"3,8",free,"2,3",cache,"573,7",buff,"34,7",slab,"64,2",,"1,5"
E,tot,"3,8",free,"2,3",cache,"573,7",buff,"34,7",slab,"64,2",,"1,5"
E,tot,"3,8",free,"2,3",cache,"573,7",buff,"34,7",slab,"64,2",,"1,5"
E,tot,"3,8",free,"2,3",cache,"573,7",buff,"34,7",slab,"64,2",,"1,5"
E,tot,"3,8",free,"2,3",cache,"573,7",buff,"34,7",slab,"64,2",,"1,5"
E,tot,"3,8",free,"2,3",cache,"573,7",buff,"34,7",slab,"64,2",,"1,5"
E,tot,"3,8",free,"2,3",cache,"573,7",buff,"34,7",slab,"64,2",,"1,5"
E,tot,"3,8",free,"2,3",cache,"573,8",buff,"34,7",slab,"64,2",,"1,5"
E,tot,"3,8",free,"2,3",cache,"573,8",buff,"34,7",slab,"64,2",,"1,5"
E,tot,"3,8",free,"2,3",cache,"573,8",buff,"34,7",slab,"64,2",,"1,5"
E,tot,"3,8",free,"2,3",cache,"573,8",buff,"34,7",slab,"64,2",,"1,5"
E,tot,"3,8",free,"2,3",cache,"573,8",buff,"34,7",slab,"64,2",,"1,5"
E,tot,"3,8",free,"2,3",cache,"573,8",buff,"34,7",slab,"64,2",,"1,5"
E,tot,"3,8",free,"2,3",cache,"573,8",buff,"34,7",slab,"64,2",,"1,5"
E,tot,"3,8",free,"2,3",cache,"573,8",buff,"34,7",slab,"64,2",,"1,5"
E,tot,"3,8",free,"2,3",cache,"573,8",buff,"34,7",slab,"64,2",,"1,5"
E,tot,"3,8",free,"2,3",cache,"573,9",buff,"34,7",slab,"64,2",,"1,5"
E,tot,"3,8",free,"2,3",cache,"573,9",buff,"34,7",slab,"64,2",,"1,5"
E,tot,"3,8",free,"2,3",cache,"573,9",buff,"34,7",slab,"64,2",,"1,5"
E,tot,"3,8",free,"2,3",cache,"573,9",buff,"34,7",slab,"64,2",,"1,5"
E,tot,"3,8",free,"2,3",cache,"573,9",buff,"34,7",slab,"64,2",,"1,5"
E,tot,"3,8",free,"2,3",cache,"573,9",buff,"34,7",slab,"64,2",,"1,5"
E,tot,"3,8",free,"2,3",cache,"573,9",buff,"34,7",slab,"64,2",,"1,5"
E,tot,"3,8",free,"2,3",cache,574,buff,"34,7",slab,"64,2",,"1,5"
E,tot,"3,8",free,"2,3",cache,574,buff,"34,7",slab,"64,2",,"1,5"
E,tot,"3,8",free,"2,3",cache,574,buff,"34,7",slab,"64,2",,"1,5"
E,tot,"3,8",free,"2,3",cache,574,buff,"34,7",slab,"64,2",,"1,5"
E,tot,"3,8",free,"2,3",cache,574,buff,"34,7",slab,"64,2",,"1,5"
E,tot,"3,8",free,"2,3",cache,574,buff,"34,8",slab,"64,2",,"1,5"
E,tot,"3,8",free,"2,3",cache,574,buff,"34,8",slab,"64,2",,"1,5"
E,tot,"3,8",free,"2,3",cache,"569,7",buff,"34,8",slab,"64,2",,"1,5"
E,tot,"3,8",free,"2,3",cache,"569,7",buff,"34,8",slab,"64,2",,"1,5"
E,tot,"3,8",free,"2,3",cache,"569,7",buff,"34,8",slab,"64,2",,"1,5"
E,tot,"3,8",free,"2,3",cache,"569,8",buff,"34,8",slab,"64,2",,"1,5"
E,tot,"3,8",free,"2,3",cache,"569,8",buff,"34,8",slab,"64,2",,"1,5"
E,tot,"3,8",free,"2,3",cache,"569,8",buff,"34,8",slab,"64,2",,"1,5"
E,tot,"3,8",free,"2,3",cache,"569,8",buff,"34,8",slab,"64,2",,"1,5"
E,tot,"3,8",free,"2,3",cache,"569,8",buff,"34,8",slab,"64,2",,"1,5"
E,tot,"3,8",free,"2,3",cache,"569,8",buff,"34,8",slab,"64,2",,"1,5"
E,tot,"3,8",free,"2,3",cache,"569,8",buff,"34,8",slab,"64,2",,"1,5"
E,tot,"3,8",free,"2,3",cache,"569,8",buff,"34,8",slab,"64,2",,"1,5"
E,tot,"3,8",free,"2,3",cache,"569,8",buff,"34,8",slab,"64,2",,"1,5"
E,tot,"3,8",free,"2,3",cache,"569,9",buff,"34,8",slab,"64,2",,"1,5"
E,tot,"3,8",free,"2,3",cache,"569,9",buff,"34,8",slab,"64,2",,"1,5"
E,tot,"3,8",free,"2,3",cache,"569,9",buff,"34,8",slab,"64,2",,"1,5"
E,tot,"3,8",free,"2,3",cache,"569,9",buff,"34,8",slab,"64,2",,"1,5"
E,tot,"3,8",free,"2,3",cache,"569,9",buff,"34,8",slab,"64,2",,"1,5"
E,tot,"3,8",free,"2,3",cache,"569,9",buff,"34,8",slab,"64,2",,"1,5"
E,tot,"3,8",free,"2,3",cache,"569,9",buff,"34,8",slab,"64,2",,"1,5"
E,tot,"3,8",free,"2,3",cache,"569,9",buff,"34,8",slab,"64,2",,"1,5"
E,tot,"3,8",free,"2,3",cache,"569,9",buff,"34,8",slab,"64,2",,"1,5"
E,tot,"3,8",free,"2,3",cache,570,buff,"34,8",slab,"64,2",,"1,5"
E,tot,"3,8",free,"2,3",cache,570,buff,"34,8",slab,"64,2",,"1,5"
E,tot,"3,8",free,"2,3",cache,570,buff,"34,8",slab,"64,2",,"1,5"
E,tot,"3,8",free,"2,3",cache,570,buff,"34,8",slab,"64,2",,"1,5"
E,tot,"3,8",free,"2,3",cache,570,buff,"34,8",slab,"64,2",,"1,5"
E,tot,"3,8",free,"2,3",cache,570,buff,"34,8",slab,"64,2",,"1,5"
E,tot,"3,8",free,"2,3",cache,570,buff,"34,8",slab,"64,2",,"1,5"
E,tot,"3,8",free,"2,3",cache,570,buff,"34,8",slab,"64,2",,"1,5"
E,tot,"3,8",free,"2,3",cache,570,buff,"34,8",slab,"64,2",,"1,5"
E,tot,"3,8",free,"2,3",cache,"570,1",buff,"34,8",slab,"64,2",,"1,5"
E,tot,"3,8",free,"2,3",cache,"570,1",buff,"34,8",slab,"64,2",,"1,5"
E,tot,"3,8",free,"2,3",cache,"570,1",buff,"34,8",slab,"64,2",,"1,5"
E,tot,"3,8",free,"2,3",cache,"570,1",buff,"34,8",slab,"64,2",,"1,5"
E,tot,"3,8",free,"2,3",cache,"570,1",buff,"34,8",slab,"64,2",,"1,5"
E,tot,"3,8",free,"2,3",cache,"570,1",buff,"34,8",slab,"64,2",,"1,5"
E,tot,"3,8",free,"2,3",cache,"570,1",buff,"34,8",slab,"64,2",,"1,5"
E,tot,"3,8",free,"2,3",cache,"570,1",buff,"34,8",slab,"64,2",,"1,5"
E,tot,"3,8",free,"2,3",cache,"570,1",buff,"34,8",slab,"64,2",,"1,5"
E,tot,"3,8",free,"2,3",cache,"570,2",buff,"34,8",slab,"64,2",,"1,5"
E,tot,"3,8",free,"2,3",cache,"570,2",buff,"34,8",slab,"64,2",,"1,5"
E,tot,"3,8",free,"2,3",cache,"570,2",buff,"34,8",slab,"64,2",,"1,5"
E,tot,"3,8",free,"2,3",cache,"570,2",buff,"34,8",slab,"64,2",,"1,5"
E,tot,"3,8",free,"2,3",cache,"570,2",buff,"34,8",slab,"64,2",,"1,5"
E,tot,"3,8",free,"2,3",cache,"570,2",buff,"34,8",slab,"64,2",,"1,5"
E,tot,"3,8",free,"2,3",cache,"570,2",buff,"34,8",slab,"64,2",,"1,5"
E,tot,"3,8",free,"2,3",cache,"570,2",buff,"34,8",slab,"64,2",,"1,5"
E,tot,"3,8",free,"2,3",cache,"570,2",buff,"34,8",slab,"64,2",,"1,5"
E,tot,"3,8",free,"2,3",cache,"570,3",buff,"34,8",slab,"64,2",,"1,5"
E,tot,"3,8",free,"2,3",cache,"570,3",buff,"34,8",slab,"64,2",,"1,5"
E,tot,"3,8",free,"2,3",cache,"570,3",buff,"34,8",slab,"64,2",,"1,5"
E,tot,"3,8",free,"2,3",cache,"570,3",buff,"34,8",slab,"64,2",,"1,5"
,,,,,,,,,,,,
,,,,,,,,,,,média,"1,5"
,,,,,,,,,,,DP,0
