E,tot,"3,8",free,"2,3",cache,"565,6",buff,"34,6",slab,"64,1",,"1,5"
E,tot,"3,8",free,"2,3",cache,"577,1",buff,"34,6",slab,"64,2",,"1,5"
E,tot,"3,8",free,"2,3",cache,"583,9",buff,"34,6",slab,"64,2",,"1,5"
E,tot,"3,8",free,"2,3",cache,584,buff,"34,6",slab,"64,2",,"1,5"
E,tot,"3,8",free,"2,3",cache,584,buff,"34,6",slab,"64,2",,"1,5"
E,tot,"3,8",free,"2,3",cache,584,buff,"34,6",slab,"64,2",,"1,5"
E,tot,"3,8",free,"2,3",cache,584,buff,"34,6",slab,"64,3",,"1,5"
E,tot,"3,8",free,"2,3",cache,"574,1",buff,"34,6",slab,"64,3",,"1,5"
E,tot,"3,8",free,"2,3",cache,"573,3",buff,"34,6",slab,"64,2",,"1,5"
E,tot,"3,8",free,"2,3",cache,"573,3",buff,"34,6",slab,"64,2",,"1,5"
E,tot,"3,8",free,"2,3",cache,"573,3",buff,"34,6",slab,"64,2",,"1,5"
E,tot,"3,8",free,"2,3",cache,"573,3",buff,"34,6",slab,"64,2",,"1,5"
E,tot,"3,8",free,"2,3",cache,"573,3",buff,"34,6",slab,"64,2",,"1,5"
E,tot,"3,8",free,"2,3",cache,"573,3",buff,"34,6",slab,"64,2",,"1,5"
E,tot,"3,8",free,"2,3",cache,"573,3",buff,"34,6",slab,"64,2",,"1,5"
E,tot,"3,8",free,"2,3",cache,"573,4",buff,"34,6",slab,"64,2",,"1,5"
E,tot,"3,8",free,"2,3",cache,"573,4",buff,"34,6",slab,"64,2",,"1,5"
E,tot,"3,8",free,"2,3",cache,"573,4",buff,"34,6",slab,"64,2",,"1,5"
E,tot,"3,8",free,"2,3",cache,"573,4",buff,"34,6",slab,"64,2",,"1,5"
E,tot,"3,8",free,"2,3",cache,"573,4",buff,"34,6",slab,"64,2",,"1,5"
E,tot,"3,8",free,"2,3",cache,"573,4",buff,"34,6",slab,"64,2",,"1,5"
,,,,,,,,,,,,
,,,,,,,,,,,média,"1,5"
,,,,,,,,,,,DP,0
