E,tot,"3,8",free,"2,3",cache,"567,8",buff,"34,2",slab,"63,7",,"1,5"
E,tot,"3,8",free,"2,3",cache,"576,7",buff,"34,2",slab,64,,"1,5"
E,tot,"3,8",free,"2,3",cache,"576,8",buff,"34,2",slab,"64,1",,"1,5"
E,tot,"3,8",free,"2,3",cache,"574,5",buff,"34,2",slab,"64,1",,"1,5"
E,tot,"3,8",free,"2,3",cache,"574,3",buff,"34,2",slab,"64,1",,"1,5"
E,tot,"3,8",free,"2,3",cache,"574,3",buff,"34,2",slab,"64,1",,"1,5"
E,tot,"3,8",free,"2,3",cache,"574,1",buff,"34,2",slab,"64,1",,"1,5"
E,tot,"3,8",free,"2,3",cache,"573,3",buff,"34,2",slab,"64,1",,"1,5"
E,tot,"3,8",free,"2,3",cache,"573,3",buff,"34,2",slab,"64,1",,"1,5"
E,tot,"3,8",free,"2,3",cache,"573,3",buff,"34,2",slab,"64,1",,"1,5"
E,tot,"3,8",free,"2,3",cache,"573,4",buff,"34,2",slab,"64,1",,"1,5"
E,tot,"3,8",free,"2,3",cache,"573,4",buff,"34,2",slab,"64,1",,"1,5"
E,tot,"3,8",free,"2,3",cache,"573,4",buff,"34,2",slab,"64,1",,"1,5"
E,tot,"3,8",free,"2,3",cache,"573,4",buff,"34,2",slab,"64,1",,"1,5"
E,tot,"3,8",free,"2,3",cache,"573,4",buff,"34,2",slab,"64,1",,"1,5"
E,tot,"3,8",free,"2,3",cache,"573,4",buff,"34,2",slab,"64,1",,"1,5"
E,tot,"3,8",free,"2,3",cache,"573,4",buff,"34,2",slab,"64,1",,"1,5"
E,tot,"3,8",free,"2,3",cache,"573,4",buff,"34,2",slab,"64,1",,"1,5"
E,tot,"3,8",free,"2,3",cache,"573,4",buff,"34,2",slab,"64,1",,"1,5"
E,tot,"3,8",free,"2,3",cache,"573,5",buff,"34,2",slab,"64,1",,"1,5"
E,tot,"3,8",free,"2,3",cache,"573,5",buff,"34,2",slab,"64,1",,"1,5"
E,tot,"3,8",free,"2,3",cache,"573,5",buff,"34,2",slab,"64,1",,"1,5"
E,tot,"3,8",free,"2,3",cache,"573,5",buff,"34,2",slab,"64,1",,"1,5"
E,tot,"3,8",free,"2,3",cache,"573,5",buff,"34,2",slab,"64,1",,"1,5"
E,tot,"3,8",free,"2,3",cache,"573,5",buff,"34,2",slab,"64,1",,"1,5"
E,tot,"3,8",free,"2,3",cache,"573,5",buff,"34,2",slab,"64,1",,"1,5"
E,tot,"3,8",free,"2,3",cache,"573,5",buff,"34,2",slab,"64,1",,"1,5"
E,tot,"3,8",free,"2,3",cache,"573,6",buff,"34,2",slab,"64,1",,"1,5"
E,tot,"3,8",free,"2,3",cache,"573,6",buff,"34,2",slab,"64,1",,"1,5"
E,tot,"3,8",free,"2,3",cache,"573,6",buff,"34,2",slab,"64,1",,"1,5"
E,tot,"3,8",free,"2,3",cache,"573,6",buff,"34,2",slab,"64,1",,"1,5"
E,tot,"3,8",free,"2,3",cache,"573,6",buff,"34,2",slab,"64,1",,"1,5"
E,tot,"3,8",free,"2,3",cache,"573,6",buff,"34,2",slab,"64,1",,"1,5"
E,tot,"3,8",free,"2,3",cache,"573,6",buff,"34,2",slab,"64,1",,"1,5"
E,tot,"3,8",free,"2,3",cache,"573,6",buff,"34,3",slab,"64,1",,"1,5"
E,tot,"3,8",free,"2,3",cache,"573,6",buff,"34,3",slab,"64,1",,"1,5"
E,tot,"3,8",free,"2,3",cache,"573,7",buff,"34,3",slab,"64,1",,"1,5"
E,tot,"3,8",free,"2,3",cache,"573,7",buff,"34,3",slab,"64,1",,"1,5"
E,tot,"3,8",free,"2,3",cache,"573,7",buff,"34,3",slab,"64,1",,"1,5"
E,tot,"3,8",free,"2,3",cache,"573,7",buff,"34,3",slab,"64,1",,"1,5"
E,tot,"3,8",free,"2,3",cache,"573,7",buff,"34,3",slab,"64,1",,"1,5"
E,tot,"3,8",free,"2,3",cache,"573,7",buff,"34,3",slab,"64,1",,"1,5"
E,tot,"3,8",free,"2,3",cache,"573,7",buff,"34,3",slab,"64,1",,"1,5"
E,tot,"3,8",free,"2,3",cache,"573,7",buff,"34,3",slab,"64,1",,"1,5"
E,tot,"3,8",free,"2,3",cache,"573,7",buff,"34,3",slab,"64,1",,"1,5"
E,tot,"3,8",free,"2,3",cache,"573,8",buff,"34,3",slab,"64,1",,"1,5"
E,tot,"3,8",free,"2,3",cache,"573,8",buff,"34,3",slab,"64,1",,"1,5"
E,tot,"3,8",free,"2,3",cache,"573,8",buff,"34,3",slab,"64,1",,"1,5"
E,tot,"3,8",free,"2,3",cache,"573,8",buff,"34,3",slab,"64,1",,"1,5"
E,tot,"3,8",free,"2,3",cache,"573,8",buff,"34,3",slab,"64,1",,"1,5"
E,tot,"3,8",free,"2,3",cache,"573,8",buff,"34,3",slab,"64,1",,"1,5"
E,tot,"3,8",free,"2,3",cache,"573,8",buff,"34,3",slab,"64,1",,"1,5"
E,tot,"3,8",free,"2,3",cache,"573,8",buff,"34,3",slab,"64,1",,"1,5"
E,tot,"3,8",free,"2,3",cache,"573,8",buff,"34,3",slab,"64,1",,"1,5"
E,tot,"3,8",free,"2,3",cache,"573,9",buff,"34,3",slab,"64,1",,"1,5"
E,tot,"3,8",free,"2,3",cache,"573,9",buff,"34,3",slab,"64,1",,"1,5"
E,tot,"3,8",free,"2,3",cache,"573,9",buff,"34,3",slab,"64,1",,"1,5"
E,tot,"3,8",free,"2,3",cache,"573,9",buff,"34,3",slab,"64,1",,"1,5"
E,tot,"3,8",free,"2,3",cache,"573,9",buff,"34,3",slab,"64,1",,"1,5"
E,tot,"3,8",free,"2,3",cache,"573,9",buff,"34,3",slab,"64,1",,"1,5"
E,tot,"3,8",free,"2,3",cache,"573,9",buff,"34,3",slab,"64,1",,"1,5"
E,tot,"3,8",free,"2,3",cache,"573,9",buff,"34,3",slab,"64,1",,"1,5"
E,tot,"3,8",free,"2,3",cache,"573,9",buff,"34,3",slab,"64,1",,"1,5"
E,tot,"3,8",free,"2,3",cache,574,buff,"34,3",slab,"64,1",,"1,5"
E,tot,"3,8",free,"2,3",cache,574,buff,"34,3",slab,"64,1",,"1,5"
E,tot,"3,8",free,"2,3",cache,574,buff,"34,3",slab,"64,2",,"1,5"
E,tot,"3,8",free,"2,3",cache,574,buff,"34,3",slab,"64,2",,"1,5"
E,tot,"3,8",free,"2,3",cache,574,buff,"34,3",slab,"64,2",,"1,5"
E,tot,"3,8",free,"2,3",cache,574,buff,"34,3",slab,"64,2",,"1,5"
E,tot,"3,8",free,"2,3",cache,574,buff,"34,3",slab,"64,2",,"1,5"
E,tot,"3,8",free,"2,3",cache,574,buff,"34,3",slab,"64,2",,"1,5"
E,tot,"3,8",free,"2,3",cache,"569,6",buff,"34,3",slab,"64,2",,"1,5"
E,tot,"3,8",free,"2,3",cache,"569,6",buff,"34,3",slab,"64,2",,"1,5"
E,tot,"3,8",free,"2,3",cache,"569,6",buff,"34,3",slab,"64,2",,"1,5"
E,tot,"3,8",free,"2,3",cache,"569,6",buff,"34,3",slab,"64,2",,"1,5"
E,tot,"3,8",free,"2,3",cache,"569,6",buff,"34,3",slab,"64,2",,"1,5"
E,tot,"3,8",free,"2,3",cache,"569,7",buff,"34,3",slab,"64,2",,"1,5"
E,tot,"3,8",free,"2,3",cache,"569,7",buff,"34,3",slab,"64,2",,"1,5"
E,tot,"3,8",free,"2,3",cache,"569,7",buff,"34,3",slab,"64,2",,"1,5"
E,tot,"3,8",free,"2,3",cache,"569,7",buff,"34,3",slab,"64,2",,"1,5"
E,tot,"3,8",free,"2,3",cache,"569,7",buff,"34,3",slab,"64,2",,"1,5"
E,tot,"3,8",free,"2,3",cache,"569,7",buff,"34,3",slab,"64,2",,"1,5"
E,tot,"3,8",free,"2,3",cache,"569,7",buff,"34,3",slab,"64,2",,"1,5"
E,tot,"3,8",free,"2,3",cache,"569,7",buff,"34,3",slab,"64,2",,"1,5"
E,tot,"3,8",free,"2,3",cache,"569,8",buff,"34,3",slab,"64,2",,"1,5"
E,tot,"3,8",free,"2,3",cache,"569,8",buff,"34,3",slab,"64,2",,"1,5"
E,tot,"3,8",free,"2,3",cache,"569,8",buff,"34,3",slab,"64,2",,"1,5"
E,tot,"3,8",free,"2,3",cache,"569,8",buff,"34,3",slab,"64,2",,"1,5"
E,tot,"3,8",free,"2,3",cache,"569,9",buff,"34,3",slab,"64,2",,"1,5"
E,tot,"3,8",free,"2,3",cache,"569,9",buff,"34,3",slab,"64,2",,"1,5"
E,tot,"3,8",free,"2,3",cache,"569,9",buff,"34,3",slab,"64,2",,"1,5"
E,tot,"3,8",free,"2,3",cache,570,buff,"34,3",slab,"64,2",,"1,5"
E,tot,"3,8",free,"2,3",cache,570,buff,"34,3",slab,"64,2",,"1,5"
E,tot,"3,8",free,"2,3",cache,570,buff,"34,3",slab,"64,2",,"1,5"
E,tot,"3,8",free,"2,3",cache,570,buff,"34,4",slab,"64,2",,"1,5"
E,tot,"3,8",free,"2,3",cache,570,buff,"34,4",slab,"64,2",,"1,5"
E,tot,"3,8",free,"2,3",cache,570,buff,"34,4",slab,"64,2",,"1,5"
E,tot,"3,8",free,"2,3",cache,570,buff,"34,4",slab,"64,2",,"1,5"
E,tot,"3,8",free,"2,3",cache,570,buff,"34,4",slab,"64,2",,"1,5"
E,tot,"3,8",free,"2,3",cache,570,buff,"34,4",slab,"64,2",,"1,5"
E,tot,"3,8",free,"2,3",cache,"570,1",buff,"34,4",slab,"64,2",,"1,5"
E,tot,"3,8",free,"2,3",cache,"570,1",buff,"34,4",slab,"64,2",,"1,5"
E,tot,"3,8",free,"2,3",cache,"570,1",buff,"34,4",slab,"64,2",,"1,5"
E,tot,"3,8",free,"2,3",cache,"570,1",buff,"34,4",slab,"64,2",,"1,5"
E,tot,"3,8",free,"2,3",cache,"570,1",buff,"34,4",slab,"64,2",,"1,5"
E,tot,"3,8",free,"2,3",cache,"570,1",buff,"34,4",slab,"64,2",,"1,5"
E,tot,"3,8",free,"2,3",cache,"570,1",buff,"34,4",slab,"64,2",,"1,5"
E,tot,"3,8",free,"2,3",cache,"570,1",buff,"34,4",slab,"64,2",,"1,5"
E,tot,"3,8",free,"2,3",cache,"570,1",buff,"34,4",slab,"64,2",,"1,5"
E,tot,"3,8",free,"2,3",cache,"570,2",buff,"34,4",slab,"64,2",,"1,5"
E,tot,"3,8",free,"2,3",cache,"570,2",buff,"34,4",slab,"64,2",,"1,5"
E,tot,"3,8",free,"2,3",cache,"570,2",buff,"34,4",slab,"64,2",,"1,5"
E,tot,"3,8",free,"2,3",cache,"570,2",buff,"34,4",slab,"64,2",,"1,5"
E,tot,"3,8",free,"2,3",cache,"570,2",buff,"34,4",slab,"64,2",,"1,5"
E,tot,"3,8",free,"2,3",cache,"570,2",buff,"34,4",slab,"64,2",,"1,5"
E,tot,"3,8",free,"2,3",cache,"570,2",buff,"34,4",slab,"64,2",,"1,5"
E,tot,"3,8",free,"2,3",cache,"570,2",buff,"34,4",slab,"64,2",,"1,5"
E,tot,"3,8",free,"2,3",cache,"570,2",buff,"34,4",slab,"64,2",,"1,5"
E,tot,"3,8",free,"2,3",cache,"570,3",buff,"34,4",slab,"64,2",,"1,5"
E,tot,"3,8",free,"2,3",cache,"570,3",buff,"34,4",slab,"64,2",,"1,5"
E,tot,"3,8",free,"2,3",cache,"570,3",buff,"34,4",slab,"64,2",,"1,5"
E,tot,"3,8",free,"2,3",cache,"570,3",buff,"34,4",slab,"64,2",,"1,5"
E,tot,"3,8",free,"2,3",cache,"570,3",buff,"34,4",slab,"64,2",,"1,5"
E,tot,"3,8",free,"2,3",cache,"570,3",buff,"34,4",slab,"64,2",,"1,5"
E,tot,"3,8",free,"2,3",cache,"570,3",buff,"34,4",slab,"64,2",,"1,5"
E,tot,"3,8",free,"2,3",cache,"570,3",buff,"34,4",slab,"64,2",,"1,5"
E,tot,"3,8",free,"2,3",cache,"570,3",buff,"34,4",slab,"64,2",,"1,5"
E,tot,"3,8",free,"2,3",cache,"570,4",buff,"34,4",slab,"64,2",,"1,5"
E,tot,"3,8",free,"2,3",cache,"570,4",buff,"34,4",slab,"64,2",,"1,5"
E,tot,"3,8",free,"2,3",cache,"570,4",buff,"34,4",slab,"64,2",,"1,5"
E,tot,"3,8",free,"2,3",cache,"570,4",buff,"34,4",slab,"64,2",,"1,5"
E,tot,"3,8",free,"2,3",cache,"570,4",buff,"34,4",slab,"64,2",,"1,5"
E,tot,"3,8",free,"2,3",cache,"570,4",buff,"34,4",slab,"64,2",,"1,5"
E,tot,"3,8",free,"2,3",cache,"570,4",buff,"34,4",slab,"64,2",,"1,5"
E,tot,"3,8",free,"2,3",cache,"570,4",buff,"34,4",slab,"64,2",,"1,5"
E,tot,"3,8",free,"2,3",cache,"570,4",buff,"34,4",slab,"64,2",,"1,5"
E,tot,"3,8",free,"2,3",cache,"570,5",buff,"34,4",slab,"64,2",,"1,5"
E,tot,"3,8",free,"2,3",cache,"570,5",buff,"34,4",slab,"64,2",,"1,5"
E,tot,"3,8",free,"2,3",cache,"570,5",buff,"34,4",slab,"64,2",,"1,5"
E,tot,"3,8",free,"2,3",cache,"570,5",buff,"34,4",slab,"64,2",,"1,5"
E,tot,"3,8",free,"2,3",cache,"570,5",buff,"34,4",slab,"64,2",,"1,5"
E,tot,"3,8",free,"2,3",cache,"570,5",buff,"34,4",slab,"64,2",,"1,5"
E,tot,"3,8",free,"2,3",cache,"570,5",buff,"34,4",slab,"64,2",,"1,5"
E,tot,"3,8",free,"2,3",cache,"570,5",buff,"34,4",slab,"64,2",,"1,5"
E,tot,"3,8",free,"2,3",cache,"570,5",buff,"34,4",slab,"64,2",,"1,5"
E,tot,"3,8",free,"2,3",cache,"570,6",buff,"34,4",slab,"64,2",,"1,5"
E,tot,"3,8",free,"2,3",cache,"570,6",buff,"34,4",slab,"64,2",,"1,5"
E,tot,"3,8",free,"2,3",cache,"570,6",buff,"34,4",slab,"64,2",,"1,5"
E,tot,"3,8",free,"2,3",cache,"570,6",buff,"34,4",slab,"64,2",,"1,5"
E,tot,"3,8",free,"2,3",cache,"570,6",buff,"34,4",slab,"64,2",,"1,5"
E,tot,"3,8",free,"2,3",cache,"570,6",buff,"34,4",slab,"64,2",,"1,5"
E,tot,"3,8",free,"2,3",cache,"570,6",buff,"34,4",slab,"64,2",,"1,5"
E,tot,"3,8",free,"2,3",cache,"570,6",buff,"34,4",slab,"64,2",,"1,5"
E,tot,"3,8",free,"2,3",cache,"570,6",buff,"34,4",slab,"64,2",,"1,5"
E,tot,"3,8",free,"2,3",cache,"570,7",buff,"34,5",slab,"64,2",,"1,5"
E,tot,"3,8",free,"2,3",cache,"570,7",buff,"34,5",slab,"64,2",,"1,5"
E,tot,"3,8",free,"2,3",cache,"570,7",buff,"34,5",slab,"64,2",,"1,5"
E,tot,"3,8",free,"2,3",cache,"570,7",buff,"34,5",slab,"64,2",,"1,5"
E,tot,"3,8",free,"2,3",cache,"570,7",buff,"34,5",slab,"64,2",,"1,5"
E,tot,"3,8",free,"2,3",cache,"570,7",buff,"34,5",slab,"64,2",,"1,5"
E,tot,"3,8",free,"2,3",cache,"570,7",buff,"34,5",slab,"64,2",,"1,5"
E,tot,"3,8",free,"2,3",cache,"570,7",buff,"34,5",slab,"64,2",,"1,5"
E,tot,"3,8",free,"2,3",cache,"570,8",buff,"34,5",slab,"64,2",,"1,5"
E,tot,"3,8",free,"2,3",cache,"570,8",buff,"34,5",slab,"64,2",,"1,5"
E,tot,"3,8",free,"2,3",cache,"570,8",buff,"34,5",slab,"64,2",,"1,5"
E,tot,"3,8",free,"2,3",cache,"570,8",buff,"34,5",slab,"64,2",,"1,5"
E,tot,"3,8",free,"2,3",cache,"570,8",buff,"34,5",slab,"64,2",,"1,5"
E,tot,"3,8",free,"2,3",cache,"570,8",buff,"34,5",slab,"64,2",,"1,5"
E,tot,"3,8",free,"2,3",cache,"570,8",buff,"34,5",slab,"64,2",,"1,5"
E,tot,"3,8",free,"2,3",cache,"570,8",buff,"34,5",slab,"64,2",,"1,5"
E,tot,"3,8",free,"2,3",cache,"570,8",buff,"34,5",slab,"64,2",,"1,5"
E,tot,"3,8",free,"2,3",cache,"570,8",buff,"34,5",slab,"64,2",,"1,5"
E,tot,"3,8",free,"2,3",cache,"570,9",buff,"34,5",slab,"64,2",,"1,5"
E,tot,"3,8",free,"2,3",cache,"570,9",buff,"34,5",slab,"64,2",,"1,5"
E,tot,"3,8",free,"2,3",cache,"570,9",buff,"34,5",slab,"64,2",,"1,5"
E,tot,"3,8",free,"2,3",cache,"570,9",buff,"34,5",slab,"64,2",,"1,5"
E,tot,"3,8",free,"2,3",cache,"570,9",buff,"34,5",slab,"64,2",,"1,5"
E,tot,"3,8",free,"2,3",cache,"570,9",buff,"34,5",slab,"64,2",,"1,5"
E,tot,"3,8",free,"2,3",cache,"570,9",buff,"34,5",slab,"64,2",,"1,5"
E,tot,"3,8",free,"2,3",cache,571,buff,"34,5",slab,"64,2",,"1,5"
E,tot,"3,8",free,"2,3",cache,571,buff,"34,5",slab,"64,2",,"1,5"
E,tot,"3,8",free,"2,3",cache,571,buff,"34,5",slab,"64,2",,"1,5"
E,tot,"3,8",free,"2,3",cache,571,buff,"34,5",slab,"64,2",,"1,5"
E,tot,"3,8",free,"2,3",cache,571,buff,"34,5",slab,"64,2",,"1,5"
E,tot,"3,8",free,"2,3",cache,571,buff,"34,5",slab,"64,2",,"1,5"
E,tot,"3,8",free,"2,3",cache,571,buff,"34,5",slab,"64,2",,"1,5"
E,tot,"3,8",free,"2,3",cache,571,buff,"34,5",slab,"64,2",,"1,5"
E,tot,"3,8",free,"2,3",cache,571,buff,"34,5",slab,"64,2",,"1,5"
E,tot,"3,8",free,"2,3",cache,"571,1",buff,"34,5",slab,"64,2",,"1,5"
E,tot,"3,8",free,"2,3",cache,"571,1",buff,"34,5",slab,"64,2",,"1,5"
E,tot,"3,8",free,"2,3",cache,"571,1",buff,"34,5",slab,"64,2",,"1,5"
E,tot,"3,8",free,"2,3",cache,"571,1",buff,"34,5",slab,"64,2",,"1,5"
E,tot,"3,8",free,"2,3",cache,"571,1",buff,"34,5",slab,"64,2",,"1,5"
E,tot,"3,8",free,"2,3",cache,"571,1",buff,"34,5",slab,"64,2",,"1,5"
E,tot,"3,8",free,"2,3",cache,"571,1",buff,"34,5",slab,"64,2",,"1,5"
E,tot,"3,8",free,"2,3",cache,"571,1",buff,"34,5",slab,"64,2",,"1,5"
E,tot,"3,8",free,"2,3",cache,"571,1",buff,"34,5",slab,"64,2",,"1,5"
E,tot,"3,8",free,"2,3",cache,"571,2",buff,"34,5",slab,"64,2",,"1,5"
E,tot,"3,8",free,"2,3",cache,"571,2",buff,"34,5",slab,"64,2",,"1,5"
E,tot,"3,8",free,"2,3",cache,"571,2",buff,"34,5",slab,"64,2",,"1,5"
E,tot,"3,8",free,"2,3",cache,"571,2",buff,"34,5",slab,"64,2",,"1,5"
E,tot,"3,8",free,"2,3",cache,"571,2",buff,"34,5",slab,"64,2",,"1,5"
E,tot,"3,8",free,"2,3",cache,"571,2",buff,"34,5",slab,"64,2",,"1,5"
E,tot,"3,8",free,"2,3",cache,"571,2",buff,"34,5",slab,"64,2",,"1,5"
E,tot,"3,8",free,"2,3",cache,"571,2",buff,"34,5",slab,"64,2",,"1,5"
E,tot,"3,8",free,"2,3",cache,"571,2",buff,"34,5",slab,"64,2",,"1,5"
E,tot,"3,8",free,"2,3",cache,"571,3",buff,"34,5",slab,"64,2",,"1,5"
E,tot,"3,8",free,"2,3",cache,"571,3",buff,"34,5",slab,"64,2",,"1,5"
E,tot,"3,8",free,"2,3",cache,"571,3",buff,"34,5",slab,"64,2",,"1,5"
E,tot,"3,8",free,"2,3",cache,"571,3",buff,"34,6",slab,"64,2",,"1,5"
E,tot,"3,8",free,"2,3",cache,"571,3",buff,"34,6",slab,"64,2",,"1,5"
E,tot,"3,8",free,"2,3",cache,"571,3",buff,"34,6",slab,"64,2",,"1,5"
E,tot,"3,8",free,"2,3",cache,"571,3",buff,"34,6",slab,"64,2",,"1,5"
E,tot,"3,8",free,"2,3",cache,"571,3",buff,"34,6",slab,"64,2",,"1,5"
E,tot,"3,8",free,"2,3",cache,"571,3",buff,"34,6",slab,"64,2",,"1,5"
E,tot,"3,8",free,"2,3",cache,"571,4",buff,"34,6",slab,"64,2",,"1,5"
E,tot,"3,8",free,"2,3",cache,"571,4",buff,"34,6",slab,"64,2",,"1,5"
E,tot,"3,8",free,"2,3",cache,"571,4",buff,"34,6",slab,"64,2",,"1,5"
E,tot,"3,8",free,"2,3",cache,"571,4",buff,"34,6",slab,"64,2",,"1,5"
E,tot,"3,8",free,"2,3",cache,"571,4",buff,"34,6",slab,"64,2",,"1,5"
E,tot,"3,8",free,"2,3",cache,"571,4",buff,"34,6",slab,"64,2",,"1,5"
E,tot,"3,8",free,"2,3",cache,"571,4",buff,"34,6",slab,"64,2",,"1,5"
E,tot,"3,8",free,"2,3",cache,"571,4",buff,"34,6",slab,"64,2",,"1,5"
E,tot,"3,8",free,"2,3",cache,"571,4",buff,"34,6",slab,"64,2",,"1,5"
E,tot,"3,8",free,"2,3",cache,"571,5",buff,"34,6",slab,"64,2",,"1,5"
E,tot,"3,8",free,"2,3",cache,"571,5",buff,"34,6",slab,"64,2",,"1,5"
E,tot,"3,8",free,"2,3",cache,"571,5",buff,"34,6",slab,"64,2",,"1,5"
E,tot,"3,8",free,"2,3",cache,"571,5",buff,"34,6",slab,"64,2",,"1,5"
E,tot,"3,8",free,"2,3",cache,"571,5",buff,"34,6",slab,"64,2",,"1,5"
E,tot,"3,8",free,"2,3",cache,"571,5",buff,"34,6",slab,"64,2",,"1,5"
E,tot,"3,8",free,"2,3",cache,"571,5",buff,"34,6",slab,"64,2",,"1,5"
E,tot,"3,8",free,"2,3",cache,"571,5",buff,"34,6",slab,"64,2",,"1,5"
E,tot,"3,8",free,"2,3",cache,"571,6",buff,"34,6",slab,"64,2",,"1,5"
E,tot,"3,8",free,"2,3",cache,"571,6",buff,"34,6",slab,"64,2",,"1,5"
E,tot,"3,8",free,"2,3",cache,"571,6",buff,"34,6",slab,"64,2",,"1,5"
E,tot,"3,8",free,"2,3",cache,"571,6",buff,"34,6",slab,"64,2",,"1,5"
E,tot,"3,8",free,"2,3",cache,"571,6",buff,"34,6",slab,"64,2",,"1,5"
E,tot,"3,8",free,"2,3",cache,"571,6",buff,"34,6",slab,"64,2",,"1,5"
E,tot,"3,8",free,"2,3",cache,"571,6",buff,"34,6",slab,"64,2",,"1,5"
E,tot,"3,8",free,"2,3",cache,"571,6",buff,"34,6",slab,"64,2",,"1,5"
E,tot,"3,8",free,"2,3",cache,"571,6",buff,"34,6",slab,"64,2",,"1,5"
E,tot,"3,8",free,"2,3",cache,"571,7",buff,"34,6",slab,"64,2",,"1,5"
E,tot,"3,8",free,"2,3",cache,"571,7",buff,"34,6",slab,"64,2",,"1,5"
E,tot,"3,8",free,"2,3",cache,"571,7",buff,"34,6",slab,"64,2",,"1,5"
E,tot,"3,8",free,"2,3",cache,"571,7",buff,"34,6",slab,"64,2",,"1,5"
,,,,,,,,,,,,
,,,,,,,,,,,média,"1,5"
,,,,,,,,,,,DP,0
