CPU,sys,14,user,38,irq,1,idle,24,wait,23,,52
CPU,sys,34,user,66,irq,0,idle,0,wait,0,,100
CPU,sys,26,user,74,irq,0,idle,0,wait,0,,100
CPU,sys,36,user,62,irq,2,idle,0,wait,0,,98
CPU,sys,29,user,69,irq,2,idle,0,wait,0,,98
CPU,sys,28,user,68,irq,4,idle,0,wait,0,,96
CPU,sys,42,user,56,irq,1,idle,0,wait,0,,98
CPU,sys,33,user,63,irq,4,idle,0,wait,0,,96
CPU,sys,29,user,67,irq,4,idle,0,wait,0,,96
CPU,sys,27,user,71,irq,2,idle,0,wait,0,,98
CPU,sys,27,user,70,irq,3,idle,0,wait,0,,97
CPU,sys,30,user,65,irq,5,idle,0,wait,0,,95
CPU,sys,34,user,61,irq,4,idle,0,wait,0,,95
CPU,sys,37,user,54,irq,7,idle,0,wait,0,,91
CPU,sys,31,user,66,irq,2,idle,0,wait,0,,97
CPU,sys,28,user,70,irq,2,idle,0,wait,0,,98
CPU,sys,26,user,71,irq,3,idle,0,wait,0,,97
CPU,sys,31,user,67,irq,2,idle,0,wait,0,,98
CPU,sys,30,user,68,irq,2,idle,0,wait,0,,98
CPU,sys,33,user,62,irq,5,idle,0,wait,0,,95
CPU,sys,30,user,66,irq,4,idle,0,wait,0,,96
CPU,sys,26,user,63,irq,4,idle,0,wait,7,,89
CPU,sys,22,user,16,irq,1,idle,0,wait,60,,38
CPU,sys,16,user,21,irq,3,idle,0,wait,59,,37
CPU,sys,27,user,22,irq,1,idle,0,wait,50,,49
CPU,sys,21,user,25,irq,2,idle,0,wait,52,,46
CPU,sys,23,user,18,irq,3,idle,0,wait,55,,41
CPU,sys,20,user,19,irq,1,idle,0,wait,60,,39
CPU,sys,21,user,25,irq,3,idle,0,wait,52,,46
CPU,sys,21,user,21,irq,2,idle,0,wait,54,,42
CPU,sys,18,user,28,irq,2,idle,0,wait,52,,46
CPU,sys,21,user,22,irq,3,idle,0,wait,54,,43
CPU,sys,22,user,18,irq,1,idle,0,wait,58,,40
CPU,sys,18,user,22,irq,2,idle,0,wait,57,,40
CPU,sys,21,user,23,irq,0,idle,0,wait,57,,44
CPU,sys,17,user,21,irq,2,idle,0,wait,60,,38
CPU,sys,20,user,21,irq,1,idle,0,wait,58,,41
CPU,sys,19,user,21,irq,2,idle,0,wait,58,,40
CPU,sys,17,user,17,irq,3,idle,0,wait,62,,34
CPU,sys,17,user,19,irq,2,idle,0,wait,61,,36
CPU,sys,13,user,20,irq,2,idle,0,wait,65,,33
CPU,sys,20,user,17,irq,2,idle,0,wait,60,,37
CPU,sys,21,user,17,irq,1,idle,0,wait,61,,38
CPU,sys,13,user,21,irq,0,idle,0,wait,66,,34
CPU,sys,16,user,17,irq,2,idle,0,wait,65,,33
CPU,sys,18,user,18,irq,1,idle,0,wait,62,,36
CPU,sys,19,user,15,irq,1,idle,0,wait,66,,34
CPU,sys,21,user,13,irq,2,idle,0,wait,64,,34
CPU,sys,17,user,17,irq,1,idle,0,wait,65,,34
CPU,sys,21,user,16,irq,2,idle,0,wait,61,,37
CPU,sys,21,user,12,irq,2,idle,0,wait,65,,33
CPU,sys,19,user,18,irq,2,idle,0,wait,62,,37
CPU,sys,16,user,15,irq,3,idle,0,wait,65,,31
CPU,sys,21,user,15,irq,1,idle,0,wait,63,,36
CPU,sys,17,user,24,irq,1,idle,0,wait,59,,41
CPU,sys,23,user,16,irq,1,idle,0,wait,60,,39
CPU,sys,21,user,20,irq,2,idle,0,wait,57,,41
CPU,sys,20,user,22,irq,3,idle,0,wait,56,,42
CPU,sys,18,user,21,irq,2,idle,0,wait,59,,39
CPU,sys,19,user,25,irq,2,idle,0,wait,53,,44
CPU,sys,20,user,17,irq,1,idle,0,wait,62,,37
CPU,sys,13,user,22,irq,3,idle,0,wait,61,,35
CPU,sys,19,user,18,irq,1,idle,0,wait,62,,37
CPU,sys,21,user,19,irq,1,idle,0,wait,59,,40
CPU,sys,20,user,23,irq,1,idle,0,wait,57,,43
CPU,sys,16,user,22,irq,1,idle,0,wait,61,,38
CPU,sys,19,user,18,irq,2,idle,0,wait,60,,37
CPU,sys,22,user,18,irq,2,idle,0,wait,58,,40
CPU,sys,18,user,17,irq,1,idle,0,wait,63,,35
CPU,sys,13,user,24,irq,1,idle,0,wait,62,,37
CPU,sys,13,user,20,irq,3,idle,0,wait,63,,33
CPU,sys,26,user,12,irq,1,idle,0,wait,61,,38
CPU,sys,24,user,22,irq,3,idle,0,wait,51,,46
CPU,sys,30,user,25,irq,4,idle,0,wait,41,,55
CPU,sys,24,user,28,irq,3,idle,0,wait,45,,52
CPU,sys,21,user,26,irq,2,idle,0,wait,51,,47
CPU,sys,25,user,25,irq,4,idle,0,wait,47,,50
CPU,sys,19,user,18,irq,2,idle,0,wait,62,,37
CPU,sys,16,user,18,irq,3,idle,0,wait,62,,34
CPU,sys,16,user,18,irq,3,idle,0,wait,64,,34
CPU,sys,17,user,20,irq,1,idle,0,wait,62,,37
CPU,sys,18,user,20,irq,1,idle,0,wait,61,,38
CPU,sys,18,user,18,irq,1,idle,0,wait,63,,36
CPU,sys,17,user,20,irq,2,idle,0,wait,61,,37
CPU,sys,16,user,19,irq,2,idle,0,wait,64,,35
CPU,sys,24,user,19,irq,2,idle,0,wait,55,,43
CPU,sys,22,user,23,irq,2,idle,0,wait,54,,45
CPU,sys,24,user,24,irq,2,idle,0,wait,49,,48
CPU,sys,23,user,21,irq,1,idle,0,wait,55,,44
CPU,sys,24,user,21,irq,4,idle,0,wait,52,,45
CPU,sys,20,user,18,irq,3,idle,0,wait,58,,38
CPU,sys,19,user,19,irq,1,idle,0,wait,62,,38
CPU,sys,15,user,19,irq,3,idle,0,wait,62,,34
CPU,sys,20,user,16,irq,3,idle,0,wait,60,,36
CPU,sys,18,user,19,irq,2,idle,0,wait,60,,37
CPU,sys,20,user,18,irq,3,idle,0,wait,59,,38
CPU,sys,24,user,24,irq,2,idle,0,wait,51,,48
CPU,sys,23,user,28,irq,1,idle,0,wait,47,,51
CPU,sys,28,user,20,irq,3,idle,0,wait,48,,48
CPU,sys,26,user,23,irq,3,idle,0,wait,47,,49
CPU,sys,26,user,22,irq,2,idle,0,wait,50,,48
CPU,sys,18,user,18,irq,3,idle,0,wait,61,,36
CPU,sys,19,user,18,irq,2,idle,0,wait,61,,37
CPU,sys,14,user,19,irq,2,idle,0,wait,64,,33
CPU,sys,16,user,19,irq,1,idle,0,wait,64,,35
CPU,sys,18,user,18,irq,1,idle,0,wait,62,,36
CPU,sys,22,user,23,irq,2,idle,0,wait,54,,45
,,,,,,,,,,,,
,,,,,,,,,,,média,"50,9339622641509"
,,,,,,,,,,,DP,"23,2560361311186"
