CPU,sys,14,user,36,irq,1,idle,25,wait,24,,50
CPU,sys,31,user,68,irq,1,idle,0,wait,0,,99
CPU,sys,29,user,69,irq,1,idle,0,wait,0,,98
CPU,sys,41,user,55,irq,4,idle,0,wait,0,,96
CPU,sys,29,user,70,irq,1,idle,0,wait,0,,99
CPU,sys,27,user,70,irq,3,idle,0,wait,0,,97
CPU,sys,40,user,58,irq,0,idle,0,wait,0,,98
CPU,sys,31,user,66,irq,2,idle,0,wait,0,,97
CPU,sys,32,user,66,irq,1,idle,0,wait,0,,98
CPU,sys,33,user,63,irq,4,idle,0,wait,0,,96
CPU,sys,27,user,70,irq,3,idle,0,wait,0,,97
CPU,sys,35,user,60,irq,5,idle,0,wait,0,,95
CPU,sys,34,user,64,irq,2,idle,0,wait,0,,98
CPU,sys,30,user,66,irq,4,idle,0,wait,0,,96
CPU,sys,31,user,63,irq,6,idle,0,wait,0,,94
CPU,sys,32,user,65,irq,3,idle,0,wait,0,,97
CPU,sys,31,user,66,irq,3,idle,0,wait,0,,97
CPU,sys,32,user,64,irq,4,idle,0,wait,0,,96
CPU,sys,30,user,66,irq,4,idle,0,wait,0,,96
CPU,sys,27,user,69,irq,4,idle,0,wait,0,,96
CPU,sys,28,user,68,irq,4,idle,0,wait,0,,96
CPU,sys,22,user,73,irq,2,idle,0,wait,3,,95
CPU,sys,13,user,82,irq,0,idle,0,wait,5,,95
CPU,sys,9,user,84,irq,1,idle,0,wait,6,,93
CPU,sys,9,user,87,irq,0,idle,0,wait,4,,96
CPU,sys,9,user,85,irq,0,idle,0,wait,6,,94
CPU,sys,9,user,87,irq,0,idle,0,wait,4,,96
CPU,sys,8,user,87,irq,0,idle,0,wait,5,,95
CPU,sys,9,user,87,irq,0,idle,0,wait,4,,96
CPU,sys,7,user,87,irq,1,idle,0,wait,5,,94
CPU,sys,8,user,87,irq,0,idle,0,wait,5,,95
CPU,sys,11,user,84,irq,0,idle,0,wait,5,,95
CPU,sys,8,user,87,irq,0,idle,0,wait,5,,95
CPU,sys,8,user,88,irq,0,idle,0,wait,4,,96
CPU,sys,9,user,86,irq,0,idle,0,wait,5,,95
CPU,sys,7,user,88,irq,0,idle,0,wait,5,,95
CPU,sys,7,user,86,irq,1,idle,0,wait,6,,93
CPU,sys,11,user,83,irq,1,idle,0,wait,5,,94
CPU,sys,9,user,86,irq,1,idle,0,wait,4,,95
CPU,sys,10,user,85,irq,0,idle,0,wait,5,,95
CPU,sys,7,user,89,irq,0,idle,0,wait,4,,96
CPU,sys,8,user,86,irq,1,idle,0,wait,5,,94
CPU,sys,11,user,85,irq,0,idle,0,wait,4,,96
CPU,sys,8,user,86,irq,1,idle,0,wait,5,,94
CPU,sys,10,user,86,irq,0,idle,0,wait,4,,96
CPU,sys,6,user,89,irq,0,idle,0,wait,5,,95
CPU,sys,13,user,83,irq,0,idle,0,wait,4,,96
CPU,sys,9,user,87,irq,0,idle,0,wait,4,,96
CPU,sys,10,user,83,irq,1,idle,0,wait,6,,93
CPU,sys,9,user,87,irq,0,idle,0,wait,4,,96
CPU,sys,7,user,88,irq,0,idle,0,wait,5,,95
CPU,sys,10,user,84,irq,0,idle,0,wait,6,,94
CPU,sys,10,user,84,irq,2,idle,0,wait,4,,94
CPU,sys,9,user,86,irq,0,idle,0,wait,5,,95
CPU,sys,8,user,87,irq,0,idle,0,wait,4,,95
CPU,sys,8,user,87,irq,0,idle,0,wait,5,,95
CPU,sys,8,user,87,irq,0,idle,0,wait,5,,95
CPU,sys,11,user,85,irq,0,idle,0,wait,4,,96
CPU,sys,11,user,83,irq,1,idle,0,wait,5,,94
CPU,sys,9,user,85,irq,0,idle,0,wait,5,,94
CPU,sys,23,user,66,irq,0,idle,0,wait,10,,89
CPU,sys,10,user,83,irq,0,idle,0,wait,7,,93
CPU,sys,9,user,82,irq,0,idle,0,wait,9,,91
CPU,sys,9,user,85,irq,0,idle,0,wait,6,,94
CPU,sys,9,user,85,irq,1,idle,0,wait,5,,94
CPU,sys,9,user,86,irq,0,idle,0,wait,5,,95
CPU,sys,8,user,85,irq,0,idle,0,wait,7,,93
CPU,sys,7,user,88,irq,0,idle,0,wait,5,,95
CPU,sys,8,user,84,irq,0,idle,0,wait,8,,92
CPU,sys,9,user,85,irq,1,idle,0,wait,5,,94
CPU,sys,8,user,88,irq,0,idle,0,wait,4,,96
CPU,sys,8,user,85,irq,1,idle,0,wait,6,,93
CPU,sys,8,user,87,irq,0,idle,0,wait,5,,95
CPU,sys,9,user,86,irq,0,idle,0,wait,5,,95
CPU,sys,9,user,85,irq,1,idle,0,wait,5,,94
CPU,sys,10,user,83,irq,1,idle,0,wait,5,,93
CPU,sys,8,user,86,irq,0,idle,0,wait,6,,94
CPU,sys,7,user,87,irq,1,idle,0,wait,4,,94
CPU,sys,9,user,85,irq,0,idle,0,wait,6,,94
CPU,sys,9,user,86,irq,0,idle,0,wait,4,,95
CPU,sys,9,user,78,irq,1,idle,0,wait,11,,87
CPU,sys,7,user,86,irq,0,idle,0,wait,7,,93
CPU,sys,9,user,84,irq,1,idle,0,wait,6,,93
CPU,sys,6,user,89,irq,0,idle,0,wait,4,,95
CPU,sys,7,user,88,irq,0,idle,0,wait,5,,95
CPU,sys,9,user,85,irq,1,idle,0,wait,4,,94
CPU,sys,9,user,78,irq,0,idle,0,wait,12,,87
CPU,sys,9,user,87,irq,0,idle,0,wait,3,,96
CPU,sys,9,user,86,irq,0,idle,0,wait,5,,95
CPU,sys,10,user,85,irq,0,idle,0,wait,5,,95
CPU,sys,10,user,86,irq,0,idle,0,wait,4,,96
CPU,sys,6,user,87,irq,0,idle,0,wait,7,,93
CPU,sys,8,user,87,irq,0,idle,0,wait,5,,95
CPU,sys,9,user,86,irq,0,idle,0,wait,5,,95
CPU,sys,9,user,84,irq,1,idle,0,wait,6,,93
CPU,sys,10,user,86,irq,0,idle,0,wait,4,,96
CPU,sys,9,user,80,irq,0,idle,0,wait,11,,89
CPU,sys,9,user,86,irq,0,idle,0,wait,5,,95
CPU,sys,9,user,86,irq,0,idle,0,wait,5,,95
CPU,sys,9,user,85,irq,0,idle,0,wait,6,,94
CPU,sys,9,user,84,irq,1,idle,0,wait,5,,93
CPU,sys,10,user,84,irq,0,idle,0,wait,6,,94
CPU,sys,8,user,85,irq,0,idle,0,wait,7,,93
CPU,sys,8,user,87,irq,0,idle,0,wait,5,,95
CPU,sys,8,user,78,irq,1,idle,0,wait,13,,86
CPU,sys,5,user,91,irq,0,idle,0,wait,4,,96
CPU,sys,9,user,85,irq,0,idle,0,wait,6,,94
CPU,sys,11,user,83,irq,1,idle,0,wait,5,,94
CPU,sys,8,user,87,irq,0,idle,0,wait,5,,95
CPU,sys,9,user,86,irq,0,idle,0,wait,5,,95
CPU,sys,9,user,85,irq,1,idle,0,wait,5,,94
CPU,sys,10,user,83,irq,1,idle,0,wait,6,,93
CPU,sys,11,user,83,irq,0,idle,0,wait,6,,94
CPU,sys,6,user,89,irq,1,idle,0,wait,4,,95
CPU,sys,7,user,88,irq,0,idle,0,wait,5,,95
CPU,sys,10,user,83,irq,0,idle,0,wait,7,,93
CPU,sys,9,user,87,irq,0,idle,0,wait,4,,96
CPU,sys,7,user,87,irq,1,idle,0,wait,5,,94
CPU,sys,9,user,86,irq,0,idle,0,wait,5,,95
CPU,sys,8,user,87,irq,1,idle,0,wait,4,,95
CPU,sys,8,user,85,irq,0,idle,0,wait,7,,93
CPU,sys,8,user,87,irq,0,idle,0,wait,5,,95
CPU,sys,9,user,85,irq,1,idle,0,wait,5,,94
,,,,,,,,,,,,
,,,,,,,,,,,média,"94,6065573770492"
,,,,,,,,,,,DP,"2,01053990137669"
