MEM | tot     3.8G | free    2.2G | cache 630.9M | buff   48.3M | slab   66.1M |
MEM | tot     3.8G | free    2.2G | cache 639.5M | buff   48.3M | slab   66.2M |
MEM | tot     3.8G | free    2.2G | cache 644.7M | buff   48.3M | slab   66.1M |
MEM | tot     3.8G | free    2.2G | cache 644.7M | buff   48.3M | slab   66.1M |
MEM | tot     3.8G | free    2.2G | cache 644.7M | buff   48.3M | slab   66.1M |
MEM | tot     3.8G | free    2.2G | cache 644.7M | buff   48.3M | slab   66.1M |
MEM | tot     3.8G | free    2.2G | cache 644.5M | buff   48.3M | slab   66.2M |
MEM | tot     3.8G | free    2.2G | cache 634.3M | buff   48.3M | slab   66.1M |
MEM | tot     3.8G | free    2.2G | cache 634.3M | buff   48.3M | slab   66.1M |
MEM | tot     3.8G | free    2.2G | cache 634.3M | buff   48.3M | slab   66.1M |
MEM | tot     3.8G | free    2.2G | cache 634.3M | buff   48.3M | slab   66.1M |
MEM | tot     3.8G | free    2.2G | cache 634.3M | buff   48.3M | slab   66.1M |
MEM | tot     3.8G | free    2.2G | cache 634.5M | buff   48.3M | slab   66.1M |
MEM | tot     3.8G | free    2.2G | cache 634.5M | buff   48.3M | slab   66.1M |
MEM | tot     3.8G | free    2.2G | cache 634.5M | buff   48.3M | slab   66.1M |
MEM | tot     3.8G | free    2.2G | cache 634.5M | buff   48.3M | slab   66.1M |
MEM | tot     3.8G | free    2.2G | cache 634.5M | buff   48.3M | slab   66.1M |
MEM | tot     3.8G | free    2.2G | cache 634.5M | buff   48.3M | slab   66.1M |
MEM | tot     3.8G | free    2.2G | cache 634.5M | buff   48.3M | slab   66.1M |
MEM | tot     3.8G | free    2.2G | cache 634.5M | buff   48.3M | slab   66.1M |
MEM | tot     3.8G | free    2.2G | cache 634.5M | buff   48.3M | slab   66.1M |
MEM | tot     3.8G | free    2.2G | cache 634.6M | buff   48.3M | slab   66.1M |
MEM | tot     3.8G | free    2.2G | cache 634.6M | buff   48.4M | slab   66.1M |
MEM | tot     3.8G | free    2.2G | cache 634.6M | buff   48.4M | slab   66.1M |
MEM | tot     3.8G | free    2.2G | cache 634.6M | buff   48.4M | slab   66.1M |
MEM | tot     3.8G | free    2.2G | cache 634.6M | buff   48.4M | slab   66.1M |
MEM | tot     3.8G | free    2.2G | cache 634.6M | buff   48.4M | slab   66.1M |
MEM | tot     3.8G | free    2.2G | cache 634.6M | buff   48.4M | slab   66.1M |
MEM | tot     3.8G | free    2.2G | cache 634.6M | buff   48.4M | slab   66.1M |
MEM | tot     3.8G | free    2.2G | cache 634.6M | buff   48.4M | slab   66.1M |
MEM | tot     3.8G | free    2.2G | cache 634.7M | buff   48.4M | slab   66.1M |
MEM | tot     3.8G | free    2.2G | cache 634.7M | buff   48.4M | slab   66.1M |
MEM | tot     3.8G | free    2.2G | cache 634.7M | buff   48.4M | slab   66.1M |
MEM | tot     3.8G | free    2.2G | cache 634.7M | buff   48.4M | slab   66.1M |
MEM | tot     3.8G | free    2.2G | cache 634.7M | buff   48.4M | slab   66.1M |
MEM | tot     3.8G | free    2.2G | cache 634.7M | buff   48.4M | slab   66.1M |
MEM | tot     3.8G | free    2.2G | cache 634.7M | buff   48.4M | slab   66.1M |
MEM | tot     3.8G | free    2.2G | cache 634.7M | buff   48.4M | slab   66.1M |
MEM | tot     3.8G | free    2.2G | cache 634.7M | buff   48.4M | slab   66.1M |
MEM | tot     3.8G | free    2.2G | cache 634.8M | buff   48.4M | slab   66.1M |
MEM | tot     3.8G | free    2.2G | cache 634.8M | buff   48.4M | slab   66.1M |
MEM | tot     3.8G | free    2.2G | cache 634.8M | buff   48.4M | slab   66.1M |
MEM | tot     3.8G | free    2.2G | cache 634.8M | buff   48.4M | slab   66.1M |
MEM | tot     3.8G | free    2.2G | cache 634.8M | buff   48.4M | slab   66.1M |
MEM | tot     3.8G | free    2.2G | cache 634.8M | buff   48.4M | slab   66.1M |
MEM | tot     3.8G | free    2.2G | cache 634.8M | buff   48.4M | slab   66.1M |
MEM | tot     3.8G | free    2.2G | cache 634.8M | buff   48.4M | slab   66.1M |
MEM | tot     3.8G | free    2.2G | cache 634.8M | buff   48.4M | slab   66.1M |
MEM | tot     3.8G | free    2.2G | cache 634.9M | buff   48.4M | slab   66.1M |
MEM | tot     3.8G | free    2.2G | cache 634.9M | buff   48.4M | slab   66.1M |
MEM | tot     3.8G | free    2.2G | cache 634.9M | buff   48.4M | slab   66.1M |
MEM | tot     3.8G | free    2.2G | cache 634.9M | buff   48.4M | slab   66.1M |
MEM | tot     3.8G | free    2.2G | cache 634.9M | buff   48.4M | slab   66.1M |
MEM | tot     3.8G | free    2.2G | cache 636.2M | buff   48.4M | slab   66.1M |
MEM | tot     3.8G | free    2.2G | cache 642.2M | buff   48.4M | slab   66.1M |
MEM | tot     3.8G | free    2.2G | cache 643.2M | buff   48.4M | slab   66.1M |
MEM | tot     3.8G | free    2.2G | cache 644.7M | buff   48.4M | slab   66.1M |
MEM | tot     3.8G | free    2.1G | cache 645.2M | buff   48.4M | slab   66.2M |
MEM | tot     3.8G | free    2.2G | cache 645.2M | buff   48.4M | slab   66.2M |
MEM | tot     3.8G | free    2.2G | cache 645.2M | buff   48.4M | slab   66.2M |
MEM | tot     3.8G | free    2.2G | cache 645.4M | buff   48.4M | slab   66.2M |
MEM | tot     3.8G | free    2.2G | cache 644.9M | buff   48.4M | slab   66.2M |
MEM | tot     3.8G | free    2.2G | cache 644.9M | buff   48.4M | slab   66.2M |
MEM | tot     3.8G | free    2.2G | cache 643.1M | buff   48.4M | slab   66.2M |
MEM | tot     3.8G | free    2.2G | cache 642.9M | buff   48.4M | slab   66.2M |
