MEM | tot     3.8G | free    2.2G | cache 630.9M | buff   48.2M | slab   66.1M |
MEM | tot     3.8G | free    2.2G | cache 633.2M | buff   48.2M | slab   66.1M |
MEM | tot     3.8G | free    2.2G | cache 642.4M | buff   48.2M | slab   66.1M |
MEM | tot     3.8G | free    2.2G | cache 642.4M | buff   48.2M | slab   66.1M |
MEM | tot     3.8G | free    2.2G | cache 642.5M | buff   48.2M | slab   66.1M |
MEM | tot     3.8G | free    2.2G | cache 642.5M | buff   48.2M | slab   66.1M |
MEM | tot     3.8G | free    2.2G | cache 642.2M | buff   48.2M | slab   66.1M |
MEM | tot     3.8G | free    2.2G | cache 641.8M | buff   48.2M | slab   66.1M |
MEM | tot     3.8G | free    2.2G | cache 634.3M | buff   48.2M | slab   66.1M |
MEM | tot     3.8G | free    2.2G | cache 634.3M | buff   48.2M | slab   66.1M |
MEM | tot     3.8G | free    2.2G | cache 634.3M | buff   48.2M | slab   66.1M |
MEM | tot     3.8G | free    2.2G | cache 634.3M | buff   48.2M | slab   66.1M |
MEM | tot     3.8G | free    2.2G | cache 634.3M | buff   48.2M | slab   66.1M |
MEM | tot     3.8G | free    2.2G | cache 634.3M | buff   48.2M | slab   66.1M |
MEM | tot     3.8G | free    2.2G | cache 634.3M | buff   48.2M | slab   66.1M |
MEM | tot     3.8G | free    2.2G | cache 634.3M | buff   48.2M | slab   66.1M |
MEM | tot     3.8G | free    2.2G | cache 634.4M | buff   48.2M | slab   66.1M |
MEM | tot     3.8G | free    2.2G | cache 634.4M | buff   48.3M | slab   66.1M |
MEM | tot     3.8G | free    2.2G | cache 634.4M | buff   48.3M | slab   66.1M |
MEM | tot     3.8G | free    2.2G | cache 634.4M | buff   48.3M | slab   66.1M |
MEM | tot     3.8G | free    2.2G | cache 634.4M | buff   48.3M | slab   66.1M |
MEM | tot     3.8G | free    2.2G | cache 634.4M | buff   48.3M | slab   66.1M |
MEM | tot     3.8G | free    2.2G | cache 634.4M | buff   48.3M | slab   66.1M |
MEM | tot     3.8G | free    2.2G | cache 634.4M | buff   48.3M | slab   66.1M |
MEM | tot     3.8G | free    2.2G | cache 634.4M | buff   48.3M | slab   66.1M |
MEM | tot     3.8G | free    2.2G | cache 634.5M | buff   48.3M | slab   66.1M |
MEM | tot     3.8G | free    2.2G | cache 634.5M | buff   48.3M | slab   66.1M |
MEM | tot     3.8G | free    2.2G | cache 634.5M | buff   48.3M | slab   66.1M |
MEM | tot     3.8G | free    2.2G | cache 634.5M | buff   48.3M | slab   66.1M |
MEM | tot     3.8G | free    2.2G | cache 634.5M | buff   48.3M | slab   66.1M |
MEM | tot     3.8G | free    2.2G | cache 634.5M | buff   48.3M | slab   66.1M |
MEM | tot     3.8G | free    2.2G | cache 634.5M | buff   48.3M | slab   66.1M |
MEM | tot     3.8G | free    2.2G | cache 634.5M | buff   48.3M | slab   66.1M |
MEM | tot     3.8G | free    2.2G | cache 634.5M | buff   48.3M | slab   66.1M |
MEM | tot     3.8G | free    2.2G | cache 634.6M | buff   48.3M | slab   66.1M |
MEM | tot     3.8G | free    2.2G | cache 634.6M | buff   48.3M | slab   66.1M |
MEM | tot     3.8G | free    2.2G | cache 634.6M | buff   48.3M | slab   66.1M |
MEM | tot     3.8G | free    2.2G | cache 634.6M | buff   48.3M | slab   66.1M |
MEM | tot     3.8G | free    2.2G | cache 634.6M | buff   48.3M | slab   66.1M |
MEM | tot     3.8G | free    2.2G | cache 634.6M | buff   48.3M | slab   66.1M |
MEM | tot     3.8G | free    2.2G | cache 634.6M | buff   48.3M | slab   66.1M |
MEM | tot     3.8G | free    2.2G | cache 634.6M | buff   48.3M | slab   66.1M |
MEM | tot     3.8G | free    2.2G | cache 634.6M | buff   48.3M | slab   66.1M |
MEM | tot     3.8G | free    2.2G | cache 634.7M | buff   48.3M | slab   66.1M |
MEM | tot     3.8G | free    2.2G | cache 634.7M | buff   48.3M | slab   66.1M |
MEM | tot     3.8G | free    2.2G | cache 634.7M | buff   48.3M | slab   66.1M |
MEM | tot     3.8G | free    2.2G | cache 634.7M | buff   48.3M | slab   66.2M |
MEM | tot     3.8G | free    2.2G | cache 634.7M | buff   48.3M | slab   66.1M |
MEM | tot     3.8G | free    2.2G | cache 634.7M | buff   48.3M | slab   66.1M |
