MEM | tot     3.8G | free    2.2G | cache 626.3M | buff   48.0M | slab   66.0M |
MEM | tot     3.8G | free    2.2G | cache 631.0M | buff   48.0M | slab   66.1M |
MEM | tot     3.8G | free    2.2G | cache 635.5M | buff   48.0M | slab   66.1M |
MEM | tot     3.8G | free    2.2G | cache 635.5M | buff   48.0M | slab   66.1M |
MEM | tot     3.8G | free    2.2G | cache 635.5M | buff   48.0M | slab   66.1M |
MEM | tot     3.8G | free    2.2G | cache 635.5M | buff   48.0M | slab   66.1M |
MEM | tot     3.8G | free    2.2G | cache 635.0M | buff   48.0M | slab   66.0M |
MEM | tot     3.8G | free    2.2G | cache 634.3M | buff   48.0M | slab   66.0M |
MEM | tot     3.8G | free    2.2G | cache 634.3M | buff   48.0M | slab   66.0M |
MEM | tot     3.8G | free    2.2G | cache 634.3M | buff   48.0M | slab   66.0M |
MEM | tot     3.8G | free    2.2G | cache 634.3M | buff   48.0M | slab   66.0M |
MEM | tot     3.8G | free    2.2G | cache 634.4M | buff   48.0M | slab   66.0M |
MEM | tot     3.8G | free    2.2G | cache 634.4M | buff   48.0M | slab   66.0M |
MEM | tot     3.8G | free    2.2G | cache 634.4M | buff   48.1M | slab   66.0M |
MEM | tot     3.8G | free    2.2G | cache 634.4M | buff   48.1M | slab   66.0M |
MEM | tot     3.8G | free    2.2G | cache 634.4M | buff   48.1M | slab   66.0M |
MEM | tot     3.8G | free    2.2G | cache 634.4M | buff   48.1M | slab   66.0M |
MEM | tot     3.8G | free    2.2G | cache 634.4M | buff   48.1M | slab   66.0M |
MEM | tot     3.8G | free    2.2G | cache 634.4M | buff   48.1M | slab   66.0M |
MEM | tot     3.8G | free    2.2G | cache 634.4M | buff   48.1M | slab   66.0M |
MEM | tot     3.8G | free    2.2G | cache 634.5M | buff   48.1M | slab   66.0M |
MEM | tot     3.8G | free    2.2G | cache 634.5M | buff   48.1M | slab   66.0M |
MEM | tot     3.8G | free    2.2G | cache 634.5M | buff   48.1M | slab   66.0M |
MEM | tot     3.8G | free    2.2G | cache 634.5M | buff   48.1M | slab   66.0M |
MEM | tot     3.8G | free    2.2G | cache 634.5M | buff   48.1M | slab   66.0M |
MEM | tot     3.8G | free    2.2G | cache 634.5M | buff   48.1M | slab   66.0M |
MEM | tot     3.8G | free    2.2G | cache 634.5M | buff   48.1M | slab   66.0M |
MEM | tot     3.8G | free    2.2G | cache 634.5M | buff   48.1M | slab   66.0M |
MEM | tot     3.8G | free    2.2G | cache 634.5M | buff   48.1M | slab   66.0M |
MEM | tot     3.8G | free    2.2G | cache 634.6M | buff   48.1M | slab   66.0M |
MEM | tot     3.8G | free    2.2G | cache 634.6M | buff   48.1M | slab   66.0M |
MEM | tot     3.8G | free    2.2G | cache 634.6M | buff   48.1M | slab   66.0M |
MEM | tot     3.8G | free    2.2G | cache 634.6M | buff   48.1M | slab   66.0M |
MEM | tot     3.8G | free    2.2G | cache 634.6M | buff   48.1M | slab   66.0M |
MEM | tot     3.8G | free    2.2G | cache 634.6M | buff   48.1M | slab   66.0M |
MEM | tot     3.8G | free    2.2G | cache 634.6M | buff   48.1M | slab   66.0M |
MEM | tot     3.8G | free    2.2G | cache 634.6M | buff   48.1M | slab   66.0M |
MEM | tot     3.8G | free    2.2G | cache 634.6M | buff   48.1M | slab   66.0M |
MEM | tot     3.8G | free    2.2G | cache 634.7M | buff   48.1M | slab   66.0M |
MEM | tot     3.8G | free    2.2G | cache 634.7M | buff   48.1M | slab   66.0M |
MEM | tot     3.8G | free    2.2G | cache 634.7M | buff   48.1M | slab   66.0M |
MEM | tot     3.8G | free    2.2G | cache 634.7M | buff   48.1M | slab   66.0M |
MEM | tot     3.8G | free    2.2G | cache 634.7M | buff   48.1M | slab   66.0M |
MEM | tot     3.8G | free    2.2G | cache 634.7M | buff   48.1M | slab   66.0M |
MEM | tot     3.8G | free    2.2G | cache 634.7M | buff   48.1M | slab   66.0M |
MEM | tot     3.8G | free    2.2G | cache 634.7M | buff   48.1M | slab   66.0M |
MEM | tot     3.8G | free    2.2G | cache 634.8M | buff   48.1M | slab   66.0M |
MEM | tot     3.8G | free    2.2G | cache 634.8M | buff   48.1M | slab   66.0M |
MEM | tot     3.8G | free    2.2G | cache 634.8M | buff   48.1M | slab   66.0M |
MEM | tot     3.8G | free    2.2G | cache 634.8M | buff   48.1M | slab   66.0M |
MEM | tot     3.8G | free    2.2G | cache 634.8M | buff   48.1M | slab   66.0M |
MEM | tot     3.8G | free    2.2G | cache 634.8M | buff   48.1M | slab   66.0M |
MEM | tot     3.8G | free    2.2G | cache 634.8M | buff   48.1M | slab   66.0M |
MEM | tot     3.8G | free    2.2G | cache 634.8M | buff   48.1M | slab   66.0M |
MEM | tot     3.8G | free    2.2G | cache 634.8M | buff   48.1M | slab   66.0M |
MEM | tot     3.8G | free    2.2G | cache 634.9M | buff   48.1M | slab   66.0M |
MEM | tot     3.8G | free    2.2G | cache 634.9M | buff   48.1M | slab   66.0M |
MEM | tot     3.8G | free    2.2G | cache 634.9M | buff   48.1M | slab   66.0M |
MEM | tot     3.8G | free    2.2G | cache 634.9M | buff   48.1M | slab   66.0M |
MEM | tot     3.8G | free    2.2G | cache 634.9M | buff   48.1M | slab   66.0M |
MEM | tot     3.8G | free    2.2G | cache 634.9M | buff   48.1M | slab   66.0M |
MEM | tot     3.8G | free    2.2G | cache 634.9M | buff   48.1M | slab   66.0M |
MEM | tot     3.8G | free    2.2G | cache 634.9M | buff   48.1M | slab   66.0M |
MEM | tot     3.8G | free    2.2G | cache 634.9M | buff   48.1M | slab   66.0M |
MEM | tot     3.8G | free    2.2G | cache 635.0M | buff   48.1M | slab   66.0M |
MEM | tot     3.8G | free    2.2G | cache 635.0M | buff   48.1M | slab   66.0M |
MEM | tot     3.8G | free    2.2G | cache 635.0M | buff   48.1M | slab   66.0M |
MEM | tot     3.8G | free    2.2G | cache 635.0M | buff   48.1M | slab   66.0M |
MEM | tot     3.8G | free    2.2G | cache 635.0M | buff   48.1M | slab   66.0M |
MEM | tot     3.8G | free    2.2G | cache 635.0M | buff   48.1M | slab   66.0M |
MEM | tot     3.8G | free    2.2G | cache 635.0M | buff   48.1M | slab   66.0M |
MEM | tot     3.8G | free    2.2G | cache 630.6M | buff   48.1M | slab   66.1M |
MEM | tot     3.8G | free    2.2G | cache 630.7M | buff   48.1M | slab   66.1M |
MEM | tot     3.8G | free    2.2G | cache 630.7M | buff   48.1M | slab   66.1M |
MEM | tot     3.8G | free    2.2G | cache 630.8M | buff   48.1M | slab   66.1M |
MEM | tot     3.8G | free    2.2G | cache 630.8M | buff   48.1M | slab   66.1M |
MEM | tot     3.8G | free    2.2G | cache 630.8M | buff   48.1M | slab   66.1M |
MEM | tot     3.8G | free    2.2G | cache 630.8M | buff   48.1M | slab   66.1M |
MEM | tot     3.8G | free    2.2G | cache 630.8M | buff   48.2M | slab   66.1M |
MEM | tot     3.8G | free    2.2G | cache 630.8M | buff   48.2M | slab   66.1M |
MEM | tot     3.8G | free    2.2G | cache 630.8M | buff   48.2M | slab   66.1M |
MEM | tot     3.8G | free    2.2G | cache 630.8M | buff   48.2M | slab   66.1M |
MEM | tot     3.8G | free    2.2G | cache 630.8M | buff   48.2M | slab   66.1M |
MEM | tot     3.8G | free    2.2G | cache 630.9M | buff   48.2M | slab   66.1M |
MEM | tot     3.8G | free    2.2G | cache 630.9M | buff   48.2M | slab   66.1M |
MEM | tot     3.8G | free    2.2G | cache 630.9M | buff   48.2M | slab   66.1M |
MEM | tot     3.8G | free    2.2G | cache 630.9M | buff   48.2M | slab   66.1M |
MEM | tot     3.8G | free    2.2G | cache 630.9M | buff   48.2M | slab   66.1M |
MEM | tot     3.8G | free    2.2G | cache 630.9M | buff   48.2M | slab   66.1M |
MEM | tot     3.8G | free    2.2G | cache 630.9M | buff   48.2M | slab   66.1M |
MEM | tot     3.8G | free    2.2G | cache 630.9M | buff   48.2M | slab   66.1M |
MEM | tot     3.8G | free    2.2G | cache 630.9M | buff   48.2M | slab   66.1M |
MEM | tot     3.8G | free    2.2G | cache 631.0M | buff   48.2M | slab   66.1M |
MEM | tot     3.8G | free    2.2G | cache 631.0M | buff   48.2M | slab   66.1M |
MEM | tot     3.8G | free    2.2G | cache 631.0M | buff   48.2M | slab   66.1M |
MEM | tot     3.8G | free    2.2G | cache 631.0M | buff   48.2M | slab   66.1M |
MEM | tot     3.8G | free    2.2G | cache 631.0M | buff   48.2M | slab   66.1M |
MEM | tot     3.8G | free    2.2G | cache 631.0M | buff   48.2M | slab   66.1M |
MEM | tot     3.8G | free    2.2G | cache 631.0M | buff   48.2M | slab   66.1M |
MEM | tot     3.8G | free    2.2G | cache 631.0M | buff   48.2M | slab   66.1M |
MEM | tot     3.8G | free    2.2G | cache 631.0M | buff   48.2M | slab   66.1M |
MEM | tot     3.8G | free    2.2G | cache 631.1M | buff   48.2M | slab   66.1M |
MEM | tot     3.8G | free    2.2G | cache 631.1M | buff   48.2M | slab   66.1M |
MEM | tot     3.8G | free    2.2G | cache 631.1M | buff   48.2M | slab   66.1M |
MEM | tot     3.8G | free    2.2G | cache 631.1M | buff   48.2M | slab   66.1M |
MEM | tot     3.8G | free    2.2G | cache 631.1M | buff   48.2M | slab   66.1M |
MEM | tot     3.8G | free    2.2G | cache 631.1M | buff   48.2M | slab   66.1M |
MEM | tot     3.8G | free    2.2G | cache 631.1M | buff   48.2M | slab   66.1M |
MEM | tot     3.8G | free    2.2G | cache 631.1M | buff   48.2M | slab   66.1M |
MEM | tot     3.8G | free    2.2G | cache 631.1M | buff   48.2M | slab   66.1M |
MEM | tot     3.8G | free    2.2G | cache 631.2M | buff   48.2M | slab   66.1M |
