MEM | tot     3.8G | free    2.2G | cache 626.5M | buff   48.2M | slab   66.1M |
MEM | tot     3.8G | free    2.2G | cache 638.1M | buff   48.2M | slab   66.1M |
MEM | tot     3.8G | free    2.2G | cache 644.9M | buff   48.2M | slab   66.1M |
MEM | tot     3.8G | free    2.2G | cache 644.9M | buff   48.2M | slab   66.1M |
MEM | tot     3.8G | free    2.2G | cache 644.9M | buff   48.2M | slab   66.1M |
MEM | tot     3.8G | free    2.2G | cache 644.9M | buff   48.2M | slab   66.1M |
MEM | tot     3.8G | free    2.2G | cache 644.9M | buff   48.2M | slab   66.1M |
MEM | tot     3.8G | free    2.2G | cache 634.2M | buff   48.2M | slab   66.1M |
MEM | tot     3.8G | free    2.2G | cache 634.2M | buff   48.2M | slab   66.1M |
MEM | tot     3.8G | free    2.2G | cache 634.2M | buff   48.2M | slab   66.1M |
MEM | tot     3.8G | free    2.2G | cache 634.2M | buff   48.2M | slab   66.1M |
MEM | tot     3.8G | free    2.2G | cache 634.3M | buff   48.2M | slab   66.1M |
