E,tot,"3,8",free,"2,2",cache,"630,9",buff,"48,2",slab,"66,1",,"1,6"
E,tot,"3,8",free,"2,2",cache,"633,2",buff,"48,2",slab,"66,1",,"1,6"
E,tot,"3,8",free,"2,2",cache,"642,4",buff,"48,2",slab,"66,1",,"1,6"
E,tot,"3,8",free,"2,2",cache,"642,4",buff,"48,2",slab,"66,1",,"1,6"
E,tot,"3,8",free,"2,2",cache,"642,5",buff,"48,2",slab,"66,1",,"1,6"
E,tot,"3,8",free,"2,2",cache,"642,5",buff,"48,2",slab,"66,1",,"1,6"
E,tot,"3,8",free,"2,2",cache,"642,2",buff,"48,2",slab,"66,1",,"1,6"
E,tot,"3,8",free,"2,2",cache,"641,8",buff,"48,2",slab,"66,1",,"1,6"
E,tot,"3,8",free,"2,2",cache,"634,3",buff,"48,2",slab,"66,1",,"1,6"
E,tot,"3,8",free,"2,2",cache,"634,3",buff,"48,2",slab,"66,1",,"1,6"
E,tot,"3,8",free,"2,2",cache,"634,3",buff,"48,2",slab,"66,1",,"1,6"
E,tot,"3,8",free,"2,2",cache,"634,3",buff,"48,2",slab,"66,1",,"1,6"
E,tot,"3,8",free,"2,2",cache,"634,3",buff,"48,2",slab,"66,1",,"1,6"
E,tot,"3,8",free,"2,2",cache,"634,3",buff,"48,2",slab,"66,1",,"1,6"
E,tot,"3,8",free,"2,2",cache,"634,3",buff,"48,2",slab,"66,1",,"1,6"
E,tot,"3,8",free,"2,2",cache,"634,3",buff,"48,2",slab,"66,1",,"1,6"
E,tot,"3,8",free,"2,2",cache,"634,4",buff,"48,2",slab,"66,1",,"1,6"
E,tot,"3,8",free,"2,2",cache,"634,4",buff,"48,3",slab,"66,1",,"1,6"
E,tot,"3,8",free,"2,2",cache,"634,4",buff,"48,3",slab,"66,1",,"1,6"
E,tot,"3,8",free,"2,2",cache,"634,4",buff,"48,3",slab,"66,1",,"1,6"
E,tot,"3,8",free,"2,2",cache,"634,4",buff,"48,3",slab,"66,1",,"1,6"
E,tot,"3,8",free,"2,2",cache,"634,4",buff,"48,3",slab,"66,1",,"1,6"
E,tot,"3,8",free,"2,2",cache,"634,4",buff,"48,3",slab,"66,1",,"1,6"
E,tot,"3,8",free,"2,2",cache,"634,4",buff,"48,3",slab,"66,1",,"1,6"
E,tot,"3,8",free,"2,2",cache,"634,4",buff,"48,3",slab,"66,1",,"1,6"
E,tot,"3,8",free,"2,2",cache,"634,5",buff,"48,3",slab,"66,1",,"1,6"
E,tot,"3,8",free,"2,2",cache,"634,5",buff,"48,3",slab,"66,1",,"1,6"
E,tot,"3,8",free,"2,2",cache,"634,5",buff,"48,3",slab,"66,1",,"1,6"
E,tot,"3,8",free,"2,2",cache,"634,5",buff,"48,3",slab,"66,1",,"1,6"
E,tot,"3,8",free,"2,2",cache,"634,5",buff,"48,3",slab,"66,1",,"1,6"
E,tot,"3,8",free,"2,2",cache,"634,5",buff,"48,3",slab,"66,1",,"1,6"
E,tot,"3,8",free,"2,2",cache,"634,5",buff,"48,3",slab,"66,1",,"1,6"
E,tot,"3,8",free,"2,2",cache,"634,5",buff,"48,3",slab,"66,1",,"1,6"
E,tot,"3,8",free,"2,2",cache,"634,5",buff,"48,3",slab,"66,1",,"1,6"
E,tot,"3,8",free,"2,2",cache,"634,6",buff,"48,3",slab,"66,1",,"1,6"
E,tot,"3,8",free,"2,2",cache,"634,6",buff,"48,3",slab,"66,1",,"1,6"
E,tot,"3,8",free,"2,2",cache,"634,6",buff,"48,3",slab,"66,1",,"1,6"
E,tot,"3,8",free,"2,2",cache,"634,6",buff,"48,3",slab,"66,1",,"1,6"
E,tot,"3,8",free,"2,2",cache,"634,6",buff,"48,3",slab,"66,1",,"1,6"
E,tot,"3,8",free,"2,2",cache,"634,6",buff,"48,3",slab,"66,1",,"1,6"
E,tot,"3,8",free,"2,2",cache,"634,6",buff,"48,3",slab,"66,1",,"1,6"
E,tot,"3,8",free,"2,2",cache,"634,6",buff,"48,3",slab,"66,1",,"1,6"
E,tot,"3,8",free,"2,2",cache,"634,6",buff,"48,3",slab,"66,1",,"1,6"
E,tot,"3,8",free,"2,2",cache,"634,7",buff,"48,3",slab,"66,1",,"1,6"
E,tot,"3,8",free,"2,2",cache,"634,7",buff,"48,3",slab,"66,1",,"1,6"
E,tot,"3,8",free,"2,2",cache,"634,7",buff,"48,3",slab,"66,1",,"1,6"
E,tot,"3,8",free,"2,2",cache,"634,7",buff,"48,3",slab,"66,2",,"1,6"
E,tot,"3,8",free,"2,2",cache,"634,7",buff,"48,3",slab,"66,1",,"1,6"
E,tot,"3,8",free,"2,2",cache,"634,7",buff,"48,3",slab,"66,1",,"1,6"
,,,,,,,,,,,,
,,,,,,,,,,,média,"1,6"
,,,,,,,,,,,DP,0
