E,tot,"3,8",free,"2,2",cache,"630,9",buff,"48,3",slab,"66,1",,"1,6"
E,tot,"3,8",free,"2,2",cache,"639,5",buff,"48,3",slab,"66,2",,"1,6"
E,tot,"3,8",free,"2,2",cache,"644,7",buff,"48,3",slab,"66,1",,"1,6"
E,tot,"3,8",free,"2,2",cache,"644,7",buff,"48,3",slab,"66,1",,"1,6"
E,tot,"3,8",free,"2,2",cache,"644,7",buff,"48,3",slab,"66,1",,"1,6"
E,tot,"3,8",free,"2,2",cache,"644,7",buff,"48,3",slab,"66,1",,"1,6"
E,tot,"3,8",free,"2,2",cache,"644,5",buff,"48,3",slab,"66,2",,"1,6"
E,tot,"3,8",free,"2,2",cache,"634,3",buff,"48,3",slab,"66,1",,"1,6"
E,tot,"3,8",free,"2,2",cache,"634,3",buff,"48,3",slab,"66,1",,"1,6"
E,tot,"3,8",free,"2,2",cache,"634,3",buff,"48,3",slab,"66,1",,"1,6"
E,tot,"3,8",free,"2,2",cache,"634,3",buff,"48,3",slab,"66,1",,"1,6"
E,tot,"3,8",free,"2,2",cache,"634,3",buff,"48,3",slab,"66,1",,"1,6"
E,tot,"3,8",free,"2,2",cache,"634,5",buff,"48,3",slab,"66,1",,"1,6"
E,tot,"3,8",free,"2,2",cache,"634,5",buff,"48,3",slab,"66,1",,"1,6"
E,tot,"3,8",free,"2,2",cache,"634,5",buff,"48,3",slab,"66,1",,"1,6"
E,tot,"3,8",free,"2,2",cache,"634,5",buff,"48,3",slab,"66,1",,"1,6"
E,tot,"3,8",free,"2,2",cache,"634,5",buff,"48,3",slab,"66,1",,"1,6"
E,tot,"3,8",free,"2,2",cache,"634,5",buff,"48,3",slab,"66,1",,"1,6"
E,tot,"3,8",free,"2,2",cache,"634,5",buff,"48,3",slab,"66,1",,"1,6"
E,tot,"3,8",free,"2,2",cache,"634,5",buff,"48,3",slab,"66,1",,"1,6"
E,tot,"3,8",free,"2,2",cache,"634,5",buff,"48,3",slab,"66,1",,"1,6"
E,tot,"3,8",free,"2,2",cache,"634,6",buff,"48,3",slab,"66,1",,"1,6"
E,tot,"3,8",free,"2,2",cache,"634,6",buff,"48,4",slab,"66,1",,"1,6"
E,tot,"3,8",free,"2,2",cache,"634,6",buff,"48,4",slab,"66,1",,"1,6"
E,tot,"3,8",free,"2,2",cache,"634,6",buff,"48,4",slab,"66,1",,"1,6"
E,tot,"3,8",free,"2,2",cache,"634,6",buff,"48,4",slab,"66,1",,"1,6"
E,tot,"3,8",free,"2,2",cache,"634,6",buff,"48,4",slab,"66,1",,"1,6"
E,tot,"3,8",free,"2,2",cache,"634,6",buff,"48,4",slab,"66,1",,"1,6"
E,tot,"3,8",free,"2,2",cache,"634,6",buff,"48,4",slab,"66,1",,"1,6"
E,tot,"3,8",free,"2,2",cache,"634,6",buff,"48,4",slab,"66,1",,"1,6"
E,tot,"3,8",free,"2,2",cache,"634,7",buff,"48,4",slab,"66,1",,"1,6"
E,tot,"3,8",free,"2,2",cache,"634,7",buff,"48,4",slab,"66,1",,"1,6"
E,tot,"3,8",free,"2,2",cache,"634,7",buff,"48,4",slab,"66,1",,"1,6"
E,tot,"3,8",free,"2,2",cache,"634,7",buff,"48,4",slab,"66,1",,"1,6"
E,tot,"3,8",free,"2,2",cache,"634,7",buff,"48,4",slab,"66,1",,"1,6"
E,tot,"3,8",free,"2,2",cache,"634,7",buff,"48,4",slab,"66,1",,"1,6"
E,tot,"3,8",free,"2,2",cache,"634,7",buff,"48,4",slab,"66,1",,"1,6"
E,tot,"3,8",free,"2,2",cache,"634,7",buff,"48,4",slab,"66,1",,"1,6"
E,tot,"3,8",free,"2,2",cache,"634,7",buff,"48,4",slab,"66,1",,"1,6"
E,tot,"3,8",free,"2,2",cache,"634,8",buff,"48,4",slab,"66,1",,"1,6"
E,tot,"3,8",free,"2,2",cache,"634,8",buff,"48,4",slab,"66,1",,"1,6"
E,tot,"3,8",free,"2,2",cache,"634,8",buff,"48,4",slab,"66,1",,"1,6"
E,tot,"3,8",free,"2,2",cache,"634,8",buff,"48,4",slab,"66,1",,"1,6"
E,tot,"3,8",free,"2,2",cache,"634,8",buff,"48,4",slab,"66,1",,"1,6"
E,tot,"3,8",free,"2,2",cache,"634,8",buff,"48,4",slab,"66,1",,"1,6"
E,tot,"3,8",free,"2,2",cache,"634,8",buff,"48,4",slab,"66,1",,"1,6"
E,tot,"3,8",free,"2,2",cache,"634,8",buff,"48,4",slab,"66,1",,"1,6"
E,tot,"3,8",free,"2,2",cache,"634,8",buff,"48,4",slab,"66,1",,"1,6"
E,tot,"3,8",free,"2,2",cache,"634,9",buff,"48,4",slab,"66,1",,"1,6"
E,tot,"3,8",free,"2,2",cache,"634,9",buff,"48,4",slab,"66,1",,"1,6"
E,tot,"3,8",free,"2,2",cache,"634,9",buff,"48,4",slab,"66,1",,"1,6"
E,tot,"3,8",free,"2,2",cache,"634,9",buff,"48,4",slab,"66,1",,"1,6"
E,tot,"3,8",free,"2,2",cache,"634,9",buff,"48,4",slab,"66,1",,"1,6"
E,tot,"3,8",free,"2,2",cache,"636,2",buff,"48,4",slab,"66,1",,"1,6"
E,tot,"3,8",free,"2,2",cache,"642,2",buff,"48,4",slab,"66,1",,"1,6"
E,tot,"3,8",free,"2,2",cache,"643,2",buff,"48,4",slab,"66,1",,"1,6"
E,tot,"3,8",free,"2,2",cache,"644,7",buff,"48,4",slab,"66,1",,"1,6"
E,tot,"3,8",free,"2,1",cache,"645,2",buff,"48,4",slab,"66,2",,"1,7"
E,tot,"3,8",free,"2,2",cache,"645,2",buff,"48,4",slab,"66,2",,"1,6"
E,tot,"3,8",free,"2,2",cache,"645,2",buff,"48,4",slab,"66,2",,"1,6"
E,tot,"3,8",free,"2,2",cache,"645,4",buff,"48,4",slab,"66,2",,"1,6"
E,tot,"3,8",free,"2,2",cache,"644,9",buff,"48,4",slab,"66,2",,"1,6"
E,tot,"3,8",free,"2,2",cache,"644,9",buff,"48,4",slab,"66,2",,"1,6"
E,tot,"3,8",free,"2,2",cache,"643,1",buff,"48,4",slab,"66,2",,"1,6"
E,tot,"3,8",free,"2,2",cache,"642,9",buff,"48,4",slab,"66,2",,"1,6"
,,,,,,,,,,,,
,,,,,,,,,,,média,"1,60153846153846"
,,,,,,,,,,,DP,"0,0124034734589209"
