CPU,sys,12,user,34,irq,1,idle,30,wait,23,,46
CPU,sys,35,user,65,irq,0,idle,0,wait,0,,100
CPU,sys,24,user,76,irq,0,idle,0,wait,0,,100
CPU,sys,32,user,67,irq,1,idle,0,wait,0,,99
CPU,sys,24,user,72,irq,4,idle,0,wait,0,,96
CPU,sys,31,user,66,irq,3,idle,0,wait,0,,97
CPU,sys,33,user,66,irq,1,idle,0,wait,0,,99
CPU,sys,27,user,69,irq,4,idle,0,wait,0,,96
CPU,sys,31,user,66,irq,3,idle,0,wait,0,,97
CPU,sys,28,user,69,irq,3,idle,0,wait,0,,97
CPU,sys,34,user,60,irq,6,idle,0,wait,0,,94
CPU,sys,29,user,68,irq,3,idle,0,wait,0,,97
CPU,sys,26,user,65,irq,5,idle,0,wait,4,,91
CPU,sys,10,user,63,irq,0,idle,0,wait,27,,73
CPU,sys,9,user,62,irq,0,idle,0,wait,29,,71
CPU,sys,7,user,66,irq,0,idle,0,wait,27,,73
CPU,sys,9,user,65,irq,0,idle,0,wait,26,,74
CPU,sys,10,user,63,irq,1,idle,0,wait,26,,73
CPU,sys,15,user,57,irq,1,idle,0,wait,27,,72
CPU,sys,10,user,65,irq,0,idle,0,wait,25,,75
CPU,sys,11,user,60,irq,2,idle,0,wait,27,,71
CPU,sys,13,user,62,irq,0,idle,0,wait,25,,75
CPU,sys,8,user,66,irq,0,idle,0,wait,26,,74
CPU,sys,11,user,62,irq,2,idle,0,wait,25,,73
CPU,sys,11,user,64,irq,0,idle,0,wait,25,,75
CPU,sys,11,user,63,irq,1,idle,0,wait,25,,74
CPU,sys,12,user,62,irq,0,idle,0,wait,26,,74
CPU,sys,12,user,62,irq,1,idle,0,wait,25,,74
CPU,sys,10,user,65,irq,0,idle,0,wait,24,,75
CPU,sys,12,user,62,irq,1,idle,0,wait,25,,74
CPU,sys,12,user,62,irq,1,idle,0,wait,25,,74
CPU,sys,11,user,64,irq,0,idle,0,wait,24,,75
CPU,sys,12,user,64,irq,0,idle,0,wait,24,,76
CPU,sys,9,user,68,irq,0,idle,0,wait,23,,77
CPU,sys,9,user,66,irq,0,idle,0,wait,25,,75
CPU,sys,11,user,66,irq,1,idle,0,wait,23,,77
CPU,sys,10,user,66,irq,1,idle,0,wait,23,,76
CPU,sys,8,user,67,irq,2,idle,0,wait,22,,75
CPU,sys,9,user,68,irq,1,idle,0,wait,23,,77
CPU,sys,8,user,70,irq,0,idle,0,wait,23,,78
CPU,sys,13,user,65,irq,1,idle,0,wait,22,,78
CPU,sys,8,user,71,irq,0,idle,0,wait,21,,79
CPU,sys,8,user,71,irq,0,idle,0,wait,22,,79
CPU,sys,7,user,72,irq,0,idle,0,wait,21,,79
CPU,sys,7,user,71,irq,0,idle,0,wait,22,,78
CPU,sys,15,user,67,irq,0,idle,0,wait,18,,82
CPU,sys,30,user,69,irq,1,idle,0,wait,0,,99
CPU,sys,25,user,75,irq,0,idle,0,wait,0,,100
CPU,sys,10,user,68,irq,1,idle,0,wait,21,,78
,,,,,,,,,,,,
,,,,,,,,,,,média,"81,7708333333333"
,,,,,,,,,,,DP,"10,3640942853011"
