E,tot,"3,8",free,"2,2",cache,"626,3",buff,48,slab,66,,"1,6"
E,tot,"3,8",free,"2,2",cache,631,buff,48,slab,"66,1",,"1,6"
E,tot,"3,8",free,"2,2",cache,"635,5",buff,48,slab,"66,1",,"1,6"
E,tot,"3,8",free,"2,2",cache,"635,5",buff,48,slab,"66,1",,"1,6"
E,tot,"3,8",free,"2,2",cache,"635,5",buff,48,slab,"66,1",,"1,6"
E,tot,"3,8",free,"2,2",cache,"635,5",buff,48,slab,"66,1",,"1,6"
E,tot,"3,8",free,"2,2",cache,635,buff,48,slab,66,,"1,6"
E,tot,"3,8",free,"2,2",cache,"634,3",buff,48,slab,66,,"1,6"
E,tot,"3,8",free,"2,2",cache,"634,3",buff,48,slab,66,,"1,6"
E,tot,"3,8",free,"2,2",cache,"634,3",buff,48,slab,66,,"1,6"
E,tot,"3,8",free,"2,2",cache,"634,3",buff,48,slab,66,,"1,6"
E,tot,"3,8",free,"2,2",cache,"634,4",buff,48,slab,66,,"1,6"
E,tot,"3,8",free,"2,2",cache,"634,4",buff,48,slab,66,,"1,6"
E,tot,"3,8",free,"2,2",cache,"634,4",buff,"48,1",slab,66,,"1,6"
E,tot,"3,8",free,"2,2",cache,"634,4",buff,"48,1",slab,66,,"1,6"
E,tot,"3,8",free,"2,2",cache,"634,4",buff,"48,1",slab,66,,"1,6"
E,tot,"3,8",free,"2,2",cache,"634,4",buff,"48,1",slab,66,,"1,6"
E,tot,"3,8",free,"2,2",cache,"634,4",buff,"48,1",slab,66,,"1,6"
E,tot,"3,8",free,"2,2",cache,"634,4",buff,"48,1",slab,66,,"1,6"
E,tot,"3,8",free,"2,2",cache,"634,4",buff,"48,1",slab,66,,"1,6"
E,tot,"3,8",free,"2,2",cache,"634,5",buff,"48,1",slab,66,,"1,6"
E,tot,"3,8",free,"2,2",cache,"634,5",buff,"48,1",slab,66,,"1,6"
E,tot,"3,8",free,"2,2",cache,"634,5",buff,"48,1",slab,66,,"1,6"
E,tot,"3,8",free,"2,2",cache,"634,5",buff,"48,1",slab,66,,"1,6"
E,tot,"3,8",free,"2,2",cache,"634,5",buff,"48,1",slab,66,,"1,6"
E,tot,"3,8",free,"2,2",cache,"634,5",buff,"48,1",slab,66,,"1,6"
E,tot,"3,8",free,"2,2",cache,"634,5",buff,"48,1",slab,66,,"1,6"
E,tot,"3,8",free,"2,2",cache,"634,5",buff,"48,1",slab,66,,"1,6"
E,tot,"3,8",free,"2,2",cache,"634,5",buff,"48,1",slab,66,,"1,6"
E,tot,"3,8",free,"2,2",cache,"634,6",buff,"48,1",slab,66,,"1,6"
E,tot,"3,8",free,"2,2",cache,"634,6",buff,"48,1",slab,66,,"1,6"
E,tot,"3,8",free,"2,2",cache,"634,6",buff,"48,1",slab,66,,"1,6"
E,tot,"3,8",free,"2,2",cache,"634,6",buff,"48,1",slab,66,,"1,6"
E,tot,"3,8",free,"2,2",cache,"634,6",buff,"48,1",slab,66,,"1,6"
E,tot,"3,8",free,"2,2",cache,"634,6",buff,"48,1",slab,66,,"1,6"
E,tot,"3,8",free,"2,2",cache,"634,6",buff,"48,1",slab,66,,"1,6"
E,tot,"3,8",free,"2,2",cache,"634,6",buff,"48,1",slab,66,,"1,6"
E,tot,"3,8",free,"2,2",cache,"634,6",buff,"48,1",slab,66,,"1,6"
E,tot,"3,8",free,"2,2",cache,"634,7",buff,"48,1",slab,66,,"1,6"
E,tot,"3,8",free,"2,2",cache,"634,7",buff,"48,1",slab,66,,"1,6"
E,tot,"3,8",free,"2,2",cache,"634,7",buff,"48,1",slab,66,,"1,6"
E,tot,"3,8",free,"2,2",cache,"634,7",buff,"48,1",slab,66,,"1,6"
E,tot,"3,8",free,"2,2",cache,"634,7",buff,"48,1",slab,66,,"1,6"
E,tot,"3,8",free,"2,2",cache,"634,7",buff,"48,1",slab,66,,"1,6"
E,tot,"3,8",free,"2,2",cache,"634,7",buff,"48,1",slab,66,,"1,6"
E,tot,"3,8",free,"2,2",cache,"634,7",buff,"48,1",slab,66,,"1,6"
E,tot,"3,8",free,"2,2",cache,"634,8",buff,"48,1",slab,66,,"1,6"
E,tot,"3,8",free,"2,2",cache,"634,8",buff,"48,1",slab,66,,"1,6"
E,tot,"3,8",free,"2,2",cache,"634,8",buff,"48,1",slab,66,,"1,6"
E,tot,"3,8",free,"2,2",cache,"634,8",buff,"48,1",slab,66,,"1,6"
E,tot,"3,8",free,"2,2",cache,"634,8",buff,"48,1",slab,66,,"1,6"
E,tot,"3,8",free,"2,2",cache,"634,8",buff,"48,1",slab,66,,"1,6"
E,tot,"3,8",free,"2,2",cache,"634,8",buff,"48,1",slab,66,,"1,6"
E,tot,"3,8",free,"2,2",cache,"634,8",buff,"48,1",slab,66,,"1,6"
E,tot,"3,8",free,"2,2",cache,"634,8",buff,"48,1",slab,66,,"1,6"
E,tot,"3,8",free,"2,2",cache,"634,9",buff,"48,1",slab,66,,"1,6"
E,tot,"3,8",free,"2,2",cache,"634,9",buff,"48,1",slab,66,,"1,6"
E,tot,"3,8",free,"2,2",cache,"634,9",buff,"48,1",slab,66,,"1,6"
E,tot,"3,8",free,"2,2",cache,"634,9",buff,"48,1",slab,66,,"1,6"
E,tot,"3,8",free,"2,2",cache,"634,9",buff,"48,1",slab,66,,"1,6"
E,tot,"3,8",free,"2,2",cache,"634,9",buff,"48,1",slab,66,,"1,6"
E,tot,"3,8",free,"2,2",cache,"634,9",buff,"48,1",slab,66,,"1,6"
E,tot,"3,8",free,"2,2",cache,"634,9",buff,"48,1",slab,66,,"1,6"
E,tot,"3,8",free,"2,2",cache,"634,9",buff,"48,1",slab,66,,"1,6"
E,tot,"3,8",free,"2,2",cache,635,buff,"48,1",slab,66,,"1,6"
E,tot,"3,8",free,"2,2",cache,635,buff,"48,1",slab,66,,"1,6"
E,tot,"3,8",free,"2,2",cache,635,buff,"48,1",slab,66,,"1,6"
E,tot,"3,8",free,"2,2",cache,635,buff,"48,1",slab,66,,"1,6"
E,tot,"3,8",free,"2,2",cache,635,buff,"48,1",slab,66,,"1,6"
E,tot,"3,8",free,"2,2",cache,635,buff,"48,1",slab,66,,"1,6"
E,tot,"3,8",free,"2,2",cache,635,buff,"48,1",slab,66,,"1,6"
E,tot,"3,8",free,"2,2",cache,"630,6",buff,"48,1",slab,"66,1",,"1,6"
E,tot,"3,8",free,"2,2",cache,"630,7",buff,"48,1",slab,"66,1",,"1,6"
E,tot,"3,8",free,"2,2",cache,"630,7",buff,"48,1",slab,"66,1",,"1,6"
E,tot,"3,8",free,"2,2",cache,"630,8",buff,"48,1",slab,"66,1",,"1,6"
E,tot,"3,8",free,"2,2",cache,"630,8",buff,"48,1",slab,"66,1",,"1,6"
E,tot,"3,8",free,"2,2",cache,"630,8",buff,"48,1",slab,"66,1",,"1,6"
E,tot,"3,8",free,"2,2",cache,"630,8",buff,"48,1",slab,"66,1",,"1,6"
E,tot,"3,8",free,"2,2",cache,"630,8",buff,"48,2",slab,"66,1",,"1,6"
E,tot,"3,8",free,"2,2",cache,"630,8",buff,"48,2",slab,"66,1",,"1,6"
E,tot,"3,8",free,"2,2",cache,"630,8",buff,"48,2",slab,"66,1",,"1,6"
E,tot,"3,8",free,"2,2",cache,"630,8",buff,"48,2",slab,"66,1",,"1,6"
E,tot,"3,8",free,"2,2",cache,"630,8",buff,"48,2",slab,"66,1",,"1,6"
E,tot,"3,8",free,"2,2",cache,"630,9",buff,"48,2",slab,"66,1",,"1,6"
E,tot,"3,8",free,"2,2",cache,"630,9",buff,"48,2",slab,"66,1",,"1,6"
E,tot,"3,8",free,"2,2",cache,"630,9",buff,"48,2",slab,"66,1",,"1,6"
E,tot,"3,8",free,"2,2",cache,"630,9",buff,"48,2",slab,"66,1",,"1,6"
E,tot,"3,8",free,"2,2",cache,"630,9",buff,"48,2",slab,"66,1",,"1,6"
E,tot,"3,8",free,"2,2",cache,"630,9",buff,"48,2",slab,"66,1",,"1,6"
E,tot,"3,8",free,"2,2",cache,"630,9",buff,"48,2",slab,"66,1",,"1,6"
E,tot,"3,8",free,"2,2",cache,"630,9",buff,"48,2",slab,"66,1",,"1,6"
E,tot,"3,8",free,"2,2",cache,"630,9",buff,"48,2",slab,"66,1",,"1,6"
E,tot,"3,8",free,"2,2",cache,631,buff,"48,2",slab,"66,1",,"1,6"
E,tot,"3,8",free,"2,2",cache,631,buff,"48,2",slab,"66,1",,"1,6"
E,tot,"3,8",free,"2,2",cache,631,buff,"48,2",slab,"66,1",,"1,6"
E,tot,"3,8",free,"2,2",cache,631,buff,"48,2",slab,"66,1",,"1,6"
E,tot,"3,8",free,"2,2",cache,631,buff,"48,2",slab,"66,1",,"1,6"
E,tot,"3,8",free,"2,2",cache,631,buff,"48,2",slab,"66,1",,"1,6"
E,tot,"3,8",free,"2,2",cache,631,buff,"48,2",slab,"66,1",,"1,6"
E,tot,"3,8",free,"2,2",cache,631,buff,"48,2",slab,"66,1",,"1,6"
E,tot,"3,8",free,"2,2",cache,631,buff,"48,2",slab,"66,1",,"1,6"
E,tot,"3,8",free,"2,2",cache,"631,1",buff,"48,2",slab,"66,1",,"1,6"
E,tot,"3,8",free,"2,2",cache,"631,1",buff,"48,2",slab,"66,1",,"1,6"
E,tot,"3,8",free,"2,2",cache,"631,1",buff,"48,2",slab,"66,1",,"1,6"
E,tot,"3,8",free,"2,2",cache,"631,1",buff,"48,2",slab,"66,1",,"1,6"
E,tot,"3,8",free,"2,2",cache,"631,1",buff,"48,2",slab,"66,1",,"1,6"
E,tot,"3,8",free,"2,2",cache,"631,1",buff,"48,2",slab,"66,1",,"1,6"
E,tot,"3,8",free,"2,2",cache,"631,1",buff,"48,2",slab,"66,1",,"1,6"
E,tot,"3,8",free,"2,2",cache,"631,1",buff,"48,2",slab,"66,1",,"1,6"
E,tot,"3,8",free,"2,2",cache,"631,1",buff,"48,2",slab,"66,1",,"1,6"
E,tot,"3,8",free,"2,2",cache,"631,2",buff,"48,2",slab,"66,1",,"1,6"
,,,,,,,,,,,,
,,,,,,,,,,,média,"1,6"
,,,,,,,,,,,DP,0
