CPU,sys,12,user,34,irq,1,idle,30,wait,23,,46
CPU,sys,36,user,64,irq,0,idle,0,wait,0,,100
CPU,sys,28,user,70,irq,2,idle,0,wait,0,,98
CPU,sys,27,user,72,irq,1,idle,0,wait,0,,99
CPU,sys,29,user,67,irq,4,idle,0,wait,0,,96
CPU,sys,36,user,61,irq,3,idle,0,wait,0,,97
CPU,sys,37,user,60,irq,3,idle,0,wait,0,,97
CPU,sys,33,user,62,irq,4,idle,0,wait,0,,95
CPU,sys,29,user,70,irq,1,idle,0,wait,0,,99
CPU,sys,31,user,64,irq,5,idle,0,wait,0,,95
CPU,sys,25,user,72,irq,3,idle,0,wait,0,,97
CPU,sys,28,user,69,irq,3,idle,0,wait,0,,97
CPU,sys,26,user,39,irq,1,idle,0,wait,34,,65
CPU,sys,17,user,19,irq,2,idle,0,wait,62,,36
CPU,sys,23,user,18,irq,4,idle,0,wait,55,,41
CPU,sys,19,user,14,irq,0,idle,0,wait,67,,33
CPU,sys,16,user,14,irq,3,idle,0,wait,67,,30
CPU,sys,17,user,17,irq,1,idle,0,wait,64,,34
CPU,sys,19,user,17,irq,2,idle,0,wait,62,,36
CPU,sys,17,user,18,irq,2,idle,0,wait,63,,35
CPU,sys,14,user,20,irq,2,idle,0,wait,65,,34
CPU,sys,22,user,15,irq,1,idle,0,wait,62,,37
CPU,sys,19,user,15,irq,1,idle,0,wait,65,,34
CPU,sys,20,user,18,irq,2,idle,0,wait,59,,38
CPU,sys,21,user,18,irq,2,idle,0,wait,59,,39
CPU,sys,19,user,27,irq,2,idle,0,wait,52,,46
CPU,sys,20,user,21,irq,2,idle,0,wait,58,,41
CPU,sys,26,user,16,irq,4,idle,0,wait,54,,42
CPU,sys,19,user,24,irq,2,idle,0,wait,55,,43
CPU,sys,19,user,23,irq,1,idle,0,wait,57,,42
CPU,sys,21,user,19,irq,2,idle,0,wait,59,,40
CPU,sys,18,user,17,irq,0,idle,0,wait,64,,35
CPU,sys,17,user,13,irq,2,idle,0,wait,68,,30
CPU,sys,13,user,15,irq,1,idle,0,wait,71,,28
CPU,sys,14,user,13,irq,1,idle,0,wait,71,,27
CPU,sys,17,user,11,irq,1,idle,0,wait,70,,28
CPU,sys,15,user,17,irq,2,idle,0,wait,67,,32
CPU,sys,16,user,15,irq,1,idle,0,wait,67,,31
CPU,sys,18,user,14,irq,1,idle,0,wait,67,,32
CPU,sys,13,user,20,irq,2,idle,0,wait,64,,33
CPU,sys,18,user,14,irq,1,idle,0,wait,67,,32
CPU,sys,21,user,19,irq,1,idle,0,wait,60,,40
CPU,sys,20,user,16,irq,3,idle,0,wait,61,,36
CPU,sys,17,user,15,irq,1,idle,0,wait,68,,32
CPU,sys,19,user,19,irq,0,idle,0,wait,61,,38
CPU,sys,18,user,20,irq,2,idle,0,wait,59,,38
CPU,sys,18,user,21,irq,0,idle,0,wait,62,,39
CPU,sys,11,user,20,irq,2,idle,0,wait,66,,31
CPU,sys,14,user,19,irq,1,idle,0,wait,66,,33
CPU,sys,20,user,18,irq,0,idle,0,wait,62,,38
CPU,sys,21,user,17,irq,1,idle,0,wait,61,,38
CPU,sys,16,user,16,irq,2,idle,0,wait,66,,32
CPU,sys,22,user,14,irq,1,idle,0,wait,63,,36
CPU,sys,27,user,53,irq,3,idle,0,wait,17,,80
CPU,sys,20,user,55,irq,2,idle,0,wait,22,,75
CPU,sys,23,user,47,irq,2,idle,0,wait,27,,70
CPU,sys,26,user,72,irq,2,idle,0,wait,0,,98
CPU,sys,29,user,69,irq,2,idle,0,wait,0,,98
CPU,sys,22,user,76,irq,2,idle,0,wait,0,,98
CPU,sys,27,user,70,irq,3,idle,0,wait,0,,97
CPU,sys,25,user,63,irq,3,idle,0,wait,9,,88
CPU,sys,19,user,30,irq,1,idle,0,wait,50,,49
CPU,sys,22,user,28,irq,3,idle,0,wait,46,,50
CPU,sys,19,user,24,irq,0,idle,0,wait,57,,43
CPU,sys,19,user,35,irq,2,idle,0,wait,44,,54
,,,,,,,,,,,,
,,,,,,,,,,,média,"53,984375"
,,,,,,,,,,,DP,"26,8939670980285"
