CPU,sys,12,user,34,irq,1,idle,30,wait,23,,46
CPU,sys,41,user,59,irq,0,idle,0,wait,0,,100
CPU,sys,26,user,74,irq,0,idle,0,wait,0,,100
CPU,sys,38,user,59,irq,3,idle,0,wait,0,,97
CPU,sys,26,user,69,irq,5,idle,0,wait,0,,95
CPU,sys,32,user,65,irq,3,idle,0,wait,0,,97
CPU,sys,37,user,60,irq,2,idle,0,wait,0,,97
CPU,sys,29,user,68,irq,3,idle,0,wait,0,,97
CPU,sys,32,user,66,irq,2,idle,0,wait,0,,98
CPU,sys,28,user,69,irq,3,idle,0,wait,0,,97
CPU,sys,24,user,74,irq,2,idle,0,wait,0,,98
CPU,sys,30,user,68,irq,2,idle,0,wait,0,,98
,,,,,,,,,,,,
,,,,,,,,,,,,
,,,,,,,,,,,média,"97,6363636363636"
,,,,,,,,,,,DP,"1,43336856898198"
