CPU,sys,12,user,34,irq,1,idle,31,wait,23,,46
CPU,sys,29,user,71,irq,0,idle,0,wait,0,,100
CPU,sys,23,user,53,irq,1,idle,0,wait,23,,76
CPU,sys,24,user,25,irq,2,idle,0,wait,50,,49
CPU,sys,21,user,16,irq,0,idle,0,wait,63,,37
CPU,sys,16,user,24,irq,1,idle,0,wait,59,,40
CPU,sys,27,user,35,irq,3,idle,0,wait,34,,62
CPU,sys,23,user,30,irq,1,idle,0,wait,46,,53
CPU,sys,19,user,20,irq,2,idle,0,wait,59,,39
CPU,sys,18,user,20,irq,1,idle,0,wait,61,,38
CPU,sys,15,user,19,irq,1,idle,0,wait,65,,34
CPU,sys,20,user,20,irq,1,idle,0,wait,59,,40
CPU,sys,17,user,25,irq,1,idle,0,wait,57,,42
CPU,sys,17,user,26,irq,1,idle,0,wait,54,,43
CPU,sys,21,user,23,irq,2,idle,0,wait,54,,44
CPU,sys,18,user,24,irq,0,idle,0,wait,57,,42
CPU,sys,19,user,21,irq,2,idle,0,wait,59,,40
CPU,sys,17,user,27,irq,1,idle,0,wait,55,,44
CPU,sys,16,user,26,irq,2,idle,0,wait,56,,42
CPU,sys,17,user,25,irq,1,idle,0,wait,57,,42
CPU,sys,12,user,13,irq,0,idle,0,wait,75,,25
CPU,sys,17,user,25,irq,1,idle,0,wait,57,,42
CPU,sys,19,user,21,irq,2,idle,0,wait,59,,40
CPU,sys,17,user,28,irq,2,idle,0,wait,53,,45
CPU,sys,18,user,20,irq,2,idle,0,wait,61,,38
CPU,sys,21,user,19,irq,1,idle,0,wait,58,,40
CPU,sys,18,user,23,irq,2,idle,0,wait,56,,41
CPU,sys,19,user,25,irq,3,idle,0,wait,53,,44
CPU,sys,19,user,22,irq,0,idle,0,wait,58,,41
CPU,sys,19,user,23,irq,2,idle,0,wait,56,,42
CPU,sys,21,user,23,irq,0,idle,0,wait,57,,44
CPU,sys,20,user,25,irq,2,idle,0,wait,53,,45
CPU,sys,15,user,23,irq,2,idle,0,wait,60,,38
CPU,sys,18,user,25,irq,0,idle,0,wait,56,,43
CPU,sys,15,user,28,irq,0,idle,0,wait,56,,43
CPU,sys,16,user,32,irq,2,idle,0,wait,50,,48
CPU,sys,16,user,22,irq,1,idle,0,wait,60,,38
CPU,sys,13,user,26,irq,1,idle,0,wait,60,,39
CPU,sys,18,user,28,irq,2,idle,0,wait,53,,46
CPU,sys,14,user,25,irq,1,idle,0,wait,59,,39
CPU,sys,17,user,28,irq,1,idle,0,wait,54,,45
CPU,sys,20,user,26,irq,1,idle,0,wait,54,,46
CPU,sys,17,user,29,irq,0,idle,0,wait,54,,46
CPU,sys,19,user,22,irq,4,idle,0,wait,54,,41
CPU,sys,17,user,28,irq,0,idle,0,wait,55,,45
CPU,sys,15,user,24,irq,2,idle,0,wait,59,,39
CPU,sys,13,user,26,irq,1,idle,0,wait,60,,39
CPU,sys,16,user,22,irq,2,idle,0,wait,59,,38
CPU,sys,18,user,21,irq,1,idle,0,wait,60,,39
CPU,sys,21,user,22,irq,0,idle,0,wait,57,,43
CPU,sys,16,user,24,irq,0,idle,0,wait,59,,40
CPU,sys,15,user,26,irq,0,idle,0,wait,59,,41
CPU,sys,17,user,28,irq,1,idle,0,wait,54,,45
CPU,sys,17,user,25,irq,2,idle,0,wait,56,,42
CPU,sys,16,user,26,irq,1,idle,0,wait,57,,42
CPU,sys,18,user,22,irq,0,idle,0,wait,59,,40
CPU,sys,17,user,26,irq,2,idle,0,wait,55,,43
CPU,sys,17,user,30,irq,1,idle,0,wait,52,,47
CPU,sys,16,user,22,irq,4,idle,0,wait,58,,38
CPU,sys,18,user,24,irq,1,idle,0,wait,56,,42
CPU,sys,14,user,24,irq,2,idle,0,wait,60,,38
CPU,sys,18,user,28,irq,0,idle,0,wait,54,,46
CPU,sys,18,user,24,irq,0,idle,0,wait,58,,42
CPU,sys,15,user,30,irq,2,idle,0,wait,53,,45
CPU,sys,16,user,26,irq,1,idle,0,wait,57,,42
CPU,sys,13,user,29,irq,2,idle,0,wait,56,,42
CPU,sys,13,user,25,irq,1,idle,0,wait,61,,38
CPU,sys,14,user,29,irq,2,idle,0,wait,55,,43
CPU,sys,14,user,30,irq,0,idle,0,wait,56,,44
CPU,sys,19,user,24,irq,2,idle,0,wait,54,,43
CPU,sys,13,user,29,irq,1,idle,0,wait,57,,42
CPU,sys,14,user,27,irq,1,idle,0,wait,57,,41
CPU,sys,17,user,29,irq,1,idle,0,wait,53,,46
CPU,sys,15,user,27,irq,0,idle,0,wait,58,,42
CPU,sys,16,user,27,irq,1,idle,0,wait,56,,43
CPU,sys,14,user,26,irq,1,idle,0,wait,59,,40
CPU,sys,16,user,26,irq,1,idle,0,wait,57,,42
CPU,sys,17,user,25,irq,0,idle,0,wait,58,,42
CPU,sys,18,user,24,irq,1,idle,0,wait,56,,42
CPU,sys,19,user,21,irq,1,idle,0,wait,59,,40
CPU,sys,16,user,28,irq,2,idle,0,wait,54,,44
CPU,sys,17,user,24,irq,2,idle,0,wait,57,,41
CPU,sys,14,user,31,irq,0,idle,0,wait,55,,45
CPU,sys,14,user,29,irq,1,idle,0,wait,56,,43
CPU,sys,14,user,29,irq,1,idle,0,wait,56,,43
CPU,sys,18,user,23,irq,3,idle,0,wait,56,,41
CPU,sys,18,user,23,irq,1,idle,0,wait,57,,41
CPU,sys,12,user,32,irq,0,idle,0,wait,56,,44
CPU,sys,15,user,27,irq,1,idle,0,wait,57,,42
CPU,sys,17,user,24,irq,1,idle,0,wait,57,,41
CPU,sys,10,user,29,irq,2,idle,0,wait,59,,39
CPU,sys,18,user,24,irq,2,idle,0,wait,55,,42
CPU,sys,17,user,27,irq,0,idle,0,wait,56,,44
CPU,sys,13,user,31,irq,1,idle,0,wait,55,,44
CPU,sys,14,user,30,irq,1,idle,0,wait,55,,44
CPU,sys,17,user,31,irq,1,idle,0,wait,51,,48
CPU,sys,15,user,30,irq,1,idle,0,wait,54,,45
CPU,sys,17,user,30,irq,0,idle,0,wait,53,,47
CPU,sys,16,user,22,irq,2,idle,0,wait,60,,38
CPU,sys,17,user,29,irq,1,idle,0,wait,53,,46
CPU,sys,14,user,32,irq,1,idle,0,wait,53,,46
CPU,sys,15,user,31,irq,2,idle,0,wait,52,,46
CPU,sys,17,user,29,irq,1,idle,0,wait,53,,46
CPU,sys,15,user,26,irq,2,idle,0,wait,57,,41
CPU,sys,15,user,32,irq,1,idle,0,wait,52,,47
CPU,sys,14,user,26,irq,1,idle,0,wait,59,,40
CPU,sys,14,user,32,irq,2,idle,0,wait,52,,46
CPU,sys,17,user,26,irq,2,idle,0,wait,55,,43
CPU,sys,11,user,33,irq,1,idle,0,wait,55,,44
CPU,sys,16,user,31,irq,0,idle,0,wait,53,,47
CPU,sys,14,user,32,irq,1,idle,0,wait,53,,46
,,,,,,,,,,,,
,,,,,,,,,,,média,"43,3272727272727"
,,,,,,,,,,,DP,"7,42313404831473"
