MEM | tot     3.8G | free    1.9G | cache 723.3M | buff   64.4M | slab   81.3M |
MEM | tot     3.8G | free    1.9G | cache 727.3M | buff   64.4M | slab   81.4M |
MEM | tot     3.8G | free    1.9G | cache 727.8M | buff   64.4M | slab   81.4M |
MEM | tot     3.8G | free    1.9G | cache 727.9M | buff   64.4M | slab   81.4M |
MEM | tot     3.8G | free    1.9G | cache 727.9M | buff   64.4M | slab   81.4M |
MEM | tot     3.8G | free    1.9G | cache 727.9M | buff   64.4M | slab   81.4M |
MEM | tot     3.8G | free    1.9G | cache 727.9M | buff   64.4M | slab   81.4M |
MEM | tot     3.8G | free    1.9G | cache 727.9M | buff   64.4M | slab   81.4M |
MEM | tot     3.8G | free    1.9G | cache 725.9M | buff   64.4M | slab   81.4M |
MEM | tot     3.8G | free    1.9G | cache 723.5M | buff   64.4M | slab   81.4M |
MEM | tot     3.8G | free    1.9G | cache 723.5M | buff   64.4M | slab   81.4M |
MEM | tot     3.8G | free    1.9G | cache 723.5M | buff   64.4M | slab   81.4M |
MEM | tot     3.8G | free    1.9G | cache 723.5M | buff   64.4M | slab   81.4M |
MEM | tot     3.8G | free    1.9G | cache 723.5M | buff   64.4M | slab   81.4M |
MEM | tot     3.8G | free    1.9G | cache 723.5M | buff   64.4M | slab   81.4M |
MEM | tot     3.8G | free    1.9G | cache 723.5M | buff   64.4M | slab   81.4M |
MEM | tot     3.8G | free    1.9G | cache 723.5M | buff   64.4M | slab   81.4M |
MEM | tot     3.8G | free    1.9G | cache 723.6M | buff   64.4M | slab   81.4M |
MEM | tot     3.8G | free    1.9G | cache 723.6M | buff   64.4M | slab   81.4M |
MEM | tot     3.8G | free    1.9G | cache 723.7M | buff   64.4M | slab   81.4M |
MEM | tot     3.8G | free    1.9G | cache 723.8M | buff   64.4M | slab   81.4M |
MEM | tot     3.8G | free    1.9G | cache 723.8M | buff   64.4M | slab   81.4M |
MEM | tot     3.8G | free    1.9G | cache 723.9M | buff   64.4M | slab   81.4M |
