MEM | tot     3.8G | free    1.9G | cache 726.4M | buff   64.3M | slab   81.2M |
MEM | tot     3.8G | free    1.9G | cache 726.3M | buff   64.3M | slab   81.3M |
MEM | tot     3.8G | free    1.9G | cache 724.6M | buff   64.3M | slab   81.4M |
MEM | tot     3.8G | free    1.8G | cache 723.2M | buff   64.3M | slab   81.4M |
MEM | tot     3.8G | free    1.8G | cache 723.3M | buff   64.3M | slab   81.4M |
MEM | tot     3.8G | free    1.8G | cache 723.4M | buff   64.3M | slab   81.4M |
MEM | tot     3.8G | free    1.8G | cache 723.5M | buff   64.3M | slab   81.4M |
MEM | tot     3.8G | free    1.9G | cache 721.9M | buff   64.3M | slab   81.4M |
MEM | tot     3.8G | free    1.9G | cache 722.0M | buff   64.3M | slab   81.4M |
MEM | tot     3.8G | free    1.9G | cache 719.7M | buff   64.3M | slab   81.3M |
MEM | tot     3.8G | free    1.9G | cache 719.8M | buff   64.3M | slab   81.3M |
MEM | tot     3.8G | free    1.9G | cache 719.9M | buff   64.3M | slab   81.3M |
MEM | tot     3.8G | free    1.9G | cache 720.0M | buff   64.3M | slab   81.3M |
MEM | tot     3.8G | free    1.9G | cache 720.2M | buff   64.3M | slab   81.3M |
MEM | tot     3.8G | free    1.9G | cache 720.3M | buff   64.3M | slab   81.3M |
MEM | tot     3.8G | free    1.9G | cache 720.4M | buff   64.3M | slab   81.3M |
MEM | tot     3.8G | free    1.9G | cache 720.5M | buff   64.3M | slab   81.3M |
MEM | tot     3.8G | free    1.9G | cache 720.7M | buff   64.3M | slab   81.3M |
MEM | tot     3.8G | free    1.9G | cache 720.8M | buff   64.3M | slab   81.3M |
MEM | tot     3.8G | free    1.9G | cache 720.9M | buff   64.3M | slab   81.3M |
MEM | tot     3.8G | free    1.9G | cache 721.0M | buff   64.3M | slab   81.3M |
MEM | tot     3.8G | free    1.9G | cache 721.1M | buff   64.3M | slab   81.3M |
MEM | tot     3.8G | free    1.9G | cache 721.2M | buff   64.3M | slab   81.3M |
MEM | tot     3.8G | free    1.9G | cache 721.4M | buff   64.3M | slab   81.3M |
MEM | tot     3.8G | free    1.9G | cache 721.5M | buff   64.3M | slab   81.3M |
MEM | tot     3.8G | free    1.9G | cache 721.6M | buff   64.3M | slab   81.3M |
MEM | tot     3.8G | free    1.9G | cache 721.7M | buff   64.3M | slab   81.3M |
MEM | tot     3.8G | free    1.9G | cache 721.8M | buff   64.3M | slab   81.3M |
MEM | tot     3.8G | free    1.9G | cache 721.9M | buff   64.3M | slab   81.3M |
MEM | tot     3.8G | free    1.9G | cache 722.1M | buff   64.3M | slab   81.3M |
MEM | tot     3.8G | free    1.9G | cache 722.2M | buff   64.3M | slab   81.3M |
MEM | tot     3.8G | free    1.9G | cache 722.4M | buff   64.4M | slab   81.3M |
MEM | tot     3.8G | free    1.9G | cache 722.5M | buff   64.4M | slab   81.3M |
MEM | tot     3.8G | free    1.9G | cache 722.6M | buff   64.4M | slab   81.3M |
MEM | tot     3.8G | free    1.9G | cache 722.7M | buff   64.4M | slab   81.3M |
MEM | tot     3.8G | free    1.9G | cache 722.8M | buff   64.4M | slab   81.3M |
MEM | tot     3.8G | free    1.9G | cache 722.9M | buff   64.4M | slab   81.3M |
MEM | tot     3.8G | free    1.9G | cache 723.0M | buff   64.4M | slab   81.3M |
MEM | tot     3.8G | free    1.9G | cache 723.1M | buff   64.4M | slab   81.3M |
MEM | tot     3.8G | free    1.9G | cache 723.2M | buff   64.4M | slab   81.3M |
MEM | tot     3.8G | free    1.9G | cache 723.3M | buff   64.4M | slab   81.3M |
MEM | tot     3.8G | free    1.9G | cache 723.5M | buff   64.4M | slab   81.3M |
MEM | tot     3.8G | free    1.9G | cache 723.6M | buff   64.4M | slab   81.3M |
MEM | tot     3.8G | free    1.9G | cache 723.7M | buff   64.4M | slab   81.3M |
MEM | tot     3.8G | free    1.9G | cache 723.8M | buff   64.4M | slab   81.3M |
