MEM | tot     3.8G | free    1.9G | cache 723.7M | buff   64.4M | slab   81.3M |
MEM | tot     3.8G | free    1.9G | cache 727.6M | buff   64.4M | slab   81.4M |
MEM | tot     3.8G | free    1.9G | cache 728.1M | buff   64.4M | slab   81.4M |
MEM | tot     3.8G | free    1.9G | cache 728.2M | buff   64.4M | slab   81.4M |
MEM | tot     3.8G | free    1.9G | cache 728.2M | buff   64.4M | slab   81.4M |
MEM | tot     3.8G | free    1.9G | cache 728.2M | buff   64.4M | slab   81.4M |
MEM | tot     3.8G | free    1.9G | cache 728.2M | buff   64.4M | slab   81.4M |
MEM | tot     3.8G | free    1.9G | cache 728.2M | buff   64.4M | slab   81.4M |
MEM | tot     3.8G | free    1.9G | cache 726.2M | buff   64.4M | slab   81.4M |
MEM | tot     3.8G | free    1.9G | cache 723.7M | buff   64.4M | slab   81.4M |
MEM | tot     3.8G | free    1.9G | cache 723.8M | buff   64.4M | slab   81.4M |
MEM | tot     3.8G | free    1.9G | cache 723.8M | buff   64.4M | slab   81.4M |
MEM | tot     3.8G | free    1.9G | cache 723.8M | buff   64.4M | slab   81.4M |
MEM | tot     3.8G | free    1.9G | cache 723.8M | buff   64.5M | slab   81.4M |
MEM | tot     3.8G | free    1.9G | cache 723.8M | buff   64.5M | slab   81.4M |
MEM | tot     3.8G | free    1.9G | cache 723.8M | buff   64.5M | slab   81.4M |
MEM | tot     3.8G | free    1.9G | cache 723.8M | buff   64.5M | slab   81.4M |
MEM | tot     3.8G | free    1.9G | cache 723.8M | buff   64.5M | slab   81.4M |
MEM | tot     3.8G | free    1.9G | cache 723.9M | buff   64.5M | slab   81.4M |
MEM | tot     3.8G | free    1.9G | cache 723.9M | buff   64.5M | slab   81.4M |
MEM | tot     3.8G | free    1.9G | cache 723.9M | buff   64.5M | slab   81.4M |
MEM | tot     3.8G | free    1.9G | cache 723.9M | buff   64.5M | slab   81.4M |
MEM | tot     3.8G | free    1.9G | cache 723.9M | buff   64.5M | slab   81.4M |
MEM | tot     3.8G | free    1.9G | cache 723.9M | buff   64.5M | slab   81.4M |
MEM | tot     3.8G | free    1.9G | cache 723.9M | buff   64.5M | slab   81.4M |
MEM | tot     3.8G | free    1.9G | cache 723.9M | buff   64.5M | slab   81.4M |
MEM | tot     3.8G | free    1.9G | cache 724.0M | buff   64.5M | slab   81.4M |
MEM | tot     3.8G | free    1.9G | cache 724.0M | buff   64.5M | slab   81.4M |
MEM | tot     3.8G | free    1.9G | cache 724.0M | buff   64.5M | slab   81.5M |
MEM | tot     3.8G | free    1.9G | cache 724.0M | buff   64.5M | slab   81.5M |
MEM | tot     3.8G | free    1.9G | cache 724.0M | buff   64.5M | slab   81.5M |
MEM | tot     3.8G | free    1.9G | cache 724.0M | buff   64.5M | slab   81.5M |
MEM | tot     3.8G | free    1.9G | cache 724.0M | buff   64.5M | slab   81.5M |
MEM | tot     3.8G | free    1.9G | cache 724.0M | buff   64.5M | slab   81.5M |
MEM | tot     3.8G | free    1.9G | cache 724.1M | buff   64.5M | slab   81.5M |
MEM | tot     3.8G | free    1.9G | cache 724.1M | buff   64.5M | slab   81.5M |
MEM | tot     3.8G | free    1.9G | cache 724.1M | buff   64.5M | slab   81.5M |
MEM | tot     3.8G | free    1.9G | cache 724.1M | buff   64.5M | slab   81.5M |
MEM | tot     3.8G | free    1.9G | cache 724.1M | buff   64.5M | slab   81.5M |
MEM | tot     3.8G | free    1.9G | cache 724.1M | buff   64.5M | slab   81.5M |
MEM | tot     3.8G | free    1.9G | cache 724.1M | buff   64.5M | slab   81.5M |
MEM | tot     3.8G | free    1.9G | cache 724.1M | buff   64.5M | slab   81.5M |
MEM | tot     3.8G | free    1.9G | cache 724.2M | buff   64.5M | slab   81.5M |
