MEM | tot     3.8G | free    1.9G | cache 723.3M | buff   64.4M | slab   81.3M |
MEM | tot     3.8G | free    1.9G | cache 727.2M | buff   64.4M | slab   81.4M |
MEM | tot     3.8G | free    1.9G | cache 727.8M | buff   64.4M | slab   81.4M |
MEM | tot     3.8G | free    1.9G | cache 727.8M | buff   64.4M | slab   81.4M |
MEM | tot     3.8G | free    1.9G | cache 727.8M | buff   64.4M | slab   81.4M |
MEM | tot     3.8G | free    1.9G | cache 727.8M | buff   64.4M | slab   81.4M |
MEM | tot     3.8G | free    1.9G | cache 727.8M | buff   64.4M | slab   81.4M |
MEM | tot     3.8G | free    1.9G | cache 727.9M | buff   64.4M | slab   81.4M |
MEM | tot     3.8G | free    1.9G | cache 725.9M | buff   64.4M | slab   81.4M |
MEM | tot     3.8G | free    1.9G | cache 723.4M | buff   64.4M | slab   81.3M |
MEM | tot     3.8G | free    1.9G | cache 723.4M | buff   64.4M | slab   81.3M |
MEM | tot     3.8G | free    1.9G | cache 723.5M | buff   64.4M | slab   81.3M |
MEM | tot     3.8G | free    1.9G | cache 723.5M | buff   64.4M | slab   81.3M |
MEM | tot     3.8G | free    1.9G | cache 723.5M | buff   64.4M | slab   81.3M |
MEM | tot     3.8G | free    1.9G | cache 723.5M | buff   64.4M | slab   81.3M |
MEM | tot     3.8G | free    1.9G | cache 723.5M | buff   64.4M | slab   81.3M |
MEM | tot     3.8G | free    1.9G | cache 723.5M | buff   64.4M | slab   81.3M |
