E,tot,"3,8",free,"1,9",cache,"726,4",buff,"64,3",slab,"81,2",,"1,9"
E,tot,"3,8",free,"1,9",cache,"726,3",buff,"64,3",slab,"81,3",,"1,9"
E,tot,"3,8",free,"1,9",cache,"724,6",buff,"64,3",slab,"81,4",,"1,9"
E,tot,"3,8",free,"1,8",cache,"723,2",buff,"64,3",slab,"81,4",,2
E,tot,"3,8",free,"1,8",cache,"723,3",buff,"64,3",slab,"81,4",,2
E,tot,"3,8",free,"1,8",cache,"723,4",buff,"64,3",slab,"81,4",,2
E,tot,"3,8",free,"1,8",cache,"723,5",buff,"64,3",slab,"81,4",,2
E,tot,"3,8",free,"1,9",cache,"721,9",buff,"64,3",slab,"81,4",,"1,9"
E,tot,"3,8",free,"1,9",cache,722,buff,"64,3",slab,"81,4",,"1,9"
E,tot,"3,8",free,"1,9",cache,"719,7",buff,"64,3",slab,"81,3",,"1,9"
E,tot,"3,8",free,"1,9",cache,"719,8",buff,"64,3",slab,"81,3",,"1,9"
E,tot,"3,8",free,"1,9",cache,"719,9",buff,"64,3",slab,"81,3",,"1,9"
E,tot,"3,8",free,"1,9",cache,720,buff,"64,3",slab,"81,3",,"1,9"
E,tot,"3,8",free,"1,9",cache,"720,2",buff,"64,3",slab,"81,3",,"1,9"
E,tot,"3,8",free,"1,9",cache,"720,3",buff,"64,3",slab,"81,3",,"1,9"
E,tot,"3,8",free,"1,9",cache,"720,4",buff,"64,3",slab,"81,3",,"1,9"
E,tot,"3,8",free,"1,9",cache,"720,5",buff,"64,3",slab,"81,3",,"1,9"
E,tot,"3,8",free,"1,9",cache,"720,7",buff,"64,3",slab,"81,3",,"1,9"
E,tot,"3,8",free,"1,9",cache,"720,8",buff,"64,3",slab,"81,3",,"1,9"
E,tot,"3,8",free,"1,9",cache,"720,9",buff,"64,3",slab,"81,3",,"1,9"
E,tot,"3,8",free,"1,9",cache,721,buff,"64,3",slab,"81,3",,"1,9"
E,tot,"3,8",free,"1,9",cache,"721,1",buff,"64,3",slab,"81,3",,"1,9"
E,tot,"3,8",free,"1,9",cache,"721,2",buff,"64,3",slab,"81,3",,"1,9"
E,tot,"3,8",free,"1,9",cache,"721,4",buff,"64,3",slab,"81,3",,"1,9"
E,tot,"3,8",free,"1,9",cache,"721,5",buff,"64,3",slab,"81,3",,"1,9"
E,tot,"3,8",free,"1,9",cache,"721,6",buff,"64,3",slab,"81,3",,"1,9"
E,tot,"3,8",free,"1,9",cache,"721,7",buff,"64,3",slab,"81,3",,"1,9"
E,tot,"3,8",free,"1,9",cache,"721,8",buff,"64,3",slab,"81,3",,"1,9"
E,tot,"3,8",free,"1,9",cache,"721,9",buff,"64,3",slab,"81,3",,"1,9"
E,tot,"3,8",free,"1,9",cache,"722,1",buff,"64,3",slab,"81,3",,"1,9"
E,tot,"3,8",free,"1,9",cache,"722,2",buff,"64,3",slab,"81,3",,"1,9"
E,tot,"3,8",free,"1,9",cache,"722,4",buff,"64,4",slab,"81,3",,"1,9"
E,tot,"3,8",free,"1,9",cache,"722,5",buff,"64,4",slab,"81,3",,"1,9"
E,tot,"3,8",free,"1,9",cache,"722,6",buff,"64,4",slab,"81,3",,"1,9"
E,tot,"3,8",free,"1,9",cache,"722,7",buff,"64,4",slab,"81,3",,"1,9"
E,tot,"3,8",free,"1,9",cache,"722,8",buff,"64,4",slab,"81,3",,"1,9"
E,tot,"3,8",free,"1,9",cache,"722,9",buff,"64,4",slab,"81,3",,"1,9"
E,tot,"3,8",free,"1,9",cache,723,buff,"64,4",slab,"81,3",,"1,9"
E,tot,"3,8",free,"1,9",cache,"723,1",buff,"64,4",slab,"81,3",,"1,9"
E,tot,"3,8",free,"1,9",cache,"723,2",buff,"64,4",slab,"81,3",,"1,9"
E,tot,"3,8",free,"1,9",cache,"723,3",buff,"64,4",slab,"81,3",,"1,9"
E,tot,"3,8",free,"1,9",cache,"723,5",buff,"64,4",slab,"81,3",,"1,9"
E,tot,"3,8",free,"1,9",cache,"723,6",buff,"64,4",slab,"81,3",,"1,9"
E,tot,"3,8",free,"1,9",cache,"723,7",buff,"64,4",slab,"81,3",,"1,9"
E,tot,"3,8",free,"1,9",cache,"723,8",buff,"64,4",slab,"81,3",,"1,9"
,,,,,,,,,,,,
,,,,,,,,,,,média,"1,90888888888889"
,,,,,,,,,,,DP,"0,0287799032014152"
