CPU,sys,5,user,9,irq,0,idle,86,wait,0,,14
CPU,sys,34,user,66,irq,0,idle,0,wait,0,,100
CPU,sys,34,user,65,irq,1,idle,0,wait,0,,99
CPU,sys,40,user,59,irq,1,idle,0,wait,0,,99
CPU,sys,38,user,60,irq,2,idle,0,wait,0,,98
CPU,sys,35,user,61,irq,4,idle,0,wait,0,,96
CPU,sys,41,user,58,irq,1,idle,0,wait,0,,99
CPU,sys,36,user,59,irq,5,idle,0,wait,0,,95
CPU,sys,29,user,70,irq,1,idle,0,wait,0,,99
CPU,sys,36,user,62,irq,2,idle,0,wait,0,,98
CPU,sys,39,user,59,irq,2,idle,0,wait,0,,98
CPU,sys,35,user,62,irq,3,idle,0,wait,0,,97
CPU,sys,38,user,58,irq,4,idle,0,wait,0,,96
CPU,sys,40,user,57,irq,3,idle,0,wait,0,,97
CPU,sys,41,user,55,irq,4,idle,0,wait,0,,96
CPU,sys,32,user,65,irq,3,idle,0,wait,0,,97
CPU,sys,38,user,58,irq,4,idle,0,wait,0,,96
,,,,,,,,,,,,
,,,,,,,,,,,média,"97,5"
,,,,,,,,,,,DP,"1,46059348668044"
