CPU,sys,4,user,9,irq,0,idle,86,wait,0,,13
CPU,sys,32,user,66,irq,0,idle,0,wait,0,,98
CPU,sys,34,user,64,irq,0,idle,0,wait,0,,98
CPU,sys,38,user,61,irq,0,idle,0,wait,0,,99
CPU,sys,37,user,61,irq,2,idle,0,wait,0,,98
CPU,sys,38,user,59,irq,3,idle,0,wait,0,,97
CPU,sys,36,user,61,irq,3,idle,0,wait,0,,97
CPU,sys,41,user,57,irq,2,idle,0,wait,0,,98
CPU,sys,34,user,63,irq,3,idle,0,wait,0,,97
CPU,sys,29,user,65,irq,6,idle,0,wait,0,,94
CPU,sys,36,user,62,irq,2,idle,0,wait,0,,98
CPU,sys,29,user,70,irq,1,idle,0,wait,0,,99
CPU,sys,32,user,64,irq,4,idle,0,wait,0,,96
CPU,sys,34,user,63,irq,3,idle,0,wait,0,,97
CPU,sys,28,user,69,irq,3,idle,0,wait,0,,97
CPU,sys,38,user,59,irq,3,idle,0,wait,0,,97
CPU,sys,32,user,64,irq,4,idle,0,wait,0,,96
CPU,sys,35,user,63,irq,2,idle,0,wait,0,,98
CPU,sys,29,user,69,irq,2,idle,0,wait,0,,98
CPU,sys,33,user,64,irq,3,idle,0,wait,0,,97
CPU,sys,32,user,65,irq,3,idle,0,wait,0,,97
CPU,sys,31,user,65,irq,4,idle,0,wait,0,,96
CPU,sys,32,user,64,irq,4,idle,0,wait,0,,96
CPU,sys,29,user,69,irq,2,idle,0,wait,0,,98
CPU,sys,30,user,67,irq,3,idle,0,wait,0,,97
CPU,sys,37,user,61,irq,2,idle,0,wait,0,,98
CPU,sys,28,user,70,irq,2,idle,0,wait,0,,98
CPU,sys,32,user,65,irq,3,idle,0,wait,0,,97
CPU,sys,34,user,65,irq,1,idle,0,wait,0,,99
CPU,sys,31,user,66,irq,3,idle,0,wait,0,,97
CPU,sys,28,user,69,irq,3,idle,0,wait,0,,97
CPU,sys,29,user,68,irq,3,idle,0,wait,0,,97
CPU,sys,30,user,66,irq,4,idle,0,wait,0,,96
CPU,sys,28,user,70,irq,2,idle,0,wait,0,,98
CPU,sys,32,user,66,irq,2,idle,0,wait,0,,98
CPU,sys,26,user,72,irq,2,idle,0,wait,0,,98
CPU,sys,28,user,70,irq,2,idle,0,wait,0,,98
CPU,sys,23,user,75,irq,2,idle,0,wait,0,,98
CPU,sys,25,user,72,irq,3,idle,0,wait,0,,97
CPU,sys,33,user,66,irq,1,idle,0,wait,0,,99
CPU,sys,29,user,69,irq,2,idle,0,wait,0,,98
CPU,sys,27,user,70,irq,3,idle,0,wait,0,,97
CPU,sys,27,user,71,irq,2,idle,0,wait,0,,98
CPU,sys,29,user,70,irq,1,idle,0,wait,0,,99
CPU,sys,28,user,69,irq,2,idle,0,wait,0,,97
,,,,,,,,,,,,
,,,,,,,,,,,média,"97,4318181818182"
,,,,,,,,,,,DP,"0,997618729256853"
