CPU,sys,5,user,9,irq,0,idle,86,wait,0,,14
CPU,sys,37,user,63,irq,0,idle,0,wait,0,,100
CPU,sys,31,user,68,irq,1,idle,0,wait,0,,99
CPU,sys,33,user,65,irq,2,idle,0,wait,0,,98
CPU,sys,37,user,59,irq,3,idle,0,wait,0,,96
CPU,sys,37,user,60,irq,3,idle,0,wait,0,,97
CPU,sys,39,user,58,irq,3,idle,0,wait,0,,97
CPU,sys,32,user,63,irq,5,idle,0,wait,0,,95
CPU,sys,44,user,54,irq,2,idle,0,wait,0,,98
CPU,sys,34,user,58,irq,8,idle,0,wait,0,,92
CPU,sys,38,user,57,irq,5,idle,0,wait,0,,95
CPU,sys,38,user,58,irq,4,idle,0,wait,0,,96
CPU,sys,35,user,60,irq,5,idle,0,wait,0,,95
CPU,sys,35,user,61,irq,3,idle,0,wait,0,,96
CPU,sys,33,user,62,irq,4,idle,0,wait,0,,95
CPU,sys,33,user,66,irq,0,idle,0,wait,0,,99
CPU,sys,35,user,60,irq,3,idle,0,wait,0,,95
CPU,sys,34,user,61,irq,3,idle,0,wait,0,,95
CPU,sys,31,user,67,irq,1,idle,0,wait,0,,98
CPU,sys,26,user,70,irq,2,idle,0,wait,0,,96
CPU,sys,25,user,71,irq,3,idle,0,wait,0,,96
CPU,sys,29,user,68,irq,2,idle,0,wait,0,,97
CPU,sys,28,user,69,irq,1,idle,0,wait,0,,97
CPU,sys,28,user,69,irq,2,idle,0,wait,0,,97
CPU,sys,27,user,71,irq,1,idle,0,wait,0,,98
CPU,sys,26,user,71,irq,2,idle,0,wait,0,,97
CPU,sys,28,user,71,irq,1,idle,0,wait,0,,99
CPU,sys,32,user,66,irq,2,idle,0,wait,0,,98
CPU,sys,28,user,70,irq,2,idle,0,wait,0,,98
CPU,sys,27,user,69,irq,4,idle,0,wait,0,,96
CPU,sys,27,user,70,irq,3,idle,0,wait,0,,97
CPU,sys,28,user,71,irq,1,idle,0,wait,0,,99
CPU,sys,30,user,66,irq,4,idle,0,wait,0,,96
CPU,sys,31,user,67,irq,2,idle,0,wait,0,,98
CPU,sys,34,user,64,irq,2,idle,0,wait,0,,98
CPU,sys,31,user,68,irq,1,idle,0,wait,0,,99
CPU,sys,31,user,66,irq,3,idle,0,wait,0,,97
CPU,sys,32,user,67,irq,1,idle,0,wait,0,,99
CPU,sys,31,user,65,irq,4,idle,0,wait,0,,96
CPU,sys,32,user,65,irq,3,idle,0,wait,0,,97
CPU,sys,29,user,69,irq,2,idle,0,wait,0,,98
CPU,sys,27,user,71,irq,2,idle,0,wait,0,,98
CPU,sys,33,user,63,irq,4,idle,0,wait,0,,96
,,,,,,,,,,,,
,,,,,,,,,,,média,"96,9761904761905"
,,,,,,,,,,,DP,"1,56934187290514"
