E,tot,"3,8",free,"1,9",cache,"723,7",buff,"64,4",slab,"81,3",,"1,9"
E,tot,"3,8",free,"1,9",cache,"727,6",buff,"64,4",slab,"81,4",,"1,9"
E,tot,"3,8",free,"1,9",cache,"728,1",buff,"64,4",slab,"81,4",,"1,9"
E,tot,"3,8",free,"1,9",cache,"728,2",buff,"64,4",slab,"81,4",,"1,9"
E,tot,"3,8",free,"1,9",cache,"728,2",buff,"64,4",slab,"81,4",,"1,9"
E,tot,"3,8",free,"1,9",cache,"728,2",buff,"64,4",slab,"81,4",,"1,9"
E,tot,"3,8",free,"1,9",cache,"728,2",buff,"64,4",slab,"81,4",,"1,9"
E,tot,"3,8",free,"1,9",cache,"728,2",buff,"64,4",slab,"81,4",,"1,9"
E,tot,"3,8",free,"1,9",cache,"726,2",buff,"64,4",slab,"81,4",,"1,9"
E,tot,"3,8",free,"1,9",cache,"723,7",buff,"64,4",slab,"81,4",,"1,9"
E,tot,"3,8",free,"1,9",cache,"723,8",buff,"64,4",slab,"81,4",,"1,9"
E,tot,"3,8",free,"1,9",cache,"723,8",buff,"64,4",slab,"81,4",,"1,9"
E,tot,"3,8",free,"1,9",cache,"723,8",buff,"64,4",slab,"81,4",,"1,9"
E,tot,"3,8",free,"1,9",cache,"723,8",buff,"64,5",slab,"81,4",,"1,9"
E,tot,"3,8",free,"1,9",cache,"723,8",buff,"64,5",slab,"81,4",,"1,9"
E,tot,"3,8",free,"1,9",cache,"723,8",buff,"64,5",slab,"81,4",,"1,9"
E,tot,"3,8",free,"1,9",cache,"723,8",buff,"64,5",slab,"81,4",,"1,9"
E,tot,"3,8",free,"1,9",cache,"723,8",buff,"64,5",slab,"81,4",,"1,9"
E,tot,"3,8",free,"1,9",cache,"723,9",buff,"64,5",slab,"81,4",,"1,9"
E,tot,"3,8",free,"1,9",cache,"723,9",buff,"64,5",slab,"81,4",,"1,9"
E,tot,"3,8",free,"1,9",cache,"723,9",buff,"64,5",slab,"81,4",,"1,9"
E,tot,"3,8",free,"1,9",cache,"723,9",buff,"64,5",slab,"81,4",,"1,9"
E,tot,"3,8",free,"1,9",cache,"723,9",buff,"64,5",slab,"81,4",,"1,9"
E,tot,"3,8",free,"1,9",cache,"723,9",buff,"64,5",slab,"81,4",,"1,9"
E,tot,"3,8",free,"1,9",cache,"723,9",buff,"64,5",slab,"81,4",,"1,9"
E,tot,"3,8",free,"1,9",cache,"723,9",buff,"64,5",slab,"81,4",,"1,9"
E,tot,"3,8",free,"1,9",cache,724,buff,"64,5",slab,"81,4",,"1,9"
E,tot,"3,8",free,"1,9",cache,724,buff,"64,5",slab,"81,4",,"1,9"
E,tot,"3,8",free,"1,9",cache,724,buff,"64,5",slab,"81,5",,"1,9"
E,tot,"3,8",free,"1,9",cache,724,buff,"64,5",slab,"81,5",,"1,9"
E,tot,"3,8",free,"1,9",cache,724,buff,"64,5",slab,"81,5",,"1,9"
E,tot,"3,8",free,"1,9",cache,724,buff,"64,5",slab,"81,5",,"1,9"
E,tot,"3,8",free,"1,9",cache,724,buff,"64,5",slab,"81,5",,"1,9"
E,tot,"3,8",free,"1,9",cache,724,buff,"64,5",slab,"81,5",,"1,9"
E,tot,"3,8",free,"1,9",cache,"724,1",buff,"64,5",slab,"81,5",,"1,9"
E,tot,"3,8",free,"1,9",cache,"724,1",buff,"64,5",slab,"81,5",,"1,9"
E,tot,"3,8",free,"1,9",cache,"724,1",buff,"64,5",slab,"81,5",,"1,9"
E,tot,"3,8",free,"1,9",cache,"724,1",buff,"64,5",slab,"81,5",,"1,9"
E,tot,"3,8",free,"1,9",cache,"724,1",buff,"64,5",slab,"81,5",,"1,9"
E,tot,"3,8",free,"1,9",cache,"724,1",buff,"64,5",slab,"81,5",,"1,9"
E,tot,"3,8",free,"1,9",cache,"724,1",buff,"64,5",slab,"81,5",,"1,9"
E,tot,"3,8",free,"1,9",cache,"724,1",buff,"64,5",slab,"81,5",,"1,9"
E,tot,"3,8",free,"1,9",cache,"724,2",buff,"64,5",slab,"81,5",,"1,9"
,,,,,,,,,,,,
,,,,,,,,,,,média,"1,9"
,,,,,,,,,,,DP,0
