CPU,sys,5,user,9,irq,0,idle,86,wait,0,,14
CPU,sys,29,user,71,irq,0,idle,0,wait,0,,100
CPU,sys,32,user,67,irq,1,idle,0,wait,0,,99
CPU,sys,38,user,60,irq,2,idle,0,wait,0,,98
CPU,sys,40,user,57,irq,3,idle,0,wait,0,,97
CPU,sys,38,user,59,irq,3,idle,0,wait,0,,97
CPU,sys,44,user,53,irq,3,idle,0,wait,0,,97
CPU,sys,37,user,61,irq,2,idle,0,wait,0,,98
CPU,sys,39,user,59,irq,2,idle,0,wait,0,,98
CPU,sys,39,user,57,irq,4,idle,0,wait,0,,96
CPU,sys,39,user,57,irq,4,idle,0,wait,0,,96
CPU,sys,34,user,63,irq,3,idle,0,wait,0,,97
CPU,sys,35,user,61,irq,4,idle,0,wait,0,,96
CPU,sys,40,user,58,irq,2,idle,0,wait,0,,98
CPU,sys,34,user,62,irq,4,idle,0,wait,0,,96
CPU,sys,39,user,58,irq,3,idle,0,wait,0,,97
CPU,sys,34,user,63,irq,3,idle,0,wait,0,,97
CPU,sys,37,user,59,irq,4,idle,0,wait,0,,96
CPU,sys,25,user,71,irq,4,idle,0,wait,0,,96
CPU,sys,30,user,68,irq,2,idle,0,wait,0,,98
CPU,sys,30,user,69,irq,1,idle,0,wait,0,,99
CPU,sys,30,user,69,irq,1,idle,0,wait,0,,99
CPU,sys,26,user,72,irq,2,idle,0,wait,0,,98
,,,,,,,,,,,,
,,,,,,,,,,,média,"97,4090909090909"
,,,,,,,,,,,DP,"1,18156840517335"
