MEM | tot     3.8G | free  870.5M | cache   1.6G | buff   75.7M | slab  104.5M |
MEM | numnode    1 | shmem  65.8M | shrss  35.8M | tcpsk   0.0M | udpsk   0.0M |
MEM | tot     3.8G | free  859.3M | cache   1.6G | buff   75.7M | slab  104.5M |
MEM | numnode    1 | shmem  65.8M | shrss  35.8M | tcpsk   0.0M | udpsk   0.0M |
MEM | tot     3.8G | free  855.8M | cache   1.6G | buff   75.7M | slab  104.5M |
MEM | numnode    1 | shmem  66.0M | shrss  35.8M | tcpsk   0.0M | udpsk   0.0M |
MEM | tot     3.8G | free  856.8M | cache   1.6G | buff   75.7M | slab  104.6M |
MEM | numnode    1 | shmem  66.0M | shrss  35.8M | tcpsk   0.0M | udpsk   0.0M |
MEM | tot     3.8G | free  854.6M | cache   1.6G | buff   75.7M | slab  104.6M |
MEM | numnode    1 | shmem  66.0M | shrss  35.8M | tcpsk   0.0M | udpsk   0.0M |
