MEM | tot     3.8G | free  872.5M | cache   1.6G | buff   75.7M | slab  104.5M |
MEM | numnode    1 | shmem  64.8M | shrss  35.8M | tcpsk   0.0M | udpsk   0.0M |
MEM | tot     3.8G | free  860.1M | cache   1.6G | buff   75.7M | slab  104.5M |
MEM | numnode    1 | shmem  65.3M | shrss  35.8M | tcpsk   0.0M | udpsk   0.0M |
MEM | tot     3.8G | free  857.6M | cache   1.6G | buff   75.7M | slab  104.6M |
MEM | numnode    1 | shmem  65.8M | shrss  35.8M | tcpsk   0.0M | udpsk   0.0M |
MEM | tot     3.8G | free  857.8M | cache   1.6G | buff   75.7M | slab  104.6M |
MEM | numnode    1 | shmem  65.8M | shrss  35.8M | tcpsk   0.0M | udpsk   0.0M |
