MEM | tot     3.8G | free    2.2G | cache 661.0M | buff   53.2M | slab   76.9M |
MEM | numnode    1 | shmem  44.0M | shrss  18.9M | tcpsk   0.0M | udpsk   0.0M |
MEM | tot     3.8G | free    2.1G | cache 662.2M | buff   53.2M | slab   78.1M |
MEM | numnode    1 | shmem  44.5M | shrss  18.9M | tcpsk   0.0M | udpsk   0.0M |
MEM | tot     3.8G | free    2.1G | cache 662.2M | buff   53.2M | slab   78.1M |
MEM | numnode    1 | shmem  44.5M | shrss  18.9M | tcpsk   0.0M | udpsk   0.0M |
MEM | tot     3.8G | free    2.1G | cache 662.2M | buff   53.2M | slab   78.1M |
MEM | numnode    1 | shmem  44.5M | shrss  18.9M | tcpsk   0.0M | udpsk   0.0M |
MEM | tot     3.8G | free    2.1G | cache 662.8M | buff   53.2M | slab   78.1M |
MEM | numnode    1 | shmem  45.0M | shrss  18.9M | tcpsk   0.0M | udpsk   0.0M |
