MEM | tot     3.8G | free    2.1G | cache 667.1M | buff   53.3M | slab   78.1M |
MEM | numnode    1 | shmem  49.3M | shrss  18.9M | tcpsk   0.0M | udpsk   0.0M |
MEM | tot     3.8G | free    2.1G | cache 667.2M | buff   53.3M | slab   78.1M |
MEM | numnode    1 | shmem  49.4M | shrss  19.0M | tcpsk   0.0M | udpsk   0.0M |
MEM | tot     3.8G | free    2.1G | cache 667.2M | buff   53.3M | slab   78.3M |
MEM | numnode    1 | shmem  49.3M | shrss  19.0M | tcpsk   0.0M | udpsk   0.0M |
MEM | tot     3.8G | free    2.1G | cache 672.0M | buff   53.3M | slab   78.4M |
MEM | numnode    1 | shmem  49.4M | shrss  19.0M | tcpsk   0.0M | udpsk   0.0M |
