MEM | tot     3.8G | free    2.1G | cache 667.1M | buff   53.4M | slab   78.4M |
MEM | numnode    1 | shmem  44.4M | shrss  19.0M | tcpsk   0.0M | udpsk   0.0M |
MEM | tot     3.8G | free    2.1G | cache 667.1M | buff   53.4M | slab   78.9M |
MEM | numnode    1 | shmem  44.4M | shrss  19.0M | tcpsk   0.0M | udpsk   0.0M |
MEM | tot     3.8G | free    2.1G | cache 667.8M | buff   53.5M | slab   79.6M |
MEM | numnode    1 | shmem  45.0M | shrss  18.9M | tcpsk   0.0M | udpsk   0.0M |
MEM | tot     3.8G | free    2.1G | cache 668.1M | buff   53.5M | slab   79.7M |
MEM | numnode    1 | shmem  45.4M | shrss  19.1M | tcpsk   0.0M | udpsk   0.0M |
MEM | tot     3.8G | free    2.1G | cache 668.2M | buff   53.6M | slab   79.7M |
MEM | numnode    1 | shmem  45.4M | shrss  19.1M | tcpsk   0.0M | udpsk   0.0M |
MEM | tot     3.8G | free    2.1G | cache 670.4M | buff   53.6M | slab   79.8M |
MEM | numnode    1 | shmem  45.4M | shrss  19.1M | tcpsk   0.1M | udpsk   0.0M |
MEM | tot     3.8G | free    2.1G | cache 676.4M | buff   53.7M | slab   79.9M |
MEM | numnode    1 | shmem  45.4M | shrss  19.1M | tcpsk   3.7M | udpsk   0.0M |
