MEM | tot     3.8G | free    1.9G | cache 716.8M | buff   60.2M | slab   79.9M |
MEM | tot     3.8G | free    1.9G | cache 718.3M | buff   60.2M | slab   80.1M |
MEM | tot     3.8G | free    1.9G | cache 718.6M | buff   60.2M | slab   80.1M |
MEM | tot     3.8G | free    1.9G | cache 718.6M | buff   60.2M | slab   80.1M |
MEM | tot     3.8G | free    1.9G | cache 718.8M | buff   60.2M | slab   80.1M |
MEM | tot     3.8G | free    1.9G | cache 718.8M | buff   60.2M | slab   80.1M |
MEM | tot     3.8G | free    1.9G | cache 718.9M | buff   60.2M | slab   80.1M |
MEM | tot     3.8G | free    1.9G | cache 718.8M | buff   60.2M | slab   80.1M |
MEM | tot     3.8G | free    1.9G | cache 717.4M | buff   60.2M | slab   80.1M |
MEM | tot     3.8G | free    1.9G | cache 715.0M | buff   60.2M | slab   80.1M |
MEM | tot     3.8G | free    1.9G | cache 715.1M | buff   60.2M | slab   80.1M |
MEM | tot     3.8G | free    1.9G | cache 715.2M | buff   60.2M | slab   80.1M |
MEM | tot     3.8G | free    1.9G | cache 715.4M | buff   60.2M | slab   80.1M |
MEM | tot     3.8G | free    1.9G | cache 715.4M | buff   60.2M | slab   80.1M |
MEM | tot     3.8G | free    1.9G | cache 715.6M | buff   60.2M | slab   80.1M |
MEM | tot     3.8G | free    1.9G | cache 715.7M | buff   60.2M | slab   80.1M |
MEM | tot     3.8G | free    1.9G | cache 715.8M | buff   60.2M | slab   80.1M |
MEM | tot     3.8G | free    1.9G | cache 715.9M | buff   60.2M | slab   80.1M |
MEM | tot     3.8G | free    1.9G | cache 716.0M | buff   60.2M | slab   80.1M |
MEM | tot     3.8G | free    1.9G | cache 716.1M | buff   60.2M | slab   80.1M |
MEM | tot     3.8G | free    1.9G | cache 716.2M | buff   60.2M | slab   80.1M |
MEM | tot     3.8G | free    1.9G | cache 716.3M | buff   60.2M | slab   80.1M |
MEM | tot     3.8G | free    1.9G | cache 716.4M | buff   60.2M | slab   80.1M |
MEM | tot     3.8G | free    1.9G | cache 716.5M | buff   60.2M | slab   80.1M |
MEM | tot     3.8G | free    1.9G | cache 716.6M | buff   60.2M | slab   80.1M |
MEM | tot     3.8G | free    1.9G | cache 716.7M | buff   60.2M | slab   80.1M |
