MEM | tot     3.8G | free    1.9G | cache 716.6M | buff   60.3M | slab   80.1M |
MEM | tot     3.8G | free    1.9G | cache 720.6M | buff   60.3M | slab   80.2M |
MEM | tot     3.8G | free    1.9G | cache 721.2M | buff   60.3M | slab   80.2M |
MEM | tot     3.8G | free    1.9G | cache 721.2M | buff   60.3M | slab   80.2M |
MEM | tot     3.8G | free    1.9G | cache 721.2M | buff   60.3M | slab   80.2M |
MEM | tot     3.8G | free    1.9G | cache 721.2M | buff   60.3M | slab   80.2M |
MEM | tot     3.8G | free    1.9G | cache 721.2M | buff   60.3M | slab   80.1M |
MEM | tot     3.8G | free    1.9G | cache 721.2M | buff   60.3M | slab   80.1M |
MEM | tot     3.8G | free    1.9G | cache 719.2M | buff   60.3M | slab   80.1M |
MEM | tot     3.8G | free    1.9G | cache 716.8M | buff   60.3M | slab   80.1M |
MEM | tot     3.8G | free    1.9G | cache 716.8M | buff   60.3M | slab   80.1M |
MEM | tot     3.8G | free    1.9G | cache 716.8M | buff   60.3M | slab   80.1M |
MEM | tot     3.8G | free    1.9G | cache 716.8M | buff   60.3M | slab   80.1M |
MEM | tot     3.8G | free    1.9G | cache 716.8M | buff   60.3M | slab   80.1M |
MEM | tot     3.8G | free    1.9G | cache 716.8M | buff   60.3M | slab   80.1M |
MEM | tot     3.8G | free    1.9G | cache 716.8M | buff   60.3M | slab   80.1M |
MEM | tot     3.8G | free    1.9G | cache 716.8M | buff   60.3M | slab   80.1M |
MEM | tot     3.8G | free    1.9G | cache 716.9M | buff   60.3M | slab   80.1M |
MEM | tot     3.8G | free    1.9G | cache 716.9M | buff   60.3M | slab   80.1M |
MEM | tot     3.8G | free    1.9G | cache 716.9M | buff   60.3M | slab   80.1M |
MEM | tot     3.8G | free    1.9G | cache 716.9M | buff   60.3M | slab   80.1M |
