MEM | tot     3.8G | free    1.9G | cache 716.5M | buff   60.2M | slab   80.1M |
MEM | tot     3.8G | free    1.9G | cache 720.5M | buff   60.2M | slab   80.1M |
MEM | tot     3.8G | free    1.9G | cache 721.0M | buff   60.2M | slab   80.1M |
MEM | tot     3.8G | free    1.9G | cache 721.0M | buff   60.2M | slab   80.1M |
MEM | tot     3.8G | free    1.9G | cache 721.0M | buff   60.2M | slab   80.1M |
MEM | tot     3.8G | free    1.9G | cache 721.0M | buff   60.2M | slab   80.1M |
MEM | tot     3.8G | free    1.9G | cache 721.1M | buff   60.2M | slab   80.1M |
MEM | tot     3.8G | free    1.9G | cache 721.1M | buff   60.2M | slab   80.2M |
MEM | tot     3.8G | free    1.9G | cache 719.1M | buff   60.2M | slab   80.1M |
MEM | tot     3.8G | free    1.9G | cache 716.6M | buff   60.2M | slab   80.1M |
