CPU,sys,5,user,10,irq,0,idle,85,wait,0,,15
CPU,sys,36,user,64,irq,0,idle,0,wait,0,,100
CPU,sys,33,user,67,irq,0,idle,0,wait,0,,100
CPU,sys,29,user,70,irq,1,idle,0,wait,0,,99
CPU,sys,41,user,57,irq,2,idle,0,wait,0,,98
CPU,sys,39,user,58,irq,2,idle,0,wait,0,,97
CPU,sys,41,user,55,irq,3,idle,0,wait,0,,96
CPU,sys,39,user,55,irq,5,idle,0,wait,0,,94
CPU,sys,43,user,51,irq,4,idle,0,wait,0,,94
CPU,sys,36,user,60,irq,4,idle,0,wait,0,,96
CPU,sys,34,user,62,irq,3,idle,0,wait,0,,96
CPU,sys,29,user,70,irq,1,idle,0,wait,0,,99
CPU,sys,28,user,68,irq,4,idle,0,wait,0,,96
CPU,sys,33,user,63,irq,4,idle,0,wait,0,,96
CPU,sys,34,user,63,irq,3,idle,0,wait,0,,97
CPU,sys,31,user,67,irq,2,idle,0,wait,0,,98
CPU,sys,25,user,72,irq,3,idle,0,wait,0,,97
CPU,sys,35,user,63,irq,2,idle,0,wait,0,,98
CPU,sys,35,user,63,irq,2,idle,0,wait,0,,98
CPU,sys,31,user,66,irq,3,idle,0,wait,0,,97
CPU,sys,38,user,58,irq,4,idle,0,wait,0,,96
,,,,,,,,,,,,
,,,,,,,,,,,média,"97,1"
,,,,,,,,,,,DP,"1,68272961207926"
