CPU,sys,5,user,10,irq,0,idle,85,wait,0,,15
CPU,sys,31,user,69,irq,0,idle,0,wait,0,,100
CPU,sys,31,user,67,irq,1,idle,0,wait,0,,98
CPU,sys,37,user,61,irq,2,idle,0,wait,0,,98
CPU,sys,40,user,57,irq,3,idle,0,wait,0,,97
CPU,sys,42,user,57,irq,1,idle,0,wait,0,,99
CPU,sys,41,user,56,irq,3,idle,0,wait,0,,97
CPU,sys,34,user,63,irq,3,idle,0,wait,0,,97
CPU,sys,38,user,55,irq,7,idle,0,wait,0,,93
CPU,sys,40,user,57,irq,3,idle,0,wait,0,,97
CPU,sys,36,user,60,irq,4,idle,0,wait,0,,96
CPU,sys,32,user,67,irq,1,idle,0,wait,0,,99
CPU,sys,28,user,69,irq,3,idle,0,wait,0,,97
,,,,,,,,,,,,
,,,,,,,,,,,média,"97,3333333333333"
,,,,,,,,,,,DP,"1,77525072919719"
