CPU,sys,5,user,10,irq,0,idle,85,wait,0,,15
CPU,sys,39,user,61,irq,0,idle,0,wait,0,,100
CPU,sys,38,user,61,irq,1,idle,0,wait,0,,99
CPU,sys,39,user,61,irq,0,idle,0,wait,0,,100
CPU,sys,40,user,55,irq,4,idle,0,wait,0,,95
CPU,sys,38,user,59,irq,3,idle,0,wait,0,,97
CPU,sys,42,user,54,irq,4,idle,0,wait,0,,96
CPU,sys,34,user,61,irq,5,idle,0,wait,0,,95
CPU,sys,33,user,64,irq,3,idle,0,wait,0,,97
CPU,sys,34,user,64,irq,2,idle,0,wait,0,,98
,,,,,,,,,,,,
,,,,,,,,,,,média,"97,4444444444444"
,,,,,,,,,,,DP,"1,9436506316151"
