CPU,sys,5,user,10,irq,0,idle,85,wait,0,,15
CPU,sys,33,user,67,irq,0,idle,0,wait,0,,100
CPU,sys,41,user,58,irq,1,idle,0,wait,0,,99
CPU,sys,34,user,65,irq,1,idle,0,wait,0,,99
CPU,sys,37,user,59,irq,4,idle,0,wait,0,,96
CPU,sys,43,user,54,irq,3,idle,0,wait,0,,97
CPU,sys,46,user,52,irq,2,idle,0,wait,0,,98
CPU,sys,36,user,57,irq,5,idle,0,wait,2,,93
CPU,sys,33,user,64,irq,3,idle,0,wait,0,,97
CPU,sys,29,user,66,irq,3,idle,0,wait,0,,95
CPU,sys,41,user,56,irq,2,idle,0,wait,0,,97
CPU,sys,38,user,57,irq,3,idle,0,wait,0,,95
CPU,sys,36,user,61,irq,2,idle,0,wait,0,,97
CPU,sys,40,user,57,irq,2,idle,0,wait,0,,97
CPU,sys,37,user,60,irq,2,idle,0,wait,0,,97
CPU,sys,37,user,60,irq,3,idle,0,wait,0,,97
CPU,sys,32,user,65,irq,3,idle,0,wait,0,,97
CPU,sys,39,user,58,irq,3,idle,0,wait,0,,97
CPU,sys,34,user,63,irq,3,idle,0,wait,0,,97
CPU,sys,33,user,64,irq,3,idle,0,wait,0,,97
CPU,sys,34,user,63,irq,3,idle,0,wait,0,,97
CPU,sys,36,user,62,irq,2,idle,0,wait,0,,98
CPU,sys,40,user,57,irq,3,idle,0,wait,0,,97
CPU,sys,36,user,62,irq,2,idle,0,wait,0,,98
CPU,sys,38,user,59,irq,3,idle,0,wait,0,,97
CPU,sys,38,user,59,irq,3,idle,0,wait,0,,97
,,,,,,,,,,,,
,,,,,,,,,,,média,"97,04"
,,,,,,,,,,,DP,"1,36869767784319"
