E,tot,"3,8",free,"1,9",cache,"716,8",buff,"60,2",slab,"79,9",,"1,9"
E,tot,"3,8",free,"1,9",cache,"718,3",buff,"60,2",slab,"80,1",,"1,9"
E,tot,"3,8",free,"1,9",cache,"718,6",buff,"60,2",slab,"80,1",,"1,9"
E,tot,"3,8",free,"1,9",cache,"718,6",buff,"60,2",slab,"80,1",,"1,9"
E,tot,"3,8",free,"1,9",cache,"718,8",buff,"60,2",slab,"80,1",,"1,9"
E,tot,"3,8",free,"1,9",cache,"718,8",buff,"60,2",slab,"80,1",,"1,9"
E,tot,"3,8",free,"1,9",cache,"718,9",buff,"60,2",slab,"80,1",,"1,9"
E,tot,"3,8",free,"1,9",cache,"718,8",buff,"60,2",slab,"80,1",,"1,9"
E,tot,"3,8",free,"1,9",cache,"717,4",buff,"60,2",slab,"80,1",,"1,9"
E,tot,"3,8",free,"1,9",cache,715,buff,"60,2",slab,"80,1",,"1,9"
E,tot,"3,8",free,"1,9",cache,"715,1",buff,"60,2",slab,"80,1",,"1,9"
E,tot,"3,8",free,"1,9",cache,"715,2",buff,"60,2",slab,"80,1",,"1,9"
E,tot,"3,8",free,"1,9",cache,"715,4",buff,"60,2",slab,"80,1",,"1,9"
E,tot,"3,8",free,"1,9",cache,"715,4",buff,"60,2",slab,"80,1",,"1,9"
E,tot,"3,8",free,"1,9",cache,"715,6",buff,"60,2",slab,"80,1",,"1,9"
E,tot,"3,8",free,"1,9",cache,"715,7",buff,"60,2",slab,"80,1",,"1,9"
E,tot,"3,8",free,"1,9",cache,"715,8",buff,"60,2",slab,"80,1",,"1,9"
E,tot,"3,8",free,"1,9",cache,"715,9",buff,"60,2",slab,"80,1",,"1,9"
E,tot,"3,8",free,"1,9",cache,716,buff,"60,2",slab,"80,1",,"1,9"
E,tot,"3,8",free,"1,9",cache,"716,1",buff,"60,2",slab,"80,1",,"1,9"
E,tot,"3,8",free,"1,9",cache,"716,2",buff,"60,2",slab,"80,1",,"1,9"
E,tot,"3,8",free,"1,9",cache,"716,3",buff,"60,2",slab,"80,1",,"1,9"
E,tot,"3,8",free,"1,9",cache,"716,4",buff,"60,2",slab,"80,1",,"1,9"
E,tot,"3,8",free,"1,9",cache,"716,5",buff,"60,2",slab,"80,1",,"1,9"
E,tot,"3,8",free,"1,9",cache,"716,6",buff,"60,2",slab,"80,1",,"1,9"
E,tot,"3,8",free,"1,9",cache,"716,7",buff,"60,2",slab,"80,1",,"1,9"
,,,,,,,,,,,,
,,,,,,,,,,,média,"1,9"
,,,,,,,,,,,DP,0
