MEM | tot     3.8G | free  847.6M | cache   1.6G | buff   76.4M | slab  104.9M |
MEM | numnode    1 | shmem  66.6M | shrss  35.8M | tcpsk   0.0M | udpsk   0.0M |
MEM | tot     3.8G | free  835.7M | cache   1.6G | buff   76.4M | slab  104.9M |
MEM | numnode    1 | shmem  67.7M | shrss  35.8M | tcpsk   0.0M | udpsk   0.0M |
MEM | tot     3.8G | free  833.7M | cache   1.6G | buff   76.4M | slab  104.9M |
MEM | numnode    1 | shmem  67.7M | shrss  35.8M | tcpsk   0.0M | udpsk   0.0M |
MEM | tot     3.8G | free  833.4M | cache   1.6G | buff   76.4M | slab  104.9M |
MEM | numnode    1 | shmem  67.7M | shrss  35.8M | tcpsk   0.0M | udpsk   0.0M |
MEM | tot     3.8G | free  831.2M | cache   1.6G | buff   76.5M | slab  104.9M |
MEM | numnode    1 | shmem  67.7M | shrss  35.8M | tcpsk   0.0M | udpsk   0.0M |
