MEM | tot     3.8G | free  851.1M | cache   1.6G | buff   76.4M | slab  104.8M |
MEM | numnode    1 | shmem  64.6M | shrss  35.8M | tcpsk   0.0M | udpsk   0.0M |
MEM | tot     3.8G | free  838.2M | cache   1.6G | buff   76.4M | slab  104.8M |
MEM | numnode    1 | shmem  65.2M | shrss  35.8M | tcpsk   0.0M | udpsk   0.0M |
MEM | tot     3.8G | free  835.2M | cache   1.6G | buff   76.4M | slab  104.8M |
MEM | numnode    1 | shmem  65.6M | shrss  35.8M | tcpsk   0.0M | udpsk   0.0M |
MEM | tot     3.8G | free  835.2M | cache   1.6G | buff   76.4M | slab  104.9M |
MEM | numnode    1 | shmem  65.7M | shrss  35.8M | tcpsk   0.0M | udpsk   0.0M |
