MEM | tot     3.8G | free  846.9M | cache   1.6G | buff   76.4M | slab  104.8M |
MEM | numnode    1 | shmem  66.7M | shrss  35.8M | tcpsk   0.0M | udpsk   0.0M |
MEM | tot     3.8G | free  835.9M | cache   1.6G | buff   76.4M | slab  104.9M |
MEM | numnode    1 | shmem  66.7M | shrss  35.8M | tcpsk   0.0M | udpsk   0.0M |
MEM | tot     3.8G | free  837.9M | cache   1.6G | buff   76.4M | slab  105.0M |
MEM | numnode    1 | shmem  66.7M | shrss  35.8M | tcpsk   0.0M | udpsk   0.0M |
MEM | tot     3.8G | free  839.7M | cache   1.6G | buff   76.4M | slab  104.9M |
MEM | numnode    1 | shmem  65.2M | shrss  35.8M | tcpsk   0.0M | udpsk   0.0M |
MEM | tot     3.8G | free  839.7M | cache   1.6G | buff   76.4M | slab  104.9M |
MEM | numnode    1 | shmem  65.2M | shrss  35.8M | tcpsk   0.0M | udpsk   0.0M |
MEM | tot     3.8G | free  838.9M | cache   1.6G | buff   76.4M | slab  104.9M |
MEM | numnode    1 | shmem  65.2M | shrss  35.8M | tcpsk   0.0M | udpsk   0.0M |
MEM | tot     3.8G | free  839.4M | cache   1.6G | buff   76.4M | slab  104.9M |
MEM | numnode    1 | shmem  65.2M | shrss  35.8M | tcpsk   0.0M | udpsk   0.0M |
