MEM | tot     3.8G | free  847.3M | cache   1.6G | buff   76.5M | slab  104.9M |
MEM | numnode    1 | shmem  67.7M | shrss  35.8M | tcpsk   0.0M | udpsk   0.0M |
MEM | tot     3.8G | free  837.1M | cache   1.6G | buff   76.5M | slab  104.9M |
MEM | numnode    1 | shmem  65.7M | shrss  35.8M | tcpsk   0.0M | udpsk   0.0M |
MEM | tot     3.8G | free  834.2M | cache   1.6G | buff   76.5M | slab  104.9M |
MEM | numnode    1 | shmem  66.2M | shrss  35.8M | tcpsk   0.0M | udpsk   0.0M |
MEM | tot     3.8G | free  833.9M | cache   1.6G | buff   76.5M | slab  104.9M |
MEM | numnode    1 | shmem  66.2M | shrss  35.8M | tcpsk   0.0M | udpsk   0.0M |
MEM | tot     3.8G | free  831.9M | cache   1.6G | buff   76.5M | slab  104.9M |
MEM | numnode    1 | shmem  66.2M | shrss  35.8M | tcpsk   0.0M | udpsk   0.0M |
MEM | tot     3.8G | free  831.9M | cache   1.6G | buff   76.5M | slab  104.9M |
MEM | numnode    1 | shmem  66.2M | shrss  35.8M | tcpsk   0.0M | udpsk   0.0M |
MEM | tot     3.8G | free  832.2M | cache   1.6G | buff   76.5M | slab  104.9M |
MEM | numnode    1 | shmem  66.2M | shrss  35.8M | tcpsk   0.0M | udpsk   0.0M |
