MEM | tot     3.8G | free  867.3M | cache   1.6G | buff   75.8M | slab  104.5M |
MEM | numnode    1 | shmem  66.6M | shrss  35.8M | tcpsk   0.0M | udpsk   0.0M |
MEM | tot     3.8G | free  856.1M | cache   1.6G | buff   75.8M | slab  104.5M |
MEM | numnode    1 | shmem  66.6M | shrss  35.8M | tcpsk   0.0M | udpsk   0.0M |
MEM | tot     3.8G | free  853.4M | cache   1.6G | buff   75.8M | slab  104.6M |
MEM | numnode    1 | shmem  66.8M | shrss  35.8M | tcpsk   0.0M | udpsk   0.0M |
MEM | tot     3.8G | free  853.4M | cache   1.6G | buff   75.8M | slab  104.6M |
MEM | numnode    1 | shmem  66.8M | shrss  35.8M | tcpsk   0.0M | udpsk   0.0M |
MEM | tot     3.8G | free  851.4M | cache   1.6G | buff   75.8M | slab  104.6M |
MEM | numnode    1 | shmem  66.8M | shrss  35.8M | tcpsk   0.0M | udpsk   0.0M |
