MEM | tot     3.8G | free  867.3M | cache   1.6G | buff   75.8M | slab  104.5M |
MEM | numnode    1 | shmem  67.6M | shrss  35.8M | tcpsk   0.0M | udpsk   0.0M |
MEM | tot     3.8G | free  856.1M | cache   1.6G | buff   75.8M | slab  104.6M |
MEM | numnode    1 | shmem  66.1M | shrss  35.8M | tcpsk   0.0M | udpsk   0.0M |
MEM | tot     3.8G | free  855.9M | cache   1.6G | buff   75.8M | slab  104.6M |
MEM | numnode    1 | shmem  66.1M | shrss  35.8M | tcpsk   0.0M | udpsk   0.0M |
MEM | tot     3.8G | free  856.9M | cache   1.6G | buff   75.8M | slab  104.6M |
MEM | numnode    1 | shmem  66.1M | shrss  35.8M | tcpsk   0.0M | udpsk   0.0M |
MEM | tot     3.8G | free  857.6M | cache   1.6G | buff   75.8M | slab  104.6M |
MEM | numnode    1 | shmem  66.1M | shrss  35.8M | tcpsk   0.0M | udpsk   0.0M |
MEM | tot     3.8G | free  857.6M | cache   1.6G | buff   75.8M | slab  104.6M |
MEM | numnode    1 | shmem  66.1M | shrss  35.8M | tcpsk   0.0M | udpsk   0.0M |
MEM | tot     3.8G | free  857.7M | cache   1.6G | buff   75.8M | slab  104.6M |
MEM | numnode    1 | shmem  66.1M | shrss  35.8M | tcpsk   0.0M | udpsk   0.0M |
