MEM | tot     3.8G | free  866.1M | cache   1.6G | buff   75.8M | slab  104.5M |
MEM | numnode    1 | shmem  66.8M | shrss  35.8M | tcpsk   0.0M | udpsk   0.0M |
MEM | tot     3.8G | free  854.9M | cache   1.6G | buff   75.8M | slab  104.5M |
MEM | numnode    1 | shmem  66.8M | shrss  35.8M | tcpsk   0.0M | udpsk   0.0M |
MEM | tot     3.8G | free  851.7M | cache   1.6G | buff   75.8M | slab  104.6M |
MEM | numnode    1 | shmem  66.8M | shrss  35.8M | tcpsk   0.0M | udpsk   0.0M |
MEM | tot     3.8G | free  851.7M | cache   1.6G | buff   75.8M | slab  104.6M |
MEM | numnode    1 | shmem  66.8M | shrss  35.8M | tcpsk   0.0M | udpsk   0.0M |
MEM | tot     3.8G | free  850.0M | cache   1.6G | buff   75.8M | slab  104.6M |
MEM | numnode    1 | shmem  66.8M | shrss  35.8M | tcpsk   0.0M | udpsk   0.0M |
MEM | tot     3.8G | free  850.0M | cache   1.6G | buff   75.8M | slab  104.6M |
MEM | numnode    1 | shmem  66.8M | shrss  35.8M | tcpsk   0.0M | udpsk   0.0M |
MEM | tot     3.8G | free  850.0M | cache   1.6G | buff   75.8M | slab  104.6M |
MEM | numnode    1 | shmem  66.8M | shrss  35.8M | tcpsk   0.0M | udpsk   0.0M |
