MEM | tot     3.8G | free  869.1M | cache   1.6G | buff   75.8M | slab  104.5M |
MEM | numnode    1 | shmem  65.6M | shrss  35.8M | tcpsk   0.0M | udpsk   0.0M |
MEM | tot     3.8G | free  855.7M | cache   1.6G | buff   75.8M | slab  104.6M |
MEM | numnode    1 | shmem  66.1M | shrss  35.8M | tcpsk   0.0M | udpsk   0.0M |
MEM | tot     3.8G | free  852.6M | cache   1.6G | buff   75.8M | slab  104.6M |
MEM | numnode    1 | shmem  66.6M | shrss  35.8M | tcpsk   0.0M | udpsk   0.0M |
MEM | tot     3.8G | free  852.7M | cache   1.6G | buff   75.8M | slab  104.6M |
MEM | numnode    1 | shmem  66.6M | shrss  35.8M | tcpsk   0.0M | udpsk   0.0M |
