MEM | tot     3.8G | free  919.5M | cache   1.5G | buff   70.7M | slab  103.1M |
MEM | numnode    1 | shmem  57.6M | shrss  26.2M | tcpsk   0.0M | udpsk   0.0M |
MEM | tot     3.8G | free  909.8M | cache   1.5G | buff   70.7M | slab  103.2M |
MEM | numnode    1 | shmem  57.6M | shrss  26.2M | tcpsk   0.0M | udpsk   0.0M |
MEM | tot     3.8G | free  909.6M | cache   1.5G | buff   70.7M | slab  103.2M |
MEM | numnode    1 | shmem  57.6M | shrss  26.2M | tcpsk   0.0M | udpsk   0.0M |
MEM | tot     3.8G | free  910.6M | cache   1.5G | buff   70.7M | slab  103.2M |
MEM | numnode    1 | shmem  57.4M | shrss  26.2M | tcpsk   0.0M | udpsk   0.0M |
