MEM | tot     3.8G | free  918.2M | cache   1.5G | buff   70.7M | slab  103.2M |
MEM | numnode    1 | shmem  57.4M | shrss  26.2M | tcpsk   0.0M | udpsk   0.0M |
MEM | tot     3.8G | free  908.3M | cache   1.5G | buff   70.7M | slab  103.2M |
MEM | numnode    1 | shmem  57.4M | shrss  26.2M | tcpsk   0.0M | udpsk   0.0M |
MEM | tot     3.8G | free  906.1M | cache   1.5G | buff   70.7M | slab  103.2M |
MEM | numnode    1 | shmem  57.4M | shrss  26.2M | tcpsk   0.0M | udpsk   0.0M |
MEM | tot     3.8G | free  907.5M | cache   1.5G | buff   70.7M | slab  103.2M |
MEM | numnode    1 | shmem  57.4M | shrss  26.2M | tcpsk   0.0M | udpsk   0.0M |
