MEM | tot     3.8G | free  821.7M | cache   1.6G | buff   78.1M | slab  105.3M |
MEM | numnode    1 | shmem  65.1M | shrss  35.8M | tcpsk   0.0M | udpsk   0.0M |
MEM | tot     3.8G | free  798.6M | cache   1.6G | buff   78.1M | slab  105.3M |
MEM | numnode    1 | shmem  65.6M | shrss  35.8M | tcpsk   0.0M | udpsk   0.0M |
MEM | tot     3.8G | free  796.8M | cache   1.6G | buff   78.1M | slab  105.4M |
MEM | numnode    1 | shmem  66.3M | shrss  35.8M | tcpsk   0.0M | udpsk   0.0M |
MEM | tot     3.8G | free  794.9M | cache   1.6G | buff   78.1M | slab  105.4M |
MEM | numnode    1 | shmem  66.3M | shrss  35.8M | tcpsk   0.0M | udpsk   0.0M |
MEM | tot     3.8G | free  792.9M | cache   1.6G | buff   78.1M | slab  105.4M |
MEM | numnode    1 | shmem  66.3M | shrss  35.8M | tcpsk   0.0M | udpsk   0.0M |
MEM | tot     3.8G | free  792.9M | cache   1.6G | buff   78.1M | slab  105.4M |
MEM | numnode    1 | shmem  66.3M | shrss  35.8M | tcpsk   0.0M | udpsk   0.0M |
MEM | tot     3.8G | free  791.6M | cache   1.6G | buff   78.1M | slab  105.4M |
MEM | numnode    1 | shmem  66.3M | shrss  35.8M | tcpsk   0.0M | udpsk   0.0M |
MEM | tot     3.8G | free  792.1M | cache   1.6G | buff   78.2M | slab  105.3M |
MEM | numnode    1 | shmem  64.8M | shrss  35.8M | tcpsk   0.0M | udpsk   0.0M |
MEM | tot     3.8G | free  791.8M | cache   1.6G | buff   78.2M | slab  105.3M |
MEM | numnode    1 | shmem  64.8M | shrss  35.8M | tcpsk   0.0M | udpsk   0.0M |
MEM | tot     3.8G | free  791.8M | cache   1.6G | buff   78.2M | slab  105.3M |
MEM | numnode    1 | shmem  64.8M | shrss  35.8M | tcpsk   0.0M | udpsk   0.0M |
MEM | tot     3.8G | free  791.8M | cache   1.6G | buff   78.2M | slab  105.3M |
MEM | numnode    1 | shmem  64.8M | shrss  35.8M | tcpsk   0.0M | udpsk   0.0M |
MEM | tot     3.8G | free  791.8M | cache   1.6G | buff   78.2M | slab  105.3M |
MEM | numnode    1 | shmem  64.8M | shrss  35.8M | tcpsk   0.0M | udpsk   0.0M |
