MEM | tot     3.8G | free  822.2M | cache   1.6G | buff   78.1M | slab  105.3M |
MEM | numnode    1 | shmem  66.1M | shrss  35.8M | tcpsk   0.0M | udpsk   0.0M |
MEM | tot     3.8G | free  797.8M | cache   1.6G | buff   78.1M | slab  105.4M |
MEM | numnode    1 | shmem  66.6M | shrss  35.8M | tcpsk   0.0M | udpsk   0.0M |
MEM | tot     3.8G | free  796.6M | cache   1.6G | buff   78.1M | slab  105.4M |
MEM | numnode    1 | shmem  67.6M | shrss  35.8M | tcpsk   0.0M | udpsk   0.0M |
MEM | tot     3.8G | free  795.1M | cache   1.6G | buff   78.1M | slab  105.4M |
MEM | numnode    1 | shmem  67.6M | shrss  35.8M | tcpsk   0.0M | udpsk   0.0M |
MEM | tot     3.8G | free  793.1M | cache   1.6G | buff   78.1M | slab  105.4M |
MEM | numnode    1 | shmem  67.6M | shrss  35.8M | tcpsk   0.0M | udpsk   0.0M |
MEM | tot     3.8G | free  794.1M | cache   1.6G | buff   78.1M | slab  105.4M |
MEM | numnode    1 | shmem  67.6M | shrss  35.8M | tcpsk   0.0M | udpsk   0.0M |
MEM | tot     3.8G | free  791.1M | cache   1.6G | buff   78.1M | slab  105.3M |
MEM | numnode    1 | shmem  67.6M | shrss  35.8M | tcpsk   0.0M | udpsk   0.0M |
MEM | tot     3.8G | free  793.6M | cache   1.6G | buff   78.1M | slab  105.3M |
MEM | numnode    1 | shmem  64.1M | shrss  35.8M | tcpsk   0.0M | udpsk   0.0M |
MEM | tot     3.8G | free  792.1M | cache   1.6G | buff   78.1M | slab  105.3M |
MEM | numnode    1 | shmem  64.1M | shrss  35.8M | tcpsk   0.0M | udpsk   0.0M |
