MEM | tot     3.8G | free  821.5M | cache   1.6G | buff   78.2M | slab  105.3M |
MEM | numnode    1 | shmem  65.8M | shrss  35.8M | tcpsk   0.0M | udpsk   0.0M |
MEM | tot     3.8G | free  797.1M | cache   1.6G | buff   78.2M | slab  105.4M |
MEM | numnode    1 | shmem  66.3M | shrss  35.8M | tcpsk   0.0M | udpsk   0.0M |
MEM | tot     3.8G | free  795.9M | cache   1.6G | buff   78.2M | slab  105.4M |
MEM | numnode    1 | shmem  66.8M | shrss  35.8M | tcpsk   0.0M | udpsk   0.0M |
MEM | tot     3.8G | free  794.4M | cache   1.6G | buff   78.2M | slab  105.4M |
MEM | numnode    1 | shmem  66.8M | shrss  35.8M | tcpsk   0.0M | udpsk   0.0M |
MEM | tot     3.8G | free  792.4M | cache   1.6G | buff   78.2M | slab  105.4M |
MEM | numnode    1 | shmem  66.8M | shrss  35.8M | tcpsk   0.0M | udpsk   0.0M |
MEM | tot     3.8G | free  792.4M | cache   1.6G | buff   78.2M | slab  105.4M |
MEM | numnode    1 | shmem  66.8M | shrss  35.8M | tcpsk   0.0M | udpsk   0.0M |
MEM | tot     3.8G | free  777.5M | cache   1.6G | buff   78.2M | slab  105.3M |
MEM | numnode    1 | shmem  66.8M | shrss  35.8M | tcpsk   0.0M | udpsk   0.0M |
MEM | tot     3.8G | free  779.7M | cache   1.6G | buff   78.2M | slab  105.3M |
MEM | numnode    1 | shmem  64.6M | shrss  35.8M | tcpsk   0.0M | udpsk   0.0M |
MEM | tot     3.8G | free  778.0M | cache   1.6G | buff   78.2M | slab  105.3M |
MEM | numnode    1 | shmem  64.6M | shrss  35.8M | tcpsk   0.0M | udpsk   0.0M |
MEM | tot     3.8G | free  778.0M | cache   1.6G | buff   78.2M | slab  105.3M |
MEM | numnode    1 | shmem  64.6M | shrss  35.8M | tcpsk   0.0M | udpsk   0.0M |
MEM | tot     3.8G | free  787.6M | cache   1.6G | buff   78.2M | slab  105.3M |
MEM | numnode    1 | shmem  64.6M | shrss  35.8M | tcpsk   0.0M | udpsk   0.0M |
MEM | tot     3.8G | free  787.7M | cache   1.6G | buff   78.2M | slab  105.3M |
MEM | numnode    1 | shmem  64.6M | shrss  35.8M | tcpsk   0.0M | udpsk   0.0M |
MEM | tot     3.8G | free  787.7M | cache   1.6G | buff   78.2M | slab  105.3M |
MEM | numnode    1 | shmem  64.6M | shrss  35.8M | tcpsk   0.0M | udpsk   0.0M |
MEM | tot     3.8G | free  787.6M | cache   1.6G | buff   78.2M | slab  105.3M |
MEM | numnode    1 | shmem  64.6M | shrss  35.8M | tcpsk   0.0M | udpsk   0.0M |
MEM | tot     3.8G | free  790.0M | cache   1.6G | buff   78.2M | slab  105.3M |
MEM | numnode    1 | shmem  64.6M | shrss  35.8M | tcpsk   0.0M | udpsk   0.0M |
MEM | tot     3.8G | free  789.8M | cache   1.6G | buff   78.2M | slab  105.3M |
MEM | numnode    1 | shmem  64.6M | shrss  35.8M | tcpsk   0.0M | udpsk   0.0M |
MEM | tot     3.8G | free  790.5M | cache   1.6G | buff   78.2M | slab  105.3M |
MEM | numnode    1 | shmem  64.6M | shrss  35.8M | tcpsk   0.0M | udpsk   0.0M |
