MEM | tot     3.8G | free  818.3M | cache   1.6G | buff   78.1M | slab  105.3M |
MEM | numnode    1 | shmem  69.6M | shrss  35.8M | tcpsk   0.0M | udpsk   0.0M |
MEM | tot     3.8G | free  802.4M | cache   1.6G | buff   78.1M | slab  105.3M |
MEM | numnode    1 | shmem  68.1M | shrss  35.8M | tcpsk   0.0M | udpsk   0.0M |
MEM | tot     3.8G | free  798.1M | cache   1.6G | buff   78.1M | slab  105.4M |
MEM | numnode    1 | shmem  66.6M | shrss  35.8M | tcpsk   0.0M | udpsk   0.0M |
MEM | tot     3.8G | free  798.9M | cache   1.6G | buff   78.1M | slab  105.4M |
MEM | numnode    1 | shmem  66.6M | shrss  35.8M | tcpsk   0.0M | udpsk   0.0M |
MEM | tot     3.8G | free  799.9M | cache   1.6G | buff   78.1M | slab  105.4M |
MEM | numnode    1 | shmem  66.6M | shrss  35.8M | tcpsk   0.0M | udpsk   0.0M |
MEM | tot     3.8G | free  799.3M | cache   1.6G | buff   78.1M | slab  105.3M |
MEM | numnode    1 | shmem  66.6M | shrss  35.8M | tcpsk   0.0M | udpsk   0.0M |
MEM | tot     3.8G | free  799.6M | cache   1.6G | buff   78.1M | slab  105.3M |
MEM | numnode    1 | shmem  66.6M | shrss  35.8M | tcpsk   0.0M | udpsk   0.0M |
MEM | tot     3.8G | free  801.0M | cache   1.6G | buff   78.1M | slab  105.3M |
MEM | numnode    1 | shmem  65.1M | shrss  35.8M | tcpsk   0.0M | udpsk   0.0M |
MEM | tot     3.8G | free  801.1M | cache   1.6G | buff   78.1M | slab  105.3M |
MEM | numnode    1 | shmem  65.1M | shrss  35.8M | tcpsk   0.0M | udpsk   0.0M |
MEM | tot     3.8G | free  801.3M | cache   1.6G | buff   78.1M | slab  105.3M |
MEM | numnode    1 | shmem  65.1M | shrss  35.8M | tcpsk   0.0M | udpsk   0.0M |
MEM | tot     3.8G | free  801.3M | cache   1.6G | buff   78.1M | slab  105.3M |
MEM | numnode    1 | shmem  65.1M | shrss  35.8M | tcpsk   0.0M | udpsk   0.0M |
MEM | tot     3.8G | free  801.3M | cache   1.6G | buff   78.1M | slab  105.3M |
MEM | numnode    1 | shmem  65.1M | shrss  35.8M | tcpsk   0.0M | udpsk   0.0M |
MEM | tot     3.8G | free  802.0M | cache   1.6G | buff   78.1M | slab  105.3M |
MEM | numnode    1 | shmem  65.1M | shrss  35.8M | tcpsk   0.0M | udpsk   0.0M |
MEM | tot     3.8G | free  802.1M | cache   1.6G | buff   78.1M | slab  105.3M |
MEM | numnode    1 | shmem  65.1M | shrss  35.8M | tcpsk   0.0M | udpsk   0.0M |
MEM | tot     3.8G | free  802.1M | cache   1.6G | buff   78.1M | slab  105.3M |
MEM | numnode    1 | shmem  65.1M | shrss  35.8M | tcpsk   0.0M | udpsk   0.0M |
MEM | tot     3.8G | free  802.1M | cache   1.6G | buff   78.1M | slab  105.3M |
MEM | numnode    1 | shmem  65.1M | shrss  35.8M | tcpsk   0.0M | udpsk   0.0M |
MEM | tot     3.8G | free  802.1M | cache   1.6G | buff   78.1M | slab  105.3M |
MEM | numnode    1 | shmem  65.1M | shrss  35.8M | tcpsk   0.0M | udpsk   0.0M |
