MEM | tot     3.8G | free  813.7M | cache   1.6G | buff   78.4M | slab  105.4M |
MEM | numnode    1 | shmem  64.8M | shrss  35.8M | tcpsk   0.0M | udpsk   0.0M |
MEM | tot     3.8G | free  790.0M | cache   1.6G | buff   78.4M | slab  105.4M |
MEM | numnode    1 | shmem  65.4M | shrss  35.8M | tcpsk   0.0M | udpsk   0.0M |
MEM | tot     3.8G | free  787.8M | cache   1.6G | buff   78.4M | slab  105.5M |
MEM | numnode    1 | shmem  66.1M | shrss  35.8M | tcpsk   0.0M | udpsk   0.0M |
MEM | tot     3.8G | free  787.1M | cache   1.6G | buff   78.4M | slab  105.5M |
MEM | numnode    1 | shmem  66.1M | shrss  35.8M | tcpsk   0.0M | udpsk   0.0M |
MEM | tot     3.8G | free  787.1M | cache   1.6G | buff   78.4M | slab  105.5M |
MEM | numnode    1 | shmem  66.1M | shrss  35.8M | tcpsk   0.0M | udpsk   0.0M |
MEM | tot     3.8G | free  784.8M | cache   1.6G | buff   78.4M | slab  105.5M |
MEM | numnode    1 | shmem  66.1M | shrss  35.8M | tcpsk   0.0M | udpsk   0.0M |
MEM | tot     3.8G | free  783.5M | cache   1.6G | buff   78.4M | slab  105.4M |
MEM | numnode    1 | shmem  66.1M | shrss  35.8M | tcpsk   0.0M | udpsk   0.0M |
MEM | tot     3.8G | free  784.8M | cache   1.6G | buff   78.4M | slab  105.4M |
MEM | numnode    1 | shmem  63.4M | shrss  35.8M | tcpsk   0.0M | udpsk   0.0M |
MEM | tot     3.8G | free  783.3M | cache   1.6G | buff   78.4M | slab  105.4M |
MEM | numnode    1 | shmem  63.4M | shrss  35.8M | tcpsk   0.0M | udpsk   0.0M |
