MEM | tot     3.8G | free  811.3M | cache   1.6G | buff   78.4M | slab  105.3M |
MEM | numnode    1 | shmem  67.1M | shrss  35.8M | tcpsk   0.0M | udpsk   0.0M |
MEM | tot     3.8G | free  793.1M | cache   1.6G | buff   78.4M | slab  105.4M |
MEM | numnode    1 | shmem  67.1M | shrss  35.8M | tcpsk   0.0M | udpsk   0.0M |
MEM | tot     3.8G | free  789.4M | cache   1.6G | buff   78.4M | slab  105.4M |
MEM | numnode    1 | shmem  67.1M | shrss  35.8M | tcpsk   0.0M | udpsk   0.0M |
MEM | tot     3.8G | free  790.8M | cache   1.6G | buff   78.4M | slab  105.4M |
MEM | numnode    1 | shmem  65.4M | shrss  35.8M | tcpsk   0.0M | udpsk   0.0M |
MEM | tot     3.8G | free  790.8M | cache   1.6G | buff   78.4M | slab  105.4M |
MEM | numnode    1 | shmem  65.4M | shrss  35.8M | tcpsk   0.0M | udpsk   0.0M |
MEM | tot     3.8G | free  791.8M | cache   1.6G | buff   78.4M | slab  105.4M |
MEM | numnode    1 | shmem  65.4M | shrss  35.8M | tcpsk   0.0M | udpsk   0.0M |
MEM | tot     3.8G | free  792.2M | cache   1.6G | buff   78.4M | slab  105.4M |
MEM | numnode    1 | shmem  65.4M | shrss  35.8M | tcpsk   0.0M | udpsk   0.0M |
MEM | tot     3.8G | free  794.0M | cache   1.6G | buff   78.4M | slab  105.4M |
MEM | numnode    1 | shmem  63.9M | shrss  35.8M | tcpsk   0.0M | udpsk   0.0M |
MEM | tot     3.8G | free  794.0M | cache   1.6G | buff   78.4M | slab  105.4M |
MEM | numnode    1 | shmem  63.9M | shrss  35.8M | tcpsk   0.0M | udpsk   0.0M |
MEM | tot     3.8G | free  794.5M | cache   1.6G | buff   78.4M | slab  105.4M |
MEM | numnode    1 | shmem  63.9M | shrss  35.8M | tcpsk   0.0M | udpsk   0.0M |
MEM | tot     3.8G | free  794.2M | cache   1.6G | buff   78.4M | slab  105.4M |
MEM | numnode    1 | shmem  63.9M | shrss  35.8M | tcpsk   0.0M | udpsk   0.0M |
MEM | tot     3.8G | free  794.2M | cache   1.6G | buff   78.4M | slab  105.4M |
MEM | numnode    1 | shmem  63.9M | shrss  35.8M | tcpsk   0.0M | udpsk   0.0M |
MEM | tot     3.8G | free  794.2M | cache   1.6G | buff   78.4M | slab  105.4M |
MEM | numnode    1 | shmem  63.9M | shrss  35.8M | tcpsk   0.0M | udpsk   0.0M |
MEM | tot     3.8G | free  794.2M | cache   1.6G | buff   78.4M | slab  105.4M |
MEM | numnode    1 | shmem  63.9M | shrss  35.8M | tcpsk   0.0M | udpsk   0.0M |
MEM | tot     3.8G | free  794.2M | cache   1.6G | buff   78.4M | slab  105.4M |
MEM | numnode    1 | shmem  63.9M | shrss  35.8M | tcpsk   0.0M | udpsk   0.0M |
MEM | tot     3.8G | free  794.2M | cache   1.6G | buff   78.4M | slab  105.4M |
MEM | numnode    1 | shmem  63.9M | shrss  35.8M | tcpsk   0.0M | udpsk   0.0M |
MEM | tot     3.8G | free  794.2M | cache   1.6G | buff   78.4M | slab  105.4M |
MEM | numnode    1 | shmem  63.9M | shrss  35.8M | tcpsk   0.0M | udpsk   0.0M |
