MEM | tot     3.8G | free  812.7M | cache   1.6G | buff   78.4M | slab  105.4M |
MEM | numnode    1 | shmem  64.9M | shrss  35.8M | tcpsk   0.0M | udpsk   0.0M |
MEM | tot     3.8G | free  787.8M | cache   1.6G | buff   78.4M | slab  105.4M |
MEM | numnode    1 | shmem  65.9M | shrss  35.8M | tcpsk   0.0M | udpsk   0.0M |
MEM | tot     3.8G | free  785.8M | cache   1.6G | buff   78.4M | slab  105.5M |
MEM | numnode    1 | shmem  66.1M | shrss  35.8M | tcpsk   0.0M | udpsk   0.0M |
MEM | tot     3.8G | free  786.3M | cache   1.6G | buff   78.4M | slab  105.5M |
MEM | numnode    1 | shmem  66.1M | shrss  35.8M | tcpsk   0.0M | udpsk   0.0M |
MEM | tot     3.8G | free  784.3M | cache   1.6G | buff   78.4M | slab  105.5M |
MEM | numnode    1 | shmem  66.1M | shrss  35.8M | tcpsk   0.0M | udpsk   0.0M |
MEM | tot     3.8G | free  784.3M | cache   1.6G | buff   78.4M | slab  105.5M |
MEM | numnode    1 | shmem  66.1M | shrss  35.8M | tcpsk   0.0M | udpsk   0.0M |
MEM | tot     3.8G | free  781.9M | cache   1.6G | buff   78.4M | slab  105.4M |
MEM | numnode    1 | shmem  66.1M | shrss  35.8M | tcpsk   0.0M | udpsk   0.0M |
MEM | tot     3.8G | free  782.3M | cache   1.6G | buff   78.4M | slab  105.4M |
MEM | numnode    1 | shmem  63.9M | shrss  35.8M | tcpsk   0.0M | udpsk   0.0M |
MEM | tot     3.8G | free  782.3M | cache   1.6G | buff   78.4M | slab  105.4M |
MEM | numnode    1 | shmem  63.9M | shrss  35.8M | tcpsk   0.0M | udpsk   0.0M |
MEM | tot     3.8G | free  782.3M | cache   1.6G | buff   78.4M | slab  105.4M |
MEM | numnode    1 | shmem  63.9M | shrss  35.8M | tcpsk   0.0M | udpsk   0.0M |
MEM | tot     3.8G | free  782.3M | cache   1.6G | buff   78.4M | slab  105.4M |
MEM | numnode    1 | shmem  63.9M | shrss  35.8M | tcpsk   0.0M | udpsk   0.0M |
MEM | tot     3.8G | free  782.3M | cache   1.6G | buff   78.4M | slab  105.4M |
MEM | numnode    1 | shmem  63.9M | shrss  35.8M | tcpsk   0.0M | udpsk   0.0M |
MEM | tot     3.8G | free  782.3M | cache   1.6G | buff   78.4M | slab  105.4M |
MEM | numnode    1 | shmem  63.9M | shrss  35.8M | tcpsk   0.0M | udpsk   0.0M |
MEM | tot     3.8G | free  782.3M | cache   1.6G | buff   78.4M | slab  105.4M |
MEM | numnode    1 | shmem  63.9M | shrss  35.8M | tcpsk   0.0M | udpsk   0.0M |
MEM | tot     3.8G | free  782.3M | cache   1.6G | buff   78.4M | slab  105.4M |
MEM | numnode    1 | shmem  63.9M | shrss  35.8M | tcpsk   0.0M | udpsk   0.0M |
MEM | tot     3.8G | free  782.3M | cache   1.6G | buff   78.4M | slab  105.4M |
MEM | numnode    1 | shmem  63.9M | shrss  35.8M | tcpsk   0.0M | udpsk   0.0M |
