MEM | tot     3.8G | free  812.2M | cache   1.6G | buff   78.4M | slab  105.4M |
MEM | numnode    1 | shmem  64.9M | shrss  35.8M | tcpsk   0.0M | udpsk   0.0M |
MEM | tot     3.8G | free  790.3M | cache   1.6G | buff   78.4M | slab  105.4M |
MEM | numnode    1 | shmem  64.9M | shrss  35.8M | tcpsk   0.0M | udpsk   0.0M |
MEM | tot     3.8G | free  789.2M | cache   1.6G | buff   78.4M | slab  105.4M |
MEM | numnode    1 | shmem  65.6M | shrss  35.8M | tcpsk   0.0M | udpsk   0.0M |
MEM | tot     3.8G | free  787.3M | cache   1.6G | buff   78.4M | slab  105.4M |
MEM | numnode    1 | shmem  65.6M | shrss  35.8M | tcpsk   0.0M | udpsk   0.0M |
MEM | tot     3.8G | free  785.6M | cache   1.6G | buff   78.4M | slab  105.4M |
MEM | numnode    1 | shmem  65.6M | shrss  35.8M | tcpsk   0.0M | udpsk   0.0M |
MEM | tot     3.8G | free  785.6M | cache   1.6G | buff   78.4M | slab  105.4M |
MEM | numnode    1 | shmem  65.6M | shrss  35.8M | tcpsk   0.0M | udpsk   0.0M |
MEM | tot     3.8G | free  783.6M | cache   1.6G | buff   78.4M | slab  105.4M |
MEM | numnode    1 | shmem  65.6M | shrss  35.8M | tcpsk   0.0M | udpsk   0.0M |
MEM | tot     3.8G | free  782.5M | cache   1.6G | buff   78.4M | slab  105.4M |
MEM | numnode    1 | shmem  63.9M | shrss  35.8M | tcpsk   0.0M | udpsk   0.0M |
MEM | tot     3.8G | free  782.5M | cache   1.6G | buff   78.4M | slab  105.4M |
MEM | numnode    1 | shmem  63.9M | shrss  35.8M | tcpsk   0.0M | udpsk   0.0M |
MEM | tot     3.8G | free  782.5M | cache   1.6G | buff   78.4M | slab  105.4M |
MEM | numnode    1 | shmem  63.9M | shrss  35.8M | tcpsk   0.0M | udpsk   0.0M |
MEM | tot     3.8G | free  782.5M | cache   1.6G | buff   78.4M | slab  105.4M |
MEM | numnode    1 | shmem  63.9M | shrss  35.8M | tcpsk   0.0M | udpsk   0.0M |
