MEM | tot     3.8G | free  796.0M | cache   1.6G | buff   79.2M | slab  105.6M |
MEM | numnode    1 | shmem  65.1M | shrss  35.8M | tcpsk   0.0M | udpsk   0.0M |
MEM | tot     3.8G | free  771.9M | cache   1.6G | buff   79.2M | slab  105.6M |
MEM | numnode    1 | shmem  66.6M | shrss  35.8M | tcpsk   0.0M | udpsk   0.0M |
MEM | tot     3.8G | free  769.4M | cache   1.6G | buff   79.2M | slab  105.7M |
MEM | numnode    1 | shmem  66.6M | shrss  35.8M | tcpsk   0.0M | udpsk   0.0M |
MEM | tot     3.8G | free  769.6M | cache   1.6G | buff   79.2M | slab  105.7M |
MEM | numnode    1 | shmem  66.6M | shrss  35.8M | tcpsk   0.0M | udpsk   0.0M |
MEM | tot     3.8G | free  767.7M | cache   1.6G | buff   79.2M | slab  105.7M |
MEM | numnode    1 | shmem  66.6M | shrss  35.8M | tcpsk   0.0M | udpsk   0.0M |
MEM | tot     3.8G | free  765.7M | cache   1.6G | buff   79.2M | slab  105.7M |
MEM | numnode    1 | shmem  66.6M | shrss  35.8M | tcpsk   0.0M | udpsk   0.0M |
MEM | tot     3.8G | free  768.4M | cache   1.6G | buff   79.2M | slab  105.7M |
MEM | numnode    1 | shmem  64.6M | shrss  35.8M | tcpsk   0.0M | udpsk   0.0M |
MEM | tot     3.8G | free  765.9M | cache   1.6G | buff   79.2M | slab  105.6M |
MEM | numnode    1 | shmem  64.6M | shrss  35.8M | tcpsk   0.0M | udpsk   0.0M |
MEM | tot     3.8G | free  765.9M | cache   1.6G | buff   79.2M | slab  105.6M |
MEM | numnode    1 | shmem  64.6M | shrss  35.8M | tcpsk   0.0M | udpsk   0.0M |
MEM | tot     3.8G | free  765.9M | cache   1.6G | buff   79.2M | slab  105.6M |
MEM | numnode    1 | shmem  64.6M | shrss  35.8M | tcpsk   0.0M | udpsk   0.0M |
MEM | tot     3.8G | free  765.6M | cache   1.6G | buff   79.2M | slab  105.6M |
MEM | numnode    1 | shmem  64.6M | shrss  35.8M | tcpsk   0.0M | udpsk   0.0M |
