MEM | tot     3.8G | free  792.6M | cache   1.6G | buff   79.1M | slab  105.6M |
MEM | numnode    1 | shmem  67.6M | shrss  35.8M | tcpsk   0.0M | udpsk   0.0M |
MEM | tot     3.8G | free  777.5M | cache   1.6G | buff   79.1M | slab  105.6M |
MEM | numnode    1 | shmem  67.6M | shrss  35.8M | tcpsk   0.0M | udpsk   0.0M |
MEM | tot     3.8G | free  770.7M | cache   1.6G | buff   79.1M | slab  105.7M |
MEM | numnode    1 | shmem  67.6M | shrss  35.8M | tcpsk   0.0M | udpsk   0.0M |
MEM | tot     3.8G | free  773.2M | cache   1.6G | buff   79.1M | slab  105.7M |
MEM | numnode    1 | shmem  66.1M | shrss  35.8M | tcpsk   0.0M | udpsk   0.0M |
MEM | tot     3.8G | free  774.2M | cache   1.6G | buff   79.1M | slab  105.7M |
MEM | numnode    1 | shmem  66.1M | shrss  35.8M | tcpsk   0.0M | udpsk   0.0M |
MEM | tot     3.8G | free  773.9M | cache   1.6G | buff   79.1M | slab  105.7M |
MEM | numnode    1 | shmem  66.1M | shrss  35.8M | tcpsk   0.0M | udpsk   0.0M |
MEM | tot     3.8G | free  774.7M | cache   1.6G | buff   79.1M | slab  105.6M |
MEM | numnode    1 | shmem  66.1M | shrss  35.8M | tcpsk   0.0M | udpsk   0.0M |
MEM | tot     3.8G | free  776.1M | cache   1.6G | buff   79.1M | slab  105.6M |
MEM | numnode    1 | shmem  64.6M | shrss  35.8M | tcpsk   0.0M | udpsk   0.0M |
MEM | tot     3.8G | free  776.2M | cache   1.6G | buff   79.1M | slab  105.6M |
MEM | numnode    1 | shmem  64.6M | shrss  35.8M | tcpsk   0.0M | udpsk   0.0M |
MEM | tot     3.8G | free  776.2M | cache   1.6G | buff   79.1M | slab  105.6M |
MEM | numnode    1 | shmem  64.6M | shrss  35.8M | tcpsk   0.0M | udpsk   0.0M |
MEM | tot     3.8G | free  776.1M | cache   1.6G | buff   79.1M | slab  105.6M |
MEM | numnode    1 | shmem  64.6M | shrss  35.8M | tcpsk   0.0M | udpsk   0.0M |
MEM | tot     3.8G | free  776.8M | cache   1.6G | buff   79.2M | slab  105.6M |
MEM | numnode    1 | shmem  64.6M | shrss  35.8M | tcpsk   0.0M | udpsk   0.0M |
MEM | tot     3.8G | free  776.8M | cache   1.6G | buff   79.2M | slab  105.6M |
MEM | numnode    1 | shmem  64.6M | shrss  35.8M | tcpsk   0.0M | udpsk   0.0M |
MEM | tot     3.8G | free  776.8M | cache   1.6G | buff   79.2M | slab  105.6M |
MEM | numnode    1 | shmem  64.6M | shrss  35.8M | tcpsk   0.0M | udpsk   0.0M |
MEM | tot     3.8G | free  776.8M | cache   1.6G | buff   79.2M | slab  105.6M |
MEM | numnode    1 | shmem  64.6M | shrss  35.8M | tcpsk   0.0M | udpsk   0.0M |
MEM | tot     3.8G | free  776.8M | cache   1.6G | buff   79.2M | slab  105.6M |
MEM | numnode    1 | shmem  64.6M | shrss  35.8M | tcpsk   0.0M | udpsk   0.0M |
MEM | tot     3.8G | free  776.8M | cache   1.6G | buff   79.2M | slab  105.6M |
MEM | numnode    1 | shmem  64.6M | shrss  35.8M | tcpsk   0.0M | udpsk   0.0M |
