MEM | tot     3.8G | free  794.8M | cache   1.6G | buff   79.2M | slab  105.6M |
MEM | numnode    1 | shmem  65.5M | shrss  35.8M | tcpsk   0.0M | udpsk   0.0M |
MEM | tot     3.8G | free  771.9M | cache   1.6G | buff   79.2M | slab  105.7M |
MEM | numnode    1 | shmem  66.8M | shrss  35.8M | tcpsk   0.0M | udpsk   0.0M |
MEM | tot     3.8G | free  772.1M | cache   1.6G | buff   79.2M | slab  105.7M |
MEM | numnode    1 | shmem  66.8M | shrss  35.8M | tcpsk   0.0M | udpsk   0.0M |
MEM | tot     3.8G | free  770.8M | cache   1.6G | buff   79.2M | slab  105.7M |
MEM | numnode    1 | shmem  66.8M | shrss  35.8M | tcpsk   0.0M | udpsk   0.0M |
MEM | tot     3.8G | free  768.9M | cache   1.6G | buff   79.2M | slab  105.7M |
MEM | numnode    1 | shmem  66.8M | shrss  35.8M | tcpsk   0.0M | udpsk   0.0M |
MEM | tot     3.8G | free  766.9M | cache   1.6G | buff   79.2M | slab  105.7M |
MEM | numnode    1 | shmem  66.8M | shrss  35.8M | tcpsk   0.0M | udpsk   0.0M |
MEM | tot     3.8G | free  767.1M | cache   1.6G | buff   79.2M | slab  105.7M |
MEM | numnode    1 | shmem  65.9M | shrss  35.8M | tcpsk   0.0M | udpsk   0.0M |
MEM | tot     3.8G | free  767.3M | cache   1.6G | buff   79.2M | slab  105.7M |
MEM | numnode    1 | shmem  64.3M | shrss  35.8M | tcpsk   0.0M | udpsk   0.0M |
MEM | tot     3.8G | free  767.3M | cache   1.6G | buff   79.2M | slab  105.6M |
MEM | numnode    1 | shmem  64.3M | shrss  35.8M | tcpsk   0.0M | udpsk   0.0M |
MEM | tot     3.8G | free  767.4M | cache   1.6G | buff   79.2M | slab  105.6M |
MEM | numnode    1 | shmem  64.3M | shrss  35.8M | tcpsk   0.0M | udpsk   0.0M |
MEM | tot     3.8G | free  767.4M | cache   1.6G | buff   79.2M | slab  105.6M |
MEM | numnode    1 | shmem  64.3M | shrss  35.8M | tcpsk   0.0M | udpsk   0.0M |
MEM | tot     3.8G | free  767.4M | cache   1.6G | buff   79.2M | slab  105.6M |
MEM | numnode    1 | shmem  64.3M | shrss  35.8M | tcpsk   0.0M | udpsk   0.0M |
MEM | tot     3.8G | free  767.4M | cache   1.6G | buff   79.2M | slab  105.6M |
MEM | numnode    1 | shmem  64.3M | shrss  35.8M | tcpsk   0.0M | udpsk   0.0M |
MEM | tot     3.8G | free  767.4M | cache   1.6G | buff   79.2M | slab  105.6M |
MEM | numnode    1 | shmem  64.3M | shrss  35.8M | tcpsk   0.0M | udpsk   0.0M |
MEM | tot     3.8G | free  767.4M | cache   1.6G | buff   79.2M | slab  105.6M |
MEM | numnode    1 | shmem  64.3M | shrss  35.8M | tcpsk   0.0M | udpsk   0.0M |
MEM | tot     3.8G | free  767.4M | cache   1.6G | buff   79.2M | slab  105.6M |
MEM | numnode    1 | shmem  64.3M | shrss  35.8M | tcpsk   0.0M | udpsk   0.0M |
