MEM | tot     3.8G | free  796.5M | cache   1.6G | buff   79.2M | slab  105.6M |
MEM | numnode    1 | shmem  65.5M | shrss  35.8M | tcpsk   0.0M | udpsk   0.0M |
MEM | tot     3.8G | free  773.4M | cache   1.6G | buff   79.2M | slab  105.7M |
MEM | numnode    1 | shmem  66.1M | shrss  35.8M | tcpsk   0.0M | udpsk   0.0M |
MEM | tot     3.8G | free  772.3M | cache   1.6G | buff   79.2M | slab  105.7M |
MEM | numnode    1 | shmem  66.5M | shrss  35.8M | tcpsk   0.0M | udpsk   0.0M |
MEM | tot     3.8G | free  770.4M | cache   1.6G | buff   79.2M | slab  105.7M |
MEM | numnode    1 | shmem  66.6M | shrss  35.8M | tcpsk   0.0M | udpsk   0.0M |
MEM | tot     3.8G | free  770.4M | cache   1.6G | buff   79.2M | slab  105.7M |
MEM | numnode    1 | shmem  66.6M | shrss  35.8M | tcpsk   0.0M | udpsk   0.0M |
MEM | tot     3.8G | free  768.4M | cache   1.6G | buff   79.2M | slab  105.7M |
MEM | numnode    1 | shmem  66.6M | shrss  35.8M | tcpsk   0.0M | udpsk   0.0M |
MEM | tot     3.8G | free  766.2M | cache   1.6G | buff   79.2M | slab  105.7M |
MEM | numnode    1 | shmem  66.6M | shrss  35.8M | tcpsk   0.0M | udpsk   0.0M |
MEM | tot     3.8G | free  768.9M | cache   1.6G | buff   79.2M | slab  105.6M |
MEM | numnode    1 | shmem  64.1M | shrss  35.8M | tcpsk   0.0M | udpsk   0.0M |
MEM | tot     3.8G | free  767.1M | cache   1.6G | buff   79.2M | slab  105.6M |
MEM | numnode    1 | shmem  64.1M | shrss  35.8M | tcpsk   0.0M | udpsk   0.0M |
