MEM | tot     3.8G | free    1.9G | cache 724.9M | buff   67.1M | slab   82.1M |
MEM | tot     3.8G | free    1.9G | cache 728.8M | buff   67.1M | slab   82.1M |
MEM | tot     3.8G | free    1.8G | cache 728.9M | buff   67.1M | slab   82.1M |
MEM | tot     3.8G | free    1.9G | cache 728.9M | buff   67.1M | slab   82.1M |
MEM | tot     3.8G | free    1.9G | cache 728.9M | buff   67.1M | slab   82.1M |
MEM | tot     3.8G | free    1.9G | cache 728.9M | buff   67.1M | slab   82.1M |
MEM | tot     3.8G | free    1.9G | cache 728.9M | buff   67.1M | slab   82.1M |
MEM | tot     3.8G | free    1.9G | cache 728.0M | buff   67.1M | slab   82.1M |
MEM | tot     3.8G | free    1.9G | cache 727.5M | buff   67.1M | slab   82.1M |
MEM | tot     3.8G | free    1.9G | cache 724.9M | buff   67.1M | slab   82.1M |
MEM | tot     3.8G | free    1.9G | cache 725.0M | buff   67.1M | slab   82.1M |
MEM | tot     3.8G | free    1.9G | cache 725.0M | buff   67.1M | slab   82.1M |
MEM | tot     3.8G | free    1.9G | cache 725.0M | buff   67.1M | slab   82.1M |
MEM | tot     3.8G | free    1.9G | cache 725.0M | buff   67.1M | slab   82.1M |
MEM | tot     3.8G | free    1.9G | cache 725.0M | buff   67.1M | slab   82.1M |
MEM | tot     3.8G | free    1.9G | cache 725.0M | buff   67.1M | slab   82.1M |
MEM | tot     3.8G | free    1.9G | cache 725.0M | buff   67.1M | slab   82.1M |
