MEM | tot     3.8G | free    1.9G | cache 724.4M | buff   67.1M | slab   82.0M |
MEM | tot     3.8G | free    1.8G | cache 726.1M | buff   67.1M | slab   82.1M |
MEM | tot     3.8G | free    1.8G | cache 724.7M | buff   67.1M | slab   82.1M |
MEM | tot     3.8G | free    1.8G | cache 724.8M | buff   67.1M | slab   82.1M |
MEM | tot     3.8G | free    1.9G | cache 724.9M | buff   67.1M | slab   82.1M |
MEM | tot     3.8G | free    1.9G | cache 725.0M | buff   67.1M | slab   82.1M |
MEM | tot     3.8G | free    1.9G | cache 725.2M | buff   67.1M | slab   82.1M |
MEM | tot     3.8G | free    1.9G | cache 723.5M | buff   67.1M | slab   82.1M |
MEM | tot     3.8G | free    1.9G | cache 723.6M | buff   67.1M | slab   82.1M |
MEM | tot     3.8G | free    1.9G | cache 721.3M | buff   67.1M | slab   82.1M |
MEM | tot     3.8G | free    1.9G | cache 721.4M | buff   67.1M | slab   82.1M |
MEM | tot     3.8G | free    1.9G | cache 721.5M | buff   67.1M | slab   82.1M |
MEM | tot     3.8G | free    1.9G | cache 721.7M | buff   67.1M | slab   82.1M |
MEM | tot     3.8G | free    1.9G | cache 721.8M | buff   67.1M | slab   82.1M |
MEM | tot     3.8G | free    1.9G | cache 721.9M | buff   67.1M | slab   82.1M |
MEM | tot     3.8G | free    1.9G | cache 722.0M | buff   67.1M | slab   82.1M |
MEM | tot     3.8G | free    1.9G | cache 722.2M | buff   67.1M | slab   82.1M |
MEM | tot     3.8G | free    1.9G | cache 722.3M | buff   67.1M | slab   82.1M |
MEM | tot     3.8G | free    1.9G | cache 722.4M | buff   67.1M | slab   82.1M |
MEM | tot     3.8G | free    1.9G | cache 722.5M | buff   67.1M | slab   82.1M |
MEM | tot     3.8G | free    1.9G | cache 722.6M | buff   67.1M | slab   82.1M |
MEM | tot     3.8G | free    1.9G | cache 722.8M | buff   67.1M | slab   82.1M |
MEM | tot     3.8G | free    1.9G | cache 722.9M | buff   67.1M | slab   82.1M |
MEM | tot     3.8G | free    1.9G | cache 723.0M | buff   67.1M | slab   82.1M |
MEM | tot     3.8G | free    1.9G | cache 723.1M | buff   67.1M | slab   82.1M |
MEM | tot     3.8G | free    1.9G | cache 723.2M | buff   67.1M | slab   82.1M |
MEM | tot     3.8G | free    1.9G | cache 723.4M | buff   67.1M | slab   82.1M |
MEM | tot     3.8G | free    1.9G | cache 723.6M | buff   67.1M | slab   82.1M |
MEM | tot     3.8G | free    1.9G | cache 723.7M | buff   67.1M | slab   82.1M |
MEM | tot     3.8G | free    1.9G | cache 723.8M | buff   67.1M | slab   82.1M |
MEM | tot     3.8G | free    1.9G | cache 723.9M | buff   67.1M | slab   82.1M |
MEM | tot     3.8G | free    1.9G | cache 724.0M | buff   67.1M | slab   82.1M |
MEM | tot     3.8G | free    1.9G | cache 724.1M | buff   67.1M | slab   82.1M |
MEM | tot     3.8G | free    1.9G | cache 724.2M | buff   67.1M | slab   82.1M |
MEM | tot     3.8G | free    1.9G | cache 724.3M | buff   67.1M | slab   82.1M |
MEM | tot     3.8G | free    1.9G | cache 724.4M | buff   67.1M | slab   82.1M |
MEM | tot     3.8G | free    1.9G | cache 724.6M | buff   67.1M | slab   82.1M |
MEM | tot     3.8G | free    1.9G | cache 724.7M | buff   67.1M | slab   82.1M |
MEM | tot     3.8G | free    1.9G | cache 724.7M | buff   67.1M | slab   82.1M |
MEM | tot     3.8G | free    1.9G | cache 724.9M | buff   67.1M | slab   82.1M |
MEM | tot     3.8G | free    1.9G | cache 725.0M | buff   67.1M | slab   82.1M |
MEM | tot     3.8G | free    1.9G | cache 725.1M | buff   67.1M | slab   82.1M |
MEM | tot     3.8G | free    1.9G | cache 725.2M | buff   67.1M | slab   82.1M |
MEM | tot     3.8G | free    1.9G | cache 725.3M | buff   67.1M | slab   82.1M |
