MEM | tot     3.8G | free    1.9G | cache 724.9M | buff   67.1M | slab   82.0M |
MEM | tot     3.8G | free    1.9G | cache 728.9M | buff   67.1M | slab   82.2M |
MEM | tot     3.8G | free    1.8G | cache 728.9M | buff   67.1M | slab   82.1M |
MEM | tot     3.8G | free    1.8G | cache 728.9M | buff   67.1M | slab   82.1M |
MEM | tot     3.8G | free    1.8G | cache 728.9M | buff   67.1M | slab   82.1M |
MEM | tot     3.8G | free    1.8G | cache 728.9M | buff   67.1M | slab   82.1M |
MEM | tot     3.8G | free    1.8G | cache 728.9M | buff   67.1M | slab   82.2M |
MEM | tot     3.8G | free    1.8G | cache 728.0M | buff   67.1M | slab   82.1M |
MEM | tot     3.8G | free    1.8G | cache 727.5M | buff   67.1M | slab   82.1M |
MEM | tot     3.8G | free    1.9G | cache 725.0M | buff   67.1M | slab   82.1M |
MEM | tot     3.8G | free    1.9G | cache 725.0M | buff   67.1M | slab   82.1M |
MEM | tot     3.8G | free    1.8G | cache 725.0M | buff   67.1M | slab   82.1M |
MEM | tot     3.8G | free    1.8G | cache 725.0M | buff   67.1M | slab   82.1M |
MEM | tot     3.8G | free    1.8G | cache 725.0M | buff   67.2M | slab   82.1M |
MEM | tot     3.8G | free    1.8G | cache 725.0M | buff   67.2M | slab   82.1M |
MEM | tot     3.8G | free    1.8G | cache 725.0M | buff   67.2M | slab   82.1M |
MEM | tot     3.8G | free    1.8G | cache 725.1M | buff   67.2M | slab   82.1M |
MEM | tot     3.8G | free    1.8G | cache 725.1M | buff   67.2M | slab   82.1M |
MEM | tot     3.8G | free    1.8G | cache 725.1M | buff   67.2M | slab   82.1M |
MEM | tot     3.8G | free    1.8G | cache 725.2M | buff   67.2M | slab   82.1M |
MEM | tot     3.8G | free    1.8G | cache 725.2M | buff   67.2M | slab   82.1M |
MEM | tot     3.8G | free    1.8G | cache 725.3M | buff   67.2M | slab   82.1M |
MEM | tot     3.8G | free    1.8G | cache 725.3M | buff   67.2M | slab   82.1M |
