MEM | tot     3.8G | free    1.9G | cache 725.2M | buff   67.2M | slab   82.0M |
MEM | tot     3.8G | free    1.9G | cache 729.1M | buff   67.2M | slab   82.2M |
MEM | tot     3.8G | free    1.8G | cache 729.1M | buff   67.2M | slab   82.1M |
MEM | tot     3.8G | free    1.8G | cache 729.2M | buff   67.2M | slab   82.1M |
MEM | tot     3.8G | free    1.8G | cache 729.2M | buff   67.2M | slab   82.1M |
MEM | tot     3.8G | free    1.8G | cache 729.2M | buff   67.2M | slab   82.1M |
MEM | tot     3.8G | free    1.8G | cache 729.2M | buff   67.2M | slab   82.1M |
MEM | tot     3.8G | free    1.8G | cache 728.2M | buff   67.2M | slab   82.1M |
MEM | tot     3.8G | free    1.8G | cache 727.8M | buff   67.2M | slab   82.1M |
MEM | tot     3.8G | free    1.9G | cache 725.3M | buff   67.2M | slab   82.1M |
MEM | tot     3.8G | free    1.9G | cache 725.3M | buff   67.2M | slab   82.1M |
MEM | tot     3.8G | free    1.9G | cache 725.3M | buff   67.2M | slab   82.1M |
MEM | tot     3.8G | free    1.8G | cache 725.3M | buff   67.2M | slab   82.1M |
MEM | tot     3.8G | free    1.8G | cache 725.3M | buff   67.2M | slab   82.1M |
MEM | tot     3.8G | free    1.8G | cache 725.4M | buff   67.2M | slab   82.1M |
MEM | tot     3.8G | free    1.8G | cache 725.4M | buff   67.2M | slab   82.1M |
MEM | tot     3.8G | free    1.8G | cache 725.4M | buff   67.2M | slab   82.1M |
MEM | tot     3.8G | free    1.8G | cache 725.4M | buff   67.2M | slab   82.1M |
MEM | tot     3.8G | free    1.8G | cache 725.4M | buff   67.2M | slab   82.1M |
MEM | tot     3.8G | free    1.8G | cache 725.4M | buff   67.2M | slab   82.1M |
MEM | tot     3.8G | free    1.8G | cache 725.4M | buff   67.2M | slab   82.1M |
MEM | tot     3.8G | free    1.8G | cache 725.4M | buff   67.2M | slab   82.1M |
MEM | tot     3.8G | free    1.8G | cache 725.5M | buff   67.2M | slab   82.1M |
MEM | tot     3.8G | free    1.8G | cache 725.5M | buff   67.2M | slab   82.1M |
MEM | tot     3.8G | free    1.8G | cache 725.5M | buff   67.2M | slab   82.1M |
MEM | tot     3.8G | free    1.8G | cache 725.5M | buff   67.2M | slab   82.1M |
MEM | tot     3.8G | free    1.8G | cache 725.5M | buff   67.2M | slab   82.1M |
MEM | tot     3.8G | free    1.8G | cache 725.5M | buff   67.2M | slab   82.1M |
MEM | tot     3.8G | free    1.8G | cache 725.5M | buff   67.2M | slab   82.1M |
MEM | tot     3.8G | free    1.8G | cache 725.5M | buff   67.2M | slab   82.1M |
MEM | tot     3.8G | free    1.8G | cache 725.6M | buff   67.2M | slab   82.1M |
MEM | tot     3.8G | free    1.8G | cache 725.6M | buff   67.2M | slab   82.1M |
MEM | tot     3.8G | free    1.8G | cache 725.6M | buff   67.2M | slab   82.1M |
MEM | tot     3.8G | free    1.8G | cache 725.6M | buff   67.2M | slab   82.1M |
MEM | tot     3.8G | free    1.8G | cache 725.6M | buff   67.2M | slab   82.1M |
MEM | tot     3.8G | free    1.8G | cache 725.6M | buff   67.2M | slab   82.1M |
MEM | tot     3.8G | free    1.8G | cache 725.6M | buff   67.2M | slab   82.1M |
MEM | tot     3.8G | free    1.8G | cache 725.6M | buff   67.2M | slab   82.1M |
MEM | tot     3.8G | free    1.8G | cache 725.7M | buff   67.2M | slab   82.2M |
MEM | tot     3.8G | free    1.8G | cache 725.7M | buff   67.2M | slab   82.2M |
MEM | tot     3.8G | free    1.8G | cache 725.8M | buff   67.2M | slab   82.2M |
MEM | tot     3.8G | free    1.8G | cache 725.8M | buff   67.2M | slab   82.2M |
MEM | tot     3.8G | free    1.8G | cache 725.8M | buff   67.2M | slab   82.2M |
MEM | tot     3.8G | free    1.8G | cache 725.8M | buff   67.2M | slab   82.2M |
MEM | tot     3.8G | free    1.8G | cache 725.8M | buff   67.2M | slab   82.2M |
