E,tot,"3,8",free,"1,9",cache,"724,9",buff,"67,1",slab,82,,"1,9"
E,tot,"3,8",free,"1,9",cache,"728,9",buff,"67,1",slab,"82,2",,"1,9"
E,tot,"3,8",free,"1,8",cache,"728,9",buff,"67,1",slab,"82,1",,2
E,tot,"3,8",free,"1,8",cache,"728,9",buff,"67,1",slab,"82,1",,2
E,tot,"3,8",free,"1,8",cache,"728,9",buff,"67,1",slab,"82,1",,2
E,tot,"3,8",free,"1,8",cache,"728,9",buff,"67,1",slab,"82,1",,2
E,tot,"3,8",free,"1,8",cache,"728,9",buff,"67,1",slab,"82,2",,2
E,tot,"3,8",free,"1,8",cache,728,buff,"67,1",slab,"82,1",,2
E,tot,"3,8",free,"1,8",cache,"727,5",buff,"67,1",slab,"82,1",,2
E,tot,"3,8",free,"1,9",cache,725,buff,"67,1",slab,"82,1",,"1,9"
E,tot,"3,8",free,"1,9",cache,725,buff,"67,1",slab,"82,1",,"1,9"
E,tot,"3,8",free,"1,8",cache,725,buff,"67,1",slab,"82,1",,2
E,tot,"3,8",free,"1,8",cache,725,buff,"67,1",slab,"82,1",,2
E,tot,"3,8",free,"1,8",cache,725,buff,"67,2",slab,"82,1",,2
E,tot,"3,8",free,"1,8",cache,725,buff,"67,2",slab,"82,1",,2
E,tot,"3,8",free,"1,8",cache,725,buff,"67,2",slab,"82,1",,2
E,tot,"3,8",free,"1,8",cache,"725,1",buff,"67,2",slab,"82,1",,2
E,tot,"3,8",free,"1,8",cache,"725,1",buff,"67,2",slab,"82,1",,2
E,tot,"3,8",free,"1,8",cache,"725,1",buff,"67,2",slab,"82,1",,2
E,tot,"3,8",free,"1,8",cache,"725,2",buff,"67,2",slab,"82,1",,2
E,tot,"3,8",free,"1,8",cache,"725,2",buff,"67,2",slab,"82,1",,2
E,tot,"3,8",free,"1,8",cache,"725,3",buff,"67,2",slab,"82,1",,2
E,tot,"3,8",free,"1,8",cache,"725,3",buff,"67,2",slab,"82,1",,2
,,,,,,,,,,,,
,,,,,,,,,,,média,"1,98260869565217"
,,,,,,,,,,,DP,"0,0387553387881589"
