CPU,sys,5,user,11,irq,0,idle,84,wait,0,,16
CPU,sys,32,user,68,irq,0,idle,0,wait,0,,100
CPU,sys,32,user,67,irq,1,idle,0,wait,0,,99
CPU,sys,38,user,61,irq,1,idle,0,wait,0,,99
CPU,sys,33,user,62,irq,5,idle,0,wait,0,,95
CPU,sys,39,user,60,irq,1,idle,0,wait,0,,99
CPU,sys,47,user,51,irq,2,idle,0,wait,0,,98
CPU,sys,31,user,68,irq,1,idle,0,wait,0,,99
CPU,sys,33,user,66,irq,1,idle,0,wait,0,,99
CPU,sys,36,user,62,irq,2,idle,0,wait,0,,98
CPU,sys,30,user,67,irq,3,idle,0,wait,0,,97
CPU,sys,33,user,63,irq,4,idle,0,wait,0,,96
CPU,sys,33,user,63,irq,4,idle,0,wait,0,,96
CPU,sys,39,user,57,irq,4,idle,0,wait,0,,96
CPU,sys,34,user,63,irq,3,idle,0,wait,0,,97
CPU,sys,33,user,64,irq,3,idle,0,wait,0,,97
CPU,sys,35,user,62,irq,3,idle,0,wait,0,,97
CPU,sys,35,user,62,irq,3,idle,0,wait,0,,97
CPU,sys,32,user,62,irq,6,idle,0,wait,0,,94
CPU,sys,27,user,70,irq,3,idle,0,wait,0,,97
CPU,sys,30,user,67,irq,3,idle,0,wait,0,,97
CPU,sys,23,user,74,irq,3,idle,0,wait,0,,97
CPU,sys,28,user,70,irq,2,idle,0,wait,0,,98
,,,,,,,,,,,,
,,,,,,,,,,,média,"97,3636363636364"
,,,,,,,,,,,DP,"1,46532799986424"
