E,tot,"3,8",free,"1,9",cache,"724,4",buff,"67,1",slab,82,,"1,9"
E,tot,"3,8",free,"1,8",cache,"726,1",buff,"67,1",slab,"82,1",,2
E,tot,"3,8",free,"1,8",cache,"724,7",buff,"67,1",slab,"82,1",,2
E,tot,"3,8",free,"1,8",cache,"724,8",buff,"67,1",slab,"82,1",,2
E,tot,"3,8",free,"1,9",cache,"724,9",buff,"67,1",slab,"82,1",,"1,9"
E,tot,"3,8",free,"1,9",cache,725,buff,"67,1",slab,"82,1",,"1,9"
E,tot,"3,8",free,"1,9",cache,"725,2",buff,"67,1",slab,"82,1",,"1,9"
E,tot,"3,8",free,"1,9",cache,"723,5",buff,"67,1",slab,"82,1",,"1,9"
E,tot,"3,8",free,"1,9",cache,"723,6",buff,"67,1",slab,"82,1",,"1,9"
E,tot,"3,8",free,"1,9",cache,"721,3",buff,"67,1",slab,"82,1",,"1,9"
E,tot,"3,8",free,"1,9",cache,"721,4",buff,"67,1",slab,"82,1",,"1,9"
E,tot,"3,8",free,"1,9",cache,"721,5",buff,"67,1",slab,"82,1",,"1,9"
E,tot,"3,8",free,"1,9",cache,"721,7",buff,"67,1",slab,"82,1",,"1,9"
E,tot,"3,8",free,"1,9",cache,"721,8",buff,"67,1",slab,"82,1",,"1,9"
E,tot,"3,8",free,"1,9",cache,"721,9",buff,"67,1",slab,"82,1",,"1,9"
E,tot,"3,8",free,"1,9",cache,722,buff,"67,1",slab,"82,1",,"1,9"
E,tot,"3,8",free,"1,9",cache,"722,2",buff,"67,1",slab,"82,1",,"1,9"
E,tot,"3,8",free,"1,9",cache,"722,3",buff,"67,1",slab,"82,1",,"1,9"
E,tot,"3,8",free,"1,9",cache,"722,4",buff,"67,1",slab,"82,1",,"1,9"
E,tot,"3,8",free,"1,9",cache,"722,5",buff,"67,1",slab,"82,1",,"1,9"
E,tot,"3,8",free,"1,9",cache,"722,6",buff,"67,1",slab,"82,1",,"1,9"
E,tot,"3,8",free,"1,9",cache,"722,8",buff,"67,1",slab,"82,1",,"1,9"
E,tot,"3,8",free,"1,9",cache,"722,9",buff,"67,1",slab,"82,1",,"1,9"
E,tot,"3,8",free,"1,9",cache,723,buff,"67,1",slab,"82,1",,"1,9"
E,tot,"3,8",free,"1,9",cache,"723,1",buff,"67,1",slab,"82,1",,"1,9"
E,tot,"3,8",free,"1,9",cache,"723,2",buff,"67,1",slab,"82,1",,"1,9"
E,tot,"3,8",free,"1,9",cache,"723,4",buff,"67,1",slab,"82,1",,"1,9"
E,tot,"3,8",free,"1,9",cache,"723,6",buff,"67,1",slab,"82,1",,"1,9"
E,tot,"3,8",free,"1,9",cache,"723,7",buff,"67,1",slab,"82,1",,"1,9"
E,tot,"3,8",free,"1,9",cache,"723,8",buff,"67,1",slab,"82,1",,"1,9"
E,tot,"3,8",free,"1,9",cache,"723,9",buff,"67,1",slab,"82,1",,"1,9"
E,tot,"3,8",free,"1,9",cache,724,buff,"67,1",slab,"82,1",,"1,9"
E,tot,"3,8",free,"1,9",cache,"724,1",buff,"67,1",slab,"82,1",,"1,9"
E,tot,"3,8",free,"1,9",cache,"724,2",buff,"67,1",slab,"82,1",,"1,9"
E,tot,"3,8",free,"1,9",cache,"724,3",buff,"67,1",slab,"82,1",,"1,9"
E,tot,"3,8",free,"1,9",cache,"724,4",buff,"67,1",slab,"82,1",,"1,9"
E,tot,"3,8",free,"1,9",cache,"724,6",buff,"67,1",slab,"82,1",,"1,9"
E,tot,"3,8",free,"1,9",cache,"724,7",buff,"67,1",slab,"82,1",,"1,9"
E,tot,"3,8",free,"1,9",cache,"724,7",buff,"67,1",slab,"82,1",,"1,9"
E,tot,"3,8",free,"1,9",cache,"724,9",buff,"67,1",slab,"82,1",,"1,9"
E,tot,"3,8",free,"1,9",cache,725,buff,"67,1",slab,"82,1",,"1,9"
E,tot,"3,8",free,"1,9",cache,"725,1",buff,"67,1",slab,"82,1",,"1,9"
E,tot,"3,8",free,"1,9",cache,"725,2",buff,"67,1",slab,"82,1",,"1,9"
E,tot,"3,8",free,"1,9",cache,"725,3",buff,"67,1",slab,"82,1",,"1,9"
,,,,,,,,,,,,
,,,,,,,,,,,média,"1,90681818181818"
,,,,,,,,,,,DP,"0,0254971705929352"
