E,tot,"3,8",free,"1,9",cache,"725,2",buff,"67,2",slab,82,,"1,9"
E,tot,"3,8",free,"1,9",cache,"729,1",buff,"67,2",slab,"82,2",,"1,9"
E,tot,"3,8",free,"1,8",cache,"729,1",buff,"67,2",slab,"82,1",,2
E,tot,"3,8",free,"1,8",cache,"729,2",buff,"67,2",slab,"82,1",,2
E,tot,"3,8",free,"1,8",cache,"729,2",buff,"67,2",slab,"82,1",,2
E,tot,"3,8",free,"1,8",cache,"729,2",buff,"67,2",slab,"82,1",,2
E,tot,"3,8",free,"1,8",cache,"729,2",buff,"67,2",slab,"82,1",,2
E,tot,"3,8",free,"1,8",cache,"728,2",buff,"67,2",slab,"82,1",,2
E,tot,"3,8",free,"1,8",cache,"727,8",buff,"67,2",slab,"82,1",,2
E,tot,"3,8",free,"1,9",cache,"725,3",buff,"67,2",slab,"82,1",,"1,9"
E,tot,"3,8",free,"1,9",cache,"725,3",buff,"67,2",slab,"82,1",,"1,9"
E,tot,"3,8",free,"1,9",cache,"725,3",buff,"67,2",slab,"82,1",,"1,9"
E,tot,"3,8",free,"1,8",cache,"725,3",buff,"67,2",slab,"82,1",,2
E,tot,"3,8",free,"1,8",cache,"725,3",buff,"67,2",slab,"82,1",,2
E,tot,"3,8",free,"1,8",cache,"725,4",buff,"67,2",slab,"82,1",,2
E,tot,"3,8",free,"1,8",cache,"725,4",buff,"67,2",slab,"82,1",,2
E,tot,"3,8",free,"1,8",cache,"725,4",buff,"67,2",slab,"82,1",,2
E,tot,"3,8",free,"1,8",cache,"725,4",buff,"67,2",slab,"82,1",,2
E,tot,"3,8",free,"1,8",cache,"725,4",buff,"67,2",slab,"82,1",,2
E,tot,"3,8",free,"1,8",cache,"725,4",buff,"67,2",slab,"82,1",,2
E,tot,"3,8",free,"1,8",cache,"725,4",buff,"67,2",slab,"82,1",,2
E,tot,"3,8",free,"1,8",cache,"725,4",buff,"67,2",slab,"82,1",,2
E,tot,"3,8",free,"1,8",cache,"725,5",buff,"67,2",slab,"82,1",,2
E,tot,"3,8",free,"1,8",cache,"725,5",buff,"67,2",slab,"82,1",,2
E,tot,"3,8",free,"1,8",cache,"725,5",buff,"67,2",slab,"82,1",,2
E,tot,"3,8",free,"1,8",cache,"725,5",buff,"67,2",slab,"82,1",,2
E,tot,"3,8",free,"1,8",cache,"725,5",buff,"67,2",slab,"82,1",,2
E,tot,"3,8",free,"1,8",cache,"725,5",buff,"67,2",slab,"82,1",,2
E,tot,"3,8",free,"1,8",cache,"725,5",buff,"67,2",slab,"82,1",,2
E,tot,"3,8",free,"1,8",cache,"725,5",buff,"67,2",slab,"82,1",,2
E,tot,"3,8",free,"1,8",cache,"725,6",buff,"67,2",slab,"82,1",,2
E,tot,"3,8",free,"1,8",cache,"725,6",buff,"67,2",slab,"82,1",,2
E,tot,"3,8",free,"1,8",cache,"725,6",buff,"67,2",slab,"82,1",,2
E,tot,"3,8",free,"1,8",cache,"725,6",buff,"67,2",slab,"82,1",,2
E,tot,"3,8",free,"1,8",cache,"725,6",buff,"67,2",slab,"82,1",,2
E,tot,"3,8",free,"1,8",cache,"725,6",buff,"67,2",slab,"82,1",,2
E,tot,"3,8",free,"1,8",cache,"725,6",buff,"67,2",slab,"82,1",,2
E,tot,"3,8",free,"1,8",cache,"725,6",buff,"67,2",slab,"82,1",,2
E,tot,"3,8",free,"1,8",cache,"725,7",buff,"67,2",slab,"82,2",,2
E,tot,"3,8",free,"1,8",cache,"725,7",buff,"67,2",slab,"82,2",,2
E,tot,"3,8",free,"1,8",cache,"725,8",buff,"67,2",slab,"82,2",,2
E,tot,"3,8",free,"1,8",cache,"725,8",buff,"67,2",slab,"82,2",,2
E,tot,"3,8",free,"1,8",cache,"725,8",buff,"67,2",slab,"82,2",,2
E,tot,"3,8",free,"1,8",cache,"725,8",buff,"67,2",slab,"82,2",,2
E,tot,"3,8",free,"1,8",cache,"725,8",buff,"67,2",slab,"82,2",,2
,,,,,,,,,,,,
,,,,,,,,,,,média,"1,98888888888889"
,,,,,,,,,,,DP,"0,0317820863081864"
