CPU,sys,5,user,11,irq,0,idle,84,wait,0,,16
CPU,sys,35,user,65,irq,0,idle,0,wait,0,,100
CPU,sys,38,user,61,irq,1,idle,0,wait,0,,99
CPU,sys,36,user,63,irq,1,idle,0,wait,0,,99
CPU,sys,35,user,61,irq,4,idle,0,wait,0,,96
CPU,sys,38,user,57,irq,5,idle,0,wait,0,,95
CPU,sys,40,user,59,irq,1,idle,0,wait,0,,99
CPU,sys,38,user,58,irq,4,idle,0,wait,0,,96
CPU,sys,39,user,59,irq,2,idle,0,wait,0,,98
CPU,sys,31,user,68,irq,1,idle,0,wait,0,,99
CPU,sys,33,user,61,irq,6,idle,0,wait,0,,94
CPU,sys,36,user,60,irq,4,idle,0,wait,0,,96
CPU,sys,38,user,57,irq,5,idle,0,wait,0,,95
CPU,sys,35,user,63,irq,2,idle,0,wait,0,,98
CPU,sys,36,user,59,irq,5,idle,0,wait,0,,95
CPU,sys,30,user,64,irq,5,idle,0,wait,0,,94
CPU,sys,42,user,55,irq,3,idle,0,wait,0,,97
CPU,sys,38,user,57,irq,5,idle,0,wait,0,,95
CPU,sys,24,user,75,irq,1,idle,0,wait,0,,99
CPU,sys,27,user,69,irq,4,idle,0,wait,0,,96
CPU,sys,25,user,71,irq,4,idle,0,wait,0,,96
CPU,sys,25,user,74,irq,1,idle,0,wait,0,,99
CPU,sys,32,user,66,irq,2,idle,0,wait,0,,98
CPU,sys,31,user,67,irq,2,idle,0,wait,0,,98
CPU,sys,32,user,65,irq,3,idle,0,wait,0,,97
CPU,sys,26,user,72,irq,2,idle,0,wait,0,,98
CPU,sys,23,user,75,irq,2,idle,0,wait,0,,98
CPU,sys,26,user,72,irq,2,idle,0,wait,0,,98
CPU,sys,25,user,73,irq,2,idle,0,wait,0,,98
CPU,sys,27,user,69,irq,4,idle,0,wait,0,,96
CPU,sys,30,user,67,irq,3,idle,0,wait,0,,97
CPU,sys,30,user,67,irq,3,idle,0,wait,0,,97
CPU,sys,28,user,69,irq,3,idle,0,wait,0,,97
CPU,sys,28,user,69,irq,3,idle,0,wait,0,,97
CPU,sys,24,user,76,irq,0,idle,0,wait,0,,100
CPU,sys,28,user,69,irq,3,idle,0,wait,0,,97
CPU,sys,32,user,65,irq,1,idle,0,wait,0,,97
CPU,sys,28,user,69,irq,2,idle,0,wait,0,,97
CPU,sys,40,user,58,irq,1,idle,0,wait,0,,98
CPU,sys,40,user,59,irq,1,idle,0,wait,0,,99
CPU,sys,41,user,58,irq,1,idle,0,wait,0,,99
CPU,sys,36,user,62,irq,2,idle,0,wait,0,,98
CPU,sys,34,user,65,irq,1,idle,0,wait,0,,99
CPU,sys,31,user,65,irq,4,idle,0,wait,0,,96
CPU,sys,36,user,62,irq,2,idle,0,wait,0,,98
,,,,,,,,,,,,
,,,,,,,,,,,média,"97,3181818181818"
,,,,,,,,,,,DP,"1,53672450319877"
