CPU,sys,5,user,11,irq,0,idle,84,wait,0,,16
CPU,sys,40,user,60,irq,0,idle,0,wait,0,,100
CPU,sys,32,user,68,irq,0,idle,0,wait,0,,100
CPU,sys,35,user,63,irq,2,idle,0,wait,0,,98
CPU,sys,35,user,61,irq,4,idle,0,wait,0,,96
CPU,sys,36,user,62,irq,1,idle,0,wait,0,,98
CPU,sys,41,user,56,irq,3,idle,0,wait,0,,97
CPU,sys,36,user,62,irq,2,idle,0,wait,0,,98
CPU,sys,35,user,63,irq,2,idle,0,wait,0,,98
CPU,sys,41,user,55,irq,4,idle,0,wait,0,,96
CPU,sys,37,user,60,irq,3,idle,0,wait,0,,97
CPU,sys,37,user,62,irq,1,idle,0,wait,0,,99
CPU,sys,36,user,61,irq,3,idle,0,wait,0,,97
CPU,sys,35,user,63,irq,2,idle,0,wait,0,,98
CPU,sys,36,user,62,irq,2,idle,0,wait,0,,98
CPU,sys,38,user,59,irq,3,idle,0,wait,0,,97
CPU,sys,35,user,61,irq,4,idle,0,wait,0,,96
,,,,,,,,,,,,
,,,,,,,,,,,média,"97,6875"
,,,,,,,,,,,DP,"1,25"
