MEM | tot     3.8G | free    1.9G | cache 718.4M | buff   63.6M | slab   80.9M |
MEM | tot     3.8G | free    1.9G | cache 722.4M | buff   63.6M | slab   81.0M |
MEM | tot     3.8G | free    1.9G | cache 722.4M | buff   63.6M | slab   81.0M |
MEM | tot     3.8G | free    1.9G | cache 722.4M | buff   63.6M | slab   81.0M |
MEM | tot     3.8G | free    1.9G | cache 722.4M | buff   63.6M | slab   81.0M |
MEM | tot     3.8G | free    1.9G | cache 722.5M | buff   63.6M | slab   81.0M |
MEM | tot     3.8G | free    1.9G | cache 722.5M | buff   63.6M | slab   81.0M |
MEM | tot     3.8G | free    1.9G | cache 721.5M | buff   63.6M | slab   81.0M |
MEM | tot     3.8G | free    1.9G | cache 721.1M | buff   63.6M | slab   81.0M |
MEM | tot     3.8G | free    1.9G | cache 718.5M | buff   63.6M | slab   81.0M |
MEM | tot     3.8G | free    1.9G | cache 718.5M | buff   63.6M | slab   81.0M |
MEM | tot     3.8G | free    1.9G | cache 718.6M | buff   63.6M | slab   81.0M |
MEM | tot     3.8G | free    1.9G | cache 718.6M | buff   63.6M | slab   81.0M |
MEM | tot     3.8G | free    1.9G | cache 718.6M | buff   63.6M | slab   81.0M |
MEM | tot     3.8G | free    1.9G | cache 718.6M | buff   63.6M | slab   81.0M |
MEM | tot     3.8G | free    1.9G | cache 718.6M | buff   63.6M | slab   81.0M |
MEM | tot     3.8G | free    1.9G | cache 718.6M | buff   63.6M | slab   81.0M |
MEM | tot     3.8G | free    1.9G | cache 718.6M | buff   63.6M | slab   81.0M |
MEM | tot     3.8G | free    1.9G | cache 718.6M | buff   63.6M | slab   81.0M |
MEM | tot     3.8G | free    1.9G | cache 718.7M | buff   63.6M | slab   81.0M |
