MEM | tot     3.8G | free    1.9G | cache 718.1M | buff   63.5M | slab   80.9M |
MEM | tot     3.8G | free    1.8G | cache 722.1M | buff   63.5M | slab   81.0M |
MEM | tot     3.8G | free    1.9G | cache 722.1M | buff   63.5M | slab   81.0M |
MEM | tot     3.8G | free    1.9G | cache 722.7M | buff   63.5M | slab   81.0M |
MEM | tot     3.8G | free    1.9G | cache 722.7M | buff   63.6M | slab   81.0M |
MEM | tot     3.8G | free    1.9G | cache 722.7M | buff   63.6M | slab   81.0M |
MEM | tot     3.8G | free    1.9G | cache 722.7M | buff   63.6M | slab   81.1M |
MEM | tot     3.8G | free    1.9G | cache 722.7M | buff   63.6M | slab   81.1M |
MEM | tot     3.8G | free    1.9G | cache 720.8M | buff   63.6M | slab   81.0M |
MEM | tot     3.8G | free    1.9G | cache 718.3M | buff   63.6M | slab   81.0M |
