MEM | tot     3.8G | free    1.9G | cache 719.9M | buff   63.5M | slab   80.8M |
MEM | tot     3.8G | free    1.9G | cache 721.4M | buff   63.5M | slab   80.9M |
MEM | tot     3.8G | free    1.9G | cache 721.7M | buff   63.5M | slab   80.9M |
MEM | tot     3.8G | free    1.9G | cache 720.3M | buff   63.5M | slab   80.9M |
MEM | tot     3.8G | free    1.9G | cache 720.4M | buff   63.5M | slab   81.0M |
MEM | tot     3.8G | free    1.9G | cache 720.6M | buff   63.5M | slab   81.0M |
MEM | tot     3.8G | free    1.9G | cache 720.6M | buff   63.5M | slab   81.0M |
MEM | tot     3.8G | free    1.9G | cache 719.0M | buff   63.5M | slab   81.0M |
MEM | tot     3.8G | free    1.9G | cache 719.1M | buff   63.5M | slab   81.0M |
MEM | tot     3.8G | free    1.9G | cache 716.8M | buff   63.5M | slab   81.0M |
MEM | tot     3.8G | free    1.9G | cache 716.9M | buff   63.5M | slab   81.0M |
MEM | tot     3.8G | free    1.9G | cache 717.0M | buff   63.5M | slab   81.0M |
MEM | tot     3.8G | free    1.9G | cache 717.2M | buff   63.5M | slab   81.0M |
MEM | tot     3.8G | free    1.9G | cache 717.3M | buff   63.5M | slab   81.0M |
MEM | tot     3.8G | free    1.9G | cache 717.4M | buff   63.5M | slab   81.0M |
MEM | tot     3.8G | free    1.9G | cache 717.5M | buff   63.5M | slab   81.0M |
MEM | tot     3.8G | free    1.9G | cache 717.7M | buff   63.5M | slab   81.0M |
MEM | tot     3.8G | free    1.9G | cache 717.8M | buff   63.5M | slab   81.0M |
MEM | tot     3.8G | free    1.9G | cache 717.9M | buff   63.5M | slab   81.0M |
MEM | tot     3.8G | free    1.9G | cache 718.0M | buff   63.5M | slab   81.0M |
MEM | tot     3.8G | free    1.9G | cache 718.1M | buff   63.5M | slab   81.0M |
MEM | tot     3.8G | free    1.9G | cache 718.2M | buff   63.5M | slab   81.0M |
