E,tot,"3,8",free,"1,9",cache,"718,4",buff,"63,6",slab,"80,9",,"1,9"
E,tot,"3,8",free,"1,9",cache,"722,4",buff,"63,6",slab,81,,"1,9"
E,tot,"3,8",free,"1,9",cache,"722,4",buff,"63,6",slab,81,,"1,9"
E,tot,"3,8",free,"1,9",cache,"722,4",buff,"63,6",slab,81,,"1,9"
E,tot,"3,8",free,"1,9",cache,"722,4",buff,"63,6",slab,81,,"1,9"
E,tot,"3,8",free,"1,9",cache,"722,5",buff,"63,6",slab,81,,"1,9"
E,tot,"3,8",free,"1,9",cache,"722,5",buff,"63,6",slab,81,,"1,9"
E,tot,"3,8",free,"1,9",cache,"721,5",buff,"63,6",slab,81,,"1,9"
E,tot,"3,8",free,"1,9",cache,"721,1",buff,"63,6",slab,81,,"1,9"
E,tot,"3,8",free,"1,9",cache,"718,5",buff,"63,6",slab,81,,"1,9"
E,tot,"3,8",free,"1,9",cache,"718,5",buff,"63,6",slab,81,,"1,9"
E,tot,"3,8",free,"1,9",cache,"718,6",buff,"63,6",slab,81,,"1,9"
E,tot,"3,8",free,"1,9",cache,"718,6",buff,"63,6",slab,81,,"1,9"
E,tot,"3,8",free,"1,9",cache,"718,6",buff,"63,6",slab,81,,"1,9"
E,tot,"3,8",free,"1,9",cache,"718,6",buff,"63,6",slab,81,,"1,9"
E,tot,"3,8",free,"1,9",cache,"718,6",buff,"63,6",slab,81,,"1,9"
E,tot,"3,8",free,"1,9",cache,"718,6",buff,"63,6",slab,81,,"1,9"
E,tot,"3,8",free,"1,9",cache,"718,6",buff,"63,6",slab,81,,"1,9"
E,tot,"3,8",free,"1,9",cache,"718,6",buff,"63,6",slab,81,,"1,9"
E,tot,"3,8",free,"1,9",cache,"718,7",buff,"63,6",slab,81,,"1,9"
,,,,,,,,,,,,
,,,,,,,,,,,média,"1,9"
,,,,,,,,,,,DP,0
