CPU,sys,4,user,9,irq,0,idle,87,wait,0,,13
CPU,sys,36,user,64,irq,0,idle,0,wait,0,,100
CPU,sys,35,user,64,irq,1,idle,0,wait,0,,99
CPU,sys,31,user,68,irq,1,idle,0,wait,0,,99
CPU,sys,35,user,64,irq,1,idle,0,wait,0,,99
CPU,sys,33,user,64,irq,3,idle,0,wait,0,,97
CPU,sys,38,user,59,irq,3,idle,0,wait,0,,97
CPU,sys,38,user,58,irq,4,idle,0,wait,0,,96
CPU,sys,42,user,56,irq,2,idle,0,wait,0,,98
CPU,sys,38,user,59,irq,3,idle,0,wait,0,,97
,,,,,,,,,,,,
,,,,,,,,,,,média,98
,,,,,,,,,,,DP,"1,3228756555323"
