CPU,sys,4,user,9,irq,0,idle,87,wait,0,,13
CPU,sys,36,user,64,irq,0,idle,0,wait,0,,100
CPU,sys,33,user,67,irq,0,idle,0,wait,0,,100
CPU,sys,35,user,64,irq,1,idle,0,wait,0,,99
CPU,sys,36,user,61,irq,3,idle,0,wait,0,,97
CPU,sys,40,user,57,irq,3,idle,0,wait,0,,97
CPU,sys,42,user,54,irq,4,idle,0,wait,0,,96
CPU,sys,41,user,57,irq,2,idle,0,wait,0,,98
CPU,sys,38,user,57,irq,5,idle,0,wait,0,,95
CPU,sys,35,user,61,irq,4,idle,0,wait,0,,96
CPU,sys,37,user,60,irq,3,idle,0,wait,0,,97
CPU,sys,31,user,66,irq,3,idle,0,wait,0,,97
CPU,sys,29,user,69,irq,2,idle,0,wait,0,,98
,,,,,,,,,,,,0
,,,,,,,,,,,,
,,,,,,,,,,,média,"97,5"
,,,,,,,,,,,DP,"1,56669890360128"
