E,tot,"3,8",free,"1,9",cache,"719,9",buff,"63,5",slab,"80,8",,"1,9"
E,tot,"3,8",free,"1,9",cache,"721,4",buff,"63,5",slab,"80,9",,"1,9"
E,tot,"3,8",free,"1,9",cache,"721,7",buff,"63,5",slab,"80,9",,"1,9"
E,tot,"3,8",free,"1,9",cache,"720,3",buff,"63,5",slab,"80,9",,"1,9"
E,tot,"3,8",free,"1,9",cache,"720,4",buff,"63,5",slab,81,,"1,9"
E,tot,"3,8",free,"1,9",cache,"720,6",buff,"63,5",slab,81,,"1,9"
E,tot,"3,8",free,"1,9",cache,"720,6",buff,"63,5",slab,81,,"1,9"
E,tot,"3,8",free,"1,9",cache,719,buff,"63,5",slab,81,,"1,9"
E,tot,"3,8",free,"1,9",cache,"719,1",buff,"63,5",slab,81,,"1,9"
E,tot,"3,8",free,"1,9",cache,"716,8",buff,"63,5",slab,81,,"1,9"
E,tot,"3,8",free,"1,9",cache,"716,9",buff,"63,5",slab,81,,"1,9"
E,tot,"3,8",free,"1,9",cache,717,buff,"63,5",slab,81,,"1,9"
E,tot,"3,8",free,"1,9",cache,"717,2",buff,"63,5",slab,81,,"1,9"
E,tot,"3,8",free,"1,9",cache,"717,3",buff,"63,5",slab,81,,"1,9"
E,tot,"3,8",free,"1,9",cache,"717,4",buff,"63,5",slab,81,,"1,9"
E,tot,"3,8",free,"1,9",cache,"717,5",buff,"63,5",slab,81,,"1,9"
E,tot,"3,8",free,"1,9",cache,"717,7",buff,"63,5",slab,81,,"1,9"
E,tot,"3,8",free,"1,9",cache,"717,8",buff,"63,5",slab,81,,"1,9"
E,tot,"3,8",free,"1,9",cache,"717,9",buff,"63,5",slab,81,,"1,9"
E,tot,"3,8",free,"1,9",cache,718,buff,"63,5",slab,81,,"1,9"
E,tot,"3,8",free,"1,9",cache,"718,1",buff,"63,5",slab,81,,"1,9"
E,tot,"3,8",free,"1,9",cache,"718,2",buff,"63,5",slab,81,,"1,9"
,,,,,,,,,,,,
,,,,,,,,,,,média,"1,9"
,,,,,,,,,,,DP,0
