MEM | tot     3.8G | free  799.8M | cache   1.6G | buff   79.0M | slab  105.6M |
MEM | numnode    1 | shmem  65.5M | shrss  35.8M | tcpsk   0.0M | udpsk   0.0M |
MEM | tot     3.8G | free  775.4M | cache   1.6G | buff   79.0M | slab  105.7M |
MEM | numnode    1 | shmem  66.0M | shrss  35.8M | tcpsk   0.0M | udpsk   0.0M |
MEM | tot     3.8G | free  775.4M | cache   1.6G | buff   79.0M | slab  105.7M |
MEM | numnode    1 | shmem  66.5M | shrss  35.8M | tcpsk   0.0M | udpsk   0.0M |
MEM | tot     3.8G | free  774.4M | cache   1.6G | buff   79.0M | slab  105.7M |
MEM | numnode    1 | shmem  66.5M | shrss  35.8M | tcpsk   0.0M | udpsk   0.0M |
MEM | tot     3.8G | free  774.4M | cache   1.6G | buff   79.0M | slab  105.7M |
MEM | numnode    1 | shmem  66.5M | shrss  35.8M | tcpsk   0.0M | udpsk   0.0M |
MEM | tot     3.8G | free  772.4M | cache   1.6G | buff   79.0M | slab  105.7M |
MEM | numnode    1 | shmem  66.5M | shrss  35.8M | tcpsk   0.0M | udpsk   0.0M |
MEM | tot     3.8G | free  770.1M | cache   1.6G | buff   79.0M | slab  105.6M |
MEM | numnode    1 | shmem  66.5M | shrss  35.8M | tcpsk   0.0M | udpsk   0.0M |
MEM | tot     3.8G | free  772.4M | cache   1.6G | buff   79.0M | slab  105.6M |
MEM | numnode    1 | shmem  65.6M | shrss  35.8M | tcpsk   0.0M | udpsk   0.0M |
MEM | tot     3.8G | free  771.3M | cache   1.6G | buff   79.0M | slab  105.6M |
MEM | numnode    1 | shmem  64.0M | shrss  35.8M | tcpsk   0.0M | udpsk   0.0M |
