MEM | tot     3.8G | free  792.7M | cache   1.6G | buff   79.0M | slab  105.5M |
MEM | numnode    1 | shmem  67.5M | shrss  35.8M | tcpsk   0.0M | udpsk   0.0M |
MEM | tot     3.8G | free  775.6M | cache   1.6G | buff   79.0M | slab  105.6M |
MEM | numnode    1 | shmem  67.5M | shrss  35.8M | tcpsk   0.0M | udpsk   0.0M |
MEM | tot     3.8G | free  771.8M | cache   1.6G | buff   79.0M | slab  105.6M |
MEM | numnode    1 | shmem  67.5M | shrss  35.8M | tcpsk   0.0M | udpsk   0.0M |
MEM | tot     3.8G | free  775.0M | cache   1.6G | buff   79.0M | slab  105.6M |
MEM | numnode    1 | shmem  67.5M | shrss  35.8M | tcpsk   0.0M | udpsk   0.0M |
MEM | tot     3.8G | free  776.7M | cache   1.6G | buff   79.0M | slab  105.6M |
MEM | numnode    1 | shmem  66.1M | shrss  35.8M | tcpsk   0.0M | udpsk   0.0M |
MEM | tot     3.8G | free  776.7M | cache   1.6G | buff   79.0M | slab  105.6M |
MEM | numnode    1 | shmem  66.0M | shrss  35.8M | tcpsk   0.0M | udpsk   0.0M |
MEM | tot     3.8G | free  776.7M | cache   1.6G | buff   79.0M | slab  105.6M |
MEM | numnode    1 | shmem  66.0M | shrss  35.8M | tcpsk   0.0M | udpsk   0.0M |
MEM | tot     3.8G | free  778.2M | cache   1.6G | buff   79.0M | slab  105.6M |
MEM | numnode    1 | shmem  66.0M | shrss  35.8M | tcpsk   0.0M | udpsk   0.0M |
MEM | tot     3.8G | free  779.2M | cache   1.6G | buff   79.0M | slab  105.6M |
MEM | numnode    1 | shmem  64.5M | shrss  35.8M | tcpsk   0.0M | udpsk   0.0M |
MEM | tot     3.8G | free  779.7M | cache   1.6G | buff   79.0M | slab  105.6M |
MEM | numnode    1 | shmem  64.5M | shrss  35.8M | tcpsk   0.0M | udpsk   0.0M |
MEM | tot     3.8G | free  779.7M | cache   1.6G | buff   79.0M | slab  105.6M |
MEM | numnode    1 | shmem  64.5M | shrss  35.8M | tcpsk   0.0M | udpsk   0.0M |
MEM | tot     3.8G | free  779.7M | cache   1.6G | buff   79.0M | slab  105.6M |
MEM | numnode    1 | shmem  64.5M | shrss  35.8M | tcpsk   0.0M | udpsk   0.0M |
MEM | tot     3.8G | free  779.7M | cache   1.6G | buff   79.0M | slab  105.6M |
MEM | numnode    1 | shmem  64.5M | shrss  35.8M | tcpsk   0.0M | udpsk   0.0M |
MEM | tot     3.8G | free  779.9M | cache   1.6G | buff   79.0M | slab  105.6M |
MEM | numnode    1 | shmem  64.5M | shrss  35.8M | tcpsk   0.0M | udpsk   0.0M |
MEM | tot     3.8G | free  779.9M | cache   1.6G | buff   79.0M | slab  105.6M |
MEM | numnode    1 | shmem  64.5M | shrss  35.8M | tcpsk   0.0M | udpsk   0.0M |
MEM | tot     3.8G | free  780.6M | cache   1.6G | buff   79.0M | slab  105.6M |
MEM | numnode    1 | shmem  64.5M | shrss  35.8M | tcpsk   0.0M | udpsk   0.0M |
MEM | tot     3.8G | free  780.6M | cache   1.6G | buff   79.0M | slab  105.6M |
MEM | numnode    1 | shmem  64.5M | shrss  35.8M | tcpsk   0.0M | udpsk   0.0M |
