MEM | tot     3.8G | free  800.0M | cache   1.6G | buff   79.0M | slab  105.6M |
MEM | numnode    1 | shmem  65.0M | shrss  35.8M | tcpsk   0.0M | udpsk   0.0M |
MEM | tot     3.8G | free  774.2M | cache   1.6G | buff   79.0M | slab  105.6M |
MEM | numnode    1 | shmem  66.5M | shrss  35.8M | tcpsk   0.0M | udpsk   0.0M |
MEM | tot     3.8G | free  775.1M | cache   1.6G | buff   79.0M | slab  105.6M |
MEM | numnode    1 | shmem  66.5M | shrss  35.8M | tcpsk   0.0M | udpsk   0.0M |
MEM | tot     3.8G | free  773.1M | cache   1.6G | buff   79.0M | slab  105.6M |
MEM | numnode    1 | shmem  66.5M | shrss  35.8M | tcpsk   0.0M | udpsk   0.0M |
MEM | tot     3.8G | free  771.9M | cache   1.6G | buff   79.0M | slab  105.6M |
MEM | numnode    1 | shmem  66.5M | shrss  35.8M | tcpsk   0.0M | udpsk   0.0M |
MEM | tot     3.8G | free  771.9M | cache   1.6G | buff   79.0M | slab  105.6M |
MEM | numnode    1 | shmem  66.5M | shrss  35.8M | tcpsk   0.0M | udpsk   0.0M |
MEM | tot     3.8G | free  771.4M | cache   1.6G | buff   79.0M | slab  105.6M |
MEM | numnode    1 | shmem  66.0M | shrss  35.8M | tcpsk   0.0M | udpsk   0.0M |
MEM | tot     3.8G | free  770.3M | cache   1.6G | buff   79.0M | slab  105.6M |
MEM | numnode    1 | shmem  64.5M | shrss  35.8M | tcpsk   0.0M | udpsk   0.0M |
MEM | tot     3.8G | free  770.3M | cache   1.6G | buff   79.0M | slab  105.6M |
MEM | numnode    1 | shmem  64.5M | shrss  35.8M | tcpsk   0.0M | udpsk   0.0M |
MEM | tot     3.8G | free  770.4M | cache   1.6G | buff   79.0M | slab  105.6M |
MEM | numnode    1 | shmem  64.5M | shrss  35.8M | tcpsk   0.0M | udpsk   0.0M |
MEM | tot     3.8G | free  770.4M | cache   1.6G | buff   79.0M | slab  105.6M |
MEM | numnode    1 | shmem  64.5M | shrss  35.8M | tcpsk   0.0M | udpsk   0.0M |
