MEM | tot     3.8G | free  799.0M | cache   1.6G | buff   79.0M | slab  105.6M |
MEM | numnode    1 | shmem  65.5M | shrss  35.8M | tcpsk   0.0M | udpsk   0.0M |
MEM | tot     3.8G | free  774.9M | cache   1.6G | buff   79.1M | slab  105.7M |
MEM | numnode    1 | shmem  66.5M | shrss  35.8M | tcpsk   0.0M | udpsk   0.0M |
MEM | tot     3.8G | free  770.9M | cache   1.6G | buff   79.1M | slab  105.7M |
MEM | numnode    1 | shmem  67.8M | shrss  35.8M | tcpsk   0.0M | udpsk   0.0M |
MEM | tot     3.8G | free  771.9M | cache   1.6G | buff   79.1M | slab  105.7M |
MEM | numnode    1 | shmem  67.8M | shrss  35.8M | tcpsk   0.0M | udpsk   0.0M |
MEM | tot     3.8G | free  769.9M | cache   1.6G | buff   79.1M | slab  105.7M |
MEM | numnode    1 | shmem  67.8M | shrss  35.8M | tcpsk   0.0M | udpsk   0.0M |
MEM | tot     3.8G | free  767.9M | cache   1.6G | buff   79.1M | slab  105.7M |
MEM | numnode    1 | shmem  67.8M | shrss  35.8M | tcpsk   0.0M | udpsk   0.0M |
MEM | tot     3.8G | free  767.7M | cache   1.6G | buff   79.1M | slab  105.6M |
MEM | numnode    1 | shmem  67.8M | shrss  35.8M | tcpsk   0.0M | udpsk   0.0M |
MEM | tot     3.8G | free  770.6M | cache   1.6G | buff   79.1M | slab  105.6M |
MEM | numnode    1 | shmem  63.8M | shrss  35.8M | tcpsk   0.0M | udpsk   0.0M |
MEM | tot     3.8G | free  770.6M | cache   1.6G | buff   79.1M | slab  105.6M |
MEM | numnode    1 | shmem  63.8M | shrss  35.8M | tcpsk   0.0M | udpsk   0.0M |
MEM | tot     3.8G | free  770.6M | cache   1.6G | buff   79.1M | slab  105.6M |
MEM | numnode    1 | shmem  63.8M | shrss  35.8M | tcpsk   0.0M | udpsk   0.0M |
MEM | tot     3.8G | free  770.6M | cache   1.6G | buff   79.1M | slab  105.6M |
MEM | numnode    1 | shmem  63.8M | shrss  35.8M | tcpsk   0.0M | udpsk   0.0M |
MEM | tot     3.8G | free  770.6M | cache   1.6G | buff   79.1M | slab  105.6M |
MEM | numnode    1 | shmem  63.8M | shrss  35.8M | tcpsk   0.0M | udpsk   0.0M |
MEM | tot     3.8G | free  770.6M | cache   1.6G | buff   79.1M | slab  105.6M |
MEM | numnode    1 | shmem  63.8M | shrss  35.8M | tcpsk   0.0M | udpsk   0.0M |
MEM | tot     3.8G | free  770.6M | cache   1.6G | buff   79.1M | slab  105.6M |
MEM | numnode    1 | shmem  63.8M | shrss  35.8M | tcpsk   0.0M | udpsk   0.0M |
MEM | tot     3.8G | free  770.6M | cache   1.6G | buff   79.1M | slab  105.6M |
MEM | numnode    1 | shmem  63.8M | shrss  35.8M | tcpsk   0.0M | udpsk   0.0M |
MEM | tot     3.8G | free  770.6M | cache   1.6G | buff   79.1M | slab  105.6M |
MEM | numnode    1 | shmem  63.8M | shrss  35.8M | tcpsk   0.0M | udpsk   0.0M |
