MEM | tot     3.8G | free  895.9M | cache   1.6G | buff   74.7M | slab  103.5M |
MEM | numnode    1 | shmem  63.3M | shrss  30.1M | tcpsk   0.0M | udpsk   0.0M |
MEM | tot     3.8G | free  886.7M | cache   1.6G | buff   74.7M | slab  103.5M |
MEM | numnode    1 | shmem  63.3M | shrss  30.1M | tcpsk   0.0M | udpsk   0.0M |
MEM | tot     3.8G | free  887.4M | cache   1.6G | buff   74.7M | slab  103.6M |
MEM | numnode    1 | shmem  63.3M | shrss  30.1M | tcpsk   0.0M | udpsk   0.0M |
MEM | tot     3.8G | free  898.4M | cache   1.6G | buff   74.7M | slab  103.6M |
MEM | numnode    1 | shmem  62.3M | shrss  30.1M | tcpsk   0.0M | udpsk   0.0M |
