MEM | tot     3.8G | free  906.1M | cache   1.6G | buff   74.8M | slab  103.5M |
MEM | numnode    1 | shmem  61.1M | shrss  30.1M | tcpsk   0.0M | udpsk   0.0M |
MEM | tot     3.8G | free  900.3M | cache   1.6G | buff   74.8M | slab  103.5M |
MEM | numnode    1 | shmem  61.1M | shrss  30.1M | tcpsk   0.0M | udpsk   0.0M |
MEM | tot     3.8G | free  898.6M | cache   1.6G | buff   74.8M | slab  103.5M |
MEM | numnode    1 | shmem  61.1M | shrss  30.1M | tcpsk   0.0M | udpsk   0.0M |
MEM | tot     3.8G | free  899.3M | cache   1.6G | buff   74.8M | slab  103.5M |
MEM | numnode    1 | shmem  61.1M | shrss  30.1M | tcpsk   0.0M | udpsk   0.0M |
