MEM | tot     3.8G | free    2.4G | cache 555.6M | buff   32.0M | slab   62.8M |
MEM | tot     3.8G | free    2.4G | cache 559.3M | buff   32.0M | slab   62.8M |
MEM | tot     3.8G | free    2.4G | cache 573.7M | buff   32.0M | slab   62.9M |
MEM | tot     3.8G | free    2.3G | cache 573.7M | buff   32.0M | slab   62.9M |
MEM | tot     3.8G | free    2.3G | cache 573.7M | buff   32.0M | slab   62.9M |
MEM | tot     3.8G | free    2.3G | cache 573.8M | buff   32.0M | slab   62.9M |
MEM | tot     3.8G | free    2.3G | cache 573.5M | buff   32.0M | slab   62.9M |
MEM | tot     3.8G | free    2.3G | cache 563.3M | buff   32.0M | slab   62.9M |
MEM | tot     3.8G | free    2.3G | cache 563.3M | buff   32.0M | slab   62.9M |
MEM | tot     3.8G | free    2.3G | cache 563.3M | buff   32.0M | slab   62.8M |
MEM | tot     3.8G | free    2.3G | cache 563.3M | buff   32.0M | slab   62.8M |
MEM | tot     3.8G | free    2.3G | cache 563.3M | buff   32.0M | slab   62.8M |
MEM | tot     3.8G | free    2.3G | cache 563.3M | buff   32.0M | slab   62.8M |
MEM | tot     3.8G | free    2.3G | cache 563.3M | buff   32.0M | slab   62.8M |
MEM | tot     3.8G | free    2.3G | cache 563.4M | buff   32.0M | slab   62.8M |
MEM | tot     3.8G | free    2.3G | cache 563.4M | buff   32.0M | slab   62.8M |
MEM | tot     3.8G | free    2.3G | cache 563.4M | buff   32.0M | slab   62.8M |
MEM | tot     3.8G | free    2.3G | cache 563.4M | buff   32.0M | slab   62.9M |
MEM | tot     3.8G | free    2.3G | cache 563.4M | buff   32.0M | slab   62.9M |
MEM | tot     3.8G | free    2.3G | cache 563.4M | buff   32.0M | slab   62.9M |
MEM | tot     3.8G | free    2.3G | cache 563.4M | buff   32.0M | slab   62.9M |
MEM | tot     3.8G | free    2.3G | cache 563.6M | buff   32.0M | slab   62.9M |
MEM | tot     3.8G | free    2.3G | cache 563.6M | buff   32.0M | slab   62.9M |
MEM | tot     3.8G | free    2.3G | cache 563.6M | buff   32.0M | slab   62.9M |
MEM | tot     3.8G | free    2.3G | cache 563.6M | buff   32.0M | slab   62.9M |
MEM | tot     3.8G | free    2.3G | cache 563.6M | buff   32.0M | slab   62.9M |
MEM | tot     3.8G | free    2.3G | cache 563.6M | buff   32.0M | slab   62.9M |
MEM | tot     3.8G | free    2.3G | cache 563.6M | buff   32.0M | slab   62.9M |
MEM | tot     3.8G | free    2.3G | cache 563.6M | buff   32.0M | slab   62.9M |
MEM | tot     3.8G | free    2.3G | cache 563.7M | buff   32.0M | slab   62.9M |
MEM | tot     3.8G | free    2.3G | cache 563.7M | buff   32.0M | slab   62.9M |
MEM | tot     3.8G | free    2.3G | cache 563.7M | buff   32.0M | slab   62.9M |
MEM | tot     3.8G | free    2.3G | cache 563.7M | buff   32.0M | slab   62.9M |
MEM | tot     3.8G | free    2.3G | cache 563.7M | buff   32.0M | slab   62.9M |
MEM | tot     3.8G | free    2.3G | cache 563.7M | buff   32.0M | slab   62.9M |
MEM | tot     3.8G | free    2.3G | cache 563.7M | buff   32.0M | slab   62.9M |
MEM | tot     3.8G | free    2.3G | cache 563.7M | buff   32.0M | slab   62.9M |
MEM | tot     3.8G | free    2.3G | cache 563.7M | buff   32.0M | slab   62.9M |
MEM | tot     3.8G | free    2.3G | cache 563.8M | buff   32.0M | slab   62.9M |
MEM | tot     3.8G | free    2.3G | cache 563.8M | buff   32.0M | slab   62.9M |
MEM | tot     3.8G | free    2.3G | cache 563.8M | buff   32.0M | slab   62.9M |
MEM | tot     3.8G | free    2.3G | cache 563.8M | buff   32.0M | slab   62.9M |
MEM | tot     3.8G | free    2.3G | cache 563.8M | buff   32.0M | slab   62.9M |
MEM | tot     3.8G | free    2.3G | cache 563.8M | buff   32.0M | slab   62.9M |
MEM | tot     3.8G | free    2.3G | cache 563.8M | buff   32.0M | slab   62.9M |
MEM | tot     3.8G | free    2.3G | cache 563.8M | buff   32.0M | slab   62.9M |
MEM | tot     3.8G | free    2.3G | cache 563.8M | buff   32.0M | slab   62.9M |
MEM | tot     3.8G | free    2.3G | cache 563.9M | buff   32.0M | slab   62.9M |
MEM | tot     3.8G | free    2.3G | cache 563.9M | buff   32.0M | slab   62.9M |
MEM | tot     3.8G | free    2.3G | cache 563.9M | buff   32.0M | slab   62.9M |
MEM | tot     3.8G | free    2.3G | cache 563.9M | buff   32.0M | slab   62.9M |
MEM | tot     3.8G | free    2.3G | cache 563.9M | buff   32.0M | slab   62.9M |
MEM | tot     3.8G | free    2.3G | cache 563.9M | buff   32.0M | slab   62.9M |
MEM | tot     3.8G | free    2.3G | cache 563.9M | buff   32.0M | slab   62.9M |
MEM | tot     3.8G | free    2.3G | cache 563.9M | buff   32.0M | slab   62.9M |
MEM | tot     3.8G | free    2.3G | cache 563.9M | buff   32.0M | slab   62.9M |
MEM | tot     3.8G | free    2.3G | cache 564.0M | buff   32.1M | slab   62.9M |
MEM | tot     3.8G | free    2.3G | cache 564.0M | buff   32.1M | slab   62.9M |
MEM | tot     3.8G | free    2.3G | cache 564.0M | buff   32.1M | slab   62.9M |
MEM | tot     3.8G | free    2.3G | cache 564.0M | buff   32.1M | slab   62.9M |
MEM | tot     3.8G | free    2.3G | cache 564.0M | buff   32.1M | slab   62.9M |
MEM | tot     3.8G | free    2.3G | cache 564.0M | buff   32.1M | slab   62.9M |
MEM | tot     3.8G | free    2.3G | cache 564.0M | buff   32.1M | slab   62.9M |
MEM | tot     3.8G | free    2.3G | cache 564.0M | buff   32.1M | slab   62.9M |
MEM | tot     3.8G | free    2.3G | cache 564.0M | buff   32.1M | slab   62.9M |
MEM | tot     3.8G | free    2.3G | cache 564.1M | buff   32.1M | slab   62.9M |
MEM | tot     3.8G | free    2.3G | cache 564.1M | buff   32.1M | slab   62.9M |
MEM | tot     3.8G | free    2.3G | cache 564.1M | buff   32.1M | slab   62.9M |
MEM | tot     3.8G | free    2.3G | cache 564.1M | buff   32.1M | slab   62.9M |
MEM | tot     3.8G | free    2.3G | cache 564.1M | buff   32.1M | slab   62.9M |
MEM | tot     3.8G | free    2.3G | cache 564.1M | buff   32.1M | slab   62.9M |
MEM | tot     3.8G | free    2.3G | cache 564.1M | buff   32.1M | slab   62.9M |
MEM | tot     3.8G | free    2.3G | cache 559.8M | buff   32.1M | slab   62.8M |
MEM | tot     3.8G | free    2.3G | cache 559.8M | buff   32.1M | slab   62.8M |
MEM | tot     3.8G | free    2.3G | cache 559.8M | buff   32.1M | slab   62.8M |
MEM | tot     3.8G | free    2.3G | cache 559.9M | buff   32.1M | slab   62.8M |
MEM | tot     3.8G | free    2.3G | cache 559.9M | buff   32.1M | slab   62.8M |
MEM | tot     3.8G | free    2.3G | cache 559.9M | buff   32.1M | slab   62.8M |
MEM | tot     3.8G | free    2.3G | cache 559.9M | buff   32.1M | slab   62.8M |
MEM | tot     3.8G | free    2.3G | cache 559.9M | buff   32.1M | slab   62.8M |
MEM | tot     3.8G | free    2.3G | cache 559.9M | buff   32.1M | slab   62.8M |
MEM | tot     3.8G | free    2.3G | cache 559.9M | buff   32.1M | slab   62.8M |
MEM | tot     3.8G | free    2.3G | cache 559.9M | buff   32.1M | slab   62.8M |
MEM | tot     3.8G | free    2.3G | cache 559.9M | buff   32.1M | slab   62.8M |
MEM | tot     3.8G | free    2.3G | cache 560.0M | buff   32.1M | slab   62.8M |
MEM | tot     3.8G | free    2.3G | cache 560.0M | buff   32.1M | slab   62.8M |
MEM | tot     3.8G | free    2.3G | cache 560.0M | buff   32.1M | slab   62.8M |
MEM | tot     3.8G | free    2.3G | cache 560.0M | buff   32.1M | slab   62.8M |
MEM | tot     3.8G | free    2.3G | cache 560.0M | buff   32.1M | slab   62.8M |
MEM | tot     3.8G | free    2.3G | cache 560.0M | buff   32.1M | slab   62.8M |
MEM | tot     3.8G | free    2.3G | cache 560.0M | buff   32.1M | slab   62.8M |
MEM | tot     3.8G | free    2.3G | cache 560.0M | buff   32.1M | slab   62.8M |
MEM | tot     3.8G | free    2.3G | cache 560.0M | buff   32.1M | slab   62.8M |
MEM | tot     3.8G | free    2.3G | cache 560.1M | buff   32.1M | slab   62.8M |
