MEM | tot     3.8G | free    2.4G | cache 563.8M | buff   31.3M | slab   62.5M |
MEM | tot     3.8G | free    2.3G | cache 568.2M | buff   31.4M | slab   62.7M |
MEM | tot     3.8G | free    2.3G | cache 564.0M | buff   31.4M | slab   62.9M |
MEM | tot     3.8G | free    2.3G | cache 564.0M | buff   31.4M | slab   62.9M |
MEM | tot     3.8G | free    2.3G | cache 564.0M | buff   31.4M | slab   62.9M |
MEM | tot     3.8G | free    2.3G | cache 564.0M | buff   31.4M | slab   62.9M |
MEM | tot     3.8G | free    2.3G | cache 563.8M | buff   31.4M | slab   62.9M |
MEM | tot     3.8G | free    2.3G | cache 563.0M | buff   31.4M | slab   62.8M |
MEM | tot     3.8G | free    2.3G | cache 563.1M | buff   31.4M | slab   62.8M |
MEM | tot     3.8G | free    2.3G | cache 563.1M | buff   31.4M | slab   62.8M |
MEM | tot     3.8G | free    2.3G | cache 564.3M | buff   31.4M | slab   62.8M |
MEM | tot     3.8G | free    2.3G | cache 564.3M | buff   31.4M | slab   62.8M |
MEM | tot     3.8G | free    2.3G | cache 564.3M | buff   31.4M | slab   62.8M |
MEM | tot     3.8G | free    2.3G | cache 564.4M | buff   31.4M | slab   62.8M |
MEM | tot     3.8G | free    2.3G | cache 564.4M | buff   31.4M | slab   62.8M |
MEM | tot     3.8G | free    2.3G | cache 563.2M | buff   31.4M | slab   62.8M |
MEM | tot     3.8G | free    2.3G | cache 563.1M | buff   31.4M | slab   62.8M |
MEM | tot     3.8G | free    2.3G | cache 563.2M | buff   31.4M | slab   62.8M |
MEM | tot     3.8G | free    2.3G | cache 563.2M | buff   31.4M | slab   62.8M |
MEM | tot     3.8G | free    2.3G | cache 563.2M | buff   31.4M | slab   62.8M |
MEM | tot     3.8G | free    2.3G | cache 563.2M | buff   31.4M | slab   62.8M |
MEM | tot     3.8G | free    2.3G | cache 563.2M | buff   31.4M | slab   62.8M |
MEM | tot     3.8G | free    2.3G | cache 563.2M | buff   31.4M | slab   62.8M |
MEM | tot     3.8G | free    2.3G | cache 563.2M | buff   31.4M | slab   62.8M |
MEM | tot     3.8G | free    2.3G | cache 563.2M | buff   31.4M | slab   62.8M |
MEM | tot     3.8G | free    2.3G | cache 563.2M | buff   31.4M | slab   62.8M |
MEM | tot     3.8G | free    2.3G | cache 563.3M | buff   31.4M | slab   62.8M |
MEM | tot     3.8G | free    2.3G | cache 563.3M | buff   31.4M | slab   62.8M |
MEM | tot     3.8G | free    2.3G | cache 563.3M | buff   31.4M | slab   62.8M |
MEM | tot     3.8G | free    2.3G | cache 563.3M | buff   31.4M | slab   62.8M |
MEM | tot     3.8G | free    2.3G | cache 563.3M | buff   31.4M | slab   62.8M |
MEM | tot     3.8G | free    2.3G | cache 563.3M | buff   31.4M | slab   62.8M |
MEM | tot     3.8G | free    2.3G | cache 563.3M | buff   31.4M | slab   62.8M |
MEM | tot     3.8G | free    2.3G | cache 563.3M | buff   31.4M | slab   62.8M |
MEM | tot     3.8G | free    2.3G | cache 563.3M | buff   31.4M | slab   62.8M |
MEM | tot     3.8G | free    2.3G | cache 563.4M | buff   31.4M | slab   62.8M |
MEM | tot     3.8G | free    2.3G | cache 563.4M | buff   31.4M | slab   62.8M |
MEM | tot     3.8G | free    2.3G | cache 563.4M | buff   31.4M | slab   62.8M |
MEM | tot     3.8G | free    2.3G | cache 563.4M | buff   31.4M | slab   62.8M |
MEM | tot     3.8G | free    2.4G | cache 563.4M | buff   31.4M | slab   62.8M |
MEM | tot     3.8G | free    2.4G | cache 563.4M | buff   31.4M | slab   62.8M |
MEM | tot     3.8G | free    2.4G | cache 563.4M | buff   31.4M | slab   62.8M |
MEM | tot     3.8G | free    2.4G | cache 563.4M | buff   31.4M | slab   62.8M |
MEM | tot     3.8G | free    2.4G | cache 563.4M | buff   31.4M | slab   62.8M |
MEM | tot     3.8G | free    2.4G | cache 563.5M | buff   31.4M | slab   62.8M |
MEM | tot     3.8G | free    2.4G | cache 563.5M | buff   31.4M | slab   62.8M |
MEM | tot     3.8G | free    2.4G | cache 563.5M | buff   31.4M | slab   62.8M |
MEM | tot     3.8G | free    2.4G | cache 563.5M | buff   31.4M | slab   62.8M |
MEM | tot     3.8G | free    2.4G | cache 563.5M | buff   31.4M | slab   62.8M |
MEM | tot     3.8G | free    2.4G | cache 563.5M | buff   31.5M | slab   62.8M |
MEM | tot     3.8G | free    2.4G | cache 563.5M | buff   31.5M | slab   62.8M |
MEM | tot     3.8G | free    2.4G | cache 563.5M | buff   31.5M | slab   62.8M |
MEM | tot     3.8G | free    2.4G | cache 563.5M | buff   31.5M | slab   62.8M |
MEM | tot     3.8G | free    2.4G | cache 563.6M | buff   31.5M | slab   62.8M |
MEM | tot     3.8G | free    2.4G | cache 563.6M | buff   31.5M | slab   62.8M |
MEM | tot     3.8G | free    2.4G | cache 563.6M | buff   31.5M | slab   62.8M |
MEM | tot     3.8G | free    2.4G | cache 563.6M | buff   31.5M | slab   62.8M |
MEM | tot     3.8G | free    2.4G | cache 563.6M | buff   31.5M | slab   62.8M |
MEM | tot     3.8G | free    2.4G | cache 563.6M | buff   31.5M | slab   62.8M |
MEM | tot     3.8G | free    2.4G | cache 563.6M | buff   31.5M | slab   62.9M |
MEM | tot     3.8G | free    2.4G | cache 563.6M | buff   31.5M | slab   62.9M |
MEM | tot     3.8G | free    2.4G | cache 563.6M | buff   31.5M | slab   62.9M |
MEM | tot     3.8G | free    2.4G | cache 563.7M | buff   31.5M | slab   62.9M |
MEM | tot     3.8G | free    2.4G | cache 563.7M | buff   31.5M | slab   62.9M |
MEM | tot     3.8G | free    2.4G | cache 563.7M | buff   31.5M | slab   62.9M |
MEM | tot     3.8G | free    2.4G | cache 563.7M | buff   31.5M | slab   62.9M |
MEM | tot     3.8G | free    2.4G | cache 563.7M | buff   31.5M | slab   62.9M |
MEM | tot     3.8G | free    2.4G | cache 563.7M | buff   31.5M | slab   62.9M |
MEM | tot     3.8G | free    2.4G | cache 563.7M | buff   31.5M | slab   62.9M |
MEM | tot     3.8G | free    2.4G | cache 563.7M | buff   31.5M | slab   62.9M |
MEM | tot     3.8G | free    2.4G | cache 563.8M | buff   31.5M | slab   62.9M |
MEM | tot     3.8G | free    2.4G | cache 559.4M | buff   31.5M | slab   62.9M |
MEM | tot     3.8G | free    2.4G | cache 559.5M | buff   31.5M | slab   62.8M |
MEM | tot     3.8G | free    2.4G | cache 559.5M | buff   31.5M | slab   62.8M |
MEM | tot     3.8G | free    2.4G | cache 559.5M | buff   31.5M | slab   62.8M |
MEM | tot     3.8G | free    2.4G | cache 559.5M | buff   31.5M | slab   62.8M |
MEM | tot     3.8G | free    2.4G | cache 559.5M | buff   31.5M | slab   62.8M |
MEM | tot     3.8G | free    2.4G | cache 559.5M | buff   31.5M | slab   62.8M |
MEM | tot     3.8G | free    2.4G | cache 559.5M | buff   31.5M | slab   62.8M |
MEM | tot     3.8G | free    2.4G | cache 559.5M | buff   31.5M | slab   62.8M |
MEM | tot     3.8G | free    2.4G | cache 559.5M | buff   31.5M | slab   62.8M |
MEM | tot     3.8G | free    2.4G | cache 559.6M | buff   31.5M | slab   62.8M |
MEM | tot     3.8G | free    2.4G | cache 559.6M | buff   31.5M | slab   62.8M |
MEM | tot     3.8G | free    2.4G | cache 559.6M | buff   31.5M | slab   62.8M |
MEM | tot     3.8G | free    2.4G | cache 559.6M | buff   31.5M | slab   62.8M |
MEM | tot     3.8G | free    2.4G | cache 559.6M | buff   31.5M | slab   62.8M |
MEM | tot     3.8G | free    2.4G | cache 559.6M | buff   31.5M | slab   62.8M |
MEM | tot     3.8G | free    2.4G | cache 559.6M | buff   31.5M | slab   62.8M |
MEM | tot     3.8G | free    2.4G | cache 559.6M | buff   31.5M | slab   62.8M |
MEM | tot     3.8G | free    2.4G | cache 559.6M | buff   31.5M | slab   62.8M |
MEM | tot     3.8G | free    2.4G | cache 559.7M | buff   31.5M | slab   62.8M |
MEM | tot     3.8G | free    2.4G | cache 559.7M | buff   31.5M | slab   62.8M |
MEM | tot     3.8G | free    2.4G | cache 559.7M | buff   31.5M | slab   62.8M |
MEM | tot     3.8G | free    2.4G | cache 559.7M | buff   31.5M | slab   62.8M |
MEM | tot     3.8G | free    2.4G | cache 559.7M | buff   31.5M | slab   62.8M |
MEM | tot     3.8G | free    2.4G | cache 559.7M | buff   31.5M | slab   62.8M |
MEM | tot     3.8G | free    2.4G | cache 559.7M | buff   31.5M | slab   62.8M |
MEM | tot     3.8G | free    2.4G | cache 559.7M | buff   31.5M | slab   62.8M |
MEM | tot     3.8G | free    2.4G | cache 559.7M | buff   31.5M | slab   62.8M |
MEM | tot     3.8G | free    2.4G | cache 559.8M | buff   31.5M | slab   62.8M |
MEM | tot     3.8G | free    2.4G | cache 559.8M | buff   31.5M | slab   62.8M |
MEM | tot     3.8G | free    2.4G | cache 559.8M | buff   31.5M | slab   62.8M |
MEM | tot     3.8G | free    2.4G | cache 559.8M | buff   31.5M | slab   62.8M |
MEM | tot     3.8G | free    2.4G | cache 559.8M | buff   31.5M | slab   62.8M |
MEM | tot     3.8G | free    2.4G | cache 559.8M | buff   31.5M | slab   62.8M |
MEM | tot     3.8G | free    2.4G | cache 559.8M | buff   31.5M | slab   62.8M |
MEM | tot     3.8G | free    2.4G | cache 559.8M | buff   31.5M | slab   62.8M |
MEM | tot     3.8G | free    2.4G | cache 559.8M | buff   31.5M | slab   62.8M |
MEM | tot     3.8G | free    2.4G | cache 559.9M | buff   31.5M | slab   62.8M |
MEM | tot     3.8G | free    2.4G | cache 559.9M | buff   31.5M | slab   62.8M |
MEM | tot     3.8G | free    2.4G | cache 559.9M | buff   31.5M | slab   62.8M |
MEM | tot     3.8G | free    2.4G | cache 559.9M | buff   31.5M | slab   62.8M |
MEM | tot     3.8G | free    2.4G | cache 559.9M | buff   31.5M | slab   62.8M |
MEM | tot     3.8G | free    2.4G | cache 559.9M | buff   31.5M | slab   62.8M |
MEM | tot     3.8G | free    2.4G | cache 559.9M | buff   31.6M | slab   62.8M |
MEM | tot     3.8G | free    2.4G | cache 559.9M | buff   31.6M | slab   62.8M |
MEM | tot     3.8G | free    2.4G | cache 559.9M | buff   31.6M | slab   62.8M |
MEM | tot     3.8G | free    2.4G | cache 560.0M | buff   31.6M | slab   62.8M |
MEM | tot     3.8G | free    2.4G | cache 560.0M | buff   31.6M | slab   62.8M |
MEM | tot     3.8G | free    2.4G | cache 560.0M | buff   31.6M | slab   62.8M |
MEM | tot     3.8G | free    2.4G | cache 560.0M | buff   31.6M | slab   62.8M |
MEM | tot     3.8G | free    2.4G | cache 560.0M | buff   31.6M | slab   62.8M |
MEM | tot     3.8G | free    2.4G | cache 560.0M | buff   31.6M | slab   62.8M |
MEM | tot     3.8G | free    2.4G | cache 560.0M | buff   31.6M | slab   62.8M |
MEM | tot     3.8G | free    2.4G | cache 560.0M | buff   31.6M | slab   62.8M |
MEM | tot     3.8G | free    2.4G | cache 560.1M | buff   31.6M | slab   62.8M |
MEM | tot     3.8G | free    2.4G | cache 560.1M | buff   31.6M | slab   62.8M |
MEM | tot     3.8G | free    2.4G | cache 560.1M | buff   31.6M | slab   62.8M |
MEM | tot     3.8G | free    2.4G | cache 560.1M | buff   31.6M | slab   62.8M |
MEM | tot     3.8G | free    2.4G | cache 560.1M | buff   31.6M | slab   62.8M |
MEM | tot     3.8G | free    2.4G | cache 560.1M | buff   31.6M | slab   62.8M |
MEM | tot     3.8G | free    2.4G | cache 560.1M | buff   31.6M | slab   62.8M |
MEM | tot     3.8G | free    2.4G | cache 560.1M | buff   31.6M | slab   62.8M |
MEM | tot     3.8G | free    2.4G | cache 560.1M | buff   31.6M | slab   62.8M |
MEM | tot     3.8G | free    2.4G | cache 560.2M | buff   31.6M | slab   62.8M |
MEM | tot     3.8G | free    2.4G | cache 560.2M | buff   31.6M | slab   62.8M |
MEM | tot     3.8G | free    2.4G | cache 560.2M | buff   31.6M | slab   62.8M |
MEM | tot     3.8G | free    2.4G | cache 560.2M | buff   31.6M | slab   62.8M |
MEM | tot     3.8G | free    2.4G | cache 560.2M | buff   31.6M | slab   62.8M |
MEM | tot     3.8G | free    2.4G | cache 560.2M | buff   31.6M | slab   62.8M |
MEM | tot     3.8G | free    2.4G | cache 560.2M | buff   31.6M | slab   62.8M |
MEM | tot     3.8G | free    2.4G | cache 560.2M | buff   31.6M | slab   62.8M |
MEM | tot     3.8G | free    2.4G | cache 560.2M | buff   31.6M | slab   62.8M |
MEM | tot     3.8G | free    2.4G | cache 560.2M | buff   31.6M | slab   62.8M |
MEM | tot     3.8G | free    2.4G | cache 560.3M | buff   31.6M | slab   62.8M |
MEM | tot     3.8G | free    2.4G | cache 560.3M | buff   31.6M | slab   62.8M |
MEM | tot     3.8G | free    2.4G | cache 560.3M | buff   31.6M | slab   62.8M |
MEM | tot     3.8G | free    2.4G | cache 560.3M | buff   31.6M | slab   62.8M |
MEM | tot     3.8G | free    2.4G | cache 560.3M | buff   31.6M | slab   62.8M |
MEM | tot     3.8G | free    2.4G | cache 560.3M | buff   31.6M | slab   62.8M |
MEM | tot     3.8G | free    2.4G | cache 560.3M | buff   31.6M | slab   62.8M |
MEM | tot     3.8G | free    2.4G | cache 560.3M | buff   31.6M | slab   62.8M |
MEM | tot     3.8G | free    2.4G | cache 560.4M | buff   31.6M | slab   62.8M |
MEM | tot     3.8G | free    2.4G | cache 560.4M | buff   31.6M | slab   62.8M |
MEM | tot     3.8G | free    2.4G | cache 560.4M | buff   31.6M | slab   62.8M |
MEM | tot     3.8G | free    2.4G | cache 560.4M | buff   31.6M | slab   62.8M |
MEM | tot     3.8G | free    2.4G | cache 560.4M | buff   31.6M | slab   62.8M |
MEM | tot     3.8G | free    2.4G | cache 560.4M | buff   31.6M | slab   62.8M |
MEM | tot     3.8G | free    2.4G | cache 560.4M | buff   31.6M | slab   62.8M |
MEM | tot     3.8G | free    2.4G | cache 560.4M | buff   31.6M | slab   62.8M |
MEM | tot     3.8G | free    2.4G | cache 560.4M | buff   31.6M | slab   62.8M |
MEM | tot     3.8G | free    2.4G | cache 560.5M | buff   31.6M | slab   62.8M |
MEM | tot     3.8G | free    2.4G | cache 560.5M | buff   31.6M | slab   62.8M |
MEM | tot     3.8G | free    2.4G | cache 560.5M | buff   31.6M | slab   62.8M |
MEM | tot     3.8G | free    2.4G | cache 560.5M | buff   31.6M | slab   62.8M |
MEM | tot     3.8G | free    2.4G | cache 560.5M | buff   31.6M | slab   62.8M |
MEM | tot     3.8G | free    2.4G | cache 560.5M | buff   31.6M | slab   62.8M |
MEM | tot     3.8G | free    2.4G | cache 560.5M | buff   31.6M | slab   62.8M |
MEM | tot     3.8G | free    2.4G | cache 560.5M | buff   31.6M | slab   62.8M |
MEM | tot     3.8G | free    2.4G | cache 560.5M | buff   31.6M | slab   62.8M |
MEM | tot     3.8G | free    2.4G | cache 560.6M | buff   31.6M | slab   62.8M |
MEM | tot     3.8G | free    2.4G | cache 560.6M | buff   31.6M | slab   62.8M |
MEM | tot     3.8G | free    2.4G | cache 560.6M | buff   31.6M | slab   62.8M |
MEM | tot     3.8G | free    2.4G | cache 560.6M | buff   31.6M | slab   62.8M |
MEM | tot     3.8G | free    2.4G | cache 560.6M | buff   31.7M | slab   62.8M |
MEM | tot     3.8G | free    2.4G | cache 560.6M | buff   31.7M | slab   62.8M |
MEM | tot     3.8G | free    2.4G | cache 560.6M | buff   31.7M | slab   62.8M |
MEM | tot     3.8G | free    2.4G | cache 560.6M | buff   31.7M | slab   62.8M |
MEM | tot     3.8G | free    2.4G | cache 560.6M | buff   31.7M | slab   62.8M |
MEM | tot     3.8G | free    2.4G | cache 560.7M | buff   31.7M | slab   62.8M |
MEM | tot     3.8G | free    2.4G | cache 560.7M | buff   31.7M | slab   62.8M |
MEM | tot     3.8G | free    2.4G | cache 560.7M | buff   31.7M | slab   62.8M |
MEM | tot     3.8G | free    2.4G | cache 560.7M | buff   31.7M | slab   62.8M |
MEM | tot     3.8G | free    2.4G | cache 560.7M | buff   31.7M | slab   62.8M |
MEM | tot     3.8G | free    2.4G | cache 560.7M | buff   31.7M | slab   62.8M |
MEM | tot     3.8G | free    2.4G | cache 560.7M | buff   31.7M | slab   62.8M |
MEM | tot     3.8G | free    2.4G | cache 560.7M | buff   31.7M | slab   62.8M |
MEM | tot     3.8G | free    2.4G | cache 560.7M | buff   31.7M | slab   62.8M |
MEM | tot     3.8G | free    2.4G | cache 560.8M | buff   31.7M | slab   62.8M |
MEM | tot     3.8G | free    2.4G | cache 560.8M | buff   31.7M | slab   62.8M |
MEM | tot     3.8G | free    2.4G | cache 560.8M | buff   31.7M | slab   62.8M |
MEM | tot     3.8G | free    2.4G | cache 560.8M | buff   31.7M | slab   62.8M |
MEM | tot     3.8G | free    2.4G | cache 560.8M | buff   31.7M | slab   62.8M |
MEM | tot     3.8G | free    2.4G | cache 560.8M | buff   31.7M | slab   62.8M |
MEM | tot     3.8G | free    2.4G | cache 560.8M | buff   31.7M | slab   62.8M |
MEM | tot     3.8G | free    2.4G | cache 560.8M | buff   31.7M | slab   62.8M |
MEM | tot     3.8G | free    2.4G | cache 560.8M | buff   31.7M | slab   62.8M |
MEM | tot     3.8G | free    2.4G | cache 560.9M | buff   31.7M | slab   62.8M |
MEM | tot     3.8G | free    2.4G | cache 560.9M | buff   31.7M | slab   62.8M |
MEM | tot     3.8G | free    2.4G | cache 560.9M | buff   31.7M | slab   62.8M |
MEM | tot     3.8G | free    2.4G | cache 560.9M | buff   31.7M | slab   62.8M |
MEM | tot     3.8G | free    2.4G | cache 560.9M | buff   31.7M | slab   62.8M |
MEM | tot     3.8G | free    2.4G | cache 560.9M | buff   31.7M | slab   62.8M |
MEM | tot     3.8G | free    2.4G | cache 560.9M | buff   31.7M | slab   62.8M |
MEM | tot     3.8G | free    2.4G | cache 560.9M | buff   31.7M | slab   62.8M |
MEM | tot     3.8G | free    2.4G | cache 560.9M | buff   31.7M | slab   62.8M |
MEM | tot     3.8G | free    2.4G | cache 561.0M | buff   31.7M | slab   62.8M |
MEM | tot     3.8G | free    2.4G | cache 561.0M | buff   31.7M | slab   62.8M |
MEM | tot     3.8G | free    2.4G | cache 561.0M | buff   31.7M | slab   62.8M |
MEM | tot     3.8G | free    2.4G | cache 561.0M | buff   31.7M | slab   62.8M |
MEM | tot     3.8G | free    2.4G | cache 561.0M | buff   31.7M | slab   62.8M |
MEM | tot     3.8G | free    2.4G | cache 561.0M | buff   31.7M | slab   62.8M |
MEM | tot     3.8G | free    2.4G | cache 561.0M | buff   31.7M | slab   62.8M |
MEM | tot     3.8G | free    2.4G | cache 561.0M | buff   31.7M | slab   62.8M |
MEM | tot     3.8G | free    2.4G | cache 561.0M | buff   31.7M | slab   62.8M |
MEM | tot     3.8G | free    2.4G | cache 561.1M | buff   31.7M | slab   62.8M |
MEM | tot     3.8G | free    2.4G | cache 561.1M | buff   31.7M | slab   62.8M |
MEM | tot     3.8G | free    2.4G | cache 561.1M | buff   31.7M | slab   62.8M |
MEM | tot     3.8G | free    2.4G | cache 561.1M | buff   31.7M | slab   62.8M |
MEM | tot     3.8G | free    2.4G | cache 561.1M | buff   31.7M | slab   62.8M |
MEM | tot     3.8G | free    2.4G | cache 561.1M | buff   31.7M | slab   62.8M |
MEM | tot     3.8G | free    2.4G | cache 561.1M | buff   31.7M | slab   62.8M |
MEM | tot     3.8G | free    2.4G | cache 561.1M | buff   31.7M | slab   62.8M |
MEM | tot     3.8G | free    2.4G | cache 561.1M | buff   31.7M | slab   62.8M |
