MEM | tot     3.8G | free    2.4G | cache 559.7M | buff   31.8M | slab   62.7M |
MEM | tot     3.8G | free    2.4G | cache 564.0M | buff   31.8M | slab   62.8M |
MEM | tot     3.8G | free    2.3G | cache 573.8M | buff   31.8M | slab   62.8M |
MEM | tot     3.8G | free    2.3G | cache 573.8M | buff   31.8M | slab   62.8M |
MEM | tot     3.8G | free    2.3G | cache 573.8M | buff   31.8M | slab   62.8M |
MEM | tot     3.8G | free    2.3G | cache 573.8M | buff   31.8M | slab   62.8M |
MEM | tot     3.8G | free    2.3G | cache 573.6M | buff   31.8M | slab   62.9M |
MEM | tot     3.8G | free    2.3G | cache 569.9M | buff   31.8M | slab   62.9M |
MEM | tot     3.8G | free    2.3G | cache 563.1M | buff   31.8M | slab   62.9M |
MEM | tot     3.8G | free    2.3G | cache 563.1M | buff   31.8M | slab   62.9M |
MEM | tot     3.8G | free    2.3G | cache 563.2M | buff   31.8M | slab   62.9M |
MEM | tot     3.8G | free    2.3G | cache 563.2M | buff   31.8M | slab   62.9M |
MEM | tot     3.8G | free    2.3G | cache 563.2M | buff   31.8M | slab   62.9M |
MEM | tot     3.8G | free    2.3G | cache 563.2M | buff   31.8M | slab   62.9M |
MEM | tot     3.8G | free    2.3G | cache 563.2M | buff   31.8M | slab   62.9M |
MEM | tot     3.8G | free    2.3G | cache 563.2M | buff   31.8M | slab   62.9M |
MEM | tot     3.8G | free    2.3G | cache 563.2M | buff   31.8M | slab   62.9M |
MEM | tot     3.8G | free    2.3G | cache 563.2M | buff   31.8M | slab   62.9M |
MEM | tot     3.8G | free    2.3G | cache 563.2M | buff   31.8M | slab   62.9M |
MEM | tot     3.8G | free    2.3G | cache 563.3M | buff   31.8M | slab   62.9M |
MEM | tot     3.8G | free    2.3G | cache 563.3M | buff   31.8M | slab   62.9M |
MEM | tot     3.8G | free    2.3G | cache 563.3M | buff   31.8M | slab   62.9M |
MEM | tot     3.8G | free    2.3G | cache 563.3M | buff   31.8M | slab   62.9M |
MEM | tot     3.8G | free    2.3G | cache 563.3M | buff   31.8M | slab   62.9M |
MEM | tot     3.8G | free    2.3G | cache 563.3M | buff   31.8M | slab   62.9M |
MEM | tot     3.8G | free    2.3G | cache 563.3M | buff   31.8M | slab   62.9M |
MEM | tot     3.8G | free    2.3G | cache 563.3M | buff   31.8M | slab   62.9M |
MEM | tot     3.8G | free    2.3G | cache 563.4M | buff   31.8M | slab   62.9M |
MEM | tot     3.8G | free    2.3G | cache 563.4M | buff   31.8M | slab   62.9M |
MEM | tot     3.8G | free    2.3G | cache 563.4M | buff   31.8M | slab   62.9M |
MEM | tot     3.8G | free    2.3G | cache 563.4M | buff   31.8M | slab   62.9M |
MEM | tot     3.8G | free    2.3G | cache 563.4M | buff   31.8M | slab   62.9M |
MEM | tot     3.8G | free    2.3G | cache 563.4M | buff   31.8M | slab   62.9M |
MEM | tot     3.8G | free    2.3G | cache 563.4M | buff   31.8M | slab   62.9M |
MEM | tot     3.8G | free    2.3G | cache 563.4M | buff   31.8M | slab   62.9M |
MEM | tot     3.8G | free    2.3G | cache 563.4M | buff   31.8M | slab   62.9M |
MEM | tot     3.8G | free    2.3G | cache 563.4M | buff   31.8M | slab   62.9M |
MEM | tot     3.8G | free    2.3G | cache 563.5M | buff   31.8M | slab   62.9M |
MEM | tot     3.8G | free    2.3G | cache 563.5M | buff   31.8M | slab   62.9M |
MEM | tot     3.8G | free    2.3G | cache 563.5M | buff   31.8M | slab   62.9M |
MEM | tot     3.8G | free    2.3G | cache 563.5M | buff   31.8M | slab   62.9M |
MEM | tot     3.8G | free    2.3G | cache 563.5M | buff   31.8M | slab   62.9M |
MEM | tot     3.8G | free    2.3G | cache 563.5M | buff   31.8M | slab   62.9M |
MEM | tot     3.8G | free    2.3G | cache 563.5M | buff   31.8M | slab   62.9M |
MEM | tot     3.8G | free    2.3G | cache 563.5M | buff   31.8M | slab   62.9M |
MEM | tot     3.8G | free    2.3G | cache 563.6M | buff   31.8M | slab   62.9M |
MEM | tot     3.8G | free    2.3G | cache 563.7M | buff   31.8M | slab   62.9M |
MEM | tot     3.8G | free    2.3G | cache 563.7M | buff   31.8M | slab   62.9M |
MEM | tot     3.8G | free    2.3G | cache 563.7M | buff   31.8M | slab   62.9M |
MEM | tot     3.8G | free    2.3G | cache 563.7M | buff   31.8M | slab   62.9M |
MEM | tot     3.8G | free    2.3G | cache 563.7M | buff   31.8M | slab   62.9M |
MEM | tot     3.8G | free    2.3G | cache 563.7M | buff   31.8M | slab   62.9M |
MEM | tot     3.8G | free    2.3G | cache 563.8M | buff   31.8M | slab   62.9M |
MEM | tot     3.8G | free    2.3G | cache 563.8M | buff   31.8M | slab   62.9M |
MEM | tot     3.8G | free    2.3G | cache 563.8M | buff   31.8M | slab   62.9M |
MEM | tot     3.8G | free    2.3G | cache 563.8M | buff   31.9M | slab   62.9M |
MEM | tot     3.8G | free    2.3G | cache 563.8M | buff   31.9M | slab   62.9M |
MEM | tot     3.8G | free    2.3G | cache 563.8M | buff   31.9M | slab   62.9M |
MEM | tot     3.8G | free    2.3G | cache 563.8M | buff   31.9M | slab   62.9M |
MEM | tot     3.8G | free    2.3G | cache 563.8M | buff   31.9M | slab   62.9M |
MEM | tot     3.8G | free    2.3G | cache 563.8M | buff   31.9M | slab   62.9M |
MEM | tot     3.8G | free    2.3G | cache 563.9M | buff   31.9M | slab   62.9M |
MEM | tot     3.8G | free    2.3G | cache 563.9M | buff   31.9M | slab   62.9M |
MEM | tot     3.8G | free    2.3G | cache 563.9M | buff   31.9M | slab   62.9M |
MEM | tot     3.8G | free    2.3G | cache 563.9M | buff   31.9M | slab   62.9M |
MEM | tot     3.8G | free    2.3G | cache 563.9M | buff   31.9M | slab   62.9M |
MEM | tot     3.8G | free    2.3G | cache 563.9M | buff   31.9M | slab   62.9M |
MEM | tot     3.8G | free    2.3G | cache 563.9M | buff   31.9M | slab   62.9M |
MEM | tot     3.8G | free    2.3G | cache 563.9M | buff   31.9M | slab   62.9M |
MEM | tot     3.8G | free    2.3G | cache 563.9M | buff   31.9M | slab   62.9M |
MEM | tot     3.8G | free    2.3G | cache 564.0M | buff   31.9M | slab   62.9M |
MEM | tot     3.8G | free    2.3G | cache 559.6M | buff   31.9M | slab   62.8M |
MEM | tot     3.8G | free    2.3G | cache 559.7M | buff   31.9M | slab   62.8M |
MEM | tot     3.8G | free    2.3G | cache 559.7M | buff   31.9M | slab   62.8M |
MEM | tot     3.8G | free    2.3G | cache 559.7M | buff   31.9M | slab   62.8M |
MEM | tot     3.8G | free    2.3G | cache 559.7M | buff   31.9M | slab   62.8M |
MEM | tot     3.8G | free    2.3G | cache 559.7M | buff   31.9M | slab   62.8M |
MEM | tot     3.8G | free    2.3G | cache 559.7M | buff   31.9M | slab   62.8M |
MEM | tot     3.8G | free    2.3G | cache 559.7M | buff   31.9M | slab   62.8M |
MEM | tot     3.8G | free    2.3G | cache 559.7M | buff   31.9M | slab   62.8M |
MEM | tot     3.8G | free    2.3G | cache 559.7M | buff   31.9M | slab   62.8M |
MEM | tot     3.8G | free    2.3G | cache 559.8M | buff   31.9M | slab   62.8M |
MEM | tot     3.8G | free    2.3G | cache 559.8M | buff   31.9M | slab   62.8M |
MEM | tot     3.8G | free    2.3G | cache 559.8M | buff   31.9M | slab   62.8M |
MEM | tot     3.8G | free    2.3G | cache 559.8M | buff   31.9M | slab   62.8M |
MEM | tot     3.8G | free    2.3G | cache 559.8M | buff   31.9M | slab   62.8M |
MEM | tot     3.8G | free    2.3G | cache 559.8M | buff   31.9M | slab   62.8M |
MEM | tot     3.8G | free    2.3G | cache 559.8M | buff   31.9M | slab   62.8M |
MEM | tot     3.8G | free    2.3G | cache 559.8M | buff   31.9M | slab   62.8M |
MEM | tot     3.8G | free    2.3G | cache 559.8M | buff   31.9M | slab   62.8M |
MEM | tot     3.8G | free    2.3G | cache 559.9M | buff   31.9M | slab   62.8M |
MEM | tot     3.8G | free    2.3G | cache 559.9M | buff   31.9M | slab   62.8M |
MEM | tot     3.8G | free    2.3G | cache 559.9M | buff   31.9M | slab   62.8M |
MEM | tot     3.8G | free    2.3G | cache 559.9M | buff   31.9M | slab   62.8M |
MEM | tot     3.8G | free    2.3G | cache 559.9M | buff   31.9M | slab   62.8M |
MEM | tot     3.8G | free    2.3G | cache 559.9M | buff   31.9M | slab   62.8M |
MEM | tot     3.8G | free    2.3G | cache 559.9M | buff   31.9M | slab   62.8M |
MEM | tot     3.8G | free    2.3G | cache 559.9M | buff   31.9M | slab   62.8M |
MEM | tot     3.8G | free    2.3G | cache 559.9M | buff   31.9M | slab   62.8M |
MEM | tot     3.8G | free    2.3G | cache 560.0M | buff   31.9M | slab   62.8M |
MEM | tot     3.8G | free    2.3G | cache 560.0M | buff   31.9M | slab   62.8M |
MEM | tot     3.8G | free    2.3G | cache 560.0M | buff   31.9M | slab   62.8M |
MEM | tot     3.8G | free    2.3G | cache 560.0M | buff   31.9M | slab   62.8M |
MEM | tot     3.8G | free    2.3G | cache 560.0M | buff   31.9M | slab   62.8M |
MEM | tot     3.8G | free    2.3G | cache 560.0M | buff   31.9M | slab   62.8M |
MEM | tot     3.8G | free    2.3G | cache 560.0M | buff   31.9M | slab   62.8M |
MEM | tot     3.8G | free    2.3G | cache 560.0M | buff   31.9M | slab   62.8M |
MEM | tot     3.8G | free    2.3G | cache 560.0M | buff   31.9M | slab   62.8M |
MEM | tot     3.8G | free    2.3G | cache 560.1M | buff   31.9M | slab   62.8M |
MEM | tot     3.8G | free    2.3G | cache 560.1M | buff   31.9M | slab   62.8M |
MEM | tot     3.8G | free    2.3G | cache 560.1M | buff   31.9M | slab   62.8M |
MEM | tot     3.8G | free    2.3G | cache 560.1M | buff   31.9M | slab   62.8M |
MEM | tot     3.8G | free    2.3G | cache 560.1M | buff   31.9M | slab   62.8M |
MEM | tot     3.8G | free    2.3G | cache 560.1M | buff   31.9M | slab   62.8M |
MEM | tot     3.8G | free    2.3G | cache 560.1M | buff   31.9M | slab   62.8M |
MEM | tot     3.8G | free    2.3G | cache 560.1M | buff   32.0M | slab   62.8M |
MEM | tot     3.8G | free    2.3G | cache 560.1M | buff   32.0M | slab   62.8M |
MEM | tot     3.8G | free    2.3G | cache 560.2M | buff   32.0M | slab   62.8M |
MEM | tot     3.8G | free    2.3G | cache 560.2M | buff   32.0M | slab   62.8M |
MEM | tot     3.8G | free    2.3G | cache 560.2M | buff   32.0M | slab   62.8M |
MEM | tot     3.8G | free    2.3G | cache 560.2M | buff   32.0M | slab   62.8M |
