MEM | tot     3.8G | free    2.4G | cache 555.4M | buff   31.7M | slab   62.6M |
MEM | tot     3.8G | free    2.4G | cache 560.6M | buff   31.7M | slab   62.7M |
MEM | tot     3.8G | free    2.4G | cache 571.3M | buff   31.7M | slab   62.8M |
MEM | tot     3.8G | free    2.3G | cache 571.3M | buff   31.7M | slab   62.8M |
MEM | tot     3.8G | free    2.3G | cache 571.3M | buff   31.7M | slab   62.8M |
MEM | tot     3.8G | free    2.3G | cache 571.3M | buff   31.7M | slab   62.8M |
MEM | tot     3.8G | free    2.3G | cache 571.3M | buff   31.7M | slab   62.9M |
MEM | tot     3.8G | free    2.3G | cache 563.1M | buff   31.7M | slab   62.9M |
MEM | tot     3.8G | free    2.3G | cache 563.1M | buff   31.7M | slab   62.9M |
MEM | tot     3.8G | free    2.3G | cache 563.1M | buff   31.7M | slab   62.9M |
MEM | tot     3.8G | free    2.3G | cache 563.1M | buff   31.8M | slab   62.9M |
MEM | tot     3.8G | free    2.3G | cache 563.1M | buff   31.8M | slab   62.9M |
MEM | tot     3.8G | free    2.3G | cache 563.2M | buff   31.8M | slab   62.9M |
MEM | tot     3.8G | free    2.3G | cache 563.2M | buff   31.8M | slab   62.9M |
MEM | tot     3.8G | free    2.3G | cache 563.2M | buff   31.8M | slab   62.9M |
MEM | tot     3.8G | free    2.3G | cache 563.2M | buff   31.8M | slab   62.9M |
MEM | tot     3.8G | free    2.3G | cache 563.2M | buff   31.8M | slab   62.9M |
MEM | tot     3.8G | free    2.3G | cache 563.2M | buff   31.8M | slab   62.9M |
MEM | tot     3.8G | free    2.3G | cache 563.2M | buff   31.8M | slab   62.9M |
MEM | tot     3.8G | free    2.3G | cache 563.2M | buff   31.8M | slab   62.9M |
MEM | tot     3.8G | free    2.3G | cache 563.2M | buff   31.8M | slab   62.9M |
