CPU,sys,15,user,40,irq,1,idle,23,wait,21,,55
CPU,sys,39,user,61,irq,0,idle,0,wait,0,,100
CPU,sys,23,user,68,irq,0,idle,0,wait,9,,91
CPU,sys,22,user,33,irq,2,idle,0,wait,43,,55
CPU,sys,18,user,26,irq,1,idle,0,wait,55,,44
CPU,sys,33,user,32,irq,1,idle,0,wait,35,,65
CPU,sys,19,user,29,irq,1,idle,0,wait,51,,48
CPU,sys,18,user,26,irq,2,idle,0,wait,54,,44
CPU,sys,18,user,14,irq,0,idle,0,wait,68,,32
CPU,sys,19,user,19,irq,2,idle,0,wait,60,,38
CPU,sys,25,user,66,irq,2,idle,0,wait,7,,91
CPU,sys,15,user,37,irq,1,idle,0,wait,46,,52
CPU,sys,12,user,21,irq,1,idle,0,wait,66,,33
CPU,sys,14,user,19,irq,2,idle,0,wait,65,,33
CPU,sys,18,user,15,irq,2,idle,0,wait,64,,33
CPU,sys,14,user,23,irq,1,idle,0,wait,62,,37
CPU,sys,20,user,31,irq,2,idle,0,wait,47,,51
CPU,sys,15,user,24,irq,2,idle,0,wait,59,,39
CPU,sys,17,user,23,irq,2,idle,0,wait,58,,40
CPU,sys,17,user,19,irq,1,idle,0,wait,62,,36
CPU,sys,17,user,18,irq,1,idle,0,wait,63,,35
CPU,sys,13,user,18,irq,2,idle,0,wait,66,,31
CPU,sys,18,user,17,irq,2,idle,0,wait,63,,35
CPU,sys,10,user,24,irq,1,idle,0,wait,65,,34
CPU,sys,16,user,16,irq,1,idle,0,wait,66,,32
CPU,sys,15,user,25,irq,1,idle,0,wait,58,,40
CPU,sys,17,user,18,irq,0,idle,0,wait,66,,35
CPU,sys,15,user,15,irq,1,idle,0,wait,69,,30
CPU,sys,19,user,17,irq,0,idle,0,wait,63,,36
CPU,sys,11,user,20,irq,2,idle,0,wait,67,,31
CPU,sys,13,user,24,irq,0,idle,0,wait,63,,37
CPU,sys,15,user,24,irq,1,idle,0,wait,60,,39
CPU,sys,11,user,24,irq,2,idle,0,wait,63,,35
CPU,sys,16,user,19,irq,2,idle,0,wait,63,,35
CPU,sys,16,user,19,irq,0,idle,0,wait,64,,35
CPU,sys,12,user,19,irq,1,idle,0,wait,66,,31
CPU,sys,15,user,22,irq,1,idle,0,wait,62,,37
CPU,sys,15,user,22,irq,1,idle,0,wait,62,,37
CPU,sys,15,user,23,irq,1,idle,0,wait,60,,38
CPU,sys,19,user,41,irq,2,idle,0,wait,37,,60
CPU,sys,15,user,24,irq,1,idle,0,wait,60,,39
CPU,sys,19,user,22,irq,2,idle,0,wait,57,,41
CPU,sys,14,user,21,irq,2,idle,0,wait,64,,35
CPU,sys,15,user,25,irq,1,idle,0,wait,59,,40
CPU,sys,20,user,19,irq,1,idle,0,wait,60,,39
CPU,sys,18,user,21,irq,0,idle,0,wait,62,,39
CPU,sys,12,user,19,irq,2,idle,0,wait,66,,31
CPU,sys,12,user,24,irq,1,idle,0,wait,62,,36
CPU,sys,17,user,36,irq,2,idle,0,wait,45,,53
CPU,sys,14,user,20,irq,2,idle,0,wait,64,,34
CPU,sys,14,user,20,irq,2,idle,0,wait,63,,34
CPU,sys,15,user,27,irq,1,idle,0,wait,57,,42
CPU,sys,18,user,23,irq,1,idle,0,wait,58,,41
CPU,sys,13,user,26,irq,2,idle,0,wait,59,,39
CPU,sys,12,user,26,irq,3,idle,0,wait,59,,38
CPU,sys,13,user,26,irq,2,idle,0,wait,59,,39
CPU,sys,12,user,23,irq,2,idle,0,wait,62,,35
CPU,sys,16,user,24,irq,0,idle,0,wait,60,,40
CPU,sys,14,user,25,irq,1,idle,0,wait,60,,39
CPU,sys,15,user,26,irq,0,idle,0,wait,59,,41
CPU,sys,21,user,22,irq,2,idle,0,wait,55,,43
CPU,sys,20,user,22,irq,1,idle,0,wait,57,,42
CPU,sys,15,user,21,irq,1,idle,0,wait,62,,36
CPU,sys,14,user,27,irq,1,idle,0,wait,57,,41
CPU,sys,16,user,27,irq,2,idle,0,wait,55,,43
CPU,sys,15,user,26,irq,2,idle,0,wait,56,,41
CPU,sys,16,user,21,irq,2,idle,0,wait,60,,37
CPU,sys,16,user,24,irq,0,idle,0,wait,60,,40
CPU,sys,14,user,26,irq,2,idle,0,wait,58,,40
CPU,sys,15,user,25,irq,1,idle,0,wait,59,,40
CPU,sys,13,user,28,irq,2,idle,0,wait,57,,41
CPU,sys,18,user,26,irq,2,idle,0,wait,54,,44
CPU,sys,12,user,37,irq,2,idle,0,wait,48,,49
CPU,sys,17,user,33,irq,0,idle,0,wait,50,,50
CPU,sys,13,user,24,irq,2,idle,0,wait,60,,37
CPU,sys,17,user,22,irq,1,idle,0,wait,60,,39
CPU,sys,15,user,23,irq,1,idle,0,wait,61,,38
CPU,sys,17,user,29,irq,1,idle,0,wait,53,,46
CPU,sys,17,user,30,irq,2,idle,0,wait,51,,47
CPU,sys,15,user,30,irq,0,idle,0,wait,55,,45
CPU,sys,14,user,27,irq,2,idle,0,wait,56,,41
CPU,sys,17,user,25,irq,3,idle,0,wait,55,,42
CPU,sys,16,user,31,irq,2,idle,0,wait,51,,47
CPU,sys,15,user,30,irq,0,idle,0,wait,55,,45
CPU,sys,19,user,29,irq,2,idle,0,wait,50,,48
CPU,sys,13,user,29,irq,1,idle,0,wait,57,,42
CPU,sys,19,user,25,irq,3,idle,0,wait,53,,44
CPU,sys,14,user,28,irq,1,idle,0,wait,57,,42
CPU,sys,18,user,30,irq,0,idle,0,wait,52,,48
CPU,sys,18,user,28,irq,1,idle,0,wait,53,,46
CPU,sys,16,user,24,irq,2,idle,0,wait,58,,40
CPU,sys,16,user,25,irq,0,idle,0,wait,59,,41
CPU,sys,11,user,32,irq,2,idle,0,wait,54,,43
CPU,sys,17,user,23,irq,1,idle,0,wait,59,,40
CPU,sys,12,user,31,irq,2,idle,0,wait,55,,43
CPU,sys,16,user,32,irq,1,idle,0,wait,50,,48
CPU,sys,17,user,33,irq,1,idle,0,wait,49,,50
CPU,sys,10,user,30,irq,2,idle,0,wait,57,,40
CPU,sys,11,user,29,irq,1,idle,0,wait,58,,40
CPU,sys,19,user,25,irq,2,idle,0,wait,54,,44
CPU,sys,17,user,31,irq,2,idle,0,wait,50,,48
CPU,sys,14,user,31,irq,0,idle,0,wait,55,,45
CPU,sys,18,user,26,irq,1,idle,0,wait,55,,44
CPU,sys,15,user,32,irq,2,idle,0,wait,51,,47
CPU,sys,18,user,30,irq,2,idle,0,wait,50,,48
CPU,sys,17,user,27,irq,1,idle,0,wait,55,,44
CPU,sys,18,user,29,irq,1,idle,0,wait,52,,47
CPU,sys,18,user,34,irq,1,idle,0,wait,47,,52
CPU,sys,20,user,39,irq,2,idle,0,wait,39,,59
CPU,sys,18,user,32,irq,1,idle,0,wait,48,,50
CPU,sys,16,user,36,irq,0,idle,0,wait,47,,52
CPU,sys,19,user,36,irq,2,idle,0,wait,43,,55
CPU,sys,20,user,27,irq,1,idle,0,wait,52,,47
CPU,sys,16,user,34,irq,0,idle,0,wait,49,,50
CPU,sys,18,user,34,irq,1,idle,0,wait,48,,52
CPU,sys,11,user,39,irq,3,idle,0,wait,47,,50
CPU,sys,20,user,29,irq,1,idle,0,wait,50,,49
CPU,sys,19,user,37,irq,2,idle,0,wait,42,,56
CPU,sys,15,user,35,irq,2,idle,0,wait,48,,50
CPU,sys,16,user,33,irq,2,idle,0,wait,49,,49
CPU,sys,16,user,37,irq,2,idle,0,wait,45,,53
CPU,sys,18,user,37,irq,1,idle,0,wait,44,,55
CPU,sys,19,user,33,irq,1,idle,0,wait,47,,52
CPU,sys,17,user,33,irq,1,idle,0,wait,49,,50
CPU,sys,16,user,36,irq,2,idle,0,wait,45,,52
CPU,sys,16,user,33,irq,1,idle,0,wait,50,,49
CPU,sys,18,user,40,irq,1,idle,0,wait,41,,58
CPU,sys,20,user,34,irq,1,idle,0,wait,45,,54
CPU,sys,19,user,39,irq,1,idle,0,wait,41,,58
CPU,sys,18,user,34,irq,1,idle,0,wait,46,,52
CPU,sys,13,user,39,irq,3,idle,0,wait,44,,52
CPU,sys,19,user,30,irq,0,idle,0,wait,52,,49
CPU,sys,19,user,34,irq,0,idle,0,wait,47,,53
CPU,sys,18,user,31,irq,0,idle,0,wait,51,,49
CPU,sys,16,user,31,irq,2,idle,0,wait,51,,47
CPU,sys,19,user,30,irq,0,idle,0,wait,50,,49
CPU,sys,14,user,32,irq,1,idle,0,wait,53,,46
CPU,sys,13,user,35,irq,1,idle,0,wait,51,,48
CPU,sys,15,user,31,irq,1,idle,0,wait,53,,46
CPU,sys,15,user,33,irq,0,idle,0,wait,52,,48
CPU,sys,15,user,30,irq,1,idle,0,wait,54,,45
CPU,sys,14,user,36,irq,2,idle,0,wait,48,,50
CPU,sys,14,user,35,irq,1,idle,0,wait,50,,49
CPU,sys,13,user,35,irq,2,idle,0,wait,49,,48
CPU,sys,17,user,29,irq,1,idle,0,wait,53,,46
CPU,sys,13,user,34,irq,1,idle,0,wait,51,,47
CPU,sys,14,user,37,irq,1,idle,0,wait,48,,51
CPU,sys,16,user,35,irq,1,idle,0,wait,48,,51
CPU,sys,17,user,34,irq,1,idle,0,wait,47,,51
CPU,sys,18,user,39,irq,1,idle,0,wait,42,,57
CPU,sys,14,user,35,irq,1,idle,0,wait,51,,49
CPU,sys,15,user,44,irq,1,idle,0,wait,39,,59
CPU,sys,15,user,36,irq,1,idle,0,wait,47,,51
CPU,sys,16,user,38,irq,2,idle,0,wait,45,,54
CPU,sys,22,user,33,irq,1,idle,0,wait,43,,55
CPU,sys,16,user,39,irq,2,idle,0,wait,43,,55
CPU,sys,21,user,40,irq,1,idle,0,wait,39,,61
CPU,sys,16,user,38,irq,2,idle,0,wait,44,,54
CPU,sys,19,user,43,irq,0,idle,0,wait,39,,62
CPU,sys,18,user,33,irq,1,idle,0,wait,48,,51
CPU,sys,19,user,43,irq,0,idle,0,wait,38,,62
CPU,sys,14,user,43,irq,1,idle,0,wait,43,,57
CPU,sys,18,user,42,irq,1,idle,0,wait,39,,60
CPU,sys,18,user,37,irq,2,idle,0,wait,43,,55
CPU,sys,17,user,41,irq,2,idle,0,wait,40,,58
CPU,sys,20,user,40,irq,1,idle,0,wait,40,,60
CPU,sys,17,user,41,irq,1,idle,0,wait,41,,58
CPU,sys,15,user,39,irq,2,idle,0,wait,45,,54
CPU,sys,18,user,39,irq,1,idle,0,wait,41,,57
CPU,sys,17,user,38,irq,2,idle,0,wait,43,,55
CPU,sys,19,user,45,irq,2,idle,0,wait,34,,64
CPU,sys,14,user,48,irq,1,idle,0,wait,37,,62
CPU,sys,18,user,47,irq,1,idle,0,wait,34,,65
CPU,sys,20,user,43,irq,2,idle,0,wait,35,,63
CPU,sys,19,user,49,irq,2,idle,0,wait,29,,68
CPU,sys,19,user,47,irq,1,idle,0,wait,32,,66
CPU,sys,17,user,43,irq,1,idle,0,wait,39,,60
CPU,sys,16,user,46,irq,1,idle,0,wait,36,,62
CPU,sys,15,user,45,irq,1,idle,0,wait,40,,60
CPU,sys,21,user,42,irq,0,idle,0,wait,37,,63
CPU,sys,18,user,41,irq,0,idle,0,wait,41,,59
CPU,sys,17,user,47,irq,1,idle,0,wait,36,,64
CPU,sys,19,user,41,irq,1,idle,0,wait,39,,60
CPU,sys,19,user,44,irq,1,idle,0,wait,36,,63
CPU,sys,14,user,51,irq,2,idle,0,wait,33,,65
CPU,sys,17,user,47,irq,1,idle,0,wait,35,,64
CPU,sys,18,user,45,irq,3,idle,0,wait,34,,63
CPU,sys,10,user,23,irq,0,idle,0,wait,66,,33
CPU,sys,21,user,43,irq,1,idle,0,wait,35,,64
CPU,sys,16,user,43,irq,1,idle,0,wait,40,,59
CPU,sys,20,user,39,irq,1,idle,0,wait,39,,59
CPU,sys,15,user,33,irq,2,idle,0,wait,49,,48
CPU,sys,12,user,36,irq,1,idle,0,wait,50,,48
CPU,sys,14,user,33,irq,2,idle,0,wait,51,,47
CPU,sys,16,user,34,irq,2,idle,0,wait,48,,50
CPU,sys,15,user,39,irq,0,idle,0,wait,46,,54
CPU,sys,17,user,35,irq,0,idle,0,wait,47,,52
CPU,sys,15,user,42,irq,1,idle,0,wait,42,,57
CPU,sys,17,user,39,irq,2,idle,0,wait,42,,56
CPU,sys,14,user,44,irq,0,idle,0,wait,42,,58
CPU,sys,16,user,37,irq,1,idle,0,wait,45,,53
CPU,sys,19,user,39,irq,2,idle,0,wait,41,,58
CPU,sys,14,user,43,irq,2,idle,0,wait,40,,57
CPU,sys,13,user,41,irq,1,idle,0,wait,45,,54
CPU,sys,17,user,39,irq,2,idle,0,wait,42,,56
CPU,sys,16,user,42,irq,2,idle,0,wait,40,,58
CPU,sys,15,user,39,irq,0,idle,0,wait,45,,54
CPU,sys,16,user,39,irq,1,idle,0,wait,43,,55
CPU,sys,17,user,38,irq,1,idle,0,wait,45,,55
CPU,sys,15,user,39,irq,0,idle,0,wait,45,,54
CPU,sys,19,user,44,irq,1,idle,0,wait,36,,63
CPU,sys,17,user,43,irq,0,idle,0,wait,39,,60
CPU,sys,15,user,43,irq,2,idle,0,wait,39,,58
CPU,sys,15,user,45,irq,2,idle,0,wait,37,,60
CPU,sys,19,user,39,irq,0,idle,0,wait,43,,58
CPU,sys,13,user,49,irq,2,idle,0,wait,36,,62
CPU,sys,15,user,37,irq,1,idle,0,wait,46,,52
CPU,sys,18,user,44,irq,2,idle,0,wait,36,,62
CPU,sys,17,user,46,irq,0,idle,0,wait,36,,63
CPU,sys,18,user,46,irq,0,idle,0,wait,36,,64
CPU,sys,16,user,39,irq,3,idle,0,wait,41,,55
CPU,sys,18,user,39,irq,2,idle,0,wait,41,,57
CPU,sys,16,user,42,irq,1,idle,0,wait,40,,58
CPU,sys,14,user,46,irq,0,idle,0,wait,40,,60
,,,,,,,,,,,,
,,,,,,,,,,,média,"49,1076233183857"
,,,,,,,,,,,DP,"10,6596437410591"
