E,tot,"3,8",free,"2,4",cache,"559,7",buff,"31,8",slab,"62,7",,"1,4"
E,tot,"3,8",free,"2,4",cache,564,buff,"31,8",slab,"62,8",,"1,4"
E,tot,"3,8",free,"2,3",cache,"573,8",buff,"31,8",slab,"62,8",,"1,5"
E,tot,"3,8",free,"2,3",cache,"573,8",buff,"31,8",slab,"62,8",,"1,5"
E,tot,"3,8",free,"2,3",cache,"573,8",buff,"31,8",slab,"62,8",,"1,5"
E,tot,"3,8",free,"2,3",cache,"573,8",buff,"31,8",slab,"62,8",,"1,5"
E,tot,"3,8",free,"2,3",cache,"573,6",buff,"31,8",slab,"62,9",,"1,5"
E,tot,"3,8",free,"2,3",cache,"569,9",buff,"31,8",slab,"62,9",,"1,5"
E,tot,"3,8",free,"2,3",cache,"563,1",buff,"31,8",slab,"62,9",,"1,5"
E,tot,"3,8",free,"2,3",cache,"563,1",buff,"31,8",slab,"62,9",,"1,5"
E,tot,"3,8",free,"2,3",cache,"563,2",buff,"31,8",slab,"62,9",,"1,5"
E,tot,"3,8",free,"2,3",cache,"563,2",buff,"31,8",slab,"62,9",,"1,5"
E,tot,"3,8",free,"2,3",cache,"563,2",buff,"31,8",slab,"62,9",,"1,5"
E,tot,"3,8",free,"2,3",cache,"563,2",buff,"31,8",slab,"62,9",,"1,5"
E,tot,"3,8",free,"2,3",cache,"563,2",buff,"31,8",slab,"62,9",,"1,5"
E,tot,"3,8",free,"2,3",cache,"563,2",buff,"31,8",slab,"62,9",,"1,5"
E,tot,"3,8",free,"2,3",cache,"563,2",buff,"31,8",slab,"62,9",,"1,5"
E,tot,"3,8",free,"2,3",cache,"563,2",buff,"31,8",slab,"62,9",,"1,5"
E,tot,"3,8",free,"2,3",cache,"563,2",buff,"31,8",slab,"62,9",,"1,5"
E,tot,"3,8",free,"2,3",cache,"563,3",buff,"31,8",slab,"62,9",,"1,5"
E,tot,"3,8",free,"2,3",cache,"563,3",buff,"31,8",slab,"62,9",,"1,5"
E,tot,"3,8",free,"2,3",cache,"563,3",buff,"31,8",slab,"62,9",,"1,5"
E,tot,"3,8",free,"2,3",cache,"563,3",buff,"31,8",slab,"62,9",,"1,5"
E,tot,"3,8",free,"2,3",cache,"563,3",buff,"31,8",slab,"62,9",,"1,5"
E,tot,"3,8",free,"2,3",cache,"563,3",buff,"31,8",slab,"62,9",,"1,5"
E,tot,"3,8",free,"2,3",cache,"563,3",buff,"31,8",slab,"62,9",,"1,5"
E,tot,"3,8",free,"2,3",cache,"563,3",buff,"31,8",slab,"62,9",,"1,5"
E,tot,"3,8",free,"2,3",cache,"563,4",buff,"31,8",slab,"62,9",,"1,5"
E,tot,"3,8",free,"2,3",cache,"563,4",buff,"31,8",slab,"62,9",,"1,5"
E,tot,"3,8",free,"2,3",cache,"563,4",buff,"31,8",slab,"62,9",,"1,5"
E,tot,"3,8",free,"2,3",cache,"563,4",buff,"31,8",slab,"62,9",,"1,5"
E,tot,"3,8",free,"2,3",cache,"563,4",buff,"31,8",slab,"62,9",,"1,5"
E,tot,"3,8",free,"2,3",cache,"563,4",buff,"31,8",slab,"62,9",,"1,5"
E,tot,"3,8",free,"2,3",cache,"563,4",buff,"31,8",slab,"62,9",,"1,5"
E,tot,"3,8",free,"2,3",cache,"563,4",buff,"31,8",slab,"62,9",,"1,5"
E,tot,"3,8",free,"2,3",cache,"563,4",buff,"31,8",slab,"62,9",,"1,5"
E,tot,"3,8",free,"2,3",cache,"563,4",buff,"31,8",slab,"62,9",,"1,5"
E,tot,"3,8",free,"2,3",cache,"563,5",buff,"31,8",slab,"62,9",,"1,5"
E,tot,"3,8",free,"2,3",cache,"563,5",buff,"31,8",slab,"62,9",,"1,5"
E,tot,"3,8",free,"2,3",cache,"563,5",buff,"31,8",slab,"62,9",,"1,5"
E,tot,"3,8",free,"2,3",cache,"563,5",buff,"31,8",slab,"62,9",,"1,5"
E,tot,"3,8",free,"2,3",cache,"563,5",buff,"31,8",slab,"62,9",,"1,5"
E,tot,"3,8",free,"2,3",cache,"563,5",buff,"31,8",slab,"62,9",,"1,5"
E,tot,"3,8",free,"2,3",cache,"563,5",buff,"31,8",slab,"62,9",,"1,5"
E,tot,"3,8",free,"2,3",cache,"563,5",buff,"31,8",slab,"62,9",,"1,5"
E,tot,"3,8",free,"2,3",cache,"563,6",buff,"31,8",slab,"62,9",,"1,5"
E,tot,"3,8",free,"2,3",cache,"563,7",buff,"31,8",slab,"62,9",,"1,5"
E,tot,"3,8",free,"2,3",cache,"563,7",buff,"31,8",slab,"62,9",,"1,5"
E,tot,"3,8",free,"2,3",cache,"563,7",buff,"31,8",slab,"62,9",,"1,5"
E,tot,"3,8",free,"2,3",cache,"563,7",buff,"31,8",slab,"62,9",,"1,5"
E,tot,"3,8",free,"2,3",cache,"563,7",buff,"31,8",slab,"62,9",,"1,5"
E,tot,"3,8",free,"2,3",cache,"563,7",buff,"31,8",slab,"62,9",,"1,5"
E,tot,"3,8",free,"2,3",cache,"563,8",buff,"31,8",slab,"62,9",,"1,5"
E,tot,"3,8",free,"2,3",cache,"563,8",buff,"31,8",slab,"62,9",,"1,5"
E,tot,"3,8",free,"2,3",cache,"563,8",buff,"31,8",slab,"62,9",,"1,5"
E,tot,"3,8",free,"2,3",cache,"563,8",buff,"31,9",slab,"62,9",,"1,5"
E,tot,"3,8",free,"2,3",cache,"563,8",buff,"31,9",slab,"62,9",,"1,5"
E,tot,"3,8",free,"2,3",cache,"563,8",buff,"31,9",slab,"62,9",,"1,5"
E,tot,"3,8",free,"2,3",cache,"563,8",buff,"31,9",slab,"62,9",,"1,5"
E,tot,"3,8",free,"2,3",cache,"563,8",buff,"31,9",slab,"62,9",,"1,5"
E,tot,"3,8",free,"2,3",cache,"563,8",buff,"31,9",slab,"62,9",,"1,5"
E,tot,"3,8",free,"2,3",cache,"563,9",buff,"31,9",slab,"62,9",,"1,5"
E,tot,"3,8",free,"2,3",cache,"563,9",buff,"31,9",slab,"62,9",,"1,5"
E,tot,"3,8",free,"2,3",cache,"563,9",buff,"31,9",slab,"62,9",,"1,5"
E,tot,"3,8",free,"2,3",cache,"563,9",buff,"31,9",slab,"62,9",,"1,5"
E,tot,"3,8",free,"2,3",cache,"563,9",buff,"31,9",slab,"62,9",,"1,5"
E,tot,"3,8",free,"2,3",cache,"563,9",buff,"31,9",slab,"62,9",,"1,5"
E,tot,"3,8",free,"2,3",cache,"563,9",buff,"31,9",slab,"62,9",,"1,5"
E,tot,"3,8",free,"2,3",cache,"563,9",buff,"31,9",slab,"62,9",,"1,5"
E,tot,"3,8",free,"2,3",cache,"563,9",buff,"31,9",slab,"62,9",,"1,5"
E,tot,"3,8",free,"2,3",cache,564,buff,"31,9",slab,"62,9",,"1,5"
E,tot,"3,8",free,"2,3",cache,"559,6",buff,"31,9",slab,"62,8",,"1,5"
E,tot,"3,8",free,"2,3",cache,"559,7",buff,"31,9",slab,"62,8",,"1,5"
E,tot,"3,8",free,"2,3",cache,"559,7",buff,"31,9",slab,"62,8",,"1,5"
E,tot,"3,8",free,"2,3",cache,"559,7",buff,"31,9",slab,"62,8",,"1,5"
E,tot,"3,8",free,"2,3",cache,"559,7",buff,"31,9",slab,"62,8",,"1,5"
E,tot,"3,8",free,"2,3",cache,"559,7",buff,"31,9",slab,"62,8",,"1,5"
E,tot,"3,8",free,"2,3",cache,"559,7",buff,"31,9",slab,"62,8",,"1,5"
E,tot,"3,8",free,"2,3",cache,"559,7",buff,"31,9",slab,"62,8",,"1,5"
E,tot,"3,8",free,"2,3",cache,"559,7",buff,"31,9",slab,"62,8",,"1,5"
E,tot,"3,8",free,"2,3",cache,"559,7",buff,"31,9",slab,"62,8",,"1,5"
E,tot,"3,8",free,"2,3",cache,"559,8",buff,"31,9",slab,"62,8",,"1,5"
E,tot,"3,8",free,"2,3",cache,"559,8",buff,"31,9",slab,"62,8",,"1,5"
E,tot,"3,8",free,"2,3",cache,"559,8",buff,"31,9",slab,"62,8",,"1,5"
E,tot,"3,8",free,"2,3",cache,"559,8",buff,"31,9",slab,"62,8",,"1,5"
E,tot,"3,8",free,"2,3",cache,"559,8",buff,"31,9",slab,"62,8",,"1,5"
E,tot,"3,8",free,"2,3",cache,"559,8",buff,"31,9",slab,"62,8",,"1,5"
E,tot,"3,8",free,"2,3",cache,"559,8",buff,"31,9",slab,"62,8",,"1,5"
E,tot,"3,8",free,"2,3",cache,"559,8",buff,"31,9",slab,"62,8",,"1,5"
E,tot,"3,8",free,"2,3",cache,"559,8",buff,"31,9",slab,"62,8",,"1,5"
E,tot,"3,8",free,"2,3",cache,"559,9",buff,"31,9",slab,"62,8",,"1,5"
E,tot,"3,8",free,"2,3",cache,"559,9",buff,"31,9",slab,"62,8",,"1,5"
E,tot,"3,8",free,"2,3",cache,"559,9",buff,"31,9",slab,"62,8",,"1,5"
E,tot,"3,8",free,"2,3",cache,"559,9",buff,"31,9",slab,"62,8",,"1,5"
E,tot,"3,8",free,"2,3",cache,"559,9",buff,"31,9",slab,"62,8",,"1,5"
E,tot,"3,8",free,"2,3",cache,"559,9",buff,"31,9",slab,"62,8",,"1,5"
E,tot,"3,8",free,"2,3",cache,"559,9",buff,"31,9",slab,"62,8",,"1,5"
E,tot,"3,8",free,"2,3",cache,"559,9",buff,"31,9",slab,"62,8",,"1,5"
E,tot,"3,8",free,"2,3",cache,"559,9",buff,"31,9",slab,"62,8",,"1,5"
E,tot,"3,8",free,"2,3",cache,560,buff,"31,9",slab,"62,8",,"1,5"
E,tot,"3,8",free,"2,3",cache,560,buff,"31,9",slab,"62,8",,"1,5"
E,tot,"3,8",free,"2,3",cache,560,buff,"31,9",slab,"62,8",,"1,5"
E,tot,"3,8",free,"2,3",cache,560,buff,"31,9",slab,"62,8",,"1,5"
E,tot,"3,8",free,"2,3",cache,560,buff,"31,9",slab,"62,8",,"1,5"
E,tot,"3,8",free,"2,3",cache,560,buff,"31,9",slab,"62,8",,"1,5"
E,tot,"3,8",free,"2,3",cache,560,buff,"31,9",slab,"62,8",,"1,5"
E,tot,"3,8",free,"2,3",cache,560,buff,"31,9",slab,"62,8",,"1,5"
E,tot,"3,8",free,"2,3",cache,560,buff,"31,9",slab,"62,8",,"1,5"
E,tot,"3,8",free,"2,3",cache,"560,1",buff,"31,9",slab,"62,8",,"1,5"
E,tot,"3,8",free,"2,3",cache,"560,1",buff,"31,9",slab,"62,8",,"1,5"
E,tot,"3,8",free,"2,3",cache,"560,1",buff,"31,9",slab,"62,8",,"1,5"
E,tot,"3,8",free,"2,3",cache,"560,1",buff,"31,9",slab,"62,8",,"1,5"
E,tot,"3,8",free,"2,3",cache,"560,1",buff,"31,9",slab,"62,8",,"1,5"
E,tot,"3,8",free,"2,3",cache,"560,1",buff,"31,9",slab,"62,8",,"1,5"
E,tot,"3,8",free,"2,3",cache,"560,1",buff,"31,9",slab,"62,8",,"1,5"
E,tot,"3,8",free,"2,3",cache,"560,1",buff,32,slab,"62,8",,"1,5"
E,tot,"3,8",free,"2,3",cache,"560,1",buff,32,slab,"62,8",,"1,5"
E,tot,"3,8",free,"2,3",cache,"560,2",buff,32,slab,"62,8",,"1,5"
E,tot,"3,8",free,"2,3",cache,"560,2",buff,32,slab,"62,8",,"1,5"
E,tot,"3,8",free,"2,3",cache,"560,2",buff,32,slab,"62,8",,"1,5"
E,tot,"3,8",free,"2,3",cache,"560,2",buff,32,slab,"62,8",,"1,5"
,,,,,,,,,,,,
,,,,,,,,,,,média,"1,49834710743802"
,,,,,,,,,,,DP,"0,0128028061662288"
