CPU,sys,15,user,44,irq,1,idle,15,wait,24,,59
CPU,sys,34,user,65,irq,0,idle,0,wait,0,,99
CPU,sys,29,user,70,irq,1,idle,0,wait,0,,99
CPU,sys,32,user,66,irq,2,idle,0,wait,0,,98
CPU,sys,24,user,73,irq,3,idle,0,wait,0,,97
CPU,sys,28,user,71,irq,1,idle,0,wait,0,,99
CPU,sys,38,user,58,irq,4,idle,0,wait,0,,96
CPU,sys,26,user,71,irq,3,idle,0,wait,0,,97
CPU,sys,26,user,71,irq,3,idle,0,wait,0,,97
CPU,sys,33,user,63,irq,4,idle,0,wait,0,,96
CPU,sys,25,user,74,irq,1,idle,0,wait,0,,99
CPU,sys,26,user,68,irq,6,idle,0,wait,0,,94
CPU,sys,24,user,74,irq,2,idle,0,wait,0,,98
CPU,sys,31,user,67,irq,2,idle,0,wait,0,,98
CPU,sys,26,user,71,irq,3,idle,0,wait,0,,97
CPU,sys,27,user,70,irq,3,idle,0,wait,0,,97
CPU,sys,29,user,67,irq,4,idle,0,wait,0,,96
CPU,sys,25,user,71,irq,4,idle,0,wait,0,,96
CPU,sys,30,user,64,irq,6,idle,0,wait,0,,94
CPU,sys,30,user,69,irq,1,idle,0,wait,0,,99
CPU,sys,28,user,69,irq,3,idle,0,wait,0,,97
CPU,sys,24,user,67,irq,3,idle,0,wait,6,,91
CPU,sys,19,user,22,irq,4,idle,0,wait,55,,41
CPU,sys,22,user,21,irq,0,idle,0,wait,58,,43
CPU,sys,21,user,27,irq,2,idle,0,wait,51,,48
CPU,sys,25,user,22,irq,4,idle,0,wait,49,,47
CPU,sys,21,user,23,irq,2,idle,0,wait,54,,44
CPU,sys,18,user,24,irq,2,idle,0,wait,57,,42
CPU,sys,23,user,26,irq,1,idle,0,wait,49,,49
CPU,sys,24,user,27,irq,2,idle,0,wait,48,,51
CPU,sys,23,user,23,irq,2,idle,0,wait,52,,46
CPU,sys,23,user,24,irq,3,idle,0,wait,50,,47
CPU,sys,24,user,22,irq,2,idle,0,wait,52,,46
CPU,sys,23,user,19,irq,2,idle,0,wait,56,,42
CPU,sys,19,user,26,irq,0,idle,0,wait,55,,45
CPU,sys,26,user,25,irq,0,idle,0,wait,49,,51
CPU,sys,20,user,24,irq,2,idle,0,wait,55,,44
CPU,sys,17,user,22,irq,2,idle,0,wait,58,,39
CPU,sys,20,user,19,irq,4,idle,0,wait,57,,39
CPU,sys,19,user,20,irq,2,idle,0,wait,59,,39
CPU,sys,19,user,20,irq,1,idle,0,wait,61,,39
CPU,sys,20,user,21,irq,3,idle,0,wait,56,,41
CPU,sys,17,user,21,irq,2,idle,0,wait,60,,38
CPU,sys,21,user,20,irq,1,idle,0,wait,58,,41
CPU,sys,22,user,23,irq,3,idle,0,wait,52,,45
CPU,sys,24,user,21,irq,1,idle,0,wait,54,,45
CPU,sys,22,user,24,irq,3,idle,0,wait,52,,46
CPU,sys,21,user,23,irq,2,idle,0,wait,54,,44
CPU,sys,20,user,24,irq,3,idle,0,wait,52,,44
CPU,sys,22,user,27,irq,2,idle,0,wait,49,,49
CPU,sys,21,user,28,irq,0,idle,0,wait,51,,49
CPU,sys,20,user,25,irq,3,idle,0,wait,52,,45
CPU,sys,21,user,28,irq,2,idle,0,wait,48,,49
CPU,sys,22,user,18,irq,4,idle,0,wait,56,,40
CPU,sys,19,user,20,irq,2,idle,0,wait,58,,39
CPU,sys,23,user,20,irq,2,idle,0,wait,56,,43
CPU,sys,22,user,21,irq,2,idle,0,wait,55,,43
CPU,sys,23,user,21,irq,3,idle,0,wait,51,,44
CPU,sys,22,user,20,irq,1,idle,0,wait,56,,42
CPU,sys,22,user,22,irq,2,idle,0,wait,54,,44
CPU,sys,23,user,22,irq,2,idle,0,wait,53,,45
CPU,sys,23,user,23,irq,0,idle,0,wait,53,,46
CPU,sys,22,user,22,irq,4,idle,0,wait,51,,44
CPU,sys,19,user,21,irq,4,idle,0,wait,55,,40
CPU,sys,22,user,18,irq,4,idle,0,wait,56,,40
CPU,sys,22,user,23,irq,2,idle,0,wait,53,,45
CPU,sys,21,user,23,irq,0,idle,0,wait,55,,44
CPU,sys,23,user,29,irq,4,idle,0,wait,44,,52
CPU,sys,31,user,28,irq,4,idle,0,wait,38,,59
CPU,sys,25,user,32,irq,3,idle,0,wait,40,,57
CPU,sys,30,user,31,irq,2,idle,0,wait,38,,61
CPU,sys,31,user,21,irq,3,idle,0,wait,45,,52
CPU,sys,23,user,22,irq,2,idle,0,wait,53,,45
CPU,sys,22,user,27,irq,0,idle,0,wait,51,,49
CPU,sys,19,user,19,irq,2,idle,0,wait,59,,38
CPU,sys,20,user,20,irq,2,idle,0,wait,58,,40
CPU,sys,18,user,26,irq,0,idle,0,wait,56,,44
CPU,sys,20,user,18,irq,1,idle,0,wait,60,,38
CPU,sys,25,user,19,irq,2,idle,0,wait,55,,44
CPU,sys,23,user,22,irq,1,idle,0,wait,53,,45
CPU,sys,25,user,21,irq,3,idle,0,wait,51,,46
CPU,sys,15,user,22,irq,2,idle,0,wait,61,,37
CPU,sys,27,user,17,irq,3,idle,0,wait,52,,44
CPU,sys,24,user,24,irq,3,idle,0,wait,49,,48
CPU,sys,22,user,25,irq,1,idle,0,wait,52,,47
CPU,sys,20,user,23,irq,3,idle,0,wait,53,,43
CPU,sys,26,user,23,irq,2,idle,0,wait,49,,49
CPU,sys,20,user,27,irq,2,idle,0,wait,51,,47
CPU,sys,23,user,23,irq,2,idle,0,wait,50,,46
CPU,sys,25,user,22,irq,2,idle,0,wait,50,,47
CPU,sys,22,user,20,irq,4,idle,0,wait,54,,42
CPU,sys,21,user,23,irq,2,idle,0,wait,54,,44
CPU,sys,18,user,22,irq,3,idle,0,wait,56,,40
CPU,sys,23,user,28,irq,2,idle,0,wait,47,,51
,,,,,,,,,,,,
,,,,,,,,,,,média,"56,6236559139785"
,,,,,,,,,,,DP,"22,252949964919"
