E,tot,"3,8",free,"2,4",cache,"555,6",buff,32,slab,"62,8",,"1,4"
E,tot,"3,8",free,"2,4",cache,"559,3",buff,32,slab,"62,8",,"1,4"
E,tot,"3,8",free,"2,4",cache,"573,7",buff,32,slab,"62,9",,"1,4"
E,tot,"3,8",free,"2,3",cache,"573,7",buff,32,slab,"62,9",,"1,5"
E,tot,"3,8",free,"2,3",cache,"573,7",buff,32,slab,"62,9",,"1,5"
E,tot,"3,8",free,"2,3",cache,"573,8",buff,32,slab,"62,9",,"1,5"
E,tot,"3,8",free,"2,3",cache,"573,5",buff,32,slab,"62,9",,"1,5"
E,tot,"3,8",free,"2,3",cache,"563,3",buff,32,slab,"62,9",,"1,5"
E,tot,"3,8",free,"2,3",cache,"563,3",buff,32,slab,"62,9",,"1,5"
E,tot,"3,8",free,"2,3",cache,"563,3",buff,32,slab,"62,8",,"1,5"
E,tot,"3,8",free,"2,3",cache,"563,3",buff,32,slab,"62,8",,"1,5"
E,tot,"3,8",free,"2,3",cache,"563,3",buff,32,slab,"62,8",,"1,5"
E,tot,"3,8",free,"2,3",cache,"563,3",buff,32,slab,"62,8",,"1,5"
E,tot,"3,8",free,"2,3",cache,"563,3",buff,32,slab,"62,8",,"1,5"
E,tot,"3,8",free,"2,3",cache,"563,4",buff,32,slab,"62,8",,"1,5"
E,tot,"3,8",free,"2,3",cache,"563,4",buff,32,slab,"62,8",,"1,5"
E,tot,"3,8",free,"2,3",cache,"563,4",buff,32,slab,"62,8",,"1,5"
E,tot,"3,8",free,"2,3",cache,"563,4",buff,32,slab,"62,9",,"1,5"
E,tot,"3,8",free,"2,3",cache,"563,4",buff,32,slab,"62,9",,"1,5"
E,tot,"3,8",free,"2,3",cache,"563,4",buff,32,slab,"62,9",,"1,5"
E,tot,"3,8",free,"2,3",cache,"563,4",buff,32,slab,"62,9",,"1,5"
E,tot,"3,8",free,"2,3",cache,"563,6",buff,32,slab,"62,9",,"1,5"
E,tot,"3,8",free,"2,3",cache,"563,6",buff,32,slab,"62,9",,"1,5"
E,tot,"3,8",free,"2,3",cache,"563,6",buff,32,slab,"62,9",,"1,5"
E,tot,"3,8",free,"2,3",cache,"563,6",buff,32,slab,"62,9",,"1,5"
E,tot,"3,8",free,"2,3",cache,"563,6",buff,32,slab,"62,9",,"1,5"
E,tot,"3,8",free,"2,3",cache,"563,6",buff,32,slab,"62,9",,"1,5"
E,tot,"3,8",free,"2,3",cache,"563,6",buff,32,slab,"62,9",,"1,5"
E,tot,"3,8",free,"2,3",cache,"563,6",buff,32,slab,"62,9",,"1,5"
E,tot,"3,8",free,"2,3",cache,"563,7",buff,32,slab,"62,9",,"1,5"
E,tot,"3,8",free,"2,3",cache,"563,7",buff,32,slab,"62,9",,"1,5"
E,tot,"3,8",free,"2,3",cache,"563,7",buff,32,slab,"62,9",,"1,5"
E,tot,"3,8",free,"2,3",cache,"563,7",buff,32,slab,"62,9",,"1,5"
E,tot,"3,8",free,"2,3",cache,"563,7",buff,32,slab,"62,9",,"1,5"
E,tot,"3,8",free,"2,3",cache,"563,7",buff,32,slab,"62,9",,"1,5"
E,tot,"3,8",free,"2,3",cache,"563,7",buff,32,slab,"62,9",,"1,5"
E,tot,"3,8",free,"2,3",cache,"563,7",buff,32,slab,"62,9",,"1,5"
E,tot,"3,8",free,"2,3",cache,"563,7",buff,32,slab,"62,9",,"1,5"
E,tot,"3,8",free,"2,3",cache,"563,8",buff,32,slab,"62,9",,"1,5"
E,tot,"3,8",free,"2,3",cache,"563,8",buff,32,slab,"62,9",,"1,5"
E,tot,"3,8",free,"2,3",cache,"563,8",buff,32,slab,"62,9",,"1,5"
E,tot,"3,8",free,"2,3",cache,"563,8",buff,32,slab,"62,9",,"1,5"
E,tot,"3,8",free,"2,3",cache,"563,8",buff,32,slab,"62,9",,"1,5"
E,tot,"3,8",free,"2,3",cache,"563,8",buff,32,slab,"62,9",,"1,5"
E,tot,"3,8",free,"2,3",cache,"563,8",buff,32,slab,"62,9",,"1,5"
E,tot,"3,8",free,"2,3",cache,"563,8",buff,32,slab,"62,9",,"1,5"
E,tot,"3,8",free,"2,3",cache,"563,8",buff,32,slab,"62,9",,"1,5"
E,tot,"3,8",free,"2,3",cache,"563,9",buff,32,slab,"62,9",,"1,5"
E,tot,"3,8",free,"2,3",cache,"563,9",buff,32,slab,"62,9",,"1,5"
E,tot,"3,8",free,"2,3",cache,"563,9",buff,32,slab,"62,9",,"1,5"
E,tot,"3,8",free,"2,3",cache,"563,9",buff,32,slab,"62,9",,"1,5"
E,tot,"3,8",free,"2,3",cache,"563,9",buff,32,slab,"62,9",,"1,5"
E,tot,"3,8",free,"2,3",cache,"563,9",buff,32,slab,"62,9",,"1,5"
E,tot,"3,8",free,"2,3",cache,"563,9",buff,32,slab,"62,9",,"1,5"
E,tot,"3,8",free,"2,3",cache,"563,9",buff,32,slab,"62,9",,"1,5"
E,tot,"3,8",free,"2,3",cache,"563,9",buff,32,slab,"62,9",,"1,5"
E,tot,"3,8",free,"2,3",cache,564,buff,"32,1",slab,"62,9",,"1,5"
E,tot,"3,8",free,"2,3",cache,564,buff,"32,1",slab,"62,9",,"1,5"
E,tot,"3,8",free,"2,3",cache,564,buff,"32,1",slab,"62,9",,"1,5"
E,tot,"3,8",free,"2,3",cache,564,buff,"32,1",slab,"62,9",,"1,5"
E,tot,"3,8",free,"2,3",cache,564,buff,"32,1",slab,"62,9",,"1,5"
E,tot,"3,8",free,"2,3",cache,564,buff,"32,1",slab,"62,9",,"1,5"
E,tot,"3,8",free,"2,3",cache,564,buff,"32,1",slab,"62,9",,"1,5"
E,tot,"3,8",free,"2,3",cache,564,buff,"32,1",slab,"62,9",,"1,5"
E,tot,"3,8",free,"2,3",cache,564,buff,"32,1",slab,"62,9",,"1,5"
E,tot,"3,8",free,"2,3",cache,"564,1",buff,"32,1",slab,"62,9",,"1,5"
E,tot,"3,8",free,"2,3",cache,"564,1",buff,"32,1",slab,"62,9",,"1,5"
E,tot,"3,8",free,"2,3",cache,"564,1",buff,"32,1",slab,"62,9",,"1,5"
E,tot,"3,8",free,"2,3",cache,"564,1",buff,"32,1",slab,"62,9",,"1,5"
E,tot,"3,8",free,"2,3",cache,"564,1",buff,"32,1",slab,"62,9",,"1,5"
E,tot,"3,8",free,"2,3",cache,"564,1",buff,"32,1",slab,"62,9",,"1,5"
E,tot,"3,8",free,"2,3",cache,"564,1",buff,"32,1",slab,"62,9",,"1,5"
E,tot,"3,8",free,"2,3",cache,"559,8",buff,"32,1",slab,"62,8",,"1,5"
E,tot,"3,8",free,"2,3",cache,"559,8",buff,"32,1",slab,"62,8",,"1,5"
E,tot,"3,8",free,"2,3",cache,"559,8",buff,"32,1",slab,"62,8",,"1,5"
E,tot,"3,8",free,"2,3",cache,"559,9",buff,"32,1",slab,"62,8",,"1,5"
E,tot,"3,8",free,"2,3",cache,"559,9",buff,"32,1",slab,"62,8",,"1,5"
E,tot,"3,8",free,"2,3",cache,"559,9",buff,"32,1",slab,"62,8",,"1,5"
E,tot,"3,8",free,"2,3",cache,"559,9",buff,"32,1",slab,"62,8",,"1,5"
E,tot,"3,8",free,"2,3",cache,"559,9",buff,"32,1",slab,"62,8",,"1,5"
E,tot,"3,8",free,"2,3",cache,"559,9",buff,"32,1",slab,"62,8",,"1,5"
E,tot,"3,8",free,"2,3",cache,"559,9",buff,"32,1",slab,"62,8",,"1,5"
E,tot,"3,8",free,"2,3",cache,"559,9",buff,"32,1",slab,"62,8",,"1,5"
E,tot,"3,8",free,"2,3",cache,"559,9",buff,"32,1",slab,"62,8",,"1,5"
E,tot,"3,8",free,"2,3",cache,560,buff,"32,1",slab,"62,8",,"1,5"
E,tot,"3,8",free,"2,3",cache,560,buff,"32,1",slab,"62,8",,"1,5"
E,tot,"3,8",free,"2,3",cache,560,buff,"32,1",slab,"62,8",,"1,5"
E,tot,"3,8",free,"2,3",cache,560,buff,"32,1",slab,"62,8",,"1,5"
E,tot,"3,8",free,"2,3",cache,560,buff,"32,1",slab,"62,8",,"1,5"
E,tot,"3,8",free,"2,3",cache,560,buff,"32,1",slab,"62,8",,"1,5"
E,tot,"3,8",free,"2,3",cache,560,buff,"32,1",slab,"62,8",,"1,5"
E,tot,"3,8",free,"2,3",cache,560,buff,"32,1",slab,"62,8",,"1,5"
E,tot,"3,8",free,"2,3",cache,560,buff,"32,1",slab,"62,8",,"1,5"
E,tot,"3,8",free,"2,3",cache,"560,1",buff,"32,1",slab,"62,8",,"1,5"
,,,,,,,,,,,,
,,,,,,,,,,,média,"1,4968085106383"
,,,,,,,,,,,DP,"0,0176716020266431"
