CPU,sys,16,user,39,irq,1,idle,17,wait,27,,55
CPU,sys,36,user,64,irq,0,idle,0,wait,0,,100
CPU,sys,26,user,73,irq,1,idle,0,wait,0,,99
CPU,sys,28,user,70,irq,2,idle,0,wait,0,,98
CPU,sys,33,user,62,irq,5,idle,0,wait,0,,95
CPU,sys,28,user,70,irq,2,idle,0,wait,0,,98
CPU,sys,40,user,60,irq,0,idle,0,wait,0,,100
CPU,sys,33,user,65,irq,2,idle,0,wait,0,,98
CPU,sys,30,user,66,irq,4,idle,0,wait,0,,96
CPU,sys,30,user,66,irq,4,idle,0,wait,0,,96
CPU,sys,24,user,71,irq,5,idle,0,wait,0,,95
CPU,sys,32,user,64,irq,4,idle,0,wait,0,,96
CPU,sys,29,user,66,irq,5,idle,0,wait,0,,95
CPU,sys,25,user,73,irq,2,idle,0,wait,0,,98
CPU,sys,30,user,67,irq,3,idle,0,wait,0,,97
CPU,sys,30,user,67,irq,3,idle,0,wait,0,,97
CPU,sys,29,user,68,irq,3,idle,0,wait,0,,97
CPU,sys,29,user,67,irq,4,idle,0,wait,0,,96
CPU,sys,34,user,63,irq,3,idle,0,wait,0,,97
CPU,sys,29,user,67,irq,4,idle,0,wait,0,,96
CPU,sys,31,user,67,irq,2,idle,0,wait,0,,98
CPU,sys,19,user,77,irq,2,idle,0,wait,2,,96
CPU,sys,9,user,86,irq,0,idle,0,wait,5,,95
CPU,sys,11,user,81,irq,1,idle,0,wait,7,,92
CPU,sys,10,user,86,irq,0,idle,0,wait,4,,96
CPU,sys,8,user,87,irq,0,idle,0,wait,5,,95
CPU,sys,8,user,88,irq,0,idle,0,wait,4,,96
CPU,sys,10,user,85,irq,1,idle,0,wait,4,,95
CPU,sys,10,user,86,irq,0,idle,0,wait,4,,96
CPU,sys,12,user,83,irq,0,idle,0,wait,5,,95
CPU,sys,10,user,85,irq,0,idle,0,wait,5,,95
CPU,sys,7,user,89,irq,0,idle,0,wait,4,,96
CPU,sys,11,user,85,irq,0,idle,0,wait,4,,96
CPU,sys,7,user,88,irq,1,idle,0,wait,4,,95
CPU,sys,8,user,88,irq,0,idle,0,wait,4,,96
CPU,sys,8,user,87,irq,0,idle,0,wait,5,,95
CPU,sys,7,user,88,irq,1,idle,0,wait,4,,95
CPU,sys,9,user,87,irq,0,idle,0,wait,4,,96
CPU,sys,8,user,87,irq,1,idle,0,wait,4,,95
CPU,sys,8,user,88,irq,0,idle,0,wait,4,,96
CPU,sys,11,user,84,irq,1,idle,0,wait,4,,95
CPU,sys,9,user,87,irq,0,idle,0,wait,4,,96
CPU,sys,10,user,86,irq,0,idle,0,wait,4,,96
CPU,sys,6,user,90,irq,0,idle,0,wait,4,,96
CPU,sys,10,user,86,irq,0,idle,0,wait,4,,96
CPU,sys,8,user,88,irq,0,idle,0,wait,4,,96
CPU,sys,11,user,85,irq,1,idle,0,wait,3,,96
CPU,sys,7,user,89,irq,0,idle,0,wait,4,,96
CPU,sys,9,user,86,irq,0,idle,0,wait,5,,95
CPU,sys,7,user,88,irq,1,idle,0,wait,4,,95
CPU,sys,9,user,85,irq,0,idle,0,wait,5,,94
CPU,sys,10,user,87,irq,0,idle,0,wait,3,,97
CPU,sys,10,user,86,irq,0,idle,0,wait,4,,96
CPU,sys,9,user,86,irq,1,idle,0,wait,4,,95
CPU,sys,9,user,86,irq,1,idle,0,wait,4,,95
CPU,sys,12,user,83,irq,0,idle,0,wait,5,,95
CPU,sys,10,user,86,irq,0,idle,0,wait,4,,96
CPU,sys,10,user,86,irq,0,idle,0,wait,4,,96
CPU,sys,10,user,86,irq,0,idle,0,wait,4,,96
CPU,sys,8,user,88,irq,0,idle,0,wait,4,,96
CPU,sys,10,user,85,irq,0,idle,0,wait,5,,95
CPU,sys,9,user,88,irq,0,idle,0,wait,3,,97
CPU,sys,7,user,88,irq,0,idle,0,wait,5,,95
CPU,sys,8,user,88,irq,0,idle,0,wait,4,,96
CPU,sys,7,user,88,irq,0,idle,0,wait,5,,95
CPU,sys,8,user,86,irq,0,idle,0,wait,6,,94
CPU,sys,7,user,89,irq,0,idle,0,wait,4,,96
CPU,sys,9,user,87,irq,0,idle,0,wait,4,,96
CPU,sys,10,user,84,irq,1,idle,0,wait,5,,94
CPU,sys,9,user,87,irq,0,idle,0,wait,4,,96
CPU,sys,8,user,87,irq,0,idle,0,wait,5,,95
CPU,sys,13,user,83,irq,0,idle,0,wait,4,,96
CPU,sys,7,user,88,irq,1,idle,0,wait,4,,95
CPU,sys,10,user,85,irq,0,idle,0,wait,5,,95
CPU,sys,7,user,87,irq,0,idle,0,wait,6,,94
CPU,sys,12,user,83,irq,0,idle,0,wait,5,,95
CPU,sys,8,user,88,irq,1,idle,0,wait,3,,96
CPU,sys,9,user,86,irq,0,idle,0,wait,5,,95
CPU,sys,7,user,82,irq,1,idle,0,wait,10,,89
CPU,sys,10,user,86,irq,0,idle,0,wait,4,,96
CPU,sys,8,user,88,irq,0,idle,0,wait,4,,96
CPU,sys,8,user,88,irq,0,idle,0,wait,4,,96
CPU,sys,8,user,86,irq,1,idle,0,wait,5,,94
CPU,sys,9,user,87,irq,0,idle,0,wait,4,,96
CPU,sys,8,user,87,irq,0,idle,0,wait,5,,95
CPU,sys,8,user,87,irq,1,idle,0,wait,4,,95
CPU,sys,9,user,87,irq,0,idle,0,wait,4,,96
CPU,sys,7,user,88,irq,0,idle,0,wait,5,,95
CPU,sys,10,user,85,irq,1,idle,0,wait,4,,95
CPU,sys,9,user,86,irq,0,idle,0,wait,5,,95
CPU,sys,10,user,86,irq,1,idle,0,wait,3,,96
CPU,sys,10,user,85,irq,0,idle,0,wait,5,,95
CPU,sys,8,user,88,irq,0,idle,0,wait,4,,96
CPU,sys,10,user,83,irq,1,idle,0,wait,6,,93
CPU,sys,11,user,83,irq,0,idle,0,wait,6,,94
CPU,sys,10,user,85,irq,0,idle,0,wait,5,,95
CPU,sys,10,user,86,irq,0,idle,0,wait,4,,96
CPU,sys,8,user,87,irq,0,idle,0,wait,5,,95
CPU,sys,8,user,88,irq,0,idle,0,wait,4,,96
CPU,sys,11,user,85,irq,0,idle,0,wait,4,,96
CPU,sys,9,user,86,irq,1,idle,0,wait,4,,95
CPU,sys,11,user,86,irq,0,idle,0,wait,3,,97
CPU,sys,9,user,86,irq,1,idle,0,wait,4,,95
CPU,sys,10,user,86,irq,1,idle,0,wait,3,,96
CPU,sys,8,user,88,irq,0,idle,0,wait,4,,96
CPU,sys,9,user,81,irq,0,idle,0,wait,10,,90
CPU,sys,7,user,88,irq,2,idle,0,wait,3,,95
CPU,sys,12,user,83,irq,0,idle,0,wait,5,,95
CPU,sys,10,user,86,irq,0,idle,0,wait,4,,96
CPU,sys,8,user,88,irq,0,idle,0,wait,4,,96
CPU,sys,6,user,90,irq,0,idle,0,wait,4,,96
CPU,sys,11,user,84,irq,1,idle,0,wait,4,,95
CPU,sys,9,user,87,irq,0,idle,0,wait,4,,96
CPU,sys,8,user,89,irq,0,idle,0,wait,3,,97
CPU,sys,7,user,89,irq,0,idle,0,wait,4,,96
CPU,sys,6,user,84,irq,0,idle,0,wait,10,,90
CPU,sys,11,user,84,irq,1,idle,0,wait,4,,95
CPU,sys,8,user,88,irq,0,idle,0,wait,4,,96
CPU,sys,9,user,86,irq,0,idle,0,wait,5,,95
CPU,sys,7,user,88,irq,0,idle,0,wait,5,,95
CPU,sys,10,user,86,irq,0,idle,0,wait,4,,96
,,,,,,,,,,,,
,,,,,,,,,,,média,"95,575"
,,,,,,,,,,,DP,"1,47621193623147"
