E,tot,"3,8",free,"2,4",cache,"563,8",buff,"31,3",slab,"62,5",,"1,4"
E,tot,"3,8",free,"2,3",cache,"568,2",buff,"31,4",slab,"62,7",,"1,5"
E,tot,"3,8",free,"2,3",cache,564,buff,"31,4",slab,"62,9",,"1,5"
E,tot,"3,8",free,"2,3",cache,564,buff,"31,4",slab,"62,9",,"1,5"
E,tot,"3,8",free,"2,3",cache,564,buff,"31,4",slab,"62,9",,"1,5"
E,tot,"3,8",free,"2,3",cache,564,buff,"31,4",slab,"62,9",,"1,5"
E,tot,"3,8",free,"2,3",cache,"563,8",buff,"31,4",slab,"62,9",,"1,5"
E,tot,"3,8",free,"2,3",cache,563,buff,"31,4",slab,"62,8",,"1,5"
E,tot,"3,8",free,"2,3",cache,"563,1",buff,"31,4",slab,"62,8",,"1,5"
E,tot,"3,8",free,"2,3",cache,"563,1",buff,"31,4",slab,"62,8",,"1,5"
E,tot,"3,8",free,"2,3",cache,"564,3",buff,"31,4",slab,"62,8",,"1,5"
E,tot,"3,8",free,"2,3",cache,"564,3",buff,"31,4",slab,"62,8",,"1,5"
E,tot,"3,8",free,"2,3",cache,"564,3",buff,"31,4",slab,"62,8",,"1,5"
E,tot,"3,8",free,"2,3",cache,"564,4",buff,"31,4",slab,"62,8",,"1,5"
E,tot,"3,8",free,"2,3",cache,"564,4",buff,"31,4",slab,"62,8",,"1,5"
E,tot,"3,8",free,"2,3",cache,"563,2",buff,"31,4",slab,"62,8",,"1,5"
E,tot,"3,8",free,"2,3",cache,"563,1",buff,"31,4",slab,"62,8",,"1,5"
E,tot,"3,8",free,"2,3",cache,"563,2",buff,"31,4",slab,"62,8",,"1,5"
E,tot,"3,8",free,"2,3",cache,"563,2",buff,"31,4",slab,"62,8",,"1,5"
E,tot,"3,8",free,"2,3",cache,"563,2",buff,"31,4",slab,"62,8",,"1,5"
E,tot,"3,8",free,"2,3",cache,"563,2",buff,"31,4",slab,"62,8",,"1,5"
E,tot,"3,8",free,"2,3",cache,"563,2",buff,"31,4",slab,"62,8",,"1,5"
E,tot,"3,8",free,"2,3",cache,"563,2",buff,"31,4",slab,"62,8",,"1,5"
E,tot,"3,8",free,"2,3",cache,"563,2",buff,"31,4",slab,"62,8",,"1,5"
E,tot,"3,8",free,"2,3",cache,"563,2",buff,"31,4",slab,"62,8",,"1,5"
E,tot,"3,8",free,"2,3",cache,"563,2",buff,"31,4",slab,"62,8",,"1,5"
E,tot,"3,8",free,"2,3",cache,"563,3",buff,"31,4",slab,"62,8",,"1,5"
E,tot,"3,8",free,"2,3",cache,"563,3",buff,"31,4",slab,"62,8",,"1,5"
E,tot,"3,8",free,"2,3",cache,"563,3",buff,"31,4",slab,"62,8",,"1,5"
E,tot,"3,8",free,"2,3",cache,"563,3",buff,"31,4",slab,"62,8",,"1,5"
E,tot,"3,8",free,"2,3",cache,"563,3",buff,"31,4",slab,"62,8",,"1,5"
E,tot,"3,8",free,"2,3",cache,"563,3",buff,"31,4",slab,"62,8",,"1,5"
E,tot,"3,8",free,"2,3",cache,"563,3",buff,"31,4",slab,"62,8",,"1,5"
E,tot,"3,8",free,"2,3",cache,"563,3",buff,"31,4",slab,"62,8",,"1,5"
E,tot,"3,8",free,"2,3",cache,"563,3",buff,"31,4",slab,"62,8",,"1,5"
E,tot,"3,8",free,"2,3",cache,"563,4",buff,"31,4",slab,"62,8",,"1,5"
E,tot,"3,8",free,"2,3",cache,"563,4",buff,"31,4",slab,"62,8",,"1,5"
E,tot,"3,8",free,"2,3",cache,"563,4",buff,"31,4",slab,"62,8",,"1,5"
E,tot,"3,8",free,"2,3",cache,"563,4",buff,"31,4",slab,"62,8",,"1,5"
E,tot,"3,8",free,"2,4",cache,"563,4",buff,"31,4",slab,"62,8",,"1,4"
E,tot,"3,8",free,"2,4",cache,"563,4",buff,"31,4",slab,"62,8",,"1,4"
E,tot,"3,8",free,"2,4",cache,"563,4",buff,"31,4",slab,"62,8",,"1,4"
E,tot,"3,8",free,"2,4",cache,"563,4",buff,"31,4",slab,"62,8",,"1,4"
E,tot,"3,8",free,"2,4",cache,"563,4",buff,"31,4",slab,"62,8",,"1,4"
E,tot,"3,8",free,"2,4",cache,"563,5",buff,"31,4",slab,"62,8",,"1,4"
E,tot,"3,8",free,"2,4",cache,"563,5",buff,"31,4",slab,"62,8",,"1,4"
E,tot,"3,8",free,"2,4",cache,"563,5",buff,"31,4",slab,"62,8",,"1,4"
E,tot,"3,8",free,"2,4",cache,"563,5",buff,"31,4",slab,"62,8",,"1,4"
E,tot,"3,8",free,"2,4",cache,"563,5",buff,"31,4",slab,"62,8",,"1,4"
E,tot,"3,8",free,"2,4",cache,"563,5",buff,"31,5",slab,"62,8",,"1,4"
E,tot,"3,8",free,"2,4",cache,"563,5",buff,"31,5",slab,"62,8",,"1,4"
E,tot,"3,8",free,"2,4",cache,"563,5",buff,"31,5",slab,"62,8",,"1,4"
E,tot,"3,8",free,"2,4",cache,"563,5",buff,"31,5",slab,"62,8",,"1,4"
E,tot,"3,8",free,"2,4",cache,"563,6",buff,"31,5",slab,"62,8",,"1,4"
E,tot,"3,8",free,"2,4",cache,"563,6",buff,"31,5",slab,"62,8",,"1,4"
E,tot,"3,8",free,"2,4",cache,"563,6",buff,"31,5",slab,"62,8",,"1,4"
E,tot,"3,8",free,"2,4",cache,"563,6",buff,"31,5",slab,"62,8",,"1,4"
E,tot,"3,8",free,"2,4",cache,"563,6",buff,"31,5",slab,"62,8",,"1,4"
E,tot,"3,8",free,"2,4",cache,"563,6",buff,"31,5",slab,"62,8",,"1,4"
E,tot,"3,8",free,"2,4",cache,"563,6",buff,"31,5",slab,"62,9",,"1,4"
E,tot,"3,8",free,"2,4",cache,"563,6",buff,"31,5",slab,"62,9",,"1,4"
E,tot,"3,8",free,"2,4",cache,"563,6",buff,"31,5",slab,"62,9",,"1,4"
E,tot,"3,8",free,"2,4",cache,"563,7",buff,"31,5",slab,"62,9",,"1,4"
E,tot,"3,8",free,"2,4",cache,"563,7",buff,"31,5",slab,"62,9",,"1,4"
E,tot,"3,8",free,"2,4",cache,"563,7",buff,"31,5",slab,"62,9",,"1,4"
E,tot,"3,8",free,"2,4",cache,"563,7",buff,"31,5",slab,"62,9",,"1,4"
E,tot,"3,8",free,"2,4",cache,"563,7",buff,"31,5",slab,"62,9",,"1,4"
E,tot,"3,8",free,"2,4",cache,"563,7",buff,"31,5",slab,"62,9",,"1,4"
E,tot,"3,8",free,"2,4",cache,"563,7",buff,"31,5",slab,"62,9",,"1,4"
E,tot,"3,8",free,"2,4",cache,"563,7",buff,"31,5",slab,"62,9",,"1,4"
E,tot,"3,8",free,"2,4",cache,"563,8",buff,"31,5",slab,"62,9",,"1,4"
E,tot,"3,8",free,"2,4",cache,"559,4",buff,"31,5",slab,"62,9",,"1,4"
E,tot,"3,8",free,"2,4",cache,"559,5",buff,"31,5",slab,"62,8",,"1,4"
E,tot,"3,8",free,"2,4",cache,"559,5",buff,"31,5",slab,"62,8",,"1,4"
E,tot,"3,8",free,"2,4",cache,"559,5",buff,"31,5",slab,"62,8",,"1,4"
E,tot,"3,8",free,"2,4",cache,"559,5",buff,"31,5",slab,"62,8",,"1,4"
E,tot,"3,8",free,"2,4",cache,"559,5",buff,"31,5",slab,"62,8",,"1,4"
E,tot,"3,8",free,"2,4",cache,"559,5",buff,"31,5",slab,"62,8",,"1,4"
E,tot,"3,8",free,"2,4",cache,"559,5",buff,"31,5",slab,"62,8",,"1,4"
E,tot,"3,8",free,"2,4",cache,"559,5",buff,"31,5",slab,"62,8",,"1,4"
E,tot,"3,8",free,"2,4",cache,"559,5",buff,"31,5",slab,"62,8",,"1,4"
E,tot,"3,8",free,"2,4",cache,"559,6",buff,"31,5",slab,"62,8",,"1,4"
E,tot,"3,8",free,"2,4",cache,"559,6",buff,"31,5",slab,"62,8",,"1,4"
E,tot,"3,8",free,"2,4",cache,"559,6",buff,"31,5",slab,"62,8",,"1,4"
E,tot,"3,8",free,"2,4",cache,"559,6",buff,"31,5",slab,"62,8",,"1,4"
E,tot,"3,8",free,"2,4",cache,"559,6",buff,"31,5",slab,"62,8",,"1,4"
E,tot,"3,8",free,"2,4",cache,"559,6",buff,"31,5",slab,"62,8",,"1,4"
E,tot,"3,8",free,"2,4",cache,"559,6",buff,"31,5",slab,"62,8",,"1,4"
E,tot,"3,8",free,"2,4",cache,"559,6",buff,"31,5",slab,"62,8",,"1,4"
E,tot,"3,8",free,"2,4",cache,"559,6",buff,"31,5",slab,"62,8",,"1,4"
E,tot,"3,8",free,"2,4",cache,"559,7",buff,"31,5",slab,"62,8",,"1,4"
E,tot,"3,8",free,"2,4",cache,"559,7",buff,"31,5",slab,"62,8",,"1,4"
E,tot,"3,8",free,"2,4",cache,"559,7",buff,"31,5",slab,"62,8",,"1,4"
E,tot,"3,8",free,"2,4",cache,"559,7",buff,"31,5",slab,"62,8",,"1,4"
E,tot,"3,8",free,"2,4",cache,"559,7",buff,"31,5",slab,"62,8",,"1,4"
E,tot,"3,8",free,"2,4",cache,"559,7",buff,"31,5",slab,"62,8",,"1,4"
E,tot,"3,8",free,"2,4",cache,"559,7",buff,"31,5",slab,"62,8",,"1,4"
E,tot,"3,8",free,"2,4",cache,"559,7",buff,"31,5",slab,"62,8",,"1,4"
E,tot,"3,8",free,"2,4",cache,"559,7",buff,"31,5",slab,"62,8",,"1,4"
E,tot,"3,8",free,"2,4",cache,"559,8",buff,"31,5",slab,"62,8",,"1,4"
E,tot,"3,8",free,"2,4",cache,"559,8",buff,"31,5",slab,"62,8",,"1,4"
E,tot,"3,8",free,"2,4",cache,"559,8",buff,"31,5",slab,"62,8",,"1,4"
E,tot,"3,8",free,"2,4",cache,"559,8",buff,"31,5",slab,"62,8",,"1,4"
E,tot,"3,8",free,"2,4",cache,"559,8",buff,"31,5",slab,"62,8",,"1,4"
E,tot,"3,8",free,"2,4",cache,"559,8",buff,"31,5",slab,"62,8",,"1,4"
E,tot,"3,8",free,"2,4",cache,"559,8",buff,"31,5",slab,"62,8",,"1,4"
E,tot,"3,8",free,"2,4",cache,"559,8",buff,"31,5",slab,"62,8",,"1,4"
E,tot,"3,8",free,"2,4",cache,"559,8",buff,"31,5",slab,"62,8",,"1,4"
E,tot,"3,8",free,"2,4",cache,"559,9",buff,"31,5",slab,"62,8",,"1,4"
E,tot,"3,8",free,"2,4",cache,"559,9",buff,"31,5",slab,"62,8",,"1,4"
E,tot,"3,8",free,"2,4",cache,"559,9",buff,"31,5",slab,"62,8",,"1,4"
E,tot,"3,8",free,"2,4",cache,"559,9",buff,"31,5",slab,"62,8",,"1,4"
E,tot,"3,8",free,"2,4",cache,"559,9",buff,"31,5",slab,"62,8",,"1,4"
E,tot,"3,8",free,"2,4",cache,"559,9",buff,"31,5",slab,"62,8",,"1,4"
E,tot,"3,8",free,"2,4",cache,"559,9",buff,"31,6",slab,"62,8",,"1,4"
E,tot,"3,8",free,"2,4",cache,"559,9",buff,"31,6",slab,"62,8",,"1,4"
E,tot,"3,8",free,"2,4",cache,"559,9",buff,"31,6",slab,"62,8",,"1,4"
E,tot,"3,8",free,"2,4",cache,560,buff,"31,6",slab,"62,8",,"1,4"
E,tot,"3,8",free,"2,4",cache,560,buff,"31,6",slab,"62,8",,"1,4"
E,tot,"3,8",free,"2,4",cache,560,buff,"31,6",slab,"62,8",,"1,4"
E,tot,"3,8",free,"2,4",cache,560,buff,"31,6",slab,"62,8",,"1,4"
E,tot,"3,8",free,"2,4",cache,560,buff,"31,6",slab,"62,8",,"1,4"
E,tot,"3,8",free,"2,4",cache,560,buff,"31,6",slab,"62,8",,"1,4"
E,tot,"3,8",free,"2,4",cache,560,buff,"31,6",slab,"62,8",,"1,4"
E,tot,"3,8",free,"2,4",cache,560,buff,"31,6",slab,"62,8",,"1,4"
E,tot,"3,8",free,"2,4",cache,"560,1",buff,"31,6",slab,"62,8",,"1,4"
E,tot,"3,8",free,"2,4",cache,"560,1",buff,"31,6",slab,"62,8",,"1,4"
E,tot,"3,8",free,"2,4",cache,"560,1",buff,"31,6",slab,"62,8",,"1,4"
E,tot,"3,8",free,"2,4",cache,"560,1",buff,"31,6",slab,"62,8",,"1,4"
E,tot,"3,8",free,"2,4",cache,"560,1",buff,"31,6",slab,"62,8",,"1,4"
E,tot,"3,8",free,"2,4",cache,"560,1",buff,"31,6",slab,"62,8",,"1,4"
E,tot,"3,8",free,"2,4",cache,"560,1",buff,"31,6",slab,"62,8",,"1,4"
E,tot,"3,8",free,"2,4",cache,"560,1",buff,"31,6",slab,"62,8",,"1,4"
E,tot,"3,8",free,"2,4",cache,"560,1",buff,"31,6",slab,"62,8",,"1,4"
E,tot,"3,8",free,"2,4",cache,"560,2",buff,"31,6",slab,"62,8",,"1,4"
E,tot,"3,8",free,"2,4",cache,"560,2",buff,"31,6",slab,"62,8",,"1,4"
E,tot,"3,8",free,"2,4",cache,"560,2",buff,"31,6",slab,"62,8",,"1,4"
E,tot,"3,8",free,"2,4",cache,"560,2",buff,"31,6",slab,"62,8",,"1,4"
E,tot,"3,8",free,"2,4",cache,"560,2",buff,"31,6",slab,"62,8",,"1,4"
E,tot,"3,8",free,"2,4",cache,"560,2",buff,"31,6",slab,"62,8",,"1,4"
E,tot,"3,8",free,"2,4",cache,"560,2",buff,"31,6",slab,"62,8",,"1,4"
E,tot,"3,8",free,"2,4",cache,"560,2",buff,"31,6",slab,"62,8",,"1,4"
E,tot,"3,8",free,"2,4",cache,"560,2",buff,"31,6",slab,"62,8",,"1,4"
E,tot,"3,8",free,"2,4",cache,"560,2",buff,"31,6",slab,"62,8",,"1,4"
E,tot,"3,8",free,"2,4",cache,"560,3",buff,"31,6",slab,"62,8",,"1,4"
E,tot,"3,8",free,"2,4",cache,"560,3",buff,"31,6",slab,"62,8",,"1,4"
E,tot,"3,8",free,"2,4",cache,"560,3",buff,"31,6",slab,"62,8",,"1,4"
E,tot,"3,8",free,"2,4",cache,"560,3",buff,"31,6",slab,"62,8",,"1,4"
E,tot,"3,8",free,"2,4",cache,"560,3",buff,"31,6",slab,"62,8",,"1,4"
E,tot,"3,8",free,"2,4",cache,"560,3",buff,"31,6",slab,"62,8",,"1,4"
E,tot,"3,8",free,"2,4",cache,"560,3",buff,"31,6",slab,"62,8",,"1,4"
E,tot,"3,8",free,"2,4",cache,"560,3",buff,"31,6",slab,"62,8",,"1,4"
E,tot,"3,8",free,"2,4",cache,"560,4",buff,"31,6",slab,"62,8",,"1,4"
E,tot,"3,8",free,"2,4",cache,"560,4",buff,"31,6",slab,"62,8",,"1,4"
E,tot,"3,8",free,"2,4",cache,"560,4",buff,"31,6",slab,"62,8",,"1,4"
E,tot,"3,8",free,"2,4",cache,"560,4",buff,"31,6",slab,"62,8",,"1,4"
E,tot,"3,8",free,"2,4",cache,"560,4",buff,"31,6",slab,"62,8",,"1,4"
E,tot,"3,8",free,"2,4",cache,"560,4",buff,"31,6",slab,"62,8",,"1,4"
E,tot,"3,8",free,"2,4",cache,"560,4",buff,"31,6",slab,"62,8",,"1,4"
E,tot,"3,8",free,"2,4",cache,"560,4",buff,"31,6",slab,"62,8",,"1,4"
E,tot,"3,8",free,"2,4",cache,"560,4",buff,"31,6",slab,"62,8",,"1,4"
E,tot,"3,8",free,"2,4",cache,"560,5",buff,"31,6",slab,"62,8",,"1,4"
E,tot,"3,8",free,"2,4",cache,"560,5",buff,"31,6",slab,"62,8",,"1,4"
E,tot,"3,8",free,"2,4",cache,"560,5",buff,"31,6",slab,"62,8",,"1,4"
E,tot,"3,8",free,"2,4",cache,"560,5",buff,"31,6",slab,"62,8",,"1,4"
E,tot,"3,8",free,"2,4",cache,"560,5",buff,"31,6",slab,"62,8",,"1,4"
E,tot,"3,8",free,"2,4",cache,"560,5",buff,"31,6",slab,"62,8",,"1,4"
E,tot,"3,8",free,"2,4",cache,"560,5",buff,"31,6",slab,"62,8",,"1,4"
E,tot,"3,8",free,"2,4",cache,"560,5",buff,"31,6",slab,"62,8",,"1,4"
E,tot,"3,8",free,"2,4",cache,"560,5",buff,"31,6",slab,"62,8",,"1,4"
E,tot,"3,8",free,"2,4",cache,"560,6",buff,"31,6",slab,"62,8",,"1,4"
E,tot,"3,8",free,"2,4",cache,"560,6",buff,"31,6",slab,"62,8",,"1,4"
E,tot,"3,8",free,"2,4",cache,"560,6",buff,"31,6",slab,"62,8",,"1,4"
E,tot,"3,8",free,"2,4",cache,"560,6",buff,"31,6",slab,"62,8",,"1,4"
E,tot,"3,8",free,"2,4",cache,"560,6",buff,"31,7",slab,"62,8",,"1,4"
E,tot,"3,8",free,"2,4",cache,"560,6",buff,"31,7",slab,"62,8",,"1,4"
E,tot,"3,8",free,"2,4",cache,"560,6",buff,"31,7",slab,"62,8",,"1,4"
E,tot,"3,8",free,"2,4",cache,"560,6",buff,"31,7",slab,"62,8",,"1,4"
E,tot,"3,8",free,"2,4",cache,"560,6",buff,"31,7",slab,"62,8",,"1,4"
E,tot,"3,8",free,"2,4",cache,"560,7",buff,"31,7",slab,"62,8",,"1,4"
E,tot,"3,8",free,"2,4",cache,"560,7",buff,"31,7",slab,"62,8",,"1,4"
E,tot,"3,8",free,"2,4",cache,"560,7",buff,"31,7",slab,"62,8",,"1,4"
E,tot,"3,8",free,"2,4",cache,"560,7",buff,"31,7",slab,"62,8",,"1,4"
E,tot,"3,8",free,"2,4",cache,"560,7",buff,"31,7",slab,"62,8",,"1,4"
E,tot,"3,8",free,"2,4",cache,"560,7",buff,"31,7",slab,"62,8",,"1,4"
E,tot,"3,8",free,"2,4",cache,"560,7",buff,"31,7",slab,"62,8",,"1,4"
E,tot,"3,8",free,"2,4",cache,"560,7",buff,"31,7",slab,"62,8",,"1,4"
E,tot,"3,8",free,"2,4",cache,"560,7",buff,"31,7",slab,"62,8",,"1,4"
E,tot,"3,8",free,"2,4",cache,"560,8",buff,"31,7",slab,"62,8",,"1,4"
E,tot,"3,8",free,"2,4",cache,"560,8",buff,"31,7",slab,"62,8",,"1,4"
E,tot,"3,8",free,"2,4",cache,"560,8",buff,"31,7",slab,"62,8",,"1,4"
E,tot,"3,8",free,"2,4",cache,"560,8",buff,"31,7",slab,"62,8",,"1,4"
E,tot,"3,8",free,"2,4",cache,"560,8",buff,"31,7",slab,"62,8",,"1,4"
E,tot,"3,8",free,"2,4",cache,"560,8",buff,"31,7",slab,"62,8",,"1,4"
E,tot,"3,8",free,"2,4",cache,"560,8",buff,"31,7",slab,"62,8",,"1,4"
E,tot,"3,8",free,"2,4",cache,"560,8",buff,"31,7",slab,"62,8",,"1,4"
E,tot,"3,8",free,"2,4",cache,"560,8",buff,"31,7",slab,"62,8",,"1,4"
E,tot,"3,8",free,"2,4",cache,"560,9",buff,"31,7",slab,"62,8",,"1,4"
E,tot,"3,8",free,"2,4",cache,"560,9",buff,"31,7",slab,"62,8",,"1,4"
E,tot,"3,8",free,"2,4",cache,"560,9",buff,"31,7",slab,"62,8",,"1,4"
E,tot,"3,8",free,"2,4",cache,"560,9",buff,"31,7",slab,"62,8",,"1,4"
E,tot,"3,8",free,"2,4",cache,"560,9",buff,"31,7",slab,"62,8",,"1,4"
E,tot,"3,8",free,"2,4",cache,"560,9",buff,"31,7",slab,"62,8",,"1,4"
E,tot,"3,8",free,"2,4",cache,"560,9",buff,"31,7",slab,"62,8",,"1,4"
E,tot,"3,8",free,"2,4",cache,"560,9",buff,"31,7",slab,"62,8",,"1,4"
E,tot,"3,8",free,"2,4",cache,"560,9",buff,"31,7",slab,"62,8",,"1,4"
E,tot,"3,8",free,"2,4",cache,561,buff,"31,7",slab,"62,8",,"1,4"
E,tot,"3,8",free,"2,4",cache,561,buff,"31,7",slab,"62,8",,"1,4"
E,tot,"3,8",free,"2,4",cache,561,buff,"31,7",slab,"62,8",,"1,4"
E,tot,"3,8",free,"2,4",cache,561,buff,"31,7",slab,"62,8",,"1,4"
E,tot,"3,8",free,"2,4",cache,561,buff,"31,7",slab,"62,8",,"1,4"
E,tot,"3,8",free,"2,4",cache,561,buff,"31,7",slab,"62,8",,"1,4"
E,tot,"3,8",free,"2,4",cache,561,buff,"31,7",slab,"62,8",,"1,4"
E,tot,"3,8",free,"2,4",cache,561,buff,"31,7",slab,"62,8",,"1,4"
E,tot,"3,8",free,"2,4",cache,561,buff,"31,7",slab,"62,8",,"1,4"
E,tot,"3,8",free,"2,4",cache,"561,1",buff,"31,7",slab,"62,8",,"1,4"
E,tot,"3,8",free,"2,4",cache,"561,1",buff,"31,7",slab,"62,8",,"1,4"
E,tot,"3,8",free,"2,4",cache,"561,1",buff,"31,7",slab,"62,8",,"1,4"
E,tot,"3,8",free,"2,4",cache,"561,1",buff,"31,7",slab,"62,8",,"1,4"
E,tot,"3,8",free,"2,4",cache,"561,1",buff,"31,7",slab,"62,8",,"1,4"
E,tot,"3,8",free,"2,4",cache,"561,1",buff,"31,7",slab,"62,8",,"1,4"
E,tot,"3,8",free,"2,4",cache,"561,1",buff,"31,7",slab,"62,8",,"1,4"
E,tot,"3,8",free,"2,4",cache,"561,1",buff,"31,7",slab,"62,8",,"1,4"
E,tot,"3,8",free,"2,4",cache,"561,1",buff,"31,7",slab,"62,8",,"1,4"
,,,,,,,,,,,,
,,,,,,,,,,,média,"1,41696428571429"
,,,,,,,,,,,DP,"0,0376159322631466"
