CPU,sys,15,user,39,irq,1,idle,17,wait,28,,54
CPU,sys,33,user,67,irq,0,idle,0,wait,0,,100
CPU,sys,24,user,76,irq,0,idle,0,wait,0,,100
CPU,sys,26,user,72,irq,2,idle,0,wait,0,,98
CPU,sys,29,user,69,irq,2,idle,0,wait,0,,98
CPU,sys,30,user,67,irq,3,idle,0,wait,0,,97
CPU,sys,40,user,58,irq,2,idle,0,wait,0,,98
CPU,sys,37,user,60,irq,3,idle,0,wait,0,,97
CPU,sys,32,user,63,irq,5,idle,0,wait,0,,95
CPU,sys,31,user,66,irq,3,idle,0,wait,0,,97
CPU,sys,24,user,72,irq,4,idle,0,wait,0,,96
CPU,sys,24,user,70,irq,6,idle,0,wait,0,,94
CPU,sys,29,user,69,irq,2,idle,0,wait,0,,98
CPU,sys,26,user,70,irq,4,idle,0,wait,0,,96
CPU,sys,25,user,71,irq,4,idle,0,wait,0,,96
CPU,sys,28,user,67,irq,5,idle,0,wait,0,,95
CPU,sys,31,user,67,irq,2,idle,0,wait,0,,98
CPU,sys,30,user,68,irq,2,idle,0,wait,0,,98
CPU,sys,31,user,67,irq,2,idle,0,wait,0,,98
CPU,sys,32,user,65,irq,3,idle,0,wait,0,,97
CPU,sys,23,user,73,irq,4,idle,0,wait,0,,96
,,,,,,,,,,,,
,,,,,,,,,,,média,"97,1"
,,,,,,,,,,,DP,"1,55258697527368"
