MEM | tot     3.8G | free  836.4M | cache   1.6G | buff   77.1M | slab  105.0M |
MEM | numnode    1 | shmem  69.3M | shrss  35.8M | tcpsk   0.0M | udpsk   0.0M |
MEM | tot     3.8G | free  820.1M | cache   1.6G | buff   77.1M | slab  105.1M |
MEM | numnode    1 | shmem  69.3M | shrss  35.8M | tcpsk   0.0M | udpsk   0.0M |
MEM | tot     3.8G | free  822.8M | cache   1.6G | buff   77.1M | slab  105.1M |
MEM | numnode    1 | shmem  67.8M | shrss  35.8M | tcpsk   0.0M | udpsk   0.0M |
MEM | tot     3.8G | free  824.6M | cache   1.6G | buff   77.1M | slab  105.1M |
MEM | numnode    1 | shmem  66.3M | shrss  35.8M | tcpsk   0.0M | udpsk   0.0M |
MEM | tot     3.8G | free  824.6M | cache   1.6G | buff   77.1M | slab  105.1M |
MEM | numnode    1 | shmem  66.3M | shrss  35.8M | tcpsk   0.0M | udpsk   0.0M |
MEM | tot     3.8G | free  824.8M | cache   1.6G | buff   77.1M | slab  105.1M |
MEM | numnode    1 | shmem  66.3M | shrss  35.8M | tcpsk   0.0M | udpsk   0.0M |
MEM | tot     3.8G | free  825.5M | cache   1.6G | buff   77.1M | slab  105.1M |
MEM | numnode    1 | shmem  66.3M | shrss  35.8M | tcpsk   0.0M | udpsk   0.0M |
MEM | tot     3.8G | free  827.5M | cache   1.6G | buff   77.1M | slab  105.1M |
MEM | numnode    1 | shmem  64.8M | shrss  35.8M | tcpsk   0.0M | udpsk   0.0M |
MEM | tot     3.8G | free  827.6M | cache   1.6G | buff   77.1M | slab  105.1M |
MEM | numnode    1 | shmem  64.8M | shrss  35.8M | tcpsk   0.0M | udpsk   0.0M |
MEM | tot     3.8G | free  827.6M | cache   1.6G | buff   77.1M | slab  105.1M |
MEM | numnode    1 | shmem  64.8M | shrss  35.8M | tcpsk   0.0M | udpsk   0.0M |
MEM | tot     3.8G | free  827.6M | cache   1.6G | buff   77.1M | slab  105.1M |
MEM | numnode    1 | shmem  64.8M | shrss  35.8M | tcpsk   0.0M | udpsk   0.0M |
MEM | tot     3.8G | free  827.6M | cache   1.6G | buff   77.1M | slab  105.1M |
MEM | numnode    1 | shmem  64.8M | shrss  35.8M | tcpsk   0.0M | udpsk   0.0M |
