MEM | tot     3.8G | free  841.8M | cache   1.6G | buff   77.1M | slab  105.1M |
MEM | numnode    1 | shmem  65.8M | shrss  35.8M | tcpsk   0.0M | udpsk   0.0M |
MEM | tot     3.8G | free  822.1M | cache   1.6G | buff   77.1M | slab  105.1M |
MEM | numnode    1 | shmem  66.8M | shrss  35.8M | tcpsk   0.0M | udpsk   0.0M |
MEM | tot     3.8G | free  822.8M | cache   1.6G | buff   77.1M | slab  105.1M |
MEM | numnode    1 | shmem  66.8M | shrss  35.8M | tcpsk   0.0M | udpsk   0.0M |
MEM | tot     3.8G | free  823.6M | cache   1.6G | buff   77.1M | slab  105.1M |
MEM | numnode    1 | shmem  66.8M | shrss  35.8M | tcpsk   0.0M | udpsk   0.0M |
MEM | tot     3.8G | free  823.3M | cache   1.6G | buff   77.1M | slab  105.1M |
MEM | numnode    1 | shmem  66.8M | shrss  35.8M | tcpsk   0.0M | udpsk   0.0M |
MEM | tot     3.8G | free  822.1M | cache   1.6G | buff   77.1M | slab  105.1M |
MEM | numnode    1 | shmem  66.8M | shrss  35.8M | tcpsk   0.0M | udpsk   0.0M |
MEM | tot     3.8G | free  821.9M | cache   1.6G | buff   77.1M | slab  105.1M |
MEM | numnode    1 | shmem  66.8M | shrss  35.8M | tcpsk   0.0M | udpsk   0.0M |
MEM | tot     3.8G | free  820.3M | cache   1.6G | buff   77.1M | slab  105.1M |
MEM | numnode    1 | shmem  65.8M | shrss  35.8M | tcpsk   0.0M | udpsk   0.0M |
