MEM | tot     3.8G | free  797.6M | cache   1.6G | buff   78.6M | slab  105.4M |
MEM | numnode    1 | shmem  67.2M | shrss  35.8M | tcpsk   0.0M | udpsk   0.0M |
MEM | tot     3.8G | free  784.7M | cache   1.6G | buff   78.6M | slab  105.5M |
MEM | numnode    1 | shmem  67.2M | shrss  35.8M | tcpsk   0.0M | udpsk   0.0M |
MEM | tot     3.8G | free  777.2M | cache   1.6G | buff   78.6M | slab  105.5M |
MEM | numnode    1 | shmem  67.2M | shrss  35.8M | tcpsk   0.0M | udpsk   0.0M |
MEM | tot     3.8G | free  777.2M | cache   1.6G | buff   78.6M | slab  105.5M |
MEM | numnode    1 | shmem  67.0M | shrss  35.8M | tcpsk   0.0M | udpsk   0.0M |
MEM | tot     3.8G | free  778.7M | cache   1.6G | buff   78.6M | slab  105.5M |
MEM | numnode    1 | shmem  65.4M | shrss  35.8M | tcpsk   0.0M | udpsk   0.0M |
MEM | tot     3.8G | free  778.4M | cache   1.6G | buff   78.6M | slab  105.5M |
MEM | numnode    1 | shmem  65.4M | shrss  35.8M | tcpsk   0.0M | udpsk   0.0M |
MEM | tot     3.8G | free  778.7M | cache   1.6G | buff   78.6M | slab  105.5M |
MEM | numnode    1 | shmem  65.4M | shrss  35.8M | tcpsk   0.0M | udpsk   0.0M |
MEM | tot     3.8G | free  780.4M | cache   1.6G | buff   78.6M | slab  105.5M |
MEM | numnode    1 | shmem  63.9M | shrss  35.8M | tcpsk   0.0M | udpsk   0.0M |
MEM | tot     3.8G | free  780.9M | cache   1.6G | buff   78.6M | slab  105.5M |
MEM | numnode    1 | shmem  63.9M | shrss  35.8M | tcpsk   0.0M | udpsk   0.0M |
MEM | tot     3.8G | free  780.9M | cache   1.6G | buff   78.6M | slab  105.5M |
MEM | numnode    1 | shmem  63.9M | shrss  35.8M | tcpsk   0.0M | udpsk   0.0M |
MEM | tot     3.8G | free  780.9M | cache   1.6G | buff   78.6M | slab  105.5M |
MEM | numnode    1 | shmem  63.9M | shrss  35.8M | tcpsk   0.0M | udpsk   0.0M |
MEM | tot     3.8G | free  781.9M | cache   1.6G | buff   78.6M | slab  105.5M |
MEM | numnode    1 | shmem  63.9M | shrss  35.8M | tcpsk   0.0M | udpsk   0.0M |
MEM | tot     3.8G | free  781.9M | cache   1.6G | buff   78.6M | slab  105.5M |
MEM | numnode    1 | shmem  63.9M | shrss  35.8M | tcpsk   0.0M | udpsk   0.0M |
MEM | tot     3.8G | free  781.9M | cache   1.6G | buff   78.6M | slab  105.5M |
MEM | numnode    1 | shmem  63.9M | shrss  35.8M | tcpsk   0.0M | udpsk   0.0M |
MEM | tot     3.8G | free  781.9M | cache   1.6G | buff   78.6M | slab  105.5M |
MEM | numnode    1 | shmem  63.9M | shrss  35.8M | tcpsk   0.0M | udpsk   0.0M |
MEM | tot     3.8G | free  781.9M | cache   1.6G | buff   78.6M | slab  105.5M |
MEM | numnode    1 | shmem  63.9M | shrss  35.8M | tcpsk   0.0M | udpsk   0.0M |
MEM | tot     3.8G | free  781.9M | cache   1.6G | buff   78.6M | slab  105.5M |
MEM | numnode    1 | shmem  63.9M | shrss  35.8M | tcpsk   0.0M | udpsk   0.0M |
