MEM | tot     3.8G | free  802.9M | cache   1.6G | buff   78.6M | slab  105.4M |
MEM | numnode    1 | shmem  64.4M | shrss  35.8M | tcpsk   0.0M | udpsk   0.0M |
MEM | tot     3.8G | free  779.7M | cache   1.6G | buff   78.6M | slab  105.4M |
MEM | numnode    1 | shmem  64.9M | shrss  35.8M | tcpsk   0.0M | udpsk   0.0M |
MEM | tot     3.8G | free  778.2M | cache   1.6G | buff   78.6M | slab  105.5M |
MEM | numnode    1 | shmem  65.7M | shrss  35.8M | tcpsk   0.0M | udpsk   0.0M |
MEM | tot     3.8G | free  776.2M | cache   1.6G | buff   78.6M | slab  105.5M |
MEM | numnode    1 | shmem  65.7M | shrss  35.8M | tcpsk   0.0M | udpsk   0.0M |
MEM | tot     3.8G | free  774.5M | cache   1.6G | buff   78.6M | slab  105.5M |
MEM | numnode    1 | shmem  65.7M | shrss  35.8M | tcpsk   0.0M | udpsk   0.0M |
MEM | tot     3.8G | free  775.2M | cache   1.6G | buff   78.6M | slab  105.5M |
MEM | numnode    1 | shmem  65.7M | shrss  35.8M | tcpsk   0.0M | udpsk   0.0M |
MEM | tot     3.8G | free  773.5M | cache   1.6G | buff   78.7M | slab  105.5M |
MEM | numnode    1 | shmem  65.7M | shrss  35.8M | tcpsk   0.0M | udpsk   0.0M |
MEM | tot     3.8G | free  773.0M | cache   1.6G | buff   78.7M | slab  105.5M |
MEM | numnode    1 | shmem  64.2M | shrss  35.8M | tcpsk   0.0M | udpsk   0.0M |
MEM | tot     3.8G | free  773.0M | cache   1.6G | buff   78.7M | slab  105.5M |
MEM | numnode    1 | shmem  64.2M | shrss  35.8M | tcpsk   0.0M | udpsk   0.0M |
MEM | tot     3.8G | free  773.0M | cache   1.6G | buff   78.7M | slab  105.5M |
MEM | numnode    1 | shmem  64.2M | shrss  35.8M | tcpsk   0.0M | udpsk   0.0M |
MEM | tot     3.8G | free  773.0M | cache   1.6G | buff   78.7M | slab  105.5M |
MEM | numnode    1 | shmem  64.2M | shrss  35.8M | tcpsk   0.0M | udpsk   0.0M |
