MEM | tot     3.8G | free  802.3M | cache   1.6G | buff   78.6M | slab  105.4M |
MEM | numnode    1 | shmem  64.9M | shrss  35.8M | tcpsk   0.0M | udpsk   0.0M |
MEM | tot     3.8G | free  778.0M | cache   1.6G | buff   78.6M | slab  105.5M |
MEM | numnode    1 | shmem  65.4M | shrss  35.8M | tcpsk   0.0M | udpsk   0.0M |
MEM | tot     3.8G | free  775.7M | cache   1.6G | buff   78.6M | slab  105.5M |
MEM | numnode    1 | shmem  66.9M | shrss  35.8M | tcpsk   0.0M | udpsk   0.0M |
MEM | tot     3.8G | free  773.5M | cache   1.6G | buff   78.6M | slab  105.5M |
MEM | numnode    1 | shmem  66.9M | shrss  35.8M | tcpsk   0.0M | udpsk   0.0M |
MEM | tot     3.8G | free  771.5M | cache   1.6G | buff   78.6M | slab  105.5M |
MEM | numnode    1 | shmem  66.9M | shrss  35.8M | tcpsk   0.0M | udpsk   0.0M |
MEM | tot     3.8G | free  773.2M | cache   1.6G | buff   78.6M | slab  105.5M |
MEM | numnode    1 | shmem  66.9M | shrss  35.8M | tcpsk   0.0M | udpsk   0.0M |
MEM | tot     3.8G | free  772.7M | cache   1.6G | buff   78.6M | slab  105.5M |
MEM | numnode    1 | shmem  66.9M | shrss  35.8M | tcpsk   0.0M | udpsk   0.0M |
MEM | tot     3.8G | free  772.7M | cache   1.6G | buff   78.6M | slab  105.5M |
MEM | numnode    1 | shmem  63.5M | shrss  35.8M | tcpsk   0.0M | udpsk   0.0M |
MEM | tot     3.8G | free  773.2M | cache   1.6G | buff   78.6M | slab  105.5M |
MEM | numnode    1 | shmem  63.4M | shrss  35.8M | tcpsk   0.0M | udpsk   0.0M |
