MEM | tot     3.8G | free  801.9M | cache   1.6G | buff   78.7M | slab  105.5M |
MEM | numnode    1 | shmem  65.2M | shrss  35.8M | tcpsk   0.0M | udpsk   0.0M |
MEM | tot     3.8G | free  777.5M | cache   1.6G | buff   78.7M | slab  105.5M |
MEM | numnode    1 | shmem  66.2M | shrss  35.8M | tcpsk   0.0M | udpsk   0.0M |
MEM | tot     3.8G | free  775.7M | cache   1.6G | buff   78.7M | slab  105.6M |
MEM | numnode    1 | shmem  66.4M | shrss  35.8M | tcpsk   0.0M | udpsk   0.0M |
MEM | tot     3.8G | free  775.7M | cache   1.6G | buff   78.7M | slab  105.6M |
MEM | numnode    1 | shmem  66.4M | shrss  35.8M | tcpsk   0.0M | udpsk   0.0M |
MEM | tot     3.8G | free  774.0M | cache   1.6G | buff   78.7M | slab  105.6M |
MEM | numnode    1 | shmem  66.4M | shrss  35.8M | tcpsk   0.0M | udpsk   0.0M |
MEM | tot     3.8G | free  774.0M | cache   1.6G | buff   78.7M | slab  105.6M |
MEM | numnode    1 | shmem  66.4M | shrss  35.8M | tcpsk   0.0M | udpsk   0.0M |
MEM | tot     3.8G | free  771.7M | cache   1.6G | buff   78.7M | slab  105.5M |
MEM | numnode    1 | shmem  66.4M | shrss  35.8M | tcpsk   0.0M | udpsk   0.0M |
MEM | tot     3.8G | free  772.4M | cache   1.6G | buff   78.7M | slab  105.5M |
MEM | numnode    1 | shmem  64.2M | shrss  35.8M | tcpsk   0.0M | udpsk   0.0M |
MEM | tot     3.8G | free  772.5M | cache   1.6G | buff   78.7M | slab  105.5M |
MEM | numnode    1 | shmem  64.2M | shrss  35.8M | tcpsk   0.0M | udpsk   0.0M |
MEM | tot     3.8G | free  772.5M | cache   1.6G | buff   78.7M | slab  105.5M |
MEM | numnode    1 | shmem  64.2M | shrss  35.8M | tcpsk   0.0M | udpsk   0.0M |
MEM | tot     3.8G | free  772.5M | cache   1.6G | buff   78.7M | slab  105.5M |
MEM | numnode    1 | shmem  64.2M | shrss  35.8M | tcpsk   0.0M | udpsk   0.0M |
MEM | tot     3.8G | free  772.5M | cache   1.6G | buff   78.7M | slab  105.5M |
MEM | numnode    1 | shmem  64.2M | shrss  35.8M | tcpsk   0.0M | udpsk   0.0M |
MEM | tot     3.8G | free  772.5M | cache   1.6G | buff   78.7M | slab  105.5M |
MEM | numnode    1 | shmem  64.2M | shrss  35.8M | tcpsk   0.0M | udpsk   0.0M |
MEM | tot     3.8G | free  772.5M | cache   1.6G | buff   78.7M | slab  105.5M |
MEM | numnode    1 | shmem  64.2M | shrss  35.8M | tcpsk   0.0M | udpsk   0.0M |
MEM | tot     3.8G | free  772.2M | cache   1.6G | buff   78.7M | slab  105.5M |
MEM | numnode    1 | shmem  64.2M | shrss  35.8M | tcpsk   0.0M | udpsk   0.0M |
MEM | tot     3.8G | free  772.2M | cache   1.6G | buff   78.7M | slab  105.5M |
MEM | numnode    1 | shmem  64.2M | shrss  35.8M | tcpsk   0.0M | udpsk   0.0M |
