MEM | tot     3.8G | free    1.9G | cache 718.1M | buff   57.6M | slab   79.3M |
MEM | tot     3.8G | free    1.9G | cache 717.7M | buff   57.6M | slab   79.3M |
MEM | tot     3.8G | free    1.9G | cache 717.6M | buff   57.6M | slab   79.3M |
MEM | tot     3.8G | free    1.9G | cache 717.7M | buff   57.6M | slab   79.3M |
MEM | tot     3.8G | free    1.9G | cache 717.7M | buff   57.6M | slab   79.3M |
MEM | tot     3.8G | free    1.9G | cache 717.7M | buff   57.6M | slab   79.4M |
MEM | tot     3.8G | free    1.9G | cache 717.7M | buff   57.6M | slab   79.4M |
MEM | tot     3.8G | free    1.9G | cache 717.7M | buff   57.6M | slab   79.4M |
