MEM | tot     3.8G | free    1.9G | cache 716.3M | buff   57.6M | slab   79.2M |
MEM | tot     3.8G | free    1.9G | cache 717.8M | buff   57.6M | slab   79.4M |
MEM | tot     3.8G | free    1.9G | cache 718.3M | buff   57.6M | slab   79.4M |
MEM | tot     3.8G | free    1.9G | cache 718.3M | buff   57.6M | slab   79.4M |
MEM | tot     3.8G | free    1.9G | cache 718.3M | buff   57.6M | slab   79.4M |
MEM | tot     3.8G | free    1.9G | cache 718.4M | buff   57.6M | slab   79.4M |
MEM | tot     3.8G | free    1.9G | cache 718.4M | buff   57.6M | slab   79.4M |
MEM | tot     3.8G | free    1.9G | cache 716.4M | buff   57.6M | slab   79.4M |
MEM | tot     3.8G | free    1.9G | cache 716.4M | buff   57.6M | slab   79.3M |
MEM | tot     3.8G | free    1.9G | cache 713.9M | buff   57.6M | slab   79.3M |
MEM | tot     3.8G | free    1.9G | cache 713.9M | buff   57.6M | slab   79.3M |
