MEM | tot     3.8G | free    1.9G | cache 720.0M | buff   57.5M | slab   79.2M |
MEM | tot     3.8G | free    1.9G | cache 718.0M | buff   57.5M | slab   79.3M |
MEM | tot     3.8G | free    1.9G | cache 716.8M | buff   57.5M | slab   79.4M |
MEM | tot     3.8G | free    1.9G | cache 716.9M | buff   57.5M | slab   79.4M |
MEM | tot     3.8G | free    1.9G | cache 717.0M | buff   57.5M | slab   79.4M |
MEM | tot     3.8G | free    1.9G | cache 717.1M | buff   57.5M | slab   79.3M |
MEM | tot     3.8G | free    1.9G | cache 717.2M | buff   57.5M | slab   79.3M |
MEM | tot     3.8G | free    1.9G | cache 715.6M | buff   57.5M | slab   79.3M |
MEM | tot     3.8G | free    1.9G | cache 715.6M | buff   57.5M | slab   79.3M |
MEM | tot     3.8G | free    1.9G | cache 713.3M | buff   57.5M | slab   79.3M |
MEM | tot     3.8G | free    1.9G | cache 713.4M | buff   57.5M | slab   79.3M |
MEM | tot     3.8G | free    1.9G | cache 713.5M | buff   57.5M | slab   79.3M |
MEM | tot     3.8G | free    1.9G | cache 713.6M | buff   57.5M | slab   79.3M |
MEM | tot     3.8G | free    1.9G | cache 713.7M | buff   57.5M | slab   79.3M |
