CPU,sys,5,user,10,irq,0,idle,85,wait,0,,15
CPU,sys,43,user,56,irq,0,idle,0,wait,0,,99
CPU,sys,35,user,64,irq,1,idle,0,wait,0,,99
CPU,sys,41,user,58,irq,1,idle,0,wait,0,,99
CPU,sys,35,user,62,irq,3,idle,0,wait,0,,97
CPU,sys,39,user,57,irq,4,idle,0,wait,0,,96
CPU,sys,42,user,55,irq,3,idle,0,wait,0,,97
CPU,sys,34,user,62,irq,4,idle,0,wait,0,,96
CPU,sys,30,user,68,irq,2,idle,0,wait,0,,98
CPU,sys,37,user,59,irq,4,idle,0,wait,0,,96
CPU,sys,35,user,60,irq,5,idle,0,wait,0,,95
,,,,,,,,,,,,
,,,,,,,,,,,média,"97,2"
,,,,,,,,,,,DP,"1,47572957474524"
