MEM | tot     3.8G | free    2.2G | cache 633.8M | buff   46.7M | slab   65.5M |
MEM | tot     3.8G | free    2.2G | cache 642.4M | buff   46.7M | slab   65.6M |
MEM | tot     3.8G | free    2.2G | cache 635.7M | buff   46.7M | slab   65.6M |
MEM | tot     3.8G | free    2.2G | cache 634.2M | buff   46.7M | slab   65.6M |
MEM | tot     3.8G | free    2.2G | cache 634.2M | buff   46.7M | slab   65.6M |
MEM | tot     3.8G | free    2.2G | cache 634.2M | buff   46.7M | slab   65.6M |
MEM | tot     3.8G | free    2.2G | cache 633.7M | buff   46.7M | slab   65.6M |
MEM | tot     3.8G | free    2.2G | cache 633.0M | buff   46.7M | slab   65.6M |
MEM | tot     3.8G | free    2.2G | cache 633.0M | buff   46.7M | slab   65.6M |
MEM | tot     3.8G | free    2.2G | cache 633.0M | buff   46.7M | slab   65.6M |
MEM | tot     3.8G | free    2.2G | cache 633.0M | buff   46.7M | slab   65.6M |
MEM | tot     3.8G | free    2.2G | cache 633.0M | buff   46.7M | slab   65.6M |
MEM | tot     3.8G | free    2.2G | cache 633.1M | buff   46.7M | slab   65.6M |
MEM | tot     3.8G | free    2.2G | cache 633.1M | buff   46.7M | slab   65.6M |
MEM | tot     3.8G | free    2.2G | cache 633.1M | buff   46.7M | slab   65.6M |
MEM | tot     3.8G | free    2.2G | cache 633.1M | buff   46.8M | slab   65.6M |
MEM | tot     3.8G | free    2.2G | cache 633.1M | buff   46.8M | slab   65.6M |
MEM | tot     3.8G | free    2.2G | cache 633.1M | buff   46.8M | slab   65.6M |
MEM | tot     3.8G | free    2.2G | cache 633.1M | buff   46.8M | slab   65.6M |
MEM | tot     3.8G | free    2.2G | cache 633.1M | buff   46.8M | slab   65.6M |
MEM | tot     3.8G | free    2.2G | cache 633.1M | buff   46.8M | slab   65.6M |
MEM | tot     3.8G | free    2.2G | cache 633.2M | buff   46.8M | slab   65.6M |
MEM | tot     3.8G | free    2.2G | cache 633.2M | buff   46.8M | slab   65.6M |
MEM | tot     3.8G | free    2.2G | cache 633.2M | buff   46.8M | slab   65.6M |
MEM | tot     3.8G | free    2.2G | cache 633.2M | buff   46.8M | slab   65.6M |
MEM | tot     3.8G | free    2.2G | cache 633.2M | buff   46.8M | slab   65.6M |
MEM | tot     3.8G | free    2.2G | cache 633.2M | buff   46.8M | slab   65.6M |
MEM | tot     3.8G | free    2.2G | cache 633.2M | buff   46.8M | slab   65.6M |
MEM | tot     3.8G | free    2.2G | cache 633.2M | buff   46.8M | slab   65.6M |
MEM | tot     3.8G | free    2.2G | cache 633.2M | buff   46.8M | slab   65.6M |
MEM | tot     3.8G | free    2.2G | cache 633.2M | buff   46.8M | slab   65.6M |
MEM | tot     3.8G | free    2.2G | cache 633.3M | buff   46.8M | slab   65.6M |
MEM | tot     3.8G | free    2.2G | cache 633.3M | buff   46.8M | slab   65.6M |
MEM | tot     3.8G | free    2.2G | cache 633.3M | buff   46.8M | slab   65.6M |
MEM | tot     3.8G | free    2.2G | cache 633.3M | buff   46.8M | slab   65.6M |
MEM | tot     3.8G | free    2.2G | cache 633.3M | buff   46.8M | slab   65.6M |
MEM | tot     3.8G | free    2.2G | cache 633.3M | buff   46.8M | slab   65.6M |
