MEM | tot     3.8G | free    2.2G | cache 629.7M | buff   46.8M | slab   65.6M |
MEM | tot     3.8G | free    2.2G | cache 637.8M | buff   46.8M | slab   65.7M |
MEM | tot     3.8G | free    2.2G | cache 643.5M | buff   46.8M | slab   65.7M |
MEM | tot     3.8G | free    2.2G | cache 643.5M | buff   46.8M | slab   65.7M |
MEM | tot     3.8G | free    2.2G | cache 643.5M | buff   46.8M | slab   65.7M |
MEM | tot     3.8G | free    2.2G | cache 643.5M | buff   46.8M | slab   65.7M |
MEM | tot     3.8G | free    2.2G | cache 643.3M | buff   46.8M | slab   65.7M |
MEM | tot     3.8G | free    2.2G | cache 633.2M | buff   46.8M | slab   65.6M |
MEM | tot     3.8G | free    2.2G | cache 633.2M | buff   46.8M | slab   65.6M |
MEM | tot     3.8G | free    2.2G | cache 633.2M | buff   46.8M | slab   65.6M |
MEM | tot     3.8G | free    2.2G | cache 633.2M | buff   46.8M | slab   65.6M |
MEM | tot     3.8G | free    2.2G | cache 633.2M | buff   46.8M | slab   65.6M |
MEM | tot     3.8G | free    2.2G | cache 633.2M | buff   46.8M | slab   65.6M |
MEM | tot     3.8G | free    2.2G | cache 633.2M | buff   46.8M | slab   65.6M |
MEM | tot     3.8G | free    2.2G | cache 633.3M | buff   46.9M | slab   65.6M |
MEM | tot     3.8G | free    2.2G | cache 633.3M | buff   46.9M | slab   65.6M |
MEM | tot     3.8G | free    2.2G | cache 633.3M | buff   46.9M | slab   65.6M |
MEM | tot     3.8G | free    2.2G | cache 633.3M | buff   46.9M | slab   65.6M |
MEM | tot     3.8G | free    2.2G | cache 633.3M | buff   46.9M | slab   65.6M |
MEM | tot     3.8G | free    2.2G | cache 633.3M | buff   46.9M | slab   65.6M |
MEM | tot     3.8G | free    2.2G | cache 633.3M | buff   46.9M | slab   65.6M |
MEM | tot     3.8G | free    2.2G | cache 633.3M | buff   46.9M | slab   65.6M |
MEM | tot     3.8G | free    2.2G | cache 633.3M | buff   46.9M | slab   65.6M |
MEM | tot     3.8G | free    2.2G | cache 633.4M | buff   46.9M | slab   65.6M |
MEM | tot     3.8G | free    2.2G | cache 633.4M | buff   46.9M | slab   65.6M |
