MEM | tot     3.8G | free    2.2G | cache 629.7M | buff   46.8M | slab   65.6M |
MEM | tot     3.8G | free    2.2G | cache 641.2M | buff   46.8M | slab   65.6M |
MEM | tot     3.8G | free    2.2G | cache 641.2M | buff   46.8M | slab   65.6M |
MEM | tot     3.8G | free    2.2G | cache 641.2M | buff   46.8M | slab   65.7M |
MEM | tot     3.8G | free    2.2G | cache 641.2M | buff   46.8M | slab   65.7M |
MEM | tot     3.8G | free    2.2G | cache 641.3M | buff   46.8M | slab   65.7M |
MEM | tot     3.8G | free    2.2G | cache 641.0M | buff   46.8M | slab   65.7M |
MEM | tot     3.8G | free    2.2G | cache 633.0M | buff   46.8M | slab   65.7M |
MEM | tot     3.8G | free    2.2G | cache 633.0M | buff   46.8M | slab   65.7M |
MEM | tot     3.8G | free    2.2G | cache 633.1M | buff   46.8M | slab   65.7M |
MEM | tot     3.8G | free    2.2G | cache 633.1M | buff   46.8M | slab   65.7M |
MEM | tot     3.8G | free    2.2G | cache 633.1M | buff   46.8M | slab   65.7M |
MEM | tot     3.8G | free    2.2G | cache 633.1M | buff   46.8M | slab   65.7M |
MEM | tot     3.8G | free    2.2G | cache 633.1M | buff   46.8M | slab   65.7M |
MEM | tot     3.8G | free    2.2G | cache 633.1M | buff   46.8M | slab   65.7M |
MEM | tot     3.8G | free    2.2G | cache 633.1M | buff   46.8M | slab   65.7M |
MEM | tot     3.8G | free    2.2G | cache 633.1M | buff   46.8M | slab   65.7M |
