CPU,sys,12,user,35,irq,1,idle,29,wait,23,,47
CPU,sys,32,user,68,irq,0,idle,0,wait,0,,100
CPU,sys,26,user,73,irq,1,idle,0,wait,0,,99
CPU,sys,29,user,67,irq,4,idle,0,wait,0,,96
CPU,sys,38,user,58,irq,4,idle,0,wait,0,,96
CPU,sys,34,user,66,irq,0,idle,0,wait,0,,100
CPU,sys,34,user,64,irq,2,idle,0,wait,0,,98
CPU,sys,14,user,48,irq,1,idle,0,wait,37,,62
CPU,sys,12,user,40,irq,1,idle,0,wait,48,,52
CPU,sys,13,user,68,irq,0,idle,0,wait,18,,81
CPU,sys,17,user,66,irq,1,idle,0,wait,16,,83
CPU,sys,15,user,68,irq,1,idle,0,wait,16,,83
CPU,sys,14,user,69,irq,1,idle,0,wait,16,,83
CPU,sys,10,user,75,irq,0,idle,0,wait,14,,85
CPU,sys,15,user,71,irq,0,idle,0,wait,15,,86
CPU,sys,14,user,72,irq,1,idle,0,wait,13,,86
CPU,sys,14,user,72,irq,2,idle,0,wait,12,,86
,,,,,,,,,,,,
,,,,,,,,,,,média,86
,,,,,,,,,,,DP,"13,3915396177338"
