CPU,sys,12,user,35,irq,1,idle,29,wait,23,,47
CPU,sys,33,user,66,irq,1,idle,0,wait,0,,99
CPU,sys,28,user,52,irq,0,idle,0,wait,19,,80
CPU,sys,30,user,34,irq,2,idle,0,wait,33,,64
CPU,sys,24,user,26,irq,3,idle,0,wait,46,,50
CPU,sys,35,user,37,irq,3,idle,0,wait,24,,72
CPU,sys,27,user,33,irq,4,idle,0,wait,35,,60
CPU,sys,23,user,34,irq,1,idle,0,wait,41,,57
CPU,sys,22,user,32,irq,3,idle,0,wait,43,,54
CPU,sys,23,user,35,irq,2,idle,0,wait,40,,58
CPU,sys,29,user,29,irq,3,idle,0,wait,38,,58
CPU,sys,22,user,33,irq,3,idle,0,wait,42,,55
CPU,sys,19,user,36,irq,2,idle,0,wait,43,,55
CPU,sys,23,user,36,irq,0,idle,0,wait,41,,59
CPU,sys,27,user,32,irq,2,idle,0,wait,40,,59
CPU,sys,20,user,37,irq,1,idle,0,wait,42,,57
CPU,sys,22,user,33,irq,3,idle,0,wait,42,,55
CPU,sys,24,user,30,irq,3,idle,0,wait,43,,54
CPU,sys,22,user,37,irq,2,idle,0,wait,39,,59
CPU,sys,24,user,35,irq,3,idle,0,wait,38,,59
CPU,sys,24,user,33,irq,2,idle,0,wait,41,,57
CPU,sys,27,user,32,irq,4,idle,0,wait,35,,59
CPU,sys,26,user,31,irq,1,idle,0,wait,43,,57
CPU,sys,20,user,35,irq,3,idle,0,wait,41,,55
CPU,sys,21,user,32,irq,2,idle,0,wait,45,,53
CPU,sys,19,user,34,irq,2,idle,0,wait,44,,53
CPU,sys,19,user,31,irq,2,idle,0,wait,48,,50
CPU,sys,20,user,34,irq,2,idle,0,wait,43,,54
CPU,sys,19,user,36,irq,2,idle,0,wait,42,,55
CPU,sys,20,user,36,irq,1,idle,0,wait,43,,56
CPU,sys,22,user,33,irq,2,idle,0,wait,42,,55
CPU,sys,18,user,34,irq,3,idle,0,wait,45,,52
CPU,sys,23,user,31,irq,2,idle,0,wait,44,,54
CPU,sys,16,user,34,irq,2,idle,0,wait,47,,50
CPU,sys,19,user,29,irq,3,idle,0,wait,49,,48
CPU,sys,16,user,26,irq,2,idle,0,wait,56,,42
CPU,sys,11,user,30,irq,2,idle,0,wait,56,,41
,,,,,,,,,,,,
,,,,,,,,,,,média,"57,0833333333333"
,,,,,,,,,,,DP,"9,89191589127203"
