CPU,sys,12,user,35,irq,1,idle,29,wait,23,,47
CPU,sys,32,user,68,irq,0,idle,0,wait,0,,100
CPU,sys,32,user,67,irq,1,idle,0,wait,0,,99
CPU,sys,27,user,70,irq,3,idle,0,wait,0,,97
CPU,sys,25,user,72,irq,3,idle,0,wait,0,,97
CPU,sys,36,user,59,irq,5,idle,0,wait,0,,95
CPU,sys,34,user,65,irq,1,idle,0,wait,0,,99
CPU,sys,27,user,59,irq,5,idle,0,wait,9,,86
CPU,sys,27,user,27,irq,3,idle,0,wait,43,,54
CPU,sys,20,user,27,irq,3,idle,0,wait,50,,47
CPU,sys,26,user,25,irq,3,idle,0,wait,46,,51
CPU,sys,28,user,28,irq,3,idle,0,wait,42,,56
CPU,sys,18,user,30,irq,1,idle,0,wait,51,,48
CPU,sys,18,user,25,irq,3,idle,0,wait,54,,43
CPU,sys,21,user,24,irq,2,idle,0,wait,54,,45
CPU,sys,24,user,20,irq,2,idle,0,wait,54,,44
CPU,sys,26,user,24,irq,1,idle,0,wait,49,,50
CPU,sys,25,user,24,irq,3,idle,0,wait,49,,49
CPU,sys,18,user,25,irq,2,idle,0,wait,56,,43
CPU,sys,23,user,16,irq,2,idle,0,wait,59,,39
CPU,sys,21,user,20,irq,4,idle,0,wait,54,,41
CPU,sys,28,user,24,irq,2,idle,0,wait,46,,52
CPU,sys,20,user,23,irq,3,idle,0,wait,53,,43
CPU,sys,23,user,19,irq,1,idle,0,wait,57,,42
CPU,sys,23,user,20,irq,2,idle,0,wait,55,,43
,,,,,,,,,,,,
,,,,,,,,,,,média,"60,9583333333333"
,,,,,,,,,,,DP,"23,5473236117263"
