E,tot,"3,8",free,"2,2",cache,"633,8",buff,"46,7",slab,"65,5",,"1,6"
E,tot,"3,8",free,"2,2",cache,"642,4",buff,"46,7",slab,"65,6",,"1,6"
E,tot,"3,8",free,"2,2",cache,"635,7",buff,"46,7",slab,"65,6",,"1,6"
E,tot,"3,8",free,"2,2",cache,"634,2",buff,"46,7",slab,"65,6",,"1,6"
E,tot,"3,8",free,"2,2",cache,"634,2",buff,"46,7",slab,"65,6",,"1,6"
E,tot,"3,8",free,"2,2",cache,"634,2",buff,"46,7",slab,"65,6",,"1,6"
E,tot,"3,8",free,"2,2",cache,"633,7",buff,"46,7",slab,"65,6",,"1,6"
E,tot,"3,8",free,"2,2",cache,633,buff,"46,7",slab,"65,6",,"1,6"
E,tot,"3,8",free,"2,2",cache,633,buff,"46,7",slab,"65,6",,"1,6"
E,tot,"3,8",free,"2,2",cache,633,buff,"46,7",slab,"65,6",,"1,6"
E,tot,"3,8",free,"2,2",cache,633,buff,"46,7",slab,"65,6",,"1,6"
E,tot,"3,8",free,"2,2",cache,633,buff,"46,7",slab,"65,6",,"1,6"
E,tot,"3,8",free,"2,2",cache,"633,1",buff,"46,7",slab,"65,6",,"1,6"
E,tot,"3,8",free,"2,2",cache,"633,1",buff,"46,7",slab,"65,6",,"1,6"
E,tot,"3,8",free,"2,2",cache,"633,1",buff,"46,7",slab,"65,6",,"1,6"
E,tot,"3,8",free,"2,2",cache,"633,1",buff,"46,8",slab,"65,6",,"1,6"
E,tot,"3,8",free,"2,2",cache,"633,1",buff,"46,8",slab,"65,6",,"1,6"
E,tot,"3,8",free,"2,2",cache,"633,1",buff,"46,8",slab,"65,6",,"1,6"
E,tot,"3,8",free,"2,2",cache,"633,1",buff,"46,8",slab,"65,6",,"1,6"
E,tot,"3,8",free,"2,2",cache,"633,1",buff,"46,8",slab,"65,6",,"1,6"
E,tot,"3,8",free,"2,2",cache,"633,1",buff,"46,8",slab,"65,6",,"1,6"
E,tot,"3,8",free,"2,2",cache,"633,2",buff,"46,8",slab,"65,6",,"1,6"
E,tot,"3,8",free,"2,2",cache,"633,2",buff,"46,8",slab,"65,6",,"1,6"
E,tot,"3,8",free,"2,2",cache,"633,2",buff,"46,8",slab,"65,6",,"1,6"
E,tot,"3,8",free,"2,2",cache,"633,2",buff,"46,8",slab,"65,6",,"1,6"
E,tot,"3,8",free,"2,2",cache,"633,2",buff,"46,8",slab,"65,6",,"1,6"
E,tot,"3,8",free,"2,2",cache,"633,2",buff,"46,8",slab,"65,6",,"1,6"
E,tot,"3,8",free,"2,2",cache,"633,2",buff,"46,8",slab,"65,6",,"1,6"
E,tot,"3,8",free,"2,2",cache,"633,2",buff,"46,8",slab,"65,6",,"1,6"
E,tot,"3,8",free,"2,2",cache,"633,2",buff,"46,8",slab,"65,6",,"1,6"
E,tot,"3,8",free,"2,2",cache,"633,2",buff,"46,8",slab,"65,6",,"1,6"
E,tot,"3,8",free,"2,2",cache,"633,3",buff,"46,8",slab,"65,6",,"1,6"
E,tot,"3,8",free,"2,2",cache,"633,3",buff,"46,8",slab,"65,6",,"1,6"
E,tot,"3,8",free,"2,2",cache,"633,3",buff,"46,8",slab,"65,6",,"1,6"
E,tot,"3,8",free,"2,2",cache,"633,3",buff,"46,8",slab,"65,6",,"1,6"
E,tot,"3,8",free,"2,2",cache,"633,3",buff,"46,8",slab,"65,6",,"1,6"
E,tot,"3,8",free,"2,2",cache,"633,3",buff,"46,8",slab,"65,6",,"1,6"
,,,,,,,,,,,,
,,,,,,,,,,,média,"1,6"
,,,,,,,,,,,DP,0
