MEM | tot     3.8G | free    1.9G | cache 720.2M | buff   63.2M | slab   80.7M |
MEM | tot     3.8G | free    1.9G | cache 720.5M | buff   63.2M | slab   80.8M |
MEM | tot     3.8G | free    1.9G | cache 720.6M | buff   63.2M | slab   80.9M |
MEM | tot     3.8G | free    1.9G | cache 720.7M | buff   63.2M | slab   80.9M |
MEM | tot     3.8G | free    1.9G | cache 720.8M | buff   63.2M | slab   80.9M |
MEM | tot     3.8G | free    1.9G | cache 720.9M | buff   63.2M | slab   80.9M |
MEM | tot     3.8G | free    1.9G | cache 721.0M | buff   63.2M | slab   80.9M |
MEM | tot     3.8G | free    1.9G | cache 719.4M | buff   63.2M | slab   80.9M |
MEM | tot     3.8G | free    1.9G | cache 719.5M | buff   63.2M | slab   80.9M |
MEM | tot     3.8G | free    1.9G | cache 717.2M | buff   63.2M | slab   80.9M |
MEM | tot     3.8G | free    1.9G | cache 717.3M | buff   63.2M | slab   80.9M |
MEM | tot     3.8G | free    1.9G | cache 717.4M | buff   63.2M | slab   80.9M |
MEM | tot     3.8G | free    1.9G | cache 717.5M | buff   63.2M | slab   80.9M |
MEM | tot     3.8G | free    1.9G | cache 717.7M | buff   63.2M | slab   80.9M |
MEM | tot     3.8G | free    1.9G | cache 717.8M | buff   63.2M | slab   80.9M |
MEM | tot     3.8G | free    1.9G | cache 717.9M | buff   63.2M | slab   80.9M |
MEM | tot     3.8G | free    1.9G | cache 718.0M | buff   63.2M | slab   80.9M |
MEM | tot     3.8G | free    1.9G | cache 718.2M | buff   63.3M | slab   80.9M |
MEM | tot     3.8G | free    1.9G | cache 718.3M | buff   63.3M | slab   80.9M |
MEM | tot     3.8G | free    1.9G | cache 718.4M | buff   63.3M | slab   80.9M |
MEM | tot     3.8G | free    1.9G | cache 718.5M | buff   63.3M | slab   80.9M |
MEM | tot     3.8G | free    1.9G | cache 718.6M | buff   63.3M | slab   80.9M |
