MEM | tot     3.8G | free    1.9G | cache 718.7M | buff   63.3M | slab   80.8M |
MEM | tot     3.8G | free    1.9G | cache 722.7M | buff   63.3M | slab   80.9M |
MEM | tot     3.8G | free    1.9G | cache 722.7M | buff   63.3M | slab   80.9M |
MEM | tot     3.8G | free    1.9G | cache 722.7M | buff   63.3M | slab   80.9M |
MEM | tot     3.8G | free    1.9G | cache 722.7M | buff   63.3M | slab   80.9M |
MEM | tot     3.8G | free    1.9G | cache 722.7M | buff   63.3M | slab   80.9M |
MEM | tot     3.8G | free    1.9G | cache 722.7M | buff   63.3M | slab   80.9M |
MEM | tot     3.8G | free    1.9G | cache 721.8M | buff   63.3M | slab   80.9M |
MEM | tot     3.8G | free    1.9G | cache 721.5M | buff   63.3M | slab   80.9M |
MEM | tot     3.8G | free    1.9G | cache 718.8M | buff   63.3M | slab   80.9M |
MEM | tot     3.8G | free    1.9G | cache 718.8M | buff   63.3M | slab   80.9M |
MEM | tot     3.8G | free    1.9G | cache 718.8M | buff   63.3M | slab   80.9M |
MEM | tot     3.8G | free    1.9G | cache 718.8M | buff   63.3M | slab   80.9M |
MEM | tot     3.8G | free    1.9G | cache 718.8M | buff   63.3M | slab   80.9M |
MEM | tot     3.8G | free    1.9G | cache 718.9M | buff   63.3M | slab   80.9M |
MEM | tot     3.8G | free    1.9G | cache 718.9M | buff   63.3M | slab   80.9M |
MEM | tot     3.8G | free    1.9G | cache 718.9M | buff   63.3M | slab   80.9M |
MEM | tot     3.8G | free    1.9G | cache 718.9M | buff   63.3M | slab   80.9M |
MEM | tot     3.8G | free    1.9G | cache 718.9M | buff   63.3M | slab   80.9M |
MEM | tot     3.8G | free    1.9G | cache 718.9M | buff   63.3M | slab   80.9M |
