CPU,sys,4,user,9,irq,0,idle,87,wait,0,,13
CPU,sys,37,user,63,irq,0,idle,0,wait,0,,100
CPU,sys,32,user,67,irq,1,idle,0,wait,0,,99
CPU,sys,30,user,68,irq,1,idle,0,wait,0,,98
CPU,sys,37,user,62,irq,1,idle,0,wait,0,,99
CPU,sys,37,user,60,irq,3,idle,0,wait,0,,97
CPU,sys,45,user,52,irq,3,idle,0,wait,0,,97
CPU,sys,40,user,56,irq,4,idle,0,wait,0,,96
CPU,sys,38,user,59,irq,3,idle,0,wait,0,,97
CPU,sys,37,user,60,irq,3,idle,0,wait,0,,97
CPU,sys,36,user,60,irq,4,idle,0,wait,0,,96
CPU,sys,29,user,67,irq,4,idle,0,wait,0,,96
CPU,sys,25,user,72,irq,3,idle,0,wait,0,,97
,,,,,,,,,,,,
,,,,,,,,,,,média,"97,4166666666667"
,,,,,,,,,,,DP,"1,31137217055151"
