CPU,sys,4,user,8,irq,0,idle,87,wait,0,,12
CPU,sys,38,user,62,irq,0,idle,0,wait,0,,100
CPU,sys,35,user,62,irq,2,idle,0,wait,0,,97
CPU,sys,39,user,59,irq,2,idle,0,wait,0,,98
CPU,sys,38,user,60,irq,2,idle,0,wait,0,,98
CPU,sys,35,user,61,irq,4,idle,0,wait,0,,96
CPU,sys,37,user,61,irq,2,idle,0,wait,0,,98
CPU,sys,32,user,64,irq,4,idle,0,wait,0,,96
CPU,sys,32,user,65,irq,3,idle,0,wait,0,,97
CPU,sys,32,user,63,irq,5,idle,0,wait,0,,95
CPU,sys,31,user,65,irq,4,idle,0,wait,0,,96
CPU,sys,31,user,66,irq,3,idle,0,wait,0,,97
CPU,sys,34,user,63,irq,3,idle,0,wait,0,,97
CPU,sys,37,user,61,irq,2,idle,0,wait,0,,98
CPU,sys,35,user,63,irq,2,idle,0,wait,0,,98
CPU,sys,29,user,68,irq,3,idle,0,wait,0,,97
CPU,sys,34,user,64,irq,2,idle,0,wait,0,,98
CPU,sys,32,user,65,irq,3,idle,0,wait,0,,97
CPU,sys,37,user,58,irq,5,idle,0,wait,0,,95
CPU,sys,22,user,75,irq,3,idle,0,wait,0,,97
CPU,sys,29,user,67,irq,4,idle,0,wait,0,,96
CPU,sys,36,user,62,irq,2,idle,0,wait,0,,98
,,,,,,,,,,,,
,,,,,,,,,,,média,"97,0952380952381"
,,,,,,,,,,,DP,"1,17918454470714"
