CPU,sys,4,user,8,irq,0,idle,87,wait,0,,12
CPU,sys,35,user,65,irq,0,idle,0,wait,0,,100
CPU,sys,32,user,67,irq,1,idle,0,wait,0,,99
CPU,sys,32,user,66,irq,2,idle,0,wait,0,,98
CPU,sys,35,user,62,irq,3,idle,0,wait,0,,97
CPU,sys,39,user,59,irq,2,idle,0,wait,0,,98
CPU,sys,47,user,51,irq,2,idle,0,wait,0,,98
CPU,sys,44,user,55,irq,1,idle,0,wait,0,,99
CPU,sys,36,user,61,irq,3,idle,0,wait,0,,97
CPU,sys,32,user,66,irq,2,idle,0,wait,0,,98
,,,,,,,,,,,,
,,,,,,,,,,,média,"98,2222222222222"
,,,,,,,,,,,DP,"0,97182531580755"
