MEM | tot     3.8G | free    1.9G | cache 722.9M | buff   64.0M | slab   81.1M |
MEM | tot     3.8G | free    1.9G | cache 724.4M | buff   64.0M | slab   81.2M |
MEM | tot     3.8G | free    1.9G | cache 724.7M | buff   64.0M | slab   81.2M |
MEM | tot     3.8G | free    1.9G | cache 724.7M | buff   64.0M | slab   81.2M |
MEM | tot     3.8G | free    1.9G | cache 724.8M | buff   64.0M | slab   81.2M |
MEM | tot     3.8G | free    1.9G | cache 724.9M | buff   64.0M | slab   81.2M |
MEM | tot     3.8G | free    1.9G | cache 725.0M | buff   64.0M | slab   81.2M |
MEM | tot     3.8G | free    1.9G | cache 724.9M | buff   64.0M | slab   81.2M |
MEM | tot     3.8G | free    1.9G | cache 723.5M | buff   64.0M | slab   81.2M |
MEM | tot     3.8G | free    1.9G | cache 721.2M | buff   64.0M | slab   81.2M |
MEM | tot     3.8G | free    1.9G | cache 721.2M | buff   64.0M | slab   81.2M |
MEM | tot     3.8G | free    1.9G | cache 721.4M | buff   64.0M | slab   81.2M |
MEM | tot     3.8G | free    1.9G | cache 721.6M | buff   64.0M | slab   81.2M |
MEM | tot     3.8G | free    1.9G | cache 721.7M | buff   64.0M | slab   81.2M |
MEM | tot     3.8G | free    1.9G | cache 721.8M | buff   64.0M | slab   81.2M |
MEM | tot     3.8G | free    1.9G | cache 721.9M | buff   64.0M | slab   81.2M |
MEM | tot     3.8G | free    1.9G | cache 722.0M | buff   64.0M | slab   81.2M |
MEM | tot     3.8G | free    1.9G | cache 722.1M | buff   64.0M | slab   81.2M |
MEM | tot     3.8G | free    1.9G | cache 722.3M | buff   64.0M | slab   81.2M |
MEM | tot     3.8G | free    1.9G | cache 722.4M | buff   64.0M | slab   81.2M |
MEM | tot     3.8G | free    1.9G | cache 722.5M | buff   64.0M | slab   81.2M |
MEM | tot     3.8G | free    1.9G | cache 722.6M | buff   64.1M | slab   81.2M |
MEM | tot     3.8G | free    1.9G | cache 722.7M | buff   64.1M | slab   81.2M |
MEM | tot     3.8G | free    1.9G | cache 722.9M | buff   64.1M | slab   81.2M |
MEM | tot     3.8G | free    1.9G | cache 723.0M | buff   64.1M | slab   81.2M |
MEM | tot     3.8G | free    1.9G | cache 723.2M | buff   64.1M | slab   81.2M |
MEM | tot     3.8G | free    1.9G | cache 723.5M | buff   64.1M | slab   81.2M |
MEM | tot     3.8G | free    1.9G | cache 723.7M | buff   64.1M | slab   81.2M |
MEM | tot     3.8G | free    1.9G | cache 723.9M | buff   64.1M | slab   81.2M |
MEM | tot     3.8G | free    1.9G | cache 724.2M | buff   64.1M | slab   81.2M |
MEM | tot     3.8G | free    1.9G | cache 724.4M | buff   64.1M | slab   81.2M |
MEM | tot     3.8G | free    1.9G | cache 724.5M | buff   64.1M | slab   81.2M |
MEM | tot     3.8G | free    1.9G | cache 724.8M | buff   64.1M | slab   81.2M |
MEM | tot     3.8G | free    1.9G | cache 725.0M | buff   64.1M | slab   81.2M |
MEM | tot     3.8G | free    1.9G | cache 725.2M | buff   64.1M | slab   81.2M |
MEM | tot     3.8G | free    1.9G | cache 725.4M | buff   64.1M | slab   81.2M |
MEM | tot     3.8G | free    1.9G | cache 725.6M | buff   64.1M | slab   81.2M |
MEM | tot     3.8G | free    1.9G | cache 725.8M | buff   64.1M | slab   81.2M |
MEM | tot     3.8G | free    1.9G | cache 726.0M | buff   64.1M | slab   81.2M |
MEM | tot     3.8G | free    1.9G | cache 726.1M | buff   64.1M | slab   81.2M |
MEM | tot     3.8G | free    1.9G | cache 726.4M | buff   64.1M | slab   81.2M |
MEM | tot     3.8G | free    1.9G | cache 726.6M | buff   64.1M | slab   81.2M |
MEM | tot     3.8G | free    1.9G | cache 726.7M | buff   64.1M | slab   81.2M |
MEM | tot     3.8G | free    1.9G | cache 726.9M | buff   64.1M | slab   81.3M |
MEM | tot     3.8G | free    1.9G | cache 727.1M | buff   64.1M | slab   81.3M |
