MEM | tot     3.8G | free    1.9G | cache 727.4M | buff   64.1M | slab   81.2M |
MEM | tot     3.8G | free    1.9G | cache 731.4M | buff   64.1M | slab   81.3M |
MEM | tot     3.8G | free    1.9G | cache 731.9M | buff   64.1M | slab   81.3M |
MEM | tot     3.8G | free    1.9G | cache 732.0M | buff   64.1M | slab   81.3M |
MEM | tot     3.8G | free    1.9G | cache 732.0M | buff   64.1M | slab   81.3M |
MEM | tot     3.8G | free    1.9G | cache 732.0M | buff   64.1M | slab   81.3M |
MEM | tot     3.8G | free    1.9G | cache 732.0M | buff   64.1M | slab   81.3M |
MEM | tot     3.8G | free    1.9G | cache 732.0M | buff   64.1M | slab   81.3M |
MEM | tot     3.8G | free    1.9G | cache 730.0M | buff   64.1M | slab   81.3M |
MEM | tot     3.8G | free    1.9G | cache 727.6M | buff   64.1M | slab   81.3M |
MEM | tot     3.8G | free    1.9G | cache 727.5M | buff   64.1M | slab   81.3M |
MEM | tot     3.8G | free    1.9G | cache 727.6M | buff   64.1M | slab   81.3M |
MEM | tot     3.8G | free    1.9G | cache 727.6M | buff   64.1M | slab   81.3M |
MEM | tot     3.8G | free    1.9G | cache 727.6M | buff   64.1M | slab   81.3M |
MEM | tot     3.8G | free    1.9G | cache 727.6M | buff   64.1M | slab   81.3M |
MEM | tot     3.8G | free    1.9G | cache 727.6M | buff   64.1M | slab   81.3M |
MEM | tot     3.8G | free    1.9G | cache 727.6M | buff   64.2M | slab   81.3M |
MEM | tot     3.8G | free    1.9G | cache 727.6M | buff   64.2M | slab   81.3M |
MEM | tot     3.8G | free    1.9G | cache 727.6M | buff   64.2M | slab   81.3M |
MEM | tot     3.8G | free    1.9G | cache 727.7M | buff   64.2M | slab   81.3M |
MEM | tot     3.8G | free    1.9G | cache 727.7M | buff   64.2M | slab   81.3M |
MEM | tot     3.8G | free    1.9G | cache 727.7M | buff   64.2M | slab   81.3M |
MEM | tot     3.8G | free    1.9G | cache 727.7M | buff   64.2M | slab   81.3M |
MEM | tot     3.8G | free    1.9G | cache 727.7M | buff   64.2M | slab   81.3M |
MEM | tot     3.8G | free    1.9G | cache 727.7M | buff   64.2M | slab   81.3M |
MEM | tot     3.8G | free    1.9G | cache 727.7M | buff   64.2M | slab   81.3M |
MEM | tot     3.8G | free    1.9G | cache 727.8M | buff   64.2M | slab   81.3M |
MEM | tot     3.8G | free    1.9G | cache 727.8M | buff   64.2M | slab   81.3M |
MEM | tot     3.8G | free    1.9G | cache 727.8M | buff   64.2M | slab   81.3M |
MEM | tot     3.8G | free    1.9G | cache 727.8M | buff   64.2M | slab   81.3M |
MEM | tot     3.8G | free    1.9G | cache 727.8M | buff   64.2M | slab   81.3M |
MEM | tot     3.8G | free    1.9G | cache 727.8M | buff   64.2M | slab   81.3M |
MEM | tot     3.8G | free    1.9G | cache 727.8M | buff   64.2M | slab   81.3M |
MEM | tot     3.8G | free    1.9G | cache 727.8M | buff   64.2M | slab   81.3M |
MEM | tot     3.8G | free    1.9G | cache 727.9M | buff   64.2M | slab   81.3M |
MEM | tot     3.8G | free    1.9G | cache 727.9M | buff   64.2M | slab   81.3M |
MEM | tot     3.8G | free    1.9G | cache 727.9M | buff   64.2M | slab   81.3M |
MEM | tot     3.8G | free    1.9G | cache 727.9M | buff   64.2M | slab   81.3M |
MEM | tot     3.8G | free    1.9G | cache 727.9M | buff   64.2M | slab   81.3M |
MEM | tot     3.8G | free    1.9G | cache 727.9M | buff   64.2M | slab   81.3M |
MEM | tot     3.8G | free    1.9G | cache 727.9M | buff   64.2M | slab   81.3M |
MEM | tot     3.8G | free    1.9G | cache 727.9M | buff   64.2M | slab   81.3M |
MEM | tot     3.8G | free    1.9G | cache 728.0M | buff   64.2M | slab   81.3M |
