MEM | tot     3.8G | free    1.9G | cache 726.9M | buff   64.1M | slab   81.2M |
MEM | tot     3.8G | free    1.9G | cache 730.9M | buff   64.1M | slab   81.3M |
MEM | tot     3.8G | free    1.8G | cache 730.9M | buff   64.1M | slab   81.3M |
MEM | tot     3.8G | free    1.8G | cache 730.9M | buff   64.1M | slab   81.3M |
MEM | tot     3.8G | free    1.8G | cache 730.9M | buff   64.1M | slab   81.3M |
MEM | tot     3.8G | free    1.9G | cache 730.9M | buff   64.1M | slab   81.3M |
MEM | tot     3.8G | free    1.9G | cache 730.9M | buff   64.1M | slab   81.3M |
MEM | tot     3.8G | free    1.9G | cache 730.9M | buff   64.1M | slab   81.3M |
MEM | tot     3.8G | free    1.9G | cache 729.5M | buff   64.1M | slab   81.3M |
MEM | tot     3.8G | free    1.9G | cache 727.1M | buff   64.1M | slab   81.3M |
MEM | tot     3.8G | free    1.9G | cache 727.0M | buff   64.1M | slab   81.3M |
MEM | tot     3.8G | free    1.9G | cache 727.0M | buff   64.1M | slab   81.3M |
MEM | tot     3.8G | free    1.9G | cache 727.0M | buff   64.1M | slab   81.3M |
MEM | tot     3.8G | free    1.9G | cache 727.0M | buff   64.1M | slab   81.3M |
MEM | tot     3.8G | free    1.9G | cache 727.1M | buff   64.1M | slab   81.3M |
MEM | tot     3.8G | free    1.9G | cache 727.1M | buff   64.1M | slab   81.3M |
MEM | tot     3.8G | free    1.9G | cache 727.1M | buff   64.1M | slab   81.3M |
MEM | tot     3.8G | free    1.9G | cache 727.1M | buff   64.1M | slab   81.3M |
MEM | tot     3.8G | free    1.9G | cache 727.2M | buff   64.1M | slab   81.3M |
MEM | tot     3.8G | free    1.9G | cache 727.4M | buff   64.1M | slab   81.3M |
MEM | tot     3.8G | free    1.9G | cache 727.4M | buff   64.1M | slab   81.3M |
MEM | tot     3.8G | free    1.9G | cache 727.5M | buff   64.1M | slab   81.3M |
MEM | tot     3.8G | free    1.9G | cache 727.6M | buff   64.1M | slab   81.3M |
