CPU,sys,4,user,9,irq,0,idle,86,wait,0,,13
CPU,sys,33,user,67,irq,0,idle,0,wait,0,,100
CPU,sys,32,user,68,irq,0,idle,0,wait,0,,100
CPU,sys,32,user,67,irq,1,idle,0,wait,0,,99
CPU,sys,41,user,58,irq,1,idle,0,wait,0,,99
CPU,sys,38,user,58,irq,3,idle,0,wait,0,,96
CPU,sys,44,user,53,irq,3,idle,0,wait,0,,97
CPU,sys,35,user,61,irq,4,idle,0,wait,0,,96
CPU,sys,33,user,65,irq,2,idle,0,wait,0,,98
CPU,sys,38,user,58,irq,4,idle,0,wait,0,,96
CPU,sys,35,user,64,irq,1,idle,0,wait,0,,99
CPU,sys,36,user,62,irq,2,idle,0,wait,0,,98
CPU,sys,35,user,62,irq,3,idle,0,wait,0,,97
CPU,sys,33,user,64,irq,3,idle,0,wait,0,,97
CPU,sys,39,user,57,irq,4,idle,0,wait,0,,96
CPU,sys,32,user,65,irq,3,idle,0,wait,0,,97
CPU,sys,29,user,69,irq,2,idle,0,wait,0,,98
,,,,,,,,,,,,
,,,,,,,,,,,média,"97,6875"
,,,,,,,,,,,DP,"1,40089257261219"
