E,tot,"3,8",free,"1,9",cache,"722,9",buff,64,slab,"81,1",,"1,9"
E,tot,"3,8",free,"1,9",cache,"724,4",buff,64,slab,"81,2",,"1,9"
E,tot,"3,8",free,"1,9",cache,"724,7",buff,64,slab,"81,2",,"1,9"
E,tot,"3,8",free,"1,9",cache,"724,7",buff,64,slab,"81,2",,"1,9"
E,tot,"3,8",free,"1,9",cache,"724,8",buff,64,slab,"81,2",,"1,9"
E,tot,"3,8",free,"1,9",cache,"724,9",buff,64,slab,"81,2",,"1,9"
E,tot,"3,8",free,"1,9",cache,725,buff,64,slab,"81,2",,"1,9"
E,tot,"3,8",free,"1,9",cache,"724,9",buff,64,slab,"81,2",,"1,9"
E,tot,"3,8",free,"1,9",cache,"723,5",buff,64,slab,"81,2",,"1,9"
E,tot,"3,8",free,"1,9",cache,"721,2",buff,64,slab,"81,2",,"1,9"
E,tot,"3,8",free,"1,9",cache,"721,2",buff,64,slab,"81,2",,"1,9"
E,tot,"3,8",free,"1,9",cache,"721,4",buff,64,slab,"81,2",,"1,9"
E,tot,"3,8",free,"1,9",cache,"721,6",buff,64,slab,"81,2",,"1,9"
E,tot,"3,8",free,"1,9",cache,"721,7",buff,64,slab,"81,2",,"1,9"
E,tot,"3,8",free,"1,9",cache,"721,8",buff,64,slab,"81,2",,"1,9"
E,tot,"3,8",free,"1,9",cache,"721,9",buff,64,slab,"81,2",,"1,9"
E,tot,"3,8",free,"1,9",cache,722,buff,64,slab,"81,2",,"1,9"
E,tot,"3,8",free,"1,9",cache,"722,1",buff,64,slab,"81,2",,"1,9"
E,tot,"3,8",free,"1,9",cache,"722,3",buff,64,slab,"81,2",,"1,9"
E,tot,"3,8",free,"1,9",cache,"722,4",buff,64,slab,"81,2",,"1,9"
E,tot,"3,8",free,"1,9",cache,"722,5",buff,64,slab,"81,2",,"1,9"
E,tot,"3,8",free,"1,9",cache,"722,6",buff,"64,1",slab,"81,2",,"1,9"
E,tot,"3,8",free,"1,9",cache,"722,7",buff,"64,1",slab,"81,2",,"1,9"
E,tot,"3,8",free,"1,9",cache,"722,9",buff,"64,1",slab,"81,2",,"1,9"
E,tot,"3,8",free,"1,9",cache,723,buff,"64,1",slab,"81,2",,"1,9"
E,tot,"3,8",free,"1,9",cache,"723,2",buff,"64,1",slab,"81,2",,"1,9"
E,tot,"3,8",free,"1,9",cache,"723,5",buff,"64,1",slab,"81,2",,"1,9"
E,tot,"3,8",free,"1,9",cache,"723,7",buff,"64,1",slab,"81,2",,"1,9"
E,tot,"3,8",free,"1,9",cache,"723,9",buff,"64,1",slab,"81,2",,"1,9"
E,tot,"3,8",free,"1,9",cache,"724,2",buff,"64,1",slab,"81,2",,"1,9"
E,tot,"3,8",free,"1,9",cache,"724,4",buff,"64,1",slab,"81,2",,"1,9"
E,tot,"3,8",free,"1,9",cache,"724,5",buff,"64,1",slab,"81,2",,"1,9"
E,tot,"3,8",free,"1,9",cache,"724,8",buff,"64,1",slab,"81,2",,"1,9"
E,tot,"3,8",free,"1,9",cache,725,buff,"64,1",slab,"81,2",,"1,9"
E,tot,"3,8",free,"1,9",cache,"725,2",buff,"64,1",slab,"81,2",,"1,9"
E,tot,"3,8",free,"1,9",cache,"725,4",buff,"64,1",slab,"81,2",,"1,9"
E,tot,"3,8",free,"1,9",cache,"725,6",buff,"64,1",slab,"81,2",,"1,9"
E,tot,"3,8",free,"1,9",cache,"725,8",buff,"64,1",slab,"81,2",,"1,9"
E,tot,"3,8",free,"1,9",cache,726,buff,"64,1",slab,"81,2",,"1,9"
E,tot,"3,8",free,"1,9",cache,"726,1",buff,"64,1",slab,"81,2",,"1,9"
E,tot,"3,8",free,"1,9",cache,"726,4",buff,"64,1",slab,"81,2",,"1,9"
E,tot,"3,8",free,"1,9",cache,"726,6",buff,"64,1",slab,"81,2",,"1,9"
E,tot,"3,8",free,"1,9",cache,"726,7",buff,"64,1",slab,"81,2",,"1,9"
E,tot,"3,8",free,"1,9",cache,"726,9",buff,"64,1",slab,"81,3",,"1,9"
E,tot,"3,8",free,"1,9",cache,"727,1",buff,"64,1",slab,"81,3",,"1,9"
,,,,,,,,,,,,
,,,,,,,,,,,média,"1,9"
,,,,,,,,,,,DP,0
