CPU,sys,4,user,9,irq,0,idle,87,wait,0,,13
CPU,sys,36,user,64,irq,0,idle,0,wait,0,,100
CPU,sys,28,user,72,irq,0,idle,0,wait,0,,100
CPU,sys,28,user,71,irq,1,idle,0,wait,0,,99
CPU,sys,38,user,61,irq,1,idle,0,wait,0,,99
CPU,sys,41,user,57,irq,2,idle,0,wait,0,,98
CPU,sys,35,user,63,irq,2,idle,0,wait,0,,98
CPU,sys,33,user,65,irq,2,idle,0,wait,0,,98
CPU,sys,34,user,62,irq,4,idle,0,wait,0,,96
CPU,sys,35,user,62,irq,3,idle,0,wait,0,,97
CPU,sys,34,user,62,irq,4,idle,0,wait,0,,96
CPU,sys,31,user,67,irq,2,idle,0,wait,0,,98
CPU,sys,33,user,63,irq,4,idle,0,wait,0,,96
CPU,sys,37,user,60,irq,3,idle,0,wait,0,,97
CPU,sys,35,user,63,irq,2,idle,0,wait,0,,98
CPU,sys,35,user,62,irq,3,idle,0,wait,0,,97
CPU,sys,32,user,63,irq,4,idle,0,wait,0,,95
CPU,sys,29,user,67,irq,4,idle,0,wait,0,,96
CPU,sys,34,user,64,irq,2,idle,0,wait,0,,98
CPU,sys,34,user,63,irq,3,idle,0,wait,0,,97
CPU,sys,28,user,71,irq,1,idle,0,wait,0,,99
CPU,sys,30,user,69,irq,1,idle,0,wait,0,,99
CPU,sys,31,user,66,irq,3,idle,0,wait,0,,97
CPU,sys,33,user,66,irq,1,idle,0,wait,0,,99
CPU,sys,31,user,66,irq,3,idle,0,wait,0,,97
CPU,sys,27,user,72,irq,1,idle,0,wait,0,,99
CPU,sys,28,user,70,irq,2,idle,0,wait,0,,98
CPU,sys,24,user,71,irq,5,idle,0,wait,0,,95
CPU,sys,23,user,72,irq,5,idle,0,wait,0,,95
CPU,sys,32,user,66,irq,2,idle,0,wait,0,,98
CPU,sys,29,user,68,irq,3,idle,0,wait,0,,97
CPU,sys,31,user,68,irq,1,idle,0,wait,0,,99
CPU,sys,32,user,66,irq,2,idle,0,wait,0,,98
CPU,sys,31,user,65,irq,4,idle,0,wait,0,,96
CPU,sys,30,user,68,irq,2,idle,0,wait,0,,98
CPU,sys,33,user,66,irq,1,idle,0,wait,0,,99
CPU,sys,29,user,68,irq,3,idle,0,wait,0,,97
CPU,sys,30,user,67,irq,3,idle,0,wait,0,,97
CPU,sys,31,user,67,irq,2,idle,0,wait,0,,98
CPU,sys,32,user,65,irq,3,idle,0,wait,0,,97
CPU,sys,33,user,64,irq,3,idle,0,wait,0,,97
CPU,sys,28,user,71,irq,1,idle,0,wait,0,,99
CPU,sys,32,user,65,irq,3,idle,0,wait,0,,97
CPU,sys,28,user,70,irq,2,idle,0,wait,0,,98
CPU,sys,30,user,68,irq,2,idle,0,wait,0,,98
,,,,,,,,,,,,
,,,,,,,,,,,média,"97,5909090909091"
,,,,,,,,,,,DP,"1,26340591385795"
