CPU,sys,4,user,9,irq,0,idle,86,wait,0,,13
CPU,sys,34,user,66,irq,0,idle,0,wait,0,,100
CPU,sys,33,user,67,irq,0,idle,0,wait,0,,100
CPU,sys,37,user,62,irq,1,idle,0,wait,0,,99
CPU,sys,33,user,66,irq,1,idle,0,wait,0,,99
CPU,sys,33,user,65,irq,2,idle,0,wait,0,,98
CPU,sys,43,user,54,irq,3,idle,0,wait,0,,97
CPU,sys,34,user,62,irq,4,idle,0,wait,0,,96
CPU,sys,33,user,63,irq,4,idle,0,wait,0,,96
CPU,sys,36,user,62,irq,2,idle,0,wait,0,,98
CPU,sys,33,user,64,irq,3,idle,0,wait,0,,97
CPU,sys,40,user,56,irq,4,idle,0,wait,0,,96
CPU,sys,33,user,62,irq,5,idle,0,wait,0,,95
CPU,sys,42,user,56,irq,2,idle,0,wait,0,,98
CPU,sys,43,user,54,irq,3,idle,0,wait,0,,97
CPU,sys,35,user,59,irq,6,idle,0,wait,0,,94
CPU,sys,36,user,63,irq,1,idle,0,wait,0,,99
CPU,sys,38,user,58,irq,4,idle,0,wait,0,,96
CPU,sys,39,user,59,irq,2,idle,0,wait,0,,98
CPU,sys,28,user,72,irq,0,idle,0,wait,0,,100
CPU,sys,26,user,71,irq,3,idle,0,wait,0,,97
CPU,sys,30,user,67,irq,3,idle,0,wait,0,,97
CPU,sys,24,user,74,irq,2,idle,0,wait,0,,98
,,,,,,,,,,,,
,,,,,,,,,,,média,"97,5"
,,,,,,,,,,,DP,"1,62568666810586"
