E,tot,"3,8",free,"1,9",cache,"727,4",buff,"64,1",slab,"81,2",,"1,9"
E,tot,"3,8",free,"1,9",cache,"731,4",buff,"64,1",slab,"81,3",,"1,9"
E,tot,"3,8",free,"1,9",cache,"731,9",buff,"64,1",slab,"81,3",,"1,9"
E,tot,"3,8",free,"1,9",cache,732,buff,"64,1",slab,"81,3",,"1,9"
E,tot,"3,8",free,"1,9",cache,732,buff,"64,1",slab,"81,3",,"1,9"
E,tot,"3,8",free,"1,9",cache,732,buff,"64,1",slab,"81,3",,"1,9"
E,tot,"3,8",free,"1,9",cache,732,buff,"64,1",slab,"81,3",,"1,9"
E,tot,"3,8",free,"1,9",cache,732,buff,"64,1",slab,"81,3",,"1,9"
E,tot,"3,8",free,"1,9",cache,730,buff,"64,1",slab,"81,3",,"1,9"
E,tot,"3,8",free,"1,9",cache,"727,6",buff,"64,1",slab,"81,3",,"1,9"
E,tot,"3,8",free,"1,9",cache,"727,5",buff,"64,1",slab,"81,3",,"1,9"
E,tot,"3,8",free,"1,9",cache,"727,6",buff,"64,1",slab,"81,3",,"1,9"
E,tot,"3,8",free,"1,9",cache,"727,6",buff,"64,1",slab,"81,3",,"1,9"
E,tot,"3,8",free,"1,9",cache,"727,6",buff,"64,1",slab,"81,3",,"1,9"
E,tot,"3,8",free,"1,9",cache,"727,6",buff,"64,1",slab,"81,3",,"1,9"
E,tot,"3,8",free,"1,9",cache,"727,6",buff,"64,1",slab,"81,3",,"1,9"
E,tot,"3,8",free,"1,9",cache,"727,6",buff,"64,2",slab,"81,3",,"1,9"
E,tot,"3,8",free,"1,9",cache,"727,6",buff,"64,2",slab,"81,3",,"1,9"
E,tot,"3,8",free,"1,9",cache,"727,6",buff,"64,2",slab,"81,3",,"1,9"
E,tot,"3,8",free,"1,9",cache,"727,7",buff,"64,2",slab,"81,3",,"1,9"
E,tot,"3,8",free,"1,9",cache,"727,7",buff,"64,2",slab,"81,3",,"1,9"
E,tot,"3,8",free,"1,9",cache,"727,7",buff,"64,2",slab,"81,3",,"1,9"
E,tot,"3,8",free,"1,9",cache,"727,7",buff,"64,2",slab,"81,3",,"1,9"
E,tot,"3,8",free,"1,9",cache,"727,7",buff,"64,2",slab,"81,3",,"1,9"
E,tot,"3,8",free,"1,9",cache,"727,7",buff,"64,2",slab,"81,3",,"1,9"
E,tot,"3,8",free,"1,9",cache,"727,7",buff,"64,2",slab,"81,3",,"1,9"
E,tot,"3,8",free,"1,9",cache,"727,8",buff,"64,2",slab,"81,3",,"1,9"
E,tot,"3,8",free,"1,9",cache,"727,8",buff,"64,2",slab,"81,3",,"1,9"
E,tot,"3,8",free,"1,9",cache,"727,8",buff,"64,2",slab,"81,3",,"1,9"
E,tot,"3,8",free,"1,9",cache,"727,8",buff,"64,2",slab,"81,3",,"1,9"
E,tot,"3,8",free,"1,9",cache,"727,8",buff,"64,2",slab,"81,3",,"1,9"
E,tot,"3,8",free,"1,9",cache,"727,8",buff,"64,2",slab,"81,3",,"1,9"
E,tot,"3,8",free,"1,9",cache,"727,8",buff,"64,2",slab,"81,3",,"1,9"
E,tot,"3,8",free,"1,9",cache,"727,8",buff,"64,2",slab,"81,3",,"1,9"
E,tot,"3,8",free,"1,9",cache,"727,9",buff,"64,2",slab,"81,3",,"1,9"
E,tot,"3,8",free,"1,9",cache,"727,9",buff,"64,2",slab,"81,3",,"1,9"
E,tot,"3,8",free,"1,9",cache,"727,9",buff,"64,2",slab,"81,3",,"1,9"
E,tot,"3,8",free,"1,9",cache,"727,9",buff,"64,2",slab,"81,3",,"1,9"
E,tot,"3,8",free,"1,9",cache,"727,9",buff,"64,2",slab,"81,3",,"1,9"
E,tot,"3,8",free,"1,9",cache,"727,9",buff,"64,2",slab,"81,3",,"1,9"
E,tot,"3,8",free,"1,9",cache,"727,9",buff,"64,2",slab,"81,3",,"1,9"
E,tot,"3,8",free,"1,9",cache,"727,9",buff,"64,2",slab,"81,3",,"1,9"
E,tot,"3,8",free,"1,9",cache,728,buff,"64,2",slab,"81,3",,"1,9"
,,,,,,,,,,,,
,,,,,,,,,,,média,"1,9"
,,,,,,,,,,,DP,0
