MEM | tot     3.8G | free  928.7M | cache   1.5G | buff   70.5M | slab  103.1M |
MEM | numnode    1 | shmem  57.3M | shrss  26.2M | tcpsk   0.0M | udpsk   0.0M |
MEM | tot     3.8G | free  918.8M | cache   1.5G | buff   70.5M | slab  103.1M |
MEM | numnode    1 | shmem  57.3M | shrss  26.2M | tcpsk   0.0M | udpsk   0.0M |
MEM | tot     3.8G | free  920.2M | cache   1.5G | buff   70.5M | slab  103.2M |
MEM | numnode    1 | shmem  57.3M | shrss  26.2M | tcpsk   0.0M | udpsk   0.0M |
MEM | tot     3.8G | free  920.3M | cache   1.5G | buff   70.5M | slab  103.2M |
MEM | numnode    1 | shmem  57.3M | shrss  26.2M | tcpsk   0.0M | udpsk   0.0M |
