MEM | tot     3.8G | free  925.9M | cache   1.5G | buff   70.6M | slab  103.1M |
MEM | numnode    1 | shmem  56.1M | shrss  26.2M | tcpsk   0.0M | udpsk   0.0M |
MEM | tot     3.8G | free  917.0M | cache   1.5G | buff   70.6M | slab  103.1M |
MEM | numnode    1 | shmem  56.1M | shrss  26.2M | tcpsk   0.0M | udpsk   0.0M |
MEM | tot     3.8G | free  916.0M | cache   1.5G | buff   70.6M | slab  103.1M |
MEM | numnode    1 | shmem  56.1M | shrss  26.2M | tcpsk   0.0M | udpsk   0.0M |
MEM | tot     3.8G | free  916.0M | cache   1.5G | buff   70.6M | slab  103.1M |
MEM | numnode    1 | shmem  56.1M | shrss  26.2M | tcpsk   0.0M | udpsk   0.0M |
