MEM | tot     3.8G | free    1.7G | cache 840.9M | buff   55.6M | slab   74.4M |
MEM | tot     3.8G | free    1.6G | cache 850.3M | buff   55.6M | slab   74.4M |
MEM | tot     3.8G | free    1.6G | cache 855.0M | buff   55.6M | slab   74.5M |
MEM | tot     3.8G | free    1.6G | cache 855.0M | buff   55.6M | slab   74.5M |
MEM | tot     3.8G | free    1.6G | cache 855.0M | buff   55.6M | slab   74.5M |
MEM | tot     3.8G | free    1.6G | cache 855.0M | buff   55.6M | slab   74.5M |
MEM | tot     3.8G | free    1.6G | cache 854.8M | buff   55.6M | slab   74.4M |
MEM | tot     3.8G | free    1.6G | cache 844.3M | buff   55.6M | slab   74.4M |
MEM | tot     3.8G | free    1.6G | cache 844.3M | buff   55.6M | slab   74.4M |
MEM | tot     3.8G | free    1.6G | cache 844.3M | buff   55.6M | slab   74.4M |
MEM | tot     3.8G | free    1.6G | cache 844.3M | buff   55.6M | slab   74.4M |
MEM | tot     3.8G | free    1.6G | cache 844.3M | buff   55.6M | slab   74.4M |
MEM | tot     3.8G | free    1.6G | cache 844.4M | buff   55.6M | slab   74.4M |
MEM | tot     3.8G | free    1.6G | cache 844.4M | buff   55.6M | slab   74.4M |
MEM | tot     3.8G | free    1.6G | cache 844.4M | buff   55.6M | slab   74.4M |
MEM | tot     3.8G | free    1.6G | cache 844.4M | buff   55.6M | slab   74.4M |
MEM | tot     3.8G | free    1.6G | cache 844.4M | buff   55.6M | slab   74.4M |
MEM | tot     3.8G | free    1.6G | cache 844.4M | buff   55.6M | slab   74.4M |
MEM | tot     3.8G | free    1.6G | cache 844.4M | buff   55.6M | slab   74.4M |
MEM | tot     3.8G | free    1.6G | cache 844.4M | buff   55.6M | slab   74.4M |
MEM | tot     3.8G | free    1.6G | cache 844.5M | buff   55.6M | slab   74.4M |
MEM | tot     3.8G | free    1.6G | cache 844.5M | buff   55.6M | slab   74.4M |
MEM | tot     3.8G | free    1.6G | cache 844.5M | buff   55.6M | slab   74.4M |
MEM | tot     3.8G | free    1.6G | cache 844.5M | buff   55.6M | slab   74.4M |
MEM | tot     3.8G | free    1.6G | cache 844.5M | buff   55.6M | slab   74.4M |
MEM | tot     3.8G | free    1.6G | cache 844.5M | buff   55.6M | slab   74.4M |
MEM | tot     3.8G | free    1.6G | cache 844.5M | buff   55.6M | slab   74.4M |
MEM | tot     3.8G | free    1.6G | cache 844.5M | buff   55.6M | slab   74.4M |
MEM | tot     3.8G | free    1.6G | cache 844.6M | buff   55.6M | slab   74.4M |
MEM | tot     3.8G | free    1.6G | cache 844.6M | buff   55.6M | slab   74.4M |
MEM | tot     3.8G | free    1.6G | cache 844.6M | buff   55.6M | slab   74.4M |
MEM | tot     3.8G | free    1.6G | cache 844.6M | buff   55.6M | slab   74.4M |
MEM | tot     3.8G | free    1.6G | cache 844.6M | buff   55.6M | slab   74.4M |
MEM | tot     3.8G | free    1.6G | cache 844.6M | buff   55.6M | slab   74.4M |
MEM | tot     3.8G | free    1.6G | cache 844.6M | buff   55.6M | slab   74.4M |
MEM | tot     3.8G | free    1.6G | cache 844.6M | buff   55.6M | slab   74.4M |
MEM | tot     3.8G | free    1.6G | cache 844.6M | buff   55.6M | slab   74.4M |
MEM | tot     3.8G | free    1.6G | cache 844.7M | buff   55.6M | slab   74.4M |
MEM | tot     3.8G | free    1.6G | cache 844.7M | buff   55.6M | slab   74.4M |
MEM | tot     3.8G | free    1.6G | cache 844.7M | buff   55.6M | slab   74.4M |
MEM | tot     3.8G | free    1.6G | cache 844.7M | buff   55.6M | slab   74.4M |
MEM | tot     3.8G | free    1.6G | cache 844.7M | buff   55.6M | slab   74.4M |
MEM | tot     3.8G | free    1.6G | cache 844.7M | buff   55.6M | slab   74.4M |
MEM | tot     3.8G | free    1.6G | cache 844.7M | buff   55.6M | slab   74.4M |
