MEM | tot     3.8G | free    1.7G | cache 838.3M | buff   55.4M | slab   74.2M |
MEM | tot     3.8G | free    1.6G | cache 843.4M | buff   55.4M | slab   74.3M |
MEM | tot     3.8G | free    1.6G | cache 845.4M | buff   55.4M | slab   74.4M |
MEM | tot     3.8G | free    1.6G | cache 845.4M | buff   55.4M | slab   74.4M |
MEM | tot     3.8G | free    1.6G | cache 845.5M | buff   55.4M | slab   74.4M |
MEM | tot     3.8G | free    1.6G | cache 845.5M | buff   55.4M | slab   74.4M |
MEM | tot     3.8G | free    1.6G | cache 845.0M | buff   55.4M | slab   74.4M |
MEM | tot     3.8G | free    1.6G | cache 844.2M | buff   55.4M | slab   74.4M |
MEM | tot     3.8G | free    1.6G | cache 844.3M | buff   55.4M | slab   74.4M |
MEM | tot     3.8G | free    1.6G | cache 844.3M | buff   55.4M | slab   74.4M |
MEM | tot     3.8G | free    1.6G | cache 844.3M | buff   55.4M | slab   74.4M |
MEM | tot     3.8G | free    1.6G | cache 844.3M | buff   55.4M | slab   74.4M |
MEM | tot     3.8G | free    1.6G | cache 844.3M | buff   55.4M | slab   74.4M |
MEM | tot     3.8G | free    1.6G | cache 844.3M | buff   55.4M | slab   74.4M |
MEM | tot     3.8G | free    1.6G | cache 844.3M | buff   55.4M | slab   74.4M |
MEM | tot     3.8G | free    1.6G | cache 844.3M | buff   55.4M | slab   74.4M |
MEM | tot     3.8G | free    1.6G | cache 844.4M | buff   55.4M | slab   74.4M |
MEM | tot     3.8G | free    1.6G | cache 844.4M | buff   55.4M | slab   74.4M |
MEM | tot     3.8G | free    1.6G | cache 844.4M | buff   55.4M | slab   74.4M |
MEM | tot     3.8G | free    1.6G | cache 844.4M | buff   55.4M | slab   74.4M |
MEM | tot     3.8G | free    1.6G | cache 844.4M | buff   55.4M | slab   74.4M |
MEM | tot     3.8G | free    1.6G | cache 844.4M | buff   55.4M | slab   74.4M |
MEM | tot     3.8G | free    1.6G | cache 844.4M | buff   55.4M | slab   74.4M |
MEM | tot     3.8G | free    1.6G | cache 844.4M | buff   55.4M | slab   74.4M |
MEM | tot     3.8G | free    1.6G | cache 844.5M | buff   55.4M | slab   74.4M |
MEM | tot     3.8G | free    1.6G | cache 844.5M | buff   55.4M | slab   74.4M |
MEM | tot     3.8G | free    1.6G | cache 844.5M | buff   55.4M | slab   74.4M |
MEM | tot     3.8G | free    1.6G | cache 844.5M | buff   55.4M | slab   74.4M |
MEM | tot     3.8G | free    1.6G | cache 844.5M | buff   55.4M | slab   74.4M |
MEM | tot     3.8G | free    1.6G | cache 844.5M | buff   55.4M | slab   74.4M |
MEM | tot     3.8G | free    1.6G | cache 844.5M | buff   55.4M | slab   74.4M |
MEM | tot     3.8G | free    1.6G | cache 844.5M | buff   55.4M | slab   74.4M |
MEM | tot     3.8G | free    1.6G | cache 844.6M | buff   55.4M | slab   74.4M |
MEM | tot     3.8G | free    1.6G | cache 844.6M | buff   55.4M | slab   74.4M |
MEM | tot     3.8G | free    1.6G | cache 844.6M | buff   55.4M | slab   74.4M |
MEM | tot     3.8G | free    1.6G | cache 844.6M | buff   55.5M | slab   74.4M |
MEM | tot     3.8G | free    1.6G | cache 844.6M | buff   55.5M | slab   74.4M |
MEM | tot     3.8G | free    1.6G | cache 844.6M | buff   55.5M | slab   74.4M |
MEM | tot     3.8G | free    1.6G | cache 844.6M | buff   55.5M | slab   74.4M |
MEM | tot     3.8G | free    1.6G | cache 844.6M | buff   55.5M | slab   74.4M |
MEM | tot     3.8G | free    1.6G | cache 844.7M | buff   55.5M | slab   74.4M |
MEM | tot     3.8G | free    1.6G | cache 844.7M | buff   55.5M | slab   74.4M |
MEM | tot     3.8G | free    1.6G | cache 844.7M | buff   55.5M | slab   74.4M |
MEM | tot     3.8G | free    1.6G | cache 844.7M | buff   55.5M | slab   74.4M |
MEM | tot     3.8G | free    1.6G | cache 844.7M | buff   55.5M | slab   74.4M |
MEM | tot     3.8G | free    1.6G | cache 844.7M | buff   55.5M | slab   74.4M |
MEM | tot     3.8G | free    1.6G | cache 844.7M | buff   55.5M | slab   74.4M |
MEM | tot     3.8G | free    1.6G | cache 844.7M | buff   55.5M | slab   74.4M |
MEM | tot     3.8G | free    1.6G | cache 844.8M | buff   55.5M | slab   74.4M |
MEM | tot     3.8G | free    1.6G | cache 844.8M | buff   55.5M | slab   74.4M |
MEM | tot     3.8G | free    1.6G | cache 844.8M | buff   55.5M | slab   74.4M |
MEM | tot     3.8G | free    1.6G | cache 844.8M | buff   55.5M | slab   74.4M |
MEM | tot     3.8G | free    1.6G | cache 844.8M | buff   55.5M | slab   74.4M |
MEM | tot     3.8G | free    1.6G | cache 844.8M | buff   55.5M | slab   74.4M |
MEM | tot     3.8G | free    1.6G | cache 844.8M | buff   55.5M | slab   74.4M |
MEM | tot     3.8G | free    1.6G | cache 844.8M | buff   55.5M | slab   74.4M |
MEM | tot     3.8G | free    1.6G | cache 844.8M | buff   55.5M | slab   74.4M |
MEM | tot     3.8G | free    1.6G | cache 844.9M | buff   55.5M | slab   74.4M |
MEM | tot     3.8G | free    1.6G | cache 844.9M | buff   55.5M | slab   74.4M |
MEM | tot     3.8G | free    1.6G | cache 844.9M | buff   55.5M | slab   74.4M |
MEM | tot     3.8G | free    1.6G | cache 844.9M | buff   55.5M | slab   74.4M |
MEM | tot     3.8G | free    1.6G | cache 844.9M | buff   55.5M | slab   74.4M |
MEM | tot     3.8G | free    1.6G | cache 844.9M | buff   55.5M | slab   74.4M |
MEM | tot     3.8G | free    1.6G | cache 844.9M | buff   55.5M | slab   74.4M |
MEM | tot     3.8G | free    1.6G | cache 844.9M | buff   55.5M | slab   74.4M |
MEM | tot     3.8G | free    1.6G | cache 845.0M | buff   55.5M | slab   74.4M |
MEM | tot     3.8G | free    1.6G | cache 845.0M | buff   55.5M | slab   74.4M |
MEM | tot     3.8G | free    1.6G | cache 845.0M | buff   55.5M | slab   74.4M |
MEM | tot     3.8G | free    1.6G | cache 845.0M | buff   55.5M | slab   74.4M |
MEM | tot     3.8G | free    1.6G | cache 845.0M | buff   55.5M | slab   74.4M |
MEM | tot     3.8G | free    1.6G | cache 845.0M | buff   55.5M | slab   74.4M |
MEM | tot     3.8G | free    1.6G | cache 840.7M | buff   55.5M | slab   74.4M |
MEM | tot     3.8G | free    1.6G | cache 840.7M | buff   55.5M | slab   74.4M |
MEM | tot     3.8G | free    1.6G | cache 840.7M | buff   55.5M | slab   74.4M |
MEM | tot     3.8G | free    1.6G | cache 840.8M | buff   55.5M | slab   74.4M |
MEM | tot     3.8G | free    1.6G | cache 840.8M | buff   55.5M | slab   74.4M |
MEM | tot     3.8G | free    1.6G | cache 840.8M | buff   55.5M | slab   74.4M |
MEM | tot     3.8G | free    1.6G | cache 840.8M | buff   55.5M | slab   74.4M |
MEM | tot     3.8G | free    1.6G | cache 840.8M | buff   55.6M | slab   74.4M |
MEM | tot     3.8G | free    1.6G | cache 840.8M | buff   55.6M | slab   74.4M |
MEM | tot     3.8G | free    1.6G | cache 840.8M | buff   55.6M | slab   74.4M |
MEM | tot     3.8G | free    1.6G | cache 840.8M | buff   55.6M | slab   74.4M |
MEM | tot     3.8G | free    1.6G | cache 840.8M | buff   55.6M | slab   74.4M |
MEM | tot     3.8G | free    1.6G | cache 840.9M | buff   55.6M | slab   74.4M |
