MEM | tot     3.8G | free    1.7G | cache 836.6M | buff   55.6M | slab   74.3M |
MEM | tot     3.8G | free    1.6G | cache 841.6M | buff   55.6M | slab   74.4M |
MEM | tot     3.8G | free    1.6G | cache 854.9M | buff   55.6M | slab   74.4M |
MEM | tot     3.8G | free    1.6G | cache 855.0M | buff   55.6M | slab   74.4M |
MEM | tot     3.8G | free    1.6G | cache 855.0M | buff   55.6M | slab   74.4M |
MEM | tot     3.8G | free    1.6G | cache 855.0M | buff   55.6M | slab   74.4M |
MEM | tot     3.8G | free    1.6G | cache 855.0M | buff   55.6M | slab   74.5M |
MEM | tot     3.8G | free    1.6G | cache 845.1M | buff   55.6M | slab   74.4M |
MEM | tot     3.8G | free    1.6G | cache 844.3M | buff   55.6M | slab   74.4M |
MEM | tot     3.8G | free    1.6G | cache 844.3M | buff   55.6M | slab   74.4M |
MEM | tot     3.8G | free    1.6G | cache 844.3M | buff   55.6M | slab   74.4M |
MEM | tot     3.8G | free    1.6G | cache 844.3M | buff   55.6M | slab   74.4M |
MEM | tot     3.8G | free    1.6G | cache 844.3M | buff   55.6M | slab   74.4M |
