MEM | tot     3.8G | free    1.7G | cache 840.9M | buff   55.7M | slab   74.4M |
MEM | tot     3.8G | free    1.6G | cache 843.8M | buff   55.7M | slab   74.4M |
MEM | tot     3.8G | free    1.6G | cache 854.8M | buff   55.7M | slab   74.5M |
MEM | tot     3.8G | free    1.6G | cache 854.8M | buff   55.7M | slab   74.5M |
MEM | tot     3.8G | free    1.6G | cache 854.8M | buff   55.7M | slab   74.5M |
MEM | tot     3.8G | free    1.6G | cache 854.8M | buff   55.7M | slab   74.5M |
MEM | tot     3.8G | free    1.6G | cache 854.6M | buff   55.7M | slab   74.5M |
MEM | tot     3.8G | free    1.6G | cache 844.3M | buff   55.7M | slab   74.5M |
MEM | tot     3.8G | free    1.6G | cache 844.3M | buff   55.7M | slab   74.4M |
MEM | tot     3.8G | free    1.6G | cache 844.3M | buff   55.7M | slab   74.4M |
MEM | tot     3.8G | free    1.6G | cache 844.4M | buff   55.7M | slab   74.4M |
MEM | tot     3.8G | free    1.6G | cache 844.4M | buff   55.7M | slab   74.4M |
MEM | tot     3.8G | free    1.6G | cache 844.4M | buff   55.7M | slab   74.4M |
MEM | tot     3.8G | free    1.6G | cache 844.5M | buff   55.7M | slab   74.4M |
MEM | tot     3.8G | free    1.6G | cache 844.5M | buff   55.7M | slab   74.4M |
MEM | tot     3.8G | free    1.6G | cache 844.5M | buff   55.7M | slab   74.4M |
MEM | tot     3.8G | free    1.6G | cache 844.6M | buff   55.7M | slab   74.4M |
MEM | tot     3.8G | free    1.6G | cache 844.6M | buff   55.7M | slab   74.4M |
MEM | tot     3.8G | free    1.6G | cache 844.6M | buff   55.7M | slab   74.4M |
MEM | tot     3.8G | free    1.6G | cache 844.6M | buff   55.7M | slab   74.4M |
MEM | tot     3.8G | free    1.6G | cache 844.6M | buff   55.7M | slab   74.4M |
MEM | tot     3.8G | free    1.6G | cache 844.6M | buff   55.7M | slab   74.4M |
MEM | tot     3.8G | free    1.6G | cache 844.6M | buff   55.7M | slab   74.4M |
MEM | tot     3.8G | free    1.6G | cache 844.6M | buff   55.7M | slab   74.4M |
MEM | tot     3.8G | free    1.6G | cache 844.6M | buff   55.7M | slab   74.4M |
MEM | tot     3.8G | free    1.6G | cache 844.7M | buff   55.7M | slab   74.4M |
MEM | tot     3.8G | free    1.6G | cache 844.7M | buff   55.7M | slab   74.4M |
MEM | tot     3.8G | free    1.6G | cache 844.7M | buff   55.7M | slab   74.4M |
MEM | tot     3.8G | free    1.6G | cache 844.7M | buff   55.7M | slab   74.4M |
MEM | tot     3.8G | free    1.6G | cache 844.7M | buff   55.7M | slab   74.4M |
MEM | tot     3.8G | free    1.6G | cache 844.7M | buff   55.7M | slab   74.4M |
MEM | tot     3.8G | free    1.6G | cache 844.7M | buff   55.7M | slab   74.4M |
MEM | tot     3.8G | free    1.6G | cache 844.7M | buff   55.7M | slab   74.4M |
MEM | tot     3.8G | free    1.6G | cache 844.8M | buff   55.7M | slab   74.4M |
MEM | tot     3.8G | free    1.6G | cache 844.8M | buff   55.7M | slab   74.4M |
MEM | tot     3.8G | free    1.6G | cache 844.8M | buff   55.7M | slab   74.4M |
MEM | tot     3.8G | free    1.6G | cache 844.8M | buff   55.7M | slab   74.4M |
MEM | tot     3.8G | free    1.6G | cache 844.8M | buff   55.7M | slab   74.4M |
MEM | tot     3.8G | free    1.6G | cache 844.8M | buff   55.7M | slab   74.4M |
MEM | tot     3.8G | free    1.6G | cache 844.8M | buff   55.7M | slab   74.4M |
MEM | tot     3.8G | free    1.6G | cache 845.3M | buff   55.7M | slab   74.4M |
MEM | tot     3.8G | free    1.6G | cache 845.4M | buff   55.7M | slab   74.4M |
MEM | tot     3.8G | free    1.6G | cache 845.4M | buff   55.7M | slab   74.4M |
MEM | tot     3.8G | free    1.6G | cache 845.4M | buff   55.7M | slab   74.4M |
MEM | tot     3.8G | free    1.6G | cache 845.4M | buff   55.7M | slab   74.4M |
MEM | tot     3.8G | free    1.6G | cache 845.4M | buff   55.7M | slab   74.4M |
MEM | tot     3.8G | free    1.6G | cache 844.9M | buff   55.7M | slab   74.4M |
MEM | tot     3.8G | free    1.6G | cache 844.9M | buff   55.7M | slab   74.4M |
MEM | tot     3.8G | free    1.6G | cache 844.9M | buff   55.7M | slab   74.4M |
MEM | tot     3.8G | free    1.6G | cache 845.0M | buff   55.7M | slab   74.4M |
MEM | tot     3.8G | free    1.6G | cache 845.0M | buff   55.7M | slab   74.4M |
MEM | tot     3.8G | free    1.6G | cache 845.0M | buff   55.7M | slab   74.4M |
MEM | tot     3.8G | free    1.6G | cache 845.0M | buff   55.7M | slab   74.4M |
