CPU,sys,9,user,24,irq,1,idle,51,wait,16,,33
CPU,sys,38,user,62,irq,0,idle,0,wait,0,,100
CPU,sys,27,user,73,irq,0,idle,0,wait,0,,100
CPU,sys,36,user,62,irq,2,idle,0,wait,0,,98
CPU,sys,32,user,67,irq,1,idle,0,wait,0,,99
CPU,sys,30,user,68,irq,2,idle,0,wait,0,,98
CPU,sys,42,user,57,irq,1,idle,0,wait,0,,99
CPU,sys,31,user,64,irq,5,idle,0,wait,0,,95
CPU,sys,30,user,67,irq,3,idle,0,wait,0,,97
CPU,sys,25,user,74,irq,1,idle,0,wait,0,,99
CPU,sys,29,user,69,irq,2,idle,0,wait,0,,98
CPU,sys,30,user,67,irq,3,idle,0,wait,0,,97
CPU,sys,31,user,66,irq,3,idle,0,wait,0,,97
CPU,sys,33,user,29,irq,3,idle,0,wait,34,,62
CPU,sys,28,user,30,irq,3,idle,0,wait,39,,58
CPU,sys,28,user,28,irq,3,idle,0,wait,41,,56
CPU,sys,26,user,29,irq,3,idle,0,wait,43,,55
CPU,sys,23,user,29,irq,1,idle,0,wait,46,,52
CPU,sys,24,user,24,irq,1,idle,0,wait,51,,48
CPU,sys,26,user,18,irq,2,idle,0,wait,54,,44
CPU,sys,23,user,23,irq,2,idle,0,wait,51,,46
CPU,sys,24,user,25,irq,2,idle,0,wait,49,,49
CPU,sys,25,user,21,irq,3,idle,0,wait,51,,46
CPU,sys,24,user,24,irq,1,idle,0,wait,51,,48
CPU,sys,23,user,20,irq,2,idle,0,wait,55,,43
CPU,sys,24,user,22,irq,1,idle,0,wait,53,,46
CPU,sys,20,user,21,irq,3,idle,0,wait,56,,41
CPU,sys,21,user,26,irq,1,idle,0,wait,52,,47
CPU,sys,26,user,24,irq,4,idle,0,wait,46,,50
CPU,sys,26,user,21,irq,2,idle,0,wait,51,,47
CPU,sys,19,user,26,irq,1,idle,0,wait,54,,45
CPU,sys,18,user,24,irq,4,idle,0,wait,54,,42
CPU,sys,21,user,28,irq,2,idle,0,wait,49,,49
CPU,sys,20,user,22,irq,3,idle,0,wait,55,,42
CPU,sys,21,user,23,irq,3,idle,0,wait,52,,44
CPU,sys,25,user,20,irq,2,idle,0,wait,52,,45
CPU,sys,20,user,23,irq,2,idle,0,wait,55,,43
CPU,sys,21,user,18,irq,3,idle,0,wait,58,,39
CPU,sys,19,user,18,irq,1,idle,0,wait,62,,37
CPU,sys,20,user,19,irq,4,idle,0,wait,57,,39
CPU,sys,24,user,32,irq,3,idle,0,wait,41,,56
CPU,sys,20,user,70,irq,3,idle,0,wait,7,,90
CPU,sys,24,user,59,irq,2,idle,0,wait,15,,83
CPU,sys,21,user,19,irq,3,idle,0,wait,58,,40
CPU,sys,21,user,19,irq,1,idle,0,wait,60,,40
CPU,sys,22,user,21,irq,1,idle,0,wait,56,,43
CPU,sys,20,user,22,irq,1,idle,0,wait,57,,42
CPU,sys,19,user,21,irq,2,idle,0,wait,58,,40
CPU,sys,22,user,19,irq,2,idle,0,wait,57,,41
CPU,sys,20,user,23,irq,1,idle,0,wait,56,,43
CPU,sys,22,user,23,irq,2,idle,0,wait,54,,45
CPU,sys,25,user,22,irq,3,idle,0,wait,50,,47
CPU,sys,21,user,19,irq,1,idle,0,wait,58,,40
,,,,,,,,,,,,
,,,,,,,,,,,média,"59,4230769230769"
,,,,,,,,,,,DP,"23,3224171836473"
