E,tot,"3,8",free,"1,7",cache,"838,3",buff,"55,4",slab,"74,2",,"2,1"
E,tot,"3,8",free,"1,6",cache,"843,4",buff,"55,4",slab,"74,3",,"2,2"
E,tot,"3,8",free,"1,6",cache,"845,4",buff,"55,4",slab,"74,4",,"2,2"
E,tot,"3,8",free,"1,6",cache,"845,4",buff,"55,4",slab,"74,4",,"2,2"
E,tot,"3,8",free,"1,6",cache,"845,5",buff,"55,4",slab,"74,4",,"2,2"
E,tot,"3,8",free,"1,6",cache,"845,5",buff,"55,4",slab,"74,4",,"2,2"
E,tot,"3,8",free,"1,6",cache,845,buff,"55,4",slab,"74,4",,"2,2"
E,tot,"3,8",free,"1,6",cache,"844,2",buff,"55,4",slab,"74,4",,"2,2"
E,tot,"3,8",free,"1,6",cache,"844,3",buff,"55,4",slab,"74,4",,"2,2"
E,tot,"3,8",free,"1,6",cache,"844,3",buff,"55,4",slab,"74,4",,"2,2"
E,tot,"3,8",free,"1,6",cache,"844,3",buff,"55,4",slab,"74,4",,"2,2"
E,tot,"3,8",free,"1,6",cache,"844,3",buff,"55,4",slab,"74,4",,"2,2"
E,tot,"3,8",free,"1,6",cache,"844,3",buff,"55,4",slab,"74,4",,"2,2"
E,tot,"3,8",free,"1,6",cache,"844,3",buff,"55,4",slab,"74,4",,"2,2"
E,tot,"3,8",free,"1,6",cache,"844,3",buff,"55,4",slab,"74,4",,"2,2"
E,tot,"3,8",free,"1,6",cache,"844,3",buff,"55,4",slab,"74,4",,"2,2"
E,tot,"3,8",free,"1,6",cache,"844,4",buff,"55,4",slab,"74,4",,"2,2"
E,tot,"3,8",free,"1,6",cache,"844,4",buff,"55,4",slab,"74,4",,"2,2"
E,tot,"3,8",free,"1,6",cache,"844,4",buff,"55,4",slab,"74,4",,"2,2"
E,tot,"3,8",free,"1,6",cache,"844,4",buff,"55,4",slab,"74,4",,"2,2"
E,tot,"3,8",free,"1,6",cache,"844,4",buff,"55,4",slab,"74,4",,"2,2"
E,tot,"3,8",free,"1,6",cache,"844,4",buff,"55,4",slab,"74,4",,"2,2"
E,tot,"3,8",free,"1,6",cache,"844,4",buff,"55,4",slab,"74,4",,"2,2"
E,tot,"3,8",free,"1,6",cache,"844,4",buff,"55,4",slab,"74,4",,"2,2"
E,tot,"3,8",free,"1,6",cache,"844,5",buff,"55,4",slab,"74,4",,"2,2"
E,tot,"3,8",free,"1,6",cache,"844,5",buff,"55,4",slab,"74,4",,"2,2"
E,tot,"3,8",free,"1,6",cache,"844,5",buff,"55,4",slab,"74,4",,"2,2"
E,tot,"3,8",free,"1,6",cache,"844,5",buff,"55,4",slab,"74,4",,"2,2"
E,tot,"3,8",free,"1,6",cache,"844,5",buff,"55,4",slab,"74,4",,"2,2"
E,tot,"3,8",free,"1,6",cache,"844,5",buff,"55,4",slab,"74,4",,"2,2"
E,tot,"3,8",free,"1,6",cache,"844,5",buff,"55,4",slab,"74,4",,"2,2"
E,tot,"3,8",free,"1,6",cache,"844,5",buff,"55,4",slab,"74,4",,"2,2"
E,tot,"3,8",free,"1,6",cache,"844,6",buff,"55,4",slab,"74,4",,"2,2"
E,tot,"3,8",free,"1,6",cache,"844,6",buff,"55,4",slab,"74,4",,"2,2"
E,tot,"3,8",free,"1,6",cache,"844,6",buff,"55,4",slab,"74,4",,"2,2"
E,tot,"3,8",free,"1,6",cache,"844,6",buff,"55,5",slab,"74,4",,"2,2"
E,tot,"3,8",free,"1,6",cache,"844,6",buff,"55,5",slab,"74,4",,"2,2"
E,tot,"3,8",free,"1,6",cache,"844,6",buff,"55,5",slab,"74,4",,"2,2"
E,tot,"3,8",free,"1,6",cache,"844,6",buff,"55,5",slab,"74,4",,"2,2"
E,tot,"3,8",free,"1,6",cache,"844,6",buff,"55,5",slab,"74,4",,"2,2"
E,tot,"3,8",free,"1,6",cache,"844,7",buff,"55,5",slab,"74,4",,"2,2"
E,tot,"3,8",free,"1,6",cache,"844,7",buff,"55,5",slab,"74,4",,"2,2"
E,tot,"3,8",free,"1,6",cache,"844,7",buff,"55,5",slab,"74,4",,"2,2"
E,tot,"3,8",free,"1,6",cache,"844,7",buff,"55,5",slab,"74,4",,"2,2"
E,tot,"3,8",free,"1,6",cache,"844,7",buff,"55,5",slab,"74,4",,"2,2"
E,tot,"3,8",free,"1,6",cache,"844,7",buff,"55,5",slab,"74,4",,"2,2"
E,tot,"3,8",free,"1,6",cache,"844,7",buff,"55,5",slab,"74,4",,"2,2"
E,tot,"3,8",free,"1,6",cache,"844,7",buff,"55,5",slab,"74,4",,"2,2"
E,tot,"3,8",free,"1,6",cache,"844,8",buff,"55,5",slab,"74,4",,"2,2"
E,tot,"3,8",free,"1,6",cache,"844,8",buff,"55,5",slab,"74,4",,"2,2"
E,tot,"3,8",free,"1,6",cache,"844,8",buff,"55,5",slab,"74,4",,"2,2"
E,tot,"3,8",free,"1,6",cache,"844,8",buff,"55,5",slab,"74,4",,"2,2"
E,tot,"3,8",free,"1,6",cache,"844,8",buff,"55,5",slab,"74,4",,"2,2"
E,tot,"3,8",free,"1,6",cache,"844,8",buff,"55,5",slab,"74,4",,"2,2"
E,tot,"3,8",free,"1,6",cache,"844,8",buff,"55,5",slab,"74,4",,"2,2"
E,tot,"3,8",free,"1,6",cache,"844,8",buff,"55,5",slab,"74,4",,"2,2"
E,tot,"3,8",free,"1,6",cache,"844,8",buff,"55,5",slab,"74,4",,"2,2"
E,tot,"3,8",free,"1,6",cache,"844,9",buff,"55,5",slab,"74,4",,"2,2"
E,tot,"3,8",free,"1,6",cache,"844,9",buff,"55,5",slab,"74,4",,"2,2"
E,tot,"3,8",free,"1,6",cache,"844,9",buff,"55,5",slab,"74,4",,"2,2"
E,tot,"3,8",free,"1,6",cache,"844,9",buff,"55,5",slab,"74,4",,"2,2"
E,tot,"3,8",free,"1,6",cache,"844,9",buff,"55,5",slab,"74,4",,"2,2"
E,tot,"3,8",free,"1,6",cache,"844,9",buff,"55,5",slab,"74,4",,"2,2"
E,tot,"3,8",free,"1,6",cache,"844,9",buff,"55,5",slab,"74,4",,"2,2"
E,tot,"3,8",free,"1,6",cache,"844,9",buff,"55,5",slab,"74,4",,"2,2"
E,tot,"3,8",free,"1,6",cache,845,buff,"55,5",slab,"74,4",,"2,2"
E,tot,"3,8",free,"1,6",cache,845,buff,"55,5",slab,"74,4",,"2,2"
E,tot,"3,8",free,"1,6",cache,845,buff,"55,5",slab,"74,4",,"2,2"
E,tot,"3,8",free,"1,6",cache,845,buff,"55,5",slab,"74,4",,"2,2"
E,tot,"3,8",free,"1,6",cache,845,buff,"55,5",slab,"74,4",,"2,2"
E,tot,"3,8",free,"1,6",cache,845,buff,"55,5",slab,"74,4",,"2,2"
E,tot,"3,8",free,"1,6",cache,"840,7",buff,"55,5",slab,"74,4",,"2,2"
E,tot,"3,8",free,"1,6",cache,"840,7",buff,"55,5",slab,"74,4",,"2,2"
E,tot,"3,8",free,"1,6",cache,"840,7",buff,"55,5",slab,"74,4",,"2,2"
E,tot,"3,8",free,"1,6",cache,"840,8",buff,"55,5",slab,"74,4",,"2,2"
E,tot,"3,8",free,"1,6",cache,"840,8",buff,"55,5",slab,"74,4",,"2,2"
E,tot,"3,8",free,"1,6",cache,"840,8",buff,"55,5",slab,"74,4",,"2,2"
E,tot,"3,8",free,"1,6",cache,"840,8",buff,"55,5",slab,"74,4",,"2,2"
E,tot,"3,8",free,"1,6",cache,"840,8",buff,"55,6",slab,"74,4",,"2,2"
E,tot,"3,8",free,"1,6",cache,"840,8",buff,"55,6",slab,"74,4",,"2,2"
E,tot,"3,8",free,"1,6",cache,"840,8",buff,"55,6",slab,"74,4",,"2,2"
E,tot,"3,8",free,"1,6",cache,"840,8",buff,"55,6",slab,"74,4",,"2,2"
E,tot,"3,8",free,"1,6",cache,"840,8",buff,"55,6",slab,"74,4",,"2,2"
E,tot,"3,8",free,"1,6",cache,"840,9",buff,"55,6",slab,"74,4",,"2,2"
,,,,,,,,,,,,
,,,,,,,,,,,média,"2,19880952380952"
,,,,,,,,,,,DP,"0,0109108945117997"
