CPU,sys,9,user,24,irq,1,idle,51,wait,16,,33
CPU,sys,36,user,64,irq,0,idle,0,wait,0,,100
CPU,sys,28,user,72,irq,0,idle,0,wait,0,,100
CPU,sys,37,user,58,irq,5,idle,0,wait,0,,95
CPU,sys,30,user,70,irq,0,idle,0,wait,0,,100
CPU,sys,28,user,68,irq,4,idle,0,wait,0,,96
CPU,sys,40,user,58,irq,2,idle,0,wait,0,,98
CPU,sys,27,user,71,irq,2,idle,0,wait,0,,98
CPU,sys,37,user,58,irq,5,idle,0,wait,0,,95
CPU,sys,28,user,68,irq,4,idle,0,wait,0,,96
CPU,sys,29,user,68,irq,3,idle,0,wait,0,,97
CPU,sys,34,user,63,irq,3,idle,0,wait,0,,97
CPU,sys,32,user,62,irq,2,idle,0,wait,4,,94
CPU,sys,10,user,61,irq,0,idle,0,wait,29,,71
CPU,sys,12,user,70,irq,0,idle,0,wait,18,,82
CPU,sys,16,user,71,irq,0,idle,0,wait,14,,87
CPU,sys,16,user,76,irq,1,idle,0,wait,7,,92
CPU,sys,11,user,77,irq,0,idle,0,wait,12,,88
CPU,sys,15,user,70,irq,0,idle,0,wait,16,,85
CPU,sys,12,user,81,irq,1,idle,0,wait,7,,93
CPU,sys,13,user,76,irq,0,idle,0,wait,12,,89
CPU,sys,14,user,67,irq,0,idle,0,wait,19,,81
CPU,sys,11,user,82,irq,0,idle,0,wait,6,,93
CPU,sys,17,user,73,irq,0,idle,0,wait,10,,90
CPU,sys,13,user,72,irq,1,idle,0,wait,13,,85
CPU,sys,12,user,78,irq,1,idle,0,wait,8,,90
CPU,sys,12,user,82,irq,0,idle,0,wait,6,,94
CPU,sys,14,user,78,irq,0,idle,0,wait,8,,92
CPU,sys,13,user,76,irq,1,idle,0,wait,10,,89
CPU,sys,12,user,76,irq,1,idle,0,wait,11,,88
CPU,sys,11,user,82,irq,0,idle,0,wait,7,,93
CPU,sys,12,user,71,irq,0,idle,0,wait,16,,83
CPU,sys,12,user,80,irq,0,idle,0,wait,8,,92
CPU,sys,13,user,78,irq,1,idle,0,wait,8,,91
CPU,sys,11,user,74,irq,0,idle,0,wait,15,,85
CPU,sys,12,user,80,irq,1,idle,0,wait,7,,92
CPU,sys,11,user,75,irq,0,idle,0,wait,14,,86
CPU,sys,10,user,78,irq,1,idle,0,wait,11,,88
CPU,sys,10,user,82,irq,1,idle,0,wait,7,,92
CPU,sys,11,user,72,irq,0,idle,0,wait,17,,83
CPU,sys,11,user,68,irq,1,idle,0,wait,20,,79
CPU,sys,13,user,67,irq,0,idle,0,wait,19,,80
CPU,sys,11,user,69,irq,0,idle,0,wait,20,,80
CPU,sys,12,user,69,irq,0,idle,0,wait,19,,81
,,,,,,,,,,,,
,,,,,,,,,,,média,"89,7674418604651"
,,,,,,,,,,,DP,"6,62907452171089"
