E,tot,"3,8",free,"1,7",cache,"840,9",buff,"55,7",slab,"74,4",,"2,1"
E,tot,"3,8",free,"1,6",cache,"843,8",buff,"55,7",slab,"74,4",,"2,2"
E,tot,"3,8",free,"1,6",cache,"854,8",buff,"55,7",slab,"74,5",,"2,2"
E,tot,"3,8",free,"1,6",cache,"854,8",buff,"55,7",slab,"74,5",,"2,2"
E,tot,"3,8",free,"1,6",cache,"854,8",buff,"55,7",slab,"74,5",,"2,2"
E,tot,"3,8",free,"1,6",cache,"854,8",buff,"55,7",slab,"74,5",,"2,2"
E,tot,"3,8",free,"1,6",cache,"854,6",buff,"55,7",slab,"74,5",,"2,2"
E,tot,"3,8",free,"1,6",cache,"844,3",buff,"55,7",slab,"74,5",,"2,2"
E,tot,"3,8",free,"1,6",cache,"844,3",buff,"55,7",slab,"74,4",,"2,2"
E,tot,"3,8",free,"1,6",cache,"844,3",buff,"55,7",slab,"74,4",,"2,2"
E,tot,"3,8",free,"1,6",cache,"844,4",buff,"55,7",slab,"74,4",,"2,2"
E,tot,"3,8",free,"1,6",cache,"844,4",buff,"55,7",slab,"74,4",,"2,2"
E,tot,"3,8",free,"1,6",cache,"844,4",buff,"55,7",slab,"74,4",,"2,2"
E,tot,"3,8",free,"1,6",cache,"844,5",buff,"55,7",slab,"74,4",,"2,2"
E,tot,"3,8",free,"1,6",cache,"844,5",buff,"55,7",slab,"74,4",,"2,2"
E,tot,"3,8",free,"1,6",cache,"844,5",buff,"55,7",slab,"74,4",,"2,2"
E,tot,"3,8",free,"1,6",cache,"844,6",buff,"55,7",slab,"74,4",,"2,2"
E,tot,"3,8",free,"1,6",cache,"844,6",buff,"55,7",slab,"74,4",,"2,2"
E,tot,"3,8",free,"1,6",cache,"844,6",buff,"55,7",slab,"74,4",,"2,2"
E,tot,"3,8",free,"1,6",cache,"844,6",buff,"55,7",slab,"74,4",,"2,2"
E,tot,"3,8",free,"1,6",cache,"844,6",buff,"55,7",slab,"74,4",,"2,2"
E,tot,"3,8",free,"1,6",cache,"844,6",buff,"55,7",slab,"74,4",,"2,2"
E,tot,"3,8",free,"1,6",cache,"844,6",buff,"55,7",slab,"74,4",,"2,2"
E,tot,"3,8",free,"1,6",cache,"844,6",buff,"55,7",slab,"74,4",,"2,2"
E,tot,"3,8",free,"1,6",cache,"844,6",buff,"55,7",slab,"74,4",,"2,2"
E,tot,"3,8",free,"1,6",cache,"844,7",buff,"55,7",slab,"74,4",,"2,2"
E,tot,"3,8",free,"1,6",cache,"844,7",buff,"55,7",slab,"74,4",,"2,2"
E,tot,"3,8",free,"1,6",cache,"844,7",buff,"55,7",slab,"74,4",,"2,2"
E,tot,"3,8",free,"1,6",cache,"844,7",buff,"55,7",slab,"74,4",,"2,2"
E,tot,"3,8",free,"1,6",cache,"844,7",buff,"55,7",slab,"74,4",,"2,2"
E,tot,"3,8",free,"1,6",cache,"844,7",buff,"55,7",slab,"74,4",,"2,2"
E,tot,"3,8",free,"1,6",cache,"844,7",buff,"55,7",slab,"74,4",,"2,2"
E,tot,"3,8",free,"1,6",cache,"844,7",buff,"55,7",slab,"74,4",,"2,2"
E,tot,"3,8",free,"1,6",cache,"844,8",buff,"55,7",slab,"74,4",,"2,2"
E,tot,"3,8",free,"1,6",cache,"844,8",buff,"55,7",slab,"74,4",,"2,2"
E,tot,"3,8",free,"1,6",cache,"844,8",buff,"55,7",slab,"74,4",,"2,2"
E,tot,"3,8",free,"1,6",cache,"844,8",buff,"55,7",slab,"74,4",,"2,2"
E,tot,"3,8",free,"1,6",cache,"844,8",buff,"55,7",slab,"74,4",,"2,2"
E,tot,"3,8",free,"1,6",cache,"844,8",buff,"55,7",slab,"74,4",,"2,2"
E,tot,"3,8",free,"1,6",cache,"844,8",buff,"55,7",slab,"74,4",,"2,2"
E,tot,"3,8",free,"1,6",cache,"845,3",buff,"55,7",slab,"74,4",,"2,2"
E,tot,"3,8",free,"1,6",cache,"845,4",buff,"55,7",slab,"74,4",,"2,2"
E,tot,"3,8",free,"1,6",cache,"845,4",buff,"55,7",slab,"74,4",,"2,2"
E,tot,"3,8",free,"1,6",cache,"845,4",buff,"55,7",slab,"74,4",,"2,2"
E,tot,"3,8",free,"1,6",cache,"845,4",buff,"55,7",slab,"74,4",,"2,2"
E,tot,"3,8",free,"1,6",cache,"845,4",buff,"55,7",slab,"74,4",,"2,2"
E,tot,"3,8",free,"1,6",cache,"844,9",buff,"55,7",slab,"74,4",,"2,2"
E,tot,"3,8",free,"1,6",cache,"844,9",buff,"55,7",slab,"74,4",,"2,2"
E,tot,"3,8",free,"1,6",cache,"844,9",buff,"55,7",slab,"74,4",,"2,2"
E,tot,"3,8",free,"1,6",cache,845,buff,"55,7",slab,"74,4",,"2,2"
E,tot,"3,8",free,"1,6",cache,845,buff,"55,7",slab,"74,4",,"2,2"
E,tot,"3,8",free,"1,6",cache,845,buff,"55,7",slab,"74,4",,"2,2"
E,tot,"3,8",free,"1,6",cache,845,buff,"55,7",slab,"74,4",,"2,2"
,,,,,,,,,,,,
,,,,,,,,,,,média,"2,19811320754717"
,,,,,,,,,,,DP,"0,0137360563948689"
