CPU,sys,9,user,23,irq,1,idle,52,wait,16,,32
CPU,sys,38,user,62,irq,0,idle,0,wait,0,,100
CPU,sys,28,user,54,irq,0,idle,0,wait,19,,82
CPU,sys,33,user,33,irq,3,idle,0,wait,32,,66
CPU,sys,30,user,33,irq,2,idle,0,wait,35,,63
CPU,sys,33,user,41,irq,6,idle,0,wait,20,,74
CPU,sys,24,user,39,irq,2,idle,0,wait,35,,63
CPU,sys,25,user,34,irq,1,idle,0,wait,40,,59
CPU,sys,30,user,33,irq,2,idle,0,wait,35,,63
CPU,sys,26,user,36,irq,4,idle,0,wait,35,,62
CPU,sys,29,user,31,irq,4,idle,0,wait,35,,60
CPU,sys,28,user,34,irq,2,idle,0,wait,36,,62
CPU,sys,23,user,34,irq,3,idle,0,wait,38,,57
CPU,sys,28,user,31,irq,2,idle,0,wait,38,,59
CPU,sys,22,user,36,irq,3,idle,0,wait,38,,58
CPU,sys,24,user,35,irq,3,idle,0,wait,38,,59
CPU,sys,25,user,31,irq,2,idle,0,wait,42,,56
CPU,sys,21,user,34,irq,1,idle,0,wait,44,,55
CPU,sys,27,user,29,irq,2,idle,0,wait,42,,56
CPU,sys,26,user,34,irq,1,idle,0,wait,39,,60
CPU,sys,24,user,32,irq,2,idle,0,wait,42,,56
CPU,sys,22,user,36,irq,3,idle,0,wait,39,,58
CPU,sys,22,user,32,irq,3,idle,0,wait,43,,54
CPU,sys,24,user,32,irq,1,idle,0,wait,43,,56
CPU,sys,23,user,32,irq,2,idle,0,wait,43,,55
CPU,sys,23,user,37,irq,2,idle,0,wait,37,,60
CPU,sys,26,user,31,irq,1,idle,0,wait,43,,57
CPU,sys,24,user,36,irq,2,idle,0,wait,39,,60
CPU,sys,24,user,33,irq,3,idle,0,wait,40,,57
CPU,sys,20,user,40,irq,1,idle,0,wait,39,,60
CPU,sys,26,user,33,irq,3,idle,0,wait,38,,59
CPU,sys,20,user,35,irq,3,idle,0,wait,42,,55
CPU,sys,20,user,27,irq,1,idle,0,wait,52,,47
CPU,sys,20,user,26,irq,4,idle,0,wait,49,,46
CPU,sys,19,user,30,irq,1,idle,0,wait,51,,49
CPU,sys,19,user,31,irq,1,idle,0,wait,49,,50
CPU,sys,22,user,27,irq,0,idle,0,wait,51,,49
CPU,sys,19,user,35,irq,2,idle,0,wait,43,,54
CPU,sys,19,user,35,irq,3,idle,0,wait,43,,54
CPU,sys,21,user,28,irq,4,idle,0,wait,47,,49
CPU,sys,20,user,32,irq,1,idle,0,wait,47,,52
CPU,sys,22,user,34,irq,2,idle,0,wait,43,,56
CPU,sys,18,user,30,irq,1,idle,0,wait,50,,48
CPU,sys,17,user,28,irq,3,idle,0,wait,52,,45
CPU,sys,17,user,32,irq,1,idle,0,wait,49,,49
CPU,sys,16,user,30,irq,3,idle,0,wait,51,,46
CPU,sys,15,user,32,irq,0,idle,0,wait,53,,47
CPU,sys,16,user,32,irq,2,idle,0,wait,49,,48
CPU,sys,18,user,29,irq,2,idle,0,wait,51,,47
CPU,sys,21,user,31,irq,0,idle,0,wait,47,,52
CPU,sys,21,user,27,irq,1,idle,0,wait,51,,48
CPU,sys,20,user,29,irq,1,idle,0,wait,51,,49
CPU,sys,13,user,33,irq,0,idle,0,wait,54,,46
CPU,sys,16,user,33,irq,1,idle,0,wait,49,,49
CPU,sys,18,user,30,irq,2,idle,0,wait,50,,48
CPU,sys,19,user,33,irq,2,idle,0,wait,46,,52
CPU,sys,20,user,32,irq,0,idle,0,wait,48,,52
CPU,sys,16,user,33,irq,1,idle,0,wait,49,,49
CPU,sys,15,user,26,irq,2,idle,0,wait,57,,41
CPU,sys,20,user,31,irq,2,idle,0,wait,47,,51
CPU,sys,17,user,32,irq,2,idle,0,wait,49,,49
CPU,sys,21,user,36,irq,2,idle,0,wait,41,,57
CPU,sys,20,user,36,irq,0,idle,0,wait,44,,56
CPU,sys,19,user,36,irq,1,idle,0,wait,43,,55
CPU,sys,19,user,35,irq,3,idle,0,wait,43,,54
CPU,sys,17,user,43,irq,2,idle,0,wait,39,,60
CPU,sys,20,user,42,irq,2,idle,0,wait,36,,62
CPU,sys,18,user,38,irq,2,idle,0,wait,42,,56
CPU,sys,22,user,37,irq,3,idle,0,wait,38,,59
CPU,sys,19,user,41,irq,1,idle,0,wait,39,,60
CPU,sys,23,user,34,irq,3,idle,0,wait,41,,57
CPU,sys,18,user,40,irq,0,idle,0,wait,41,,58
CPU,sys,24,user,38,irq,2,idle,0,wait,36,,62
CPU,sys,18,user,40,irq,1,idle,0,wait,42,,58
CPU,sys,18,user,42,irq,1,idle,0,wait,39,,60
CPU,sys,19,user,38,irq,2,idle,0,wait,42,,57
CPU,sys,22,user,40,irq,2,idle,0,wait,36,,62
CPU,sys,28,user,30,irq,2,idle,0,wait,41,,58
CPU,sys,19,user,39,irq,2,idle,0,wait,40,,58
CPU,sys,19,user,39,irq,2,idle,0,wait,41,,58
CPU,sys,21,user,40,irq,1,idle,0,wait,38,,61
CPU,sys,22,user,36,irq,1,idle,0,wait,41,,58
CPU,sys,17,user,40,irq,3,idle,0,wait,41,,57
CPU,sys,23,user,33,irq,2,idle,0,wait,42,,56
,,,,,,,,,,,,
,,,,,,,,,,,média,"56,1686746987952"
,,,,,,,,,,,DP,"8,02407851575712"
