MEM | tot     3.8G | free  915.7M | cache   1.6G | buff   74.7M | slab  103.5M |
MEM | numnode    1 | shmem  61.0M | shrss  30.1M | tcpsk   0.0M | udpsk   0.0M |
MEM | tot     3.8G | free  905.6M | cache   1.6G | buff   74.7M | slab  103.5M |
MEM | numnode    1 | shmem  61.0M | shrss  30.1M | tcpsk   0.0M | udpsk   0.0M |
MEM | tot     3.8G | free  902.6M | cache   1.6G | buff   74.7M | slab  103.5M |
MEM | numnode    1 | shmem  61.0M | shrss  30.1M | tcpsk   0.0M | udpsk   0.0M |
MEM | tot     3.8G | free  902.6M | cache   1.6G | buff   74.7M | slab  103.5M |
MEM | numnode    1 | shmem  61.0M | shrss  30.1M | tcpsk   0.0M | udpsk   0.0M |
