MEM | tot     3.8G | free  900.7M | cache   1.6G | buff   74.7M | slab  103.4M |
MEM | numnode    1 | shmem  61.8M | shrss  30.1M | tcpsk   0.0M | udpsk   0.0M |
MEM | tot     3.8G | free  891.2M | cache   1.6G | buff   74.7M | slab  103.5M |
MEM | numnode    1 | shmem  61.8M | shrss  30.1M | tcpsk   0.0M | udpsk   0.0M |
MEM | tot     3.8G | free  900.6M | cache   1.6G | buff   74.7M | slab  103.5M |
MEM | numnode    1 | shmem  61.8M | shrss  30.1M | tcpsk   0.0M | udpsk   0.0M |
MEM | tot     3.8G | free  902.4M | cache   1.6G | buff   74.7M | slab  103.5M |
MEM | numnode    1 | shmem  60.3M | shrss  30.1M | tcpsk   0.0M | udpsk   0.0M |
