MEM | tot     3.8G | free    2.3G | cache 635.6M | buff   35.4M | slab   64.4M |
MEM | tot     3.8G | free    2.2G | cache 642.1M | buff   35.4M | slab   64.4M |
MEM | tot     3.8G | free    2.2G | cache 649.1M | buff   35.4M | slab   64.6M |
MEM | tot     3.8G | free    2.2G | cache 649.1M | buff   35.4M | slab   64.6M |
MEM | tot     3.8G | free    2.2G | cache 649.1M | buff   35.4M | slab   64.6M |
MEM | tot     3.8G | free    2.2G | cache 649.1M | buff   35.4M | slab   64.6M |
MEM | tot     3.8G | free    2.2G | cache 649.1M | buff   35.4M | slab   64.6M |
MEM | tot     3.8G | free    2.2G | cache 649.1M | buff   35.4M | slab   64.6M |
MEM | tot     3.8G | free    2.2G | cache 646.9M | buff   35.4M | slab   64.7M |
MEM | tot     3.8G | free    2.2G | cache 646.9M | buff   35.4M | slab   64.6M |
MEM | tot     3.8G | free    2.2G | cache 643.2M | buff   35.5M | slab   64.6M |
MEM | tot     3.8G | free    2.2G | cache 643.2M | buff   35.5M | slab   64.6M |
MEM | tot     3.8G | free    2.2G | cache 646.2M | buff   35.5M | slab   64.6M |
MEM | tot     3.8G | free    2.2G | cache 646.2M | buff   35.5M | slab   64.6M |
MEM | tot     3.8G | free    2.2G | cache 646.2M | buff   35.5M | slab   64.6M |
MEM | tot     3.8G | free    2.2G | cache 646.2M | buff   35.5M | slab   64.6M |
MEM | tot     3.8G | free    2.2G | cache 646.2M | buff   35.5M | slab   64.6M |
MEM | tot     3.8G | free    2.2G | cache 646.3M | buff   35.5M | slab   64.6M |
MEM | tot     3.8G | free    2.2G | cache 643.3M | buff   35.5M | slab   64.6M |
MEM | tot     3.8G | free    2.2G | cache 643.3M | buff   35.5M | slab   64.6M |
MEM | tot     3.8G | free    2.2G | cache 643.3M | buff   35.5M | slab   64.6M |
MEM | tot     3.8G | free    2.2G | cache 643.3M | buff   35.5M | slab   64.6M |
MEM | tot     3.8G | free    2.2G | cache 643.3M | buff   35.5M | slab   64.6M |
MEM | tot     3.8G | free    2.2G | cache 643.3M | buff   35.5M | slab   64.6M |
MEM | tot     3.8G | free    2.2G | cache 643.3M | buff   35.5M | slab   64.6M |
MEM | tot     3.8G | free    2.2G | cache 643.3M | buff   35.5M | slab   64.6M |
MEM | tot     3.8G | free    2.2G | cache 643.4M | buff   35.5M | slab   64.6M |
MEM | tot     3.8G | free    2.2G | cache 643.4M | buff   35.5M | slab   64.6M |
MEM | tot     3.8G | free    2.2G | cache 643.4M | buff   35.5M | slab   64.6M |
MEM | tot     3.8G | free    2.2G | cache 643.5M | buff   35.5M | slab   64.6M |
MEM | tot     3.8G | free    2.2G | cache 643.5M | buff   35.5M | slab   64.6M |
MEM | tot     3.8G | free    2.2G | cache 643.5M | buff   35.5M | slab   64.6M |
MEM | tot     3.8G | free    2.2G | cache 643.6M | buff   35.5M | slab   64.6M |
MEM | tot     3.8G | free    2.2G | cache 643.6M | buff   35.5M | slab   64.6M |
MEM | tot     3.8G | free    2.2G | cache 643.6M | buff   35.5M | slab   64.6M |
MEM | tot     3.8G | free    2.2G | cache 643.6M | buff   35.5M | slab   64.6M |
MEM | tot     3.8G | free    2.2G | cache 643.6M | buff   35.5M | slab   64.6M |
MEM | tot     3.8G | free    2.2G | cache 643.6M | buff   35.5M | slab   64.7M |
MEM | tot     3.8G | free    2.2G | cache 643.6M | buff   35.5M | slab   64.7M |
MEM | tot     3.8G | free    2.2G | cache 643.6M | buff   35.5M | slab   64.7M |
MEM | tot     3.8G | free    2.2G | cache 643.6M | buff   35.5M | slab   64.7M |
MEM | tot     3.8G | free    2.2G | cache 643.7M | buff   35.5M | slab   64.7M |
MEM | tot     3.8G | free    2.2G | cache 643.7M | buff   35.5M | slab   64.7M |
MEM | tot     3.8G | free    2.2G | cache 643.7M | buff   35.5M | slab   64.7M |
MEM | tot     3.8G | free    2.2G | cache 643.7M | buff   35.5M | slab   64.7M |
MEM | tot     3.8G | free    2.2G | cache 643.7M | buff   35.5M | slab   64.7M |
MEM | tot     3.8G | free    2.2G | cache 643.7M | buff   35.5M | slab   64.7M |
MEM | tot     3.8G | free    2.2G | cache 643.7M | buff   35.5M | slab   64.7M |
MEM | tot     3.8G | free    2.2G | cache 643.7M | buff   35.5M | slab   64.7M |
MEM | tot     3.8G | free    2.2G | cache 643.7M | buff   35.5M | slab   64.7M |
MEM | tot     3.8G | free    2.2G | cache 643.8M | buff   35.5M | slab   64.7M |
MEM | tot     3.8G | free    2.2G | cache 643.8M | buff   35.5M | slab   64.7M |
MEM | tot     3.8G | free    2.2G | cache 643.8M | buff   35.6M | slab   64.7M |
MEM | tot     3.8G | free    2.2G | cache 643.8M | buff   35.6M | slab   64.7M |
MEM | tot     3.8G | free    2.2G | cache 643.8M | buff   35.6M | slab   64.7M |
MEM | tot     3.8G | free    2.2G | cache 643.8M | buff   35.6M | slab   64.7M |
MEM | tot     3.8G | free    2.2G | cache 643.8M | buff   35.6M | slab   64.7M |
MEM | tot     3.8G | free    2.2G | cache 643.8M | buff   35.6M | slab   64.7M |
MEM | tot     3.8G | free    2.2G | cache 643.8M | buff   35.6M | slab   64.7M |
MEM | tot     3.8G | free    2.2G | cache 643.9M | buff   35.6M | slab   64.7M |
MEM | tot     3.8G | free    2.2G | cache 643.9M | buff   35.6M | slab   64.7M |
MEM | tot     3.8G | free    2.2G | cache 643.9M | buff   35.6M | slab   64.7M |
MEM | tot     3.8G | free    2.2G | cache 643.9M | buff   35.6M | slab   64.7M |
MEM | tot     3.8G | free    2.2G | cache 643.9M | buff   35.6M | slab   64.7M |
MEM | tot     3.8G | free    2.2G | cache 643.9M | buff   35.6M | slab   64.7M |
MEM | tot     3.8G | free    2.2G | cache 643.9M | buff   35.6M | slab   64.7M |
MEM | tot     3.8G | free    2.2G | cache 643.9M | buff   35.6M | slab   64.7M |
MEM | tot     3.8G | free    2.2G | cache 643.9M | buff   35.6M | slab   64.7M |
MEM | tot     3.8G | free    2.2G | cache 644.0M | buff   35.6M | slab   64.7M |
MEM | tot     3.8G | free    2.2G | cache 644.0M | buff   35.6M | slab   64.7M |
MEM | tot     3.8G | free    2.2G | cache 644.0M | buff   35.6M | slab   64.7M |
MEM | tot     3.8G | free    2.2G | cache 644.0M | buff   35.6M | slab   64.7M |
MEM | tot     3.8G | free    2.2G | cache 639.6M | buff   35.6M | slab   64.7M |
MEM | tot     3.8G | free    2.2G | cache 639.6M | buff   35.6M | slab   64.7M |
MEM | tot     3.8G | free    2.2G | cache 639.6M | buff   35.6M | slab   64.7M |
MEM | tot     3.8G | free    2.2G | cache 639.6M | buff   35.6M | slab   64.7M |
MEM | tot     3.8G | free    2.2G | cache 639.6M | buff   35.6M | slab   64.7M |
MEM | tot     3.8G | free    2.2G | cache 639.6M | buff   35.6M | slab   64.7M |
MEM | tot     3.8G | free    2.2G | cache 639.6M | buff   35.6M | slab   64.7M |
MEM | tot     3.8G | free    2.2G | cache 639.6M | buff   35.6M | slab   64.7M |
MEM | tot     3.8G | free    2.2G | cache 639.7M | buff   35.6M | slab   64.7M |
MEM | tot     3.8G | free    2.2G | cache 639.7M | buff   35.6M | slab   64.7M |
MEM | tot     3.8G | free    2.2G | cache 639.7M | buff   35.6M | slab   64.7M |
MEM | tot     3.8G | free    2.2G | cache 639.7M | buff   35.6M | slab   64.7M |
MEM | tot     3.8G | free    2.2G | cache 639.7M | buff   35.6M | slab   64.7M |
MEM | tot     3.8G | free    2.2G | cache 639.7M | buff   35.6M | slab   64.7M |
MEM | tot     3.8G | free    2.2G | cache 639.7M | buff   35.6M | slab   64.7M |
MEM | tot     3.8G | free    2.2G | cache 639.7M | buff   35.6M | slab   64.7M |
MEM | tot     3.8G | free    2.2G | cache 639.7M | buff   35.6M | slab   64.7M |
MEM | tot     3.8G | free    2.2G | cache 639.8M | buff   35.6M | slab   64.7M |
MEM | tot     3.8G | free    2.2G | cache 639.8M | buff   35.6M | slab   64.7M |
MEM | tot     3.8G | free    2.2G | cache 639.8M | buff   35.6M | slab   64.7M |
MEM | tot     3.8G | free    2.2G | cache 639.8M | buff   35.6M | slab   64.7M |
MEM | tot     3.8G | free    2.2G | cache 639.8M | buff   35.6M | slab   64.7M |
MEM | tot     3.8G | free    2.2G | cache 639.8M | buff   35.6M | slab   64.7M |
MEM | tot     3.8G | free    2.2G | cache 639.8M | buff   35.6M | slab   64.7M |
MEM | tot     3.8G | free    2.2G | cache 639.8M | buff   35.6M | slab   64.7M |
MEM | tot     3.8G | free    2.2G | cache 639.8M | buff   35.6M | slab   64.7M |
MEM | tot     3.8G | free    2.2G | cache 639.9M | buff   35.6M | slab   64.7M |
MEM | tot     3.8G | free    2.2G | cache 639.9M | buff   35.6M | slab   64.7M |
MEM | tot     3.8G | free    2.2G | cache 639.9M | buff   35.6M | slab   64.7M |
MEM | tot     3.8G | free    2.2G | cache 639.9M | buff   35.6M | slab   64.7M |
MEM | tot     3.8G | free    2.2G | cache 639.9M | buff   35.6M | slab   64.7M |
MEM | tot     3.8G | free    2.2G | cache 639.9M | buff   35.6M | slab   64.7M |
MEM | tot     3.8G | free    2.2G | cache 639.9M | buff   35.6M | slab   64.7M |
MEM | tot     3.8G | free    2.2G | cache 639.9M | buff   35.6M | slab   64.7M |
MEM | tot     3.8G | free    2.2G | cache 639.9M | buff   35.6M | slab   64.7M |
MEM | tot     3.8G | free    2.2G | cache 640.0M | buff   35.6M | slab   64.7M |
MEM | tot     3.8G | free    2.2G | cache 640.0M | buff   35.6M | slab   64.7M |
MEM | tot     3.8G | free    2.2G | cache 640.0M | buff   35.6M | slab   64.7M |
MEM | tot     3.8G | free    2.2G | cache 640.0M | buff   35.6M | slab   64.7M |
MEM | tot     3.8G | free    2.2G | cache 640.0M | buff   35.6M | slab   64.7M |
MEM | tot     3.8G | free    2.2G | cache 640.0M | buff   35.6M | slab   64.7M |
MEM | tot     3.8G | free    2.2G | cache 640.0M | buff   35.6M | slab   64.7M |
MEM | tot     3.8G | free    2.2G | cache 640.0M | buff   35.6M | slab   64.7M |
MEM | tot     3.8G | free    2.2G | cache 640.0M | buff   35.6M | slab   64.7M |
MEM | tot     3.8G | free    2.2G | cache 640.1M | buff   35.6M | slab   64.7M |
MEM | tot     3.8G | free    2.2G | cache 640.1M | buff   35.7M | slab   64.7M |
MEM | tot     3.8G | free    2.2G | cache 640.1M | buff   35.7M | slab   64.7M |
MEM | tot     3.8G | free    2.2G | cache 640.1M | buff   35.7M | slab   64.7M |
MEM | tot     3.8G | free    2.2G | cache 640.1M | buff   35.7M | slab   64.7M |
MEM | tot     3.8G | free    2.2G | cache 640.1M | buff   35.7M | slab   64.7M |
MEM | tot     3.8G | free    2.2G | cache 640.1M | buff   35.7M | slab   64.7M |
MEM | tot     3.8G | free    2.2G | cache 640.1M | buff   35.7M | slab   64.7M |
MEM | tot     3.8G | free    2.2G | cache 640.1M | buff   35.7M | slab   64.7M |
MEM | tot     3.8G | free    2.2G | cache 640.2M | buff   35.7M | slab   64.7M |
MEM | tot     3.8G | free    2.2G | cache 640.2M | buff   35.7M | slab   64.7M |
MEM | tot     3.8G | free    2.2G | cache 640.2M | buff   35.7M | slab   64.7M |
MEM | tot     3.8G | free    2.2G | cache 640.2M | buff   35.7M | slab   64.7M |
MEM | tot     3.8G | free    2.2G | cache 640.2M | buff   35.7M | slab   64.7M |
MEM | tot     3.8G | free    2.2G | cache 640.2M | buff   35.7M | slab   64.7M |
MEM | tot     3.8G | free    2.2G | cache 640.2M | buff   35.7M | slab   64.7M |
MEM | tot     3.8G | free    2.2G | cache 640.2M | buff   35.7M | slab   64.7M |
MEM | tot     3.8G | free    2.2G | cache 640.2M | buff   35.7M | slab   64.7M |
MEM | tot     3.8G | free    2.2G | cache 640.3M | buff   35.7M | slab   64.7M |
MEM | tot     3.8G | free    2.2G | cache 640.3M | buff   35.7M | slab   64.7M |
MEM | tot     3.8G | free    2.2G | cache 640.3M | buff   35.7M | slab   64.7M |
MEM | tot     3.8G | free    2.2G | cache 640.3M | buff   35.7M | slab   64.7M |
MEM | tot     3.8G | free    2.2G | cache 640.3M | buff   35.7M | slab   64.7M |
MEM | tot     3.8G | free    2.2G | cache 640.3M | buff   35.7M | slab   64.7M |
MEM | tot     3.8G | free    2.2G | cache 640.3M | buff   35.7M | slab   64.7M |
MEM | tot     3.8G | free    2.2G | cache 640.3M | buff   35.7M | slab   64.7M |
MEM | tot     3.8G | free    2.2G | cache 640.4M | buff   35.7M | slab   64.7M |
MEM | tot     3.8G | free    2.2G | cache 640.4M | buff   35.7M | slab   64.7M |
MEM | tot     3.8G | free    2.2G | cache 640.4M | buff   35.7M | slab   64.7M |
MEM | tot     3.8G | free    2.2G | cache 640.4M | buff   35.7M | slab   64.7M |
MEM | tot     3.8G | free    2.2G | cache 640.4M | buff   35.7M | slab   64.7M |
MEM | tot     3.8G | free    2.2G | cache 640.4M | buff   35.7M | slab   64.7M |
MEM | tot     3.8G | free    2.2G | cache 640.4M | buff   35.7M | slab   64.7M |
MEM | tot     3.8G | free    2.2G | cache 640.4M | buff   35.7M | slab   64.7M |
MEM | tot     3.8G | free    2.2G | cache 640.4M | buff   35.7M | slab   64.7M |
MEM | tot     3.8G | free    2.2G | cache 640.5M | buff   35.7M | slab   64.7M |
MEM | tot     3.8G | free    2.2G | cache 640.5M | buff   35.7M | slab   64.7M |
MEM | tot     3.8G | free    2.2G | cache 640.5M | buff   35.7M | slab   64.7M |
MEM | tot     3.8G | free    2.2G | cache 640.5M | buff   35.7M | slab   64.7M |
MEM | tot     3.8G | free    2.2G | cache 640.5M | buff   35.7M | slab   64.7M |
MEM | tot     3.8G | free    2.2G | cache 640.5M | buff   35.7M | slab   64.7M |
MEM | tot     3.8G | free    2.2G | cache 640.5M | buff   35.7M | slab   64.7M |
MEM | tot     3.8G | free    2.2G | cache 640.5M | buff   35.7M | slab   64.7M |
MEM | tot     3.8G | free    2.2G | cache 640.5M | buff   35.7M | slab   64.7M |
MEM | tot     3.8G | free    2.2G | cache 640.6M | buff   35.7M | slab   64.7M |
MEM | tot     3.8G | free    2.2G | cache 640.6M | buff   35.7M | slab   64.7M |
MEM | tot     3.8G | free    2.2G | cache 640.6M | buff   35.7M | slab   64.7M |
MEM | tot     3.8G | free    2.2G | cache 640.6M | buff   35.7M | slab   64.7M |
MEM | tot     3.8G | free    2.2G | cache 640.6M | buff   35.7M | slab   64.7M |
MEM | tot     3.8G | free    2.2G | cache 640.6M | buff   35.7M | slab   64.7M |
MEM | tot     3.8G | free    2.2G | cache 640.6M | buff   35.7M | slab   64.7M |
MEM | tot     3.8G | free    2.2G | cache 640.6M | buff   35.7M | slab   64.7M |
MEM | tot     3.8G | free    2.2G | cache 640.6M | buff   35.7M | slab   64.7M |
MEM | tot     3.8G | free    2.2G | cache 640.7M | buff   35.7M | slab   64.7M |
MEM | tot     3.8G | free    2.2G | cache 640.7M | buff   35.7M | slab   64.7M |
MEM | tot     3.8G | free    2.2G | cache 640.7M | buff   35.7M | slab   64.7M |
MEM | tot     3.8G | free    2.2G | cache 640.7M | buff   35.8M | slab   64.7M |
MEM | tot     3.8G | free    2.2G | cache 640.7M | buff   35.8M | slab   64.7M |
MEM | tot     3.8G | free    2.2G | cache 640.7M | buff   35.8M | slab   64.7M |
MEM | tot     3.8G | free    2.2G | cache 640.7M | buff   35.8M | slab   64.7M |
MEM | tot     3.8G | free    2.2G | cache 640.7M | buff   35.8M | slab   64.7M |
MEM | tot     3.8G | free    2.2G | cache 640.7M | buff   35.8M | slab   64.7M |
MEM | tot     3.8G | free    2.2G | cache 640.8M | buff   35.8M | slab   64.7M |
MEM | tot     3.8G | free    2.2G | cache 640.8M | buff   35.8M | slab   64.7M |
MEM | tot     3.8G | free    2.2G | cache 640.8M | buff   35.8M | slab   64.7M |
MEM | tot     3.8G | free    2.2G | cache 640.8M | buff   35.8M | slab   64.7M |
MEM | tot     3.8G | free    2.2G | cache 640.8M | buff   35.8M | slab   64.7M |
MEM | tot     3.8G | free    2.2G | cache 640.8M | buff   35.8M | slab   64.7M |
MEM | tot     3.8G | free    2.2G | cache 640.8M | buff   35.8M | slab   64.7M |
MEM | tot     3.8G | free    2.2G | cache 640.8M | buff   35.8M | slab   64.7M |
MEM | tot     3.8G | free    2.2G | cache 640.8M | buff   35.8M | slab   64.7M |
MEM | tot     3.8G | free    2.2G | cache 640.9M | buff   35.8M | slab   64.7M |
MEM | tot     3.8G | free    2.2G | cache 640.9M | buff   35.8M | slab   64.7M |
MEM | tot     3.8G | free    2.2G | cache 640.9M | buff   35.8M | slab   64.7M |
MEM | tot     3.8G | free    2.2G | cache 640.9M | buff   35.8M | slab   64.7M |
MEM | tot     3.8G | free    2.2G | cache 640.9M | buff   35.8M | slab   64.7M |
MEM | tot     3.8G | free    2.2G | cache 640.9M | buff   35.8M | slab   64.7M |
MEM | tot     3.8G | free    2.2G | cache 640.9M | buff   35.8M | slab   64.7M |
MEM | tot     3.8G | free    2.2G | cache 640.9M | buff   35.8M | slab   64.7M |
MEM | tot     3.8G | free    2.2G | cache 640.9M | buff   35.8M | slab   64.7M |
MEM | tot     3.8G | free    2.2G | cache 641.0M | buff   35.8M | slab   64.7M |
MEM | tot     3.8G | free    2.2G | cache 641.0M | buff   35.8M | slab   64.7M |
MEM | tot     3.8G | free    2.2G | cache 641.0M | buff   35.8M | slab   64.7M |
MEM | tot     3.8G | free    2.2G | cache 641.0M | buff   35.8M | slab   64.7M |
MEM | tot     3.8G | free    2.2G | cache 641.0M | buff   35.8M | slab   64.7M |
