MEM | tot     3.8G | free    2.3G | cache 634.4M | buff   35.8M | slab   64.5M |
MEM | tot     3.8G | free    2.2G | cache 644.8M | buff   35.8M | slab   64.7M |
MEM | tot     3.8G | free    2.2G | cache 649.0M | buff   35.8M | slab   64.6M |
MEM | tot     3.8G | free    2.2G | cache 649.8M | buff   35.8M | slab   64.6M |
MEM | tot     3.8G | free    2.2G | cache 649.8M | buff   35.8M | slab   64.6M |
MEM | tot     3.8G | free    2.2G | cache 649.8M | buff   35.8M | slab   64.6M |
MEM | tot     3.8G | free    2.2G | cache 649.8M | buff   35.8M | slab   64.7M |
MEM | tot     3.8G | free    2.2G | cache 649.8M | buff   35.8M | slab   64.7M |
MEM | tot     3.8G | free    2.2G | cache 649.6M | buff   35.8M | slab   64.7M |
MEM | tot     3.8G | free    2.2G | cache 649.6M | buff   35.8M | slab   64.7M |
MEM | tot     3.8G | free    2.2G | cache 647.4M | buff   35.8M | slab   64.7M |
MEM | tot     3.8G | free    2.2G | cache 646.9M | buff   35.8M | slab   64.7M |
MEM | tot     3.8G | free    2.2G | cache 643.1M | buff   35.8M | slab   64.7M |
MEM | tot     3.8G | free    2.2G | cache 643.1M | buff   35.8M | slab   64.7M |
MEM | tot     3.8G | free    2.2G | cache 643.2M | buff   35.8M | slab   64.7M |
MEM | tot     3.8G | free    2.2G | cache 643.2M | buff   35.8M | slab   64.7M |
MEM | tot     3.8G | free    2.2G | cache 643.2M | buff   35.8M | slab   64.7M |
MEM | tot     3.8G | free    2.2G | cache 643.2M | buff   35.8M | slab   64.7M |
MEM | tot     3.8G | free    2.2G | cache 643.2M | buff   35.8M | slab   64.7M |
MEM | tot     3.8G | free    2.2G | cache 643.2M | buff   35.8M | slab   64.7M |
MEM | tot     3.8G | free    2.2G | cache 643.2M | buff   35.8M | slab   64.7M |
MEM | tot     3.8G | free    2.2G | cache 643.2M | buff   35.8M | slab   64.7M |
MEM | tot     3.8G | free    2.2G | cache 643.2M | buff   35.8M | slab   64.7M |
