MEM | tot     3.8G | free    2.3G | cache 634.5M | buff   36.0M | slab   64.6M |
MEM | tot     3.8G | free    2.2G | cache 644.7M | buff   36.0M | slab   64.7M |
MEM | tot     3.8G | free    2.2G | cache 649.1M | buff   36.0M | slab   64.7M |
MEM | tot     3.8G | free    2.2G | cache 649.1M | buff   36.0M | slab   64.7M |
MEM | tot     3.8G | free    2.2G | cache 649.1M | buff   36.0M | slab   64.7M |
MEM | tot     3.8G | free    2.2G | cache 649.1M | buff   36.0M | slab   64.7M |
MEM | tot     3.8G | free    2.2G | cache 649.1M | buff   36.0M | slab   64.7M |
MEM | tot     3.8G | free    2.2G | cache 649.1M | buff   36.0M | slab   64.7M |
MEM | tot     3.8G | free    2.2G | cache 647.9M | buff   36.1M | slab   64.7M |
MEM | tot     3.8G | free    2.2G | cache 647.9M | buff   36.1M | slab   64.7M |
MEM | tot     3.8G | free    2.2G | cache 647.9M | buff   36.1M | slab   64.7M |
MEM | tot     3.8G | free    2.2G | cache 643.2M | buff   36.1M | slab   64.7M |
MEM | tot     3.8G | free    2.2G | cache 643.2M | buff   36.1M | slab   64.7M |
MEM | tot     3.8G | free    2.2G | cache 643.2M | buff   36.1M | slab   64.7M |
MEM | tot     3.8G | free    2.2G | cache 643.2M | buff   36.1M | slab   64.7M |
MEM | tot     3.8G | free    2.2G | cache 643.2M | buff   36.1M | slab   64.7M |
MEM | tot     3.8G | free    2.2G | cache 643.2M | buff   36.1M | slab   64.7M |
MEM | tot     3.8G | free    2.2G | cache 643.2M | buff   36.1M | slab   64.7M |
MEM | tot     3.8G | free    2.2G | cache 643.3M | buff   36.1M | slab   64.7M |
MEM | tot     3.8G | free    2.2G | cache 643.3M | buff   36.1M | slab   64.7M |
MEM | tot     3.8G | free    2.2G | cache 643.3M | buff   36.1M | slab   64.7M |
MEM | tot     3.8G | free    2.2G | cache 643.3M | buff   36.1M | slab   64.7M |
MEM | tot     3.8G | free    2.2G | cache 643.3M | buff   36.1M | slab   64.7M |
MEM | tot     3.8G | free    2.2G | cache 643.4M | buff   36.1M | slab   64.7M |
MEM | tot     3.8G | free    2.2G | cache 643.5M | buff   36.1M | slab   64.7M |
MEM | tot     3.8G | free    2.2G | cache 643.5M | buff   36.1M | slab   64.7M |
MEM | tot     3.8G | free    2.2G | cache 643.5M | buff   36.1M | slab   64.7M |
MEM | tot     3.8G | free    2.2G | cache 643.5M | buff   36.1M | slab   64.7M |
MEM | tot     3.8G | free    2.2G | cache 643.5M | buff   36.1M | slab   64.7M |
MEM | tot     3.8G | free    2.2G | cache 643.5M | buff   36.1M | slab   64.7M |
MEM | tot     3.8G | free    2.2G | cache 643.5M | buff   36.1M | slab   64.7M |
MEM | tot     3.8G | free    2.2G | cache 643.5M | buff   36.1M | slab   64.7M |
MEM | tot     3.8G | free    2.2G | cache 643.5M | buff   36.1M | slab   64.7M |
MEM | tot     3.8G | free    2.2G | cache 643.6M | buff   36.1M | slab   64.7M |
MEM | tot     3.8G | free    2.2G | cache 643.6M | buff   36.1M | slab   64.7M |
MEM | tot     3.8G | free    2.2G | cache 643.6M | buff   36.1M | slab   64.7M |
MEM | tot     3.8G | free    2.2G | cache 643.6M | buff   36.1M | slab   64.7M |
MEM | tot     3.8G | free    2.2G | cache 643.6M | buff   36.1M | slab   64.7M |
MEM | tot     3.8G | free    2.2G | cache 643.6M | buff   36.1M | slab   64.7M |
MEM | tot     3.8G | free    2.2G | cache 643.6M | buff   36.1M | slab   64.7M |
MEM | tot     3.8G | free    2.2G | cache 643.6M | buff   36.1M | slab   64.7M |
MEM | tot     3.8G | free    2.2G | cache 643.6M | buff   36.1M | slab   64.7M |
MEM | tot     3.8G | free    2.2G | cache 643.7M | buff   36.1M | slab   64.7M |
MEM | tot     3.8G | free    2.2G | cache 643.7M | buff   36.1M | slab   64.7M |
MEM | tot     3.8G | free    2.2G | cache 643.7M | buff   36.1M | slab   64.7M |
MEM | tot     3.8G | free    2.2G | cache 643.7M | buff   36.1M | slab   64.7M |
MEM | tot     3.8G | free    2.2G | cache 643.7M | buff   36.1M | slab   64.7M |
MEM | tot     3.8G | free    2.2G | cache 643.7M | buff   36.1M | slab   64.7M |
MEM | tot     3.8G | free    2.2G | cache 643.7M | buff   36.1M | slab   64.7M |
MEM | tot     3.8G | free    2.2G | cache 643.7M | buff   36.1M | slab   64.7M |
MEM | tot     3.8G | free    2.2G | cache 643.7M | buff   36.1M | slab   64.7M |
MEM | tot     3.8G | free    2.2G | cache 643.8M | buff   36.1M | slab   64.7M |
MEM | tot     3.8G | free    2.2G | cache 643.8M | buff   36.1M | slab   64.7M |
MEM | tot     3.8G | free    2.2G | cache 643.8M | buff   36.1M | slab   64.7M |
MEM | tot     3.8G | free    2.2G | cache 643.8M | buff   36.1M | slab   64.7M |
MEM | tot     3.8G | free    2.2G | cache 643.8M | buff   36.1M | slab   64.7M |
MEM | tot     3.8G | free    2.2G | cache 643.8M | buff   36.1M | slab   64.7M |
MEM | tot     3.8G | free    2.2G | cache 643.8M | buff   36.1M | slab   64.7M |
MEM | tot     3.8G | free    2.2G | cache 643.8M | buff   36.1M | slab   64.7M |
MEM | tot     3.8G | free    2.2G | cache 643.8M | buff   36.1M | slab   64.7M |
MEM | tot     3.8G | free    2.2G | cache 643.9M | buff   36.1M | slab   64.7M |
MEM | tot     3.8G | free    2.2G | cache 643.9M | buff   36.1M | slab   64.7M |
MEM | tot     3.8G | free    2.2G | cache 643.9M | buff   36.1M | slab   64.7M |
MEM | tot     3.8G | free    2.2G | cache 643.9M | buff   36.1M | slab   64.7M |
MEM | tot     3.8G | free    2.2G | cache 643.9M | buff   36.1M | slab   64.7M |
MEM | tot     3.8G | free    2.2G | cache 643.9M | buff   36.1M | slab   64.7M |
MEM | tot     3.8G | free    2.2G | cache 643.9M | buff   36.1M | slab   64.7M |
MEM | tot     3.8G | free    2.2G | cache 643.9M | buff   36.1M | slab   64.7M |
MEM | tot     3.8G | free    2.2G | cache 643.9M | buff   36.1M | slab   64.7M |
MEM | tot     3.8G | free    2.2G | cache 644.0M | buff   36.1M | slab   64.7M |
MEM | tot     3.8G | free    2.2G | cache 644.0M | buff   36.1M | slab   64.7M |
MEM | tot     3.8G | free    2.2G | cache 644.0M | buff   36.1M | slab   64.7M |
MEM | tot     3.8G | free    2.2G | cache 639.7M | buff   36.1M | slab   64.7M |
MEM | tot     3.8G | free    2.2G | cache 639.7M | buff   36.1M | slab   64.7M |
MEM | tot     3.8G | free    2.2G | cache 639.7M | buff   36.2M | slab   64.7M |
MEM | tot     3.8G | free    2.2G | cache 639.7M | buff   36.2M | slab   64.7M |
MEM | tot     3.8G | free    2.2G | cache 639.7M | buff   36.2M | slab   64.7M |
MEM | tot     3.8G | free    2.2G | cache 639.7M | buff   36.2M | slab   64.7M |
MEM | tot     3.8G | free    2.2G | cache 639.7M | buff   36.2M | slab   64.7M |
MEM | tot     3.8G | free    2.2G | cache 639.7M | buff   36.2M | slab   64.7M |
MEM | tot     3.8G | free    2.2G | cache 639.8M | buff   36.2M | slab   64.7M |
MEM | tot     3.8G | free    2.2G | cache 639.8M | buff   36.2M | slab   64.7M |
MEM | tot     3.8G | free    2.2G | cache 639.8M | buff   36.2M | slab   64.7M |
MEM | tot     3.8G | free    2.2G | cache 639.8M | buff   36.2M | slab   64.7M |
MEM | tot     3.8G | free    2.2G | cache 639.8M | buff   36.2M | slab   64.7M |
MEM | tot     3.8G | free    2.2G | cache 639.8M | buff   36.2M | slab   64.7M |
MEM | tot     3.8G | free    2.2G | cache 639.8M | buff   36.2M | slab   64.7M |
MEM | tot     3.8G | free    2.2G | cache 639.8M | buff   36.2M | slab   64.7M |
MEM | tot     3.8G | free    2.2G | cache 639.8M | buff   36.2M | slab   64.7M |
MEM | tot     3.8G | free    2.2G | cache 639.9M | buff   36.2M | slab   64.7M |
MEM | tot     3.8G | free    2.2G | cache 639.9M | buff   36.2M | slab   64.7M |
MEM | tot     3.8G | free    2.2G | cache 639.9M | buff   36.2M | slab   64.7M |
MEM | tot     3.8G | free    2.2G | cache 639.9M | buff   36.2M | slab   64.7M |
MEM | tot     3.8G | free    2.2G | cache 639.9M | buff   36.2M | slab   64.7M |
MEM | tot     3.8G | free    2.2G | cache 639.9M | buff   36.2M | slab   64.7M |
MEM | tot     3.8G | free    2.2G | cache 639.9M | buff   36.2M | slab   64.7M |
MEM | tot     3.8G | free    2.2G | cache 639.9M | buff   36.2M | slab   64.7M |
MEM | tot     3.8G | free    2.2G | cache 639.9M | buff   36.2M | slab   64.7M |
MEM | tot     3.8G | free    2.2G | cache 640.0M | buff   36.2M | slab   64.7M |
MEM | tot     3.8G | free    2.2G | cache 640.0M | buff   36.2M | slab   64.7M |
MEM | tot     3.8G | free    2.2G | cache 640.0M | buff   36.2M | slab   64.7M |
MEM | tot     3.8G | free    2.2G | cache 640.0M | buff   36.2M | slab   64.7M |
MEM | tot     3.8G | free    2.2G | cache 640.0M | buff   36.2M | slab   64.7M |
MEM | tot     3.8G | free    2.2G | cache 640.0M | buff   36.2M | slab   64.7M |
MEM | tot     3.8G | free    2.2G | cache 640.0M | buff   36.2M | slab   64.7M |
MEM | tot     3.8G | free    2.2G | cache 640.0M | buff   36.2M | slab   64.7M |
MEM | tot     3.8G | free    2.2G | cache 640.0M | buff   36.2M | slab   64.7M |
MEM | tot     3.8G | free    2.2G | cache 640.1M | buff   36.2M | slab   64.7M |
MEM | tot     3.8G | free    2.2G | cache 640.1M | buff   36.2M | slab   64.7M |
MEM | tot     3.8G | free    2.2G | cache 640.1M | buff   36.2M | slab   64.7M |
MEM | tot     3.8G | free    2.2G | cache 640.1M | buff   36.2M | slab   64.7M |
MEM | tot     3.8G | free    2.2G | cache 640.1M | buff   36.2M | slab   64.7M |
