CPU,sys,12,user,32,irq,1,idle,35,wait,20,,44
CPU,sys,39,user,61,irq,0,idle,0,wait,0,,100
CPU,sys,30,user,70,irq,0,idle,0,wait,0,,100
CPU,sys,27,user,72,irq,1,idle,0,wait,0,,99
CPU,sys,37,user,61,irq,2,idle,0,wait,0,,98
CPU,sys,28,user,54,irq,3,idle,0,wait,15,,82
CPU,sys,25,user,24,irq,1,idle,0,wait,51,,49
CPU,sys,30,user,36,irq,2,idle,0,wait,33,,66
CPU,sys,26,user,31,irq,2,idle,0,wait,42,,57
CPU,sys,19,user,30,irq,2,idle,0,wait,49,,49
CPU,sys,21,user,26,irq,2,idle,0,wait,51,,47
CPU,sys,24,user,24,irq,2,idle,0,wait,49,,48
CPU,sys,27,user,60,irq,4,idle,0,wait,9,,87
CPU,sys,20,user,37,irq,1,idle,0,wait,41,,57
CPU,sys,22,user,28,irq,2,idle,0,wait,47,,50
CPU,sys,24,user,24,irq,3,idle,0,wait,49,,48
CPU,sys,18,user,26,irq,3,idle,0,wait,53,,44
CPU,sys,19,user,27,irq,5,idle,0,wait,49,,46
CPU,sys,21,user,30,irq,1,idle,0,wait,48,,51
CPU,sys,19,user,32,irq,3,idle,0,wait,46,,51
CPU,sys,20,user,30,irq,1,idle,0,wait,49,,50
CPU,sys,21,user,29,irq,2,idle,0,wait,46,,50
CPU,sys,20,user,32,irq,4,idle,0,wait,44,,52
CPU,sys,22,user,30,irq,1,idle,0,wait,47,,52
CPU,sys,24,user,30,irq,2,idle,0,wait,44,,54
CPU,sys,22,user,31,irq,3,idle,0,wait,44,,53
CPU,sys,18,user,31,irq,1,idle,0,wait,49,,49
CPU,sys,22,user,31,irq,3,idle,0,wait,44,,53
CPU,sys,22,user,31,irq,2,idle,0,wait,45,,53
CPU,sys,20,user,33,irq,3,idle,0,wait,43,,53
CPU,sys,20,user,34,irq,1,idle,0,wait,45,,54
CPU,sys,27,user,29,irq,2,idle,0,wait,43,,56
CPU,sys,22,user,33,irq,2,idle,0,wait,42,,55
CPU,sys,18,user,36,irq,3,idle,0,wait,43,,54
CPU,sys,19,user,34,irq,2,idle,0,wait,44,,53
CPU,sys,21,user,33,irq,1,idle,0,wait,45,,54
CPU,sys,19,user,29,irq,2,idle,0,wait,49,,48
CPU,sys,21,user,35,irq,2,idle,0,wait,41,,56
CPU,sys,20,user,28,irq,2,idle,0,wait,50,,48
CPU,sys,19,user,29,irq,2,idle,0,wait,51,,48
CPU,sys,21,user,27,irq,2,idle,0,wait,50,,48
CPU,sys,20,user,28,irq,3,idle,0,wait,49,,48
CPU,sys,22,user,29,irq,1,idle,0,wait,48,,51
CPU,sys,21,user,31,irq,2,idle,0,wait,45,,52
CPU,sys,22,user,31,irq,2,idle,0,wait,45,,53
CPU,sys,22,user,26,irq,2,idle,0,wait,51,,48
CPU,sys,17,user,32,irq,3,idle,0,wait,46,,49
CPU,sys,16,user,33,irq,2,idle,0,wait,49,,49
CPU,sys,20,user,30,irq,2,idle,0,wait,48,,50
CPU,sys,20,user,34,irq,1,idle,0,wait,45,,54
CPU,sys,22,user,28,irq,1,idle,0,wait,49,,50
CPU,sys,18,user,37,irq,0,idle,0,wait,45,,55
CPU,sys,17,user,30,irq,2,idle,0,wait,51,,47
CPU,sys,17,user,32,irq,1,idle,0,wait,49,,49
CPU,sys,20,user,29,irq,2,idle,0,wait,48,,49
CPU,sys,18,user,32,irq,3,idle,0,wait,46,,50
CPU,sys,17,user,36,irq,1,idle,0,wait,46,,53
CPU,sys,19,user,37,irq,1,idle,0,wait,43,,56
CPU,sys,19,user,31,irq,1,idle,0,wait,49,,50
CPU,sys,15,user,37,irq,2,idle,0,wait,45,,52
CPU,sys,20,user,30,irq,1,idle,0,wait,48,,50
CPU,sys,24,user,37,irq,1,idle,0,wait,38,,61
CPU,sys,17,user,34,irq,1,idle,0,wait,46,,51
CPU,sys,18,user,40,irq,3,idle,0,wait,40,,58
CPU,sys,18,user,34,irq,3,idle,0,wait,45,,52
CPU,sys,19,user,37,irq,3,idle,0,wait,40,,56
CPU,sys,18,user,35,irq,2,idle,1,wait,44,,53
CPU,sys,17,user,37,irq,0,idle,0,wait,46,,54
CPU,sys,22,user,30,irq,2,idle,0,wait,46,,52
CPU,sys,14,user,32,irq,1,idle,0,wait,52,,46
CPU,sys,18,user,37,irq,0,idle,0,wait,45,,55
CPU,sys,19,user,33,irq,2,idle,0,wait,46,,52
CPU,sys,19,user,31,irq,1,idle,0,wait,49,,50
CPU,sys,18,user,31,irq,1,idle,0,wait,51,,49
CPU,sys,23,user,29,irq,2,idle,0,wait,44,,52
CPU,sys,19,user,33,irq,1,idle,0,wait,46,,52
CPU,sys,21,user,32,irq,1,idle,0,wait,46,,53
CPU,sys,21,user,31,irq,1,idle,0,wait,46,,52
CPU,sys,17,user,29,irq,1,idle,0,wait,53,,46
CPU,sys,19,user,30,irq,0,idle,0,wait,51,,49
CPU,sys,13,user,34,irq,2,idle,0,wait,51,,47
CPU,sys,19,user,31,irq,0,idle,0,wait,51,,50
CPU,sys,14,user,33,irq,1,idle,0,wait,52,,47
CPU,sys,17,user,32,irq,1,idle,0,wait,49,,49
CPU,sys,15,user,32,irq,0,idle,0,wait,54,,47
CPU,sys,17,user,32,irq,0,idle,0,wait,51,,49
CPU,sys,14,user,37,irq,1,idle,0,wait,47,,51
CPU,sys,19,user,29,irq,1,idle,0,wait,49,,48
CPU,sys,16,user,28,irq,2,idle,0,wait,54,,44
CPU,sys,15,user,36,irq,1,idle,0,wait,48,,51
CPU,sys,20,user,27,irq,1,idle,0,wait,51,,47
CPU,sys,17,user,32,irq,0,idle,0,wait,51,,49
CPU,sys,13,user,38,irq,2,idle,0,wait,47,,51
CPU,sys,13,user,37,irq,2,idle,0,wait,47,,50
CPU,sys,19,user,31,irq,0,idle,0,wait,51,,50
CPU,sys,16,user,33,irq,1,idle,0,wait,51,,49
CPU,sys,18,user,36,irq,1,idle,0,wait,45,,54
CPU,sys,15,user,35,irq,2,idle,0,wait,49,,50
CPU,sys,19,user,34,irq,2,idle,0,wait,45,,53
CPU,sys,18,user,31,irq,1,idle,0,wait,49,,49
CPU,sys,17,user,36,irq,2,idle,0,wait,45,,53
CPU,sys,13,user,38,irq,2,idle,0,wait,46,,51
CPU,sys,17,user,36,irq,1,idle,0,wait,45,,53
CPU,sys,15,user,35,irq,0,idle,0,wait,50,,50
CPU,sys,16,user,37,irq,0,idle,0,wait,47,,53
CPU,sys,17,user,35,irq,2,idle,0,wait,46,,52
CPU,sys,17,user,34,irq,0,idle,0,wait,49,,51
CPU,sys,12,user,37,irq,2,idle,0,wait,48,,49
CPU,sys,16,user,38,irq,1,idle,0,wait,45,,54
CPU,sys,15,user,32,irq,2,idle,0,wait,51,,47
CPU,sys,15,user,40,irq,1,idle,0,wait,43,,55
CPU,sys,20,user,37,irq,2,idle,0,wait,41,,57
CPU,sys,16,user,36,irq,1,idle,0,wait,46,,52
CPU,sys,15,user,39,irq,2,idle,0,wait,44,,54
CPU,sys,18,user,34,irq,2,idle,0,wait,45,,52
CPU,sys,17,user,36,irq,0,idle,0,wait,47,,53
CPU,sys,18,user,33,irq,1,idle,0,wait,48,,51
CPU,sys,18,user,35,irq,1,idle,0,wait,46,,53
CPU,sys,14,user,36,irq,1,idle,0,wait,48,,50
CPU,sys,18,user,34,irq,1,idle,0,wait,47,,52
CPU,sys,14,user,37,irq,1,idle,0,wait,47,,51
CPU,sys,15,user,39,irq,0,idle,0,wait,46,,54
CPU,sys,17,user,32,irq,2,idle,0,wait,49,,49
CPU,sys,20,user,33,irq,2,idle,0,wait,44,,53
CPU,sys,16,user,33,irq,1,idle,0,wait,50,,49
CPU,sys,16,user,35,irq,0,idle,0,wait,49,,51
CPU,sys,17,user,33,irq,1,idle,0,wait,49,,50
CPU,sys,18,user,43,irq,0,idle,0,wait,38,,61
CPU,sys,21,user,46,irq,2,idle,0,wait,30,,67
CPU,sys,21,user,47,irq,1,idle,0,wait,31,,68
CPU,sys,20,user,49,irq,1,idle,0,wait,31,,69
CPU,sys,16,user,47,irq,1,idle,0,wait,36,,63
CPU,sys,22,user,45,irq,1,idle,0,wait,32,,67
CPU,sys,22,user,40,irq,0,idle,0,wait,38,,62
CPU,sys,16,user,38,irq,2,idle,0,wait,44,,54
CPU,sys,16,user,33,irq,0,idle,0,wait,51,,49
CPU,sys,19,user,36,irq,2,idle,0,wait,43,,55
CPU,sys,16,user,39,irq,2,idle,0,wait,43,,55
CPU,sys,18,user,47,irq,0,idle,0,wait,35,,65
CPU,sys,17,user,44,irq,2,idle,0,wait,37,,61
CPU,sys,16,user,43,irq,1,idle,0,wait,39,,59
CPU,sys,15,user,37,irq,1,idle,0,wait,47,,52
CPU,sys,18,user,38,irq,0,idle,0,wait,44,,56
CPU,sys,20,user,33,irq,0,idle,0,wait,47,,53
CPU,sys,16,user,37,irq,2,idle,0,wait,45,,53
CPU,sys,18,user,39,irq,1,idle,0,wait,42,,57
CPU,sys,16,user,38,irq,2,idle,0,wait,43,,54
CPU,sys,12,user,42,irq,2,idle,0,wait,44,,54
CPU,sys,16,user,38,irq,1,idle,0,wait,44,,54
CPU,sys,15,user,35,irq,1,idle,0,wait,47,,50
CPU,sys,12,user,36,irq,1,idle,0,wait,51,,48
CPU,sys,18,user,39,irq,1,idle,0,wait,42,,57
CPU,sys,17,user,34,irq,1,idle,0,wait,48,,51
CPU,sys,16,user,35,irq,2,idle,0,wait,46,,51
CPU,sys,18,user,32,irq,1,idle,0,wait,49,,50
CPU,sys,17,user,35,irq,1,idle,0,wait,47,,52
CPU,sys,20,user,37,irq,1,idle,0,wait,42,,57
CPU,sys,15,user,36,irq,1,idle,0,wait,47,,51
CPU,sys,17,user,35,irq,2,idle,0,wait,46,,52
CPU,sys,19,user,36,irq,2,idle,0,wait,43,,55
CPU,sys,13,user,42,irq,0,idle,0,wait,45,,55
CPU,sys,16,user,39,irq,1,idle,0,wait,44,,55
CPU,sys,12,user,40,irq,2,idle,0,wait,46,,52
CPU,sys,19,user,37,irq,1,idle,0,wait,43,,56
CPU,sys,16,user,40,irq,3,idle,0,wait,40,,56
CPU,sys,13,user,42,irq,1,idle,0,wait,44,,55
CPU,sys,15,user,44,irq,1,idle,0,wait,40,,59
CPU,sys,18,user,39,irq,0,idle,0,wait,44,,57
CPU,sys,15,user,42,irq,3,idle,0,wait,39,,57
CPU,sys,12,user,42,irq,2,idle,0,wait,45,,54
CPU,sys,14,user,46,irq,2,idle,0,wait,37,,60
CPU,sys,17,user,41,irq,1,idle,0,wait,42,,58
CPU,sys,15,user,43,irq,3,idle,0,wait,39,,58
CPU,sys,16,user,45,irq,0,idle,0,wait,38,,61
CPU,sys,18,user,41,irq,0,idle,0,wait,41,,59
CPU,sys,13,user,42,irq,2,idle,0,wait,42,,55
CPU,sys,15,user,44,irq,1,idle,0,wait,40,,59
CPU,sys,16,user,37,irq,1,idle,0,wait,45,,53
CPU,sys,15,user,35,irq,1,idle,0,wait,48,,50
CPU,sys,16,user,34,irq,1,idle,0,wait,49,,50
CPU,sys,17,user,36,irq,0,idle,0,wait,46,,53
CPU,sys,13,user,37,irq,2,idle,0,wait,48,,50
CPU,sys,13,user,36,irq,0,idle,0,wait,51,,49
CPU,sys,15,user,36,irq,1,idle,0,wait,48,,51
CPU,sys,15,user,33,irq,1,idle,0,wait,51,,48
CPU,sys,18,user,32,irq,0,idle,0,wait,50,,50
CPU,sys,11,user,36,irq,1,idle,0,wait,52,,47
CPU,sys,14,user,37,irq,1,idle,0,wait,47,,51
CPU,sys,17,user,35,irq,0,idle,0,wait,47,,52
CPU,sys,12,user,40,irq,1,idle,0,wait,46,,52
CPU,sys,14,user,36,irq,1,idle,0,wait,48,,50
CPU,sys,14,user,38,irq,1,idle,0,wait,48,,52
CPU,sys,18,user,32,irq,0,idle,0,wait,49,,50
CPU,sys,12,user,39,irq,1,idle,0,wait,48,,51
CPU,sys,15,user,37,irq,2,idle,0,wait,47,,52
CPU,sys,12,user,38,irq,0,idle,0,wait,49,,50
CPU,sys,18,user,30,irq,2,idle,0,wait,50,,48
CPU,sys,15,user,36,irq,0,idle,0,wait,49,,51
CPU,sys,13,user,35,irq,0,idle,0,wait,52,,48
CPU,sys,11,user,40,irq,2,idle,0,wait,47,,51
CPU,sys,14,user,37,irq,0,idle,0,wait,48,,51
,,,,,,,,,,,,
,,,,,,,,,,,média,"53,76"
,,,,,,,,,,,DP,"8,42897610572925"
