CPU,sys,12,user,33,irq,1,idle,33,wait,21,,45
CPU,sys,37,user,63,irq,0,idle,0,wait,0,,100
CPU,sys,23,user,76,irq,1,idle,0,wait,0,,99
CPU,sys,36,user,63,irq,1,idle,0,wait,0,,99
CPU,sys,30,user,68,irq,2,idle,0,wait,0,,98
CPU,sys,29,user,69,irq,2,idle,0,wait,0,,98
CPU,sys,34,user,63,irq,3,idle,0,wait,0,,97
CPU,sys,28,user,70,irq,2,idle,0,wait,0,,98
CPU,sys,29,user,68,irq,3,idle,0,wait,0,,97
CPU,sys,26,user,72,irq,2,idle,0,wait,0,,98
CPU,sys,29,user,67,irq,4,idle,0,wait,0,,96
CPU,sys,33,user,65,irq,2,idle,0,wait,0,,98
CPU,sys,27,user,71,irq,2,idle,0,wait,0,,98
CPU,sys,27,user,69,irq,4,idle,0,wait,0,,96
CPU,sys,28,user,70,irq,2,idle,0,wait,0,,98
CPU,sys,30,user,68,irq,2,idle,0,wait,0,,98
CPU,sys,32,user,64,irq,4,idle,0,wait,0,,96
CPU,sys,29,user,67,irq,4,idle,0,wait,0,,96
CPU,sys,31,user,67,irq,2,idle,0,wait,0,,98
CPU,sys,32,user,67,irq,1,idle,0,wait,0,,99
CPU,sys,30,user,65,irq,5,idle,0,wait,0,,95
CPU,sys,24,user,73,irq,3,idle,0,wait,0,,97
CPU,sys,31,user,65,irq,4,idle,0,wait,0,,96
CPU,sys,18,user,76,irq,1,idle,0,wait,5,,94
CPU,sys,10,user,79,irq,1,idle,0,wait,10,,89
CPU,sys,6,user,87,irq,1,idle,0,wait,6,,93
CPU,sys,11,user,83,irq,0,idle,0,wait,6,,94
CPU,sys,7,user,87,irq,0,idle,0,wait,6,,94
CPU,sys,12,user,84,irq,0,idle,0,wait,4,,96
CPU,sys,9,user,85,irq,0,idle,0,wait,6,,94
CPU,sys,8,user,88,irq,0,idle,0,wait,4,,96
CPU,sys,6,user,89,irq,0,idle,0,wait,5,,95
CPU,sys,9,user,86,irq,0,idle,0,wait,5,,95
CPU,sys,8,user,86,irq,1,idle,0,wait,5,,94
CPU,sys,9,user,86,irq,0,idle,0,wait,5,,95
CPU,sys,8,user,87,irq,1,idle,0,wait,4,,95
CPU,sys,9,user,86,irq,0,idle,0,wait,5,,95
CPU,sys,10,user,84,irq,0,idle,0,wait,6,,94
CPU,sys,8,user,88,irq,0,idle,0,wait,4,,96
CPU,sys,12,user,83,irq,0,idle,0,wait,5,,95
CPU,sys,11,user,82,irq,1,idle,0,wait,6,,93
CPU,sys,9,user,85,irq,1,idle,0,wait,5,,94
CPU,sys,10,user,85,irq,0,idle,0,wait,5,,95
CPU,sys,8,user,87,irq,0,idle,0,wait,5,,95
CPU,sys,8,user,86,irq,0,idle,0,wait,6,,94
CPU,sys,9,user,84,irq,1,idle,0,wait,6,,93
CPU,sys,6,user,87,irq,0,idle,0,wait,7,,93
CPU,sys,9,user,85,irq,1,idle,0,wait,5,,94
CPU,sys,7,user,88,irq,0,idle,0,wait,5,,95
CPU,sys,9,user,86,irq,1,idle,0,wait,4,,95
CPU,sys,8,user,86,irq,1,idle,0,wait,5,,94
CPU,sys,9,user,86,irq,0,idle,0,wait,5,,95
CPU,sys,9,user,85,irq,0,idle,0,wait,6,,94
CPU,sys,9,user,86,irq,0,idle,0,wait,5,,95
CPU,sys,8,user,87,irq,0,idle,0,wait,5,,95
CPU,sys,8,user,85,irq,1,idle,0,wait,6,,93
CPU,sys,7,user,85,irq,1,idle,0,wait,7,,92
CPU,sys,8,user,87,irq,0,idle,0,wait,5,,95
CPU,sys,11,user,83,irq,1,idle,0,wait,5,,94
CPU,sys,9,user,87,irq,0,idle,0,wait,4,,96
CPU,sys,8,user,86,irq,0,idle,0,wait,6,,94
CPU,sys,10,user,84,irq,1,idle,0,wait,5,,94
CPU,sys,13,user,83,irq,0,idle,0,wait,5,,96
CPU,sys,11,user,84,irq,0,idle,0,wait,5,,95
CPU,sys,10,user,85,irq,0,idle,0,wait,5,,95
CPU,sys,11,user,82,irq,1,idle,0,wait,5,,93
CPU,sys,8,user,87,irq,0,idle,0,wait,5,,95
CPU,sys,11,user,84,irq,0,idle,0,wait,5,,95
CPU,sys,10,user,85,irq,0,idle,0,wait,5,,95
CPU,sys,8,user,87,irq,1,idle,0,wait,4,,95
CPU,sys,10,user,81,irq,0,idle,0,wait,9,,91
CPU,sys,12,user,84,irq,0,idle,0,wait,4,,96
CPU,sys,10,user,84,irq,1,idle,0,wait,5,,94
CPU,sys,8,user,87,irq,0,idle,0,wait,5,,95
CPU,sys,8,user,88,irq,0,idle,0,wait,4,,96
CPU,sys,7,user,87,irq,1,idle,0,wait,5,,94
CPU,sys,10,user,86,irq,0,idle,0,wait,4,,96
CPU,sys,7,user,88,irq,0,idle,0,wait,5,,95
CPU,sys,11,user,85,irq,0,idle,0,wait,4,,96
CPU,sys,11,user,85,irq,0,idle,0,wait,4,,96
CPU,sys,6,user,88,irq,1,idle,0,wait,5,,94
CPU,sys,8,user,87,irq,0,idle,0,wait,5,,95
CPU,sys,10,user,86,irq,0,idle,0,wait,4,,96
CPU,sys,8,user,84,irq,0,idle,0,wait,8,,92
CPU,sys,9,user,80,irq,0,idle,0,wait,11,,89
CPU,sys,11,user,77,irq,0,idle,0,wait,12,,88
CPU,sys,6,user,84,irq,1,idle,0,wait,9,,90
CPU,sys,8,user,87,irq,0,idle,0,wait,5,,95
CPU,sys,10,user,85,irq,0,idle,0,wait,5,,95
CPU,sys,9,user,87,irq,0,idle,0,wait,4,,96
CPU,sys,9,user,84,irq,1,idle,0,wait,6,,93
CPU,sys,9,user,85,irq,1,idle,0,wait,5,,94
CPU,sys,9,user,86,irq,0,idle,0,wait,5,,95
CPU,sys,9,user,86,irq,0,idle,0,wait,5,,95
CPU,sys,9,user,86,irq,0,idle,0,wait,5,,95
CPU,sys,8,user,87,irq,1,idle,0,wait,4,,95
CPU,sys,13,user,81,irq,0,idle,0,wait,6,,94
CPU,sys,7,user,87,irq,0,idle,0,wait,6,,94
CPU,sys,10,user,86,irq,0,idle,0,wait,4,,96
CPU,sys,9,user,85,irq,1,idle,0,wait,5,,94
CPU,sys,11,user,84,irq,0,idle,0,wait,5,,95
CPU,sys,9,user,84,irq,0,idle,0,wait,7,,93
CPU,sys,11,user,83,irq,0,idle,0,wait,6,,94
CPU,sys,9,user,87,irq,0,idle,0,wait,4,,96
CPU,sys,7,user,86,irq,0,idle,0,wait,7,,93
CPU,sys,10,user,85,irq,0,idle,0,wait,5,,95
CPU,sys,11,user,82,irq,1,idle,0,wait,6,,93
CPU,sys,10,user,84,irq,0,idle,0,wait,6,,94
CPU,sys,10,user,86,irq,0,idle,0,wait,4,,96
CPU,sys,8,user,78,irq,1,idle,0,wait,13,,86
CPU,sys,7,user,89,irq,0,idle,0,wait,4,,96
CPU,sys,7,user,87,irq,1,idle,0,wait,5,,94
CPU,sys,9,user,83,irq,1,idle,0,wait,7,,92
CPU,sys,7,user,87,irq,0,idle,0,wait,6,,94
CPU,sys,7,user,84,irq,0,idle,0,wait,9,,91
CPU,sys,6,user,89,irq,0,idle,0,wait,5,,95
CPU,sys,5,user,88,irq,0,idle,0,wait,7,,93
CPU,sys,10,user,82,irq,1,idle,0,wait,7,,92
CPU,sys,9,user,83,irq,0,idle,0,wait,8,,92
CPU,sys,7,user,76,irq,1,idle,0,wait,16,,83
CPU,sys,7,user,76,irq,0,idle,0,wait,16,,83
CPU,sys,6,user,85,irq,0,idle,0,wait,9,,91
CPU,sys,7,user,78,irq,0,idle,0,wait,15,,85
CPU,sys,9,user,83,irq,0,idle,0,wait,8,,92
CPU,sys,9,user,84,irq,0,idle,0,wait,7,,93
,,,,,,,,,,,,
,,,,,,,,,,,média,"94,3951612903226"
,,,,,,,,,,,DP,"2,75214195484673"
