CPU,sys,12,user,35,irq,1,idle,32,wait,21,,47
CPU,sys,42,user,58,irq,0,idle,0,wait,0,,100
CPU,sys,27,user,72,irq,1,idle,0,wait,0,,99
CPU,sys,32,user,67,irq,1,idle,0,wait,0,,99
CPU,sys,30,user,68,irq,2,idle,0,wait,0,,98
CPU,sys,32,user,66,irq,2,idle,0,wait,0,,98
CPU,sys,40,user,60,irq,0,idle,0,wait,0,,100
CPU,sys,28,user,68,irq,4,idle,0,wait,0,,96
CPU,sys,30,user,65,irq,5,idle,0,wait,0,,95
CPU,sys,33,user,63,irq,4,idle,0,wait,0,,96
CPU,sys,30,user,69,irq,1,idle,0,wait,0,,99
CPU,sys,27,user,70,irq,3,idle,0,wait,0,,97
CPU,sys,32,user,64,irq,4,idle,0,wait,0,,96
CPU,sys,30,user,65,irq,5,idle,0,wait,0,,95
CPU,sys,29,user,69,irq,1,idle,0,wait,0,,98
CPU,sys,28,user,69,irq,3,idle,0,wait,0,,97
CPU,sys,28,user,69,irq,3,idle,0,wait,0,,97
CPU,sys,29,user,68,irq,3,idle,0,wait,0,,97
CPU,sys,27,user,69,irq,4,idle,0,wait,0,,96
CPU,sys,34,user,62,irq,4,idle,0,wait,0,,96
CPU,sys,31,user,67,irq,2,idle,0,wait,0,,98
CPU,sys,24,user,73,irq,3,idle,0,wait,0,,97
CPU,sys,29,user,69,irq,2,idle,0,wait,0,,98
CPU,sys,28,user,45,irq,2,idle,0,wait,26,,73
CPU,sys,25,user,23,irq,2,idle,0,wait,49,,48
CPU,sys,18,user,20,irq,1,idle,0,wait,62,,38
CPU,sys,23,user,19,irq,3,idle,0,wait,56,,42
CPU,sys,27,user,23,irq,2,idle,0,wait,49,,50
CPU,sys,21,user,25,irq,1,idle,0,wait,53,,46
CPU,sys,22,user,21,irq,2,idle,0,wait,54,,43
CPU,sys,20,user,23,irq,2,idle,0,wait,54,,43
CPU,sys,23,user,18,irq,2,idle,0,wait,56,,41
CPU,sys,20,user,26,irq,2,idle,0,wait,52,,46
CPU,sys,20,user,21,irq,3,idle,0,wait,56,,41
CPU,sys,23,user,19,irq,2,idle,0,wait,55,,42
CPU,sys,19,user,23,irq,2,idle,0,wait,54,,42
CPU,sys,19,user,20,irq,1,idle,0,wait,60,,39
CPU,sys,18,user,22,irq,1,idle,0,wait,59,,40
CPU,sys,18,user,19,irq,2,idle,0,wait,61,,37
CPU,sys,18,user,18,irq,3,idle,0,wait,60,,36
CPU,sys,17,user,23,irq,3,idle,0,wait,57,,40
CPU,sys,17,user,23,irq,0,idle,0,wait,60,,40
CPU,sys,21,user,14,irq,3,idle,0,wait,60,,35
CPU,sys,18,user,20,irq,1,idle,0,wait,60,,38
CPU,sys,20,user,17,irq,1,idle,0,wait,62,,37
CPU,sys,15,user,22,irq,2,idle,0,wait,61,,37
CPU,sys,20,user,16,irq,3,idle,0,wait,60,,36
CPU,sys,19,user,21,irq,1,idle,0,wait,60,,40
CPU,sys,22,user,16,irq,1,idle,0,wait,61,,38
CPU,sys,19,user,20,irq,2,idle,0,wait,58,,39
CPU,sys,17,user,19,irq,2,idle,0,wait,62,,36
CPU,sys,19,user,16,irq,1,idle,0,wait,64,,35
CPU,sys,19,user,20,irq,2,idle,0,wait,58,,39
CPU,sys,19,user,22,irq,2,idle,0,wait,56,,41
CPU,sys,16,user,21,irq,2,idle,0,wait,61,,37
CPU,sys,21,user,20,irq,1,idle,0,wait,58,,41
CPU,sys,20,user,20,irq,2,idle,0,wait,58,,40
CPU,sys,16,user,22,irq,1,idle,0,wait,61,,38
CPU,sys,19,user,21,irq,2,idle,0,wait,58,,40
CPU,sys,23,user,22,irq,0,idle,0,wait,54,,45
CPU,sys,20,user,15,irq,2,idle,0,wait,63,,35
CPU,sys,19,user,19,irq,0,idle,0,wait,62,,38
CPU,sys,24,user,14,irq,2,idle,0,wait,60,,38
CPU,sys,19,user,19,irq,0,idle,0,wait,62,,38
CPU,sys,14,user,19,irq,3,idle,0,wait,63,,33
CPU,sys,19,user,17,irq,1,idle,0,wait,62,,36
CPU,sys,20,user,20,irq,2,idle,0,wait,58,,40
CPU,sys,20,user,15,irq,0,idle,0,wait,66,,35
CPU,sys,17,user,21,irq,2,idle,0,wait,59,,38
CPU,sys,13,user,25,irq,3,idle,0,wait,59,,38
CPU,sys,14,user,21,irq,0,idle,0,wait,65,,35
CPU,sys,15,user,22,irq,2,idle,0,wait,60,,37
CPU,sys,19,user,18,irq,1,idle,0,wait,63,,37
CPU,sys,17,user,19,irq,1,idle,0,wait,63,,36
CPU,sys,24,user,17,irq,2,idle,0,wait,57,,41
CPU,sys,23,user,15,irq,2,idle,0,wait,60,,38
CPU,sys,21,user,16,irq,0,idle,0,wait,64,,37
CPU,sys,19,user,17,irq,1,idle,0,wait,62,,36
CPU,sys,18,user,21,irq,1,idle,0,wait,60,,39
CPU,sys,18,user,22,irq,0,idle,0,wait,61,,40
CPU,sys,19,user,19,irq,2,idle,0,wait,60,,38
CPU,sys,19,user,17,irq,1,idle,0,wait,62,,36
CPU,sys,18,user,18,irq,1,idle,0,wait,63,,36
CPU,sys,21,user,19,irq,4,idle,0,wait,57,,40
CPU,sys,20,user,15,irq,2,idle,0,wait,63,,35
CPU,sys,14,user,21,irq,3,idle,0,wait,62,,35
CPU,sys,13,user,20,irq,1,idle,0,wait,64,,33
CPU,sys,19,user,13,irq,0,idle,0,wait,68,,32
CPU,sys,18,user,14,irq,2,idle,0,wait,65,,32
CPU,sys,17,user,15,irq,0,idle,0,wait,68,,32
CPU,sys,15,user,19,irq,1,idle,0,wait,64,,34
CPU,sys,15,user,21,irq,1,idle,0,wait,62,,36
CPU,sys,16,user,17,irq,2,idle,0,wait,65,,33
CPU,sys,13,user,19,irq,2,idle,0,wait,65,,32
CPU,sys,25,user,18,irq,2,idle,0,wait,56,,43
CPU,sys,25,user,19,irq,1,idle,0,wait,55,,44
CPU,sys,22,user,21,irq,2,idle,0,wait,55,,43
CPU,sys,19,user,29,irq,2,idle,0,wait,50,,48
CPU,sys,23,user,23,irq,1,idle,0,wait,53,,46
CPU,sys,21,user,15,irq,2,idle,0,wait,62,,36
CPU,sys,18,user,19,irq,2,idle,0,wait,61,,37
CPU,sys,19,user,23,irq,2,idle,0,wait,56,,42
CPU,sys,20,user,15,irq,1,idle,0,wait,63,,35
CPU,sys,20,user,15,irq,3,idle,0,wait,62,,35
CPU,sys,16,user,17,irq,3,idle,0,wait,64,,33
CPU,sys,17,user,16,irq,2,idle,0,wait,65,,33
CPU,sys,24,user,15,irq,1,idle,0,wait,59,,39
CPU,sys,21,user,18,irq,3,idle,0,wait,59,,39
CPU,sys,24,user,19,irq,1,idle,0,wait,56,,43
CPU,sys,21,user,20,irq,2,idle,0,wait,57,,41
CPU,sys,26,user,16,irq,2,idle,0,wait,55,,42
CPU,sys,19,user,21,irq,2,idle,0,wait,59,,40
,,,,,,,,,,,,
,,,,,,,,,,,média,"50,5315315315315"
,,,,,,,,,,,DP,"23,8761272251061"
