CPU,sys,12,user,33,irq,1,idle,33,wait,21,,45
CPU,sys,36,user,64,irq,0,idle,0,wait,0,,100
CPU,sys,23,user,77,irq,0,idle,0,wait,0,,100
CPU,sys,30,user,69,irq,1,idle,0,wait,0,,99
CPU,sys,30,user,70,irq,0,idle,0,wait,0,,100
CPU,sys,30,user,69,irq,1,idle,0,wait,0,,99
CPU,sys,35,user,63,irq,2,idle,0,wait,0,,98
CPU,sys,32,user,67,irq,1,idle,0,wait,0,,99
CPU,sys,35,user,64,irq,1,idle,0,wait,0,,99
CPU,sys,29,user,69,irq,2,idle,0,wait,0,,98
CPU,sys,32,user,63,irq,5,idle,0,wait,0,,95
CPU,sys,30,user,66,irq,4,idle,0,wait,0,,96
CPU,sys,27,user,71,irq,2,idle,0,wait,0,,98
CPU,sys,26,user,71,irq,3,idle,0,wait,0,,97
CPU,sys,27,user,69,irq,4,idle,0,wait,0,,96
CPU,sys,30,user,67,irq,3,idle,0,wait,0,,97
CPU,sys,33,user,64,irq,3,idle,0,wait,0,,97
CPU,sys,32,user,65,irq,3,idle,0,wait,0,,97
CPU,sys,28,user,68,irq,3,idle,0,wait,0,,96
CPU,sys,31,user,67,irq,2,idle,0,wait,0,,98
CPU,sys,31,user,66,irq,3,idle,0,wait,0,,97
CPU,sys,30,user,68,irq,2,idle,0,wait,0,,98
CPU,sys,30,user,66,irq,4,idle,0,wait,0,,96
,,,,,,,,,,,,
,,,,,,,,,,,média,"97,7272727272727"
,,,,,,,,,,,DP,"1,45346280054018"
