E,tot,"3,8",free,"2,3",cache,"635,6",buff,"35,4",slab,"64,4",,"1,5"
E,tot,"3,8",free,"2,2",cache,"642,1",buff,"35,4",slab,"64,4",,"1,6"
E,tot,"3,8",free,"2,2",cache,"649,1",buff,"35,4",slab,"64,6",,"1,6"
E,tot,"3,8",free,"2,2",cache,"649,1",buff,"35,4",slab,"64,6",,"1,6"
E,tot,"3,8",free,"2,2",cache,"649,1",buff,"35,4",slab,"64,6",,"1,6"
E,tot,"3,8",free,"2,2",cache,"649,1",buff,"35,4",slab,"64,6",,"1,6"
E,tot,"3,8",free,"2,2",cache,"649,1",buff,"35,4",slab,"64,6",,"1,6"
E,tot,"3,8",free,"2,2",cache,"649,1",buff,"35,4",slab,"64,6",,"1,6"
E,tot,"3,8",free,"2,2",cache,"646,9",buff,"35,4",slab,"64,7",,"1,6"
E,tot,"3,8",free,"2,2",cache,"646,9",buff,"35,4",slab,"64,6",,"1,6"
E,tot,"3,8",free,"2,2",cache,"643,2",buff,"35,5",slab,"64,6",,"1,6"
E,tot,"3,8",free,"2,2",cache,"643,2",buff,"35,5",slab,"64,6",,"1,6"
E,tot,"3,8",free,"2,2",cache,"646,2",buff,"35,5",slab,"64,6",,"1,6"
E,tot,"3,8",free,"2,2",cache,"646,2",buff,"35,5",slab,"64,6",,"1,6"
E,tot,"3,8",free,"2,2",cache,"646,2",buff,"35,5",slab,"64,6",,"1,6"
E,tot,"3,8",free,"2,2",cache,"646,2",buff,"35,5",slab,"64,6",,"1,6"
E,tot,"3,8",free,"2,2",cache,"646,2",buff,"35,5",slab,"64,6",,"1,6"
E,tot,"3,8",free,"2,2",cache,"646,3",buff,"35,5",slab,"64,6",,"1,6"
E,tot,"3,8",free,"2,2",cache,"643,3",buff,"35,5",slab,"64,6",,"1,6"
E,tot,"3,8",free,"2,2",cache,"643,3",buff,"35,5",slab,"64,6",,"1,6"
E,tot,"3,8",free,"2,2",cache,"643,3",buff,"35,5",slab,"64,6",,"1,6"
E,tot,"3,8",free,"2,2",cache,"643,3",buff,"35,5",slab,"64,6",,"1,6"
E,tot,"3,8",free,"2,2",cache,"643,3",buff,"35,5",slab,"64,6",,"1,6"
E,tot,"3,8",free,"2,2",cache,"643,3",buff,"35,5",slab,"64,6",,"1,6"
E,tot,"3,8",free,"2,2",cache,"643,3",buff,"35,5",slab,"64,6",,"1,6"
E,tot,"3,8",free,"2,2",cache,"643,3",buff,"35,5",slab,"64,6",,"1,6"
E,tot,"3,8",free,"2,2",cache,"643,4",buff,"35,5",slab,"64,6",,"1,6"
E,tot,"3,8",free,"2,2",cache,"643,4",buff,"35,5",slab,"64,6",,"1,6"
E,tot,"3,8",free,"2,2",cache,"643,4",buff,"35,5",slab,"64,6",,"1,6"
E,tot,"3,8",free,"2,2",cache,"643,5",buff,"35,5",slab,"64,6",,"1,6"
E,tot,"3,8",free,"2,2",cache,"643,5",buff,"35,5",slab,"64,6",,"1,6"
E,tot,"3,8",free,"2,2",cache,"643,5",buff,"35,5",slab,"64,6",,"1,6"
E,tot,"3,8",free,"2,2",cache,"643,6",buff,"35,5",slab,"64,6",,"1,6"
E,tot,"3,8",free,"2,2",cache,"643,6",buff,"35,5",slab,"64,6",,"1,6"
E,tot,"3,8",free,"2,2",cache,"643,6",buff,"35,5",slab,"64,6",,"1,6"
E,tot,"3,8",free,"2,2",cache,"643,6",buff,"35,5",slab,"64,6",,"1,6"
E,tot,"3,8",free,"2,2",cache,"643,6",buff,"35,5",slab,"64,6",,"1,6"
E,tot,"3,8",free,"2,2",cache,"643,6",buff,"35,5",slab,"64,7",,"1,6"
E,tot,"3,8",free,"2,2",cache,"643,6",buff,"35,5",slab,"64,7",,"1,6"
E,tot,"3,8",free,"2,2",cache,"643,6",buff,"35,5",slab,"64,7",,"1,6"
E,tot,"3,8",free,"2,2",cache,"643,6",buff,"35,5",slab,"64,7",,"1,6"
E,tot,"3,8",free,"2,2",cache,"643,7",buff,"35,5",slab,"64,7",,"1,6"
E,tot,"3,8",free,"2,2",cache,"643,7",buff,"35,5",slab,"64,7",,"1,6"
E,tot,"3,8",free,"2,2",cache,"643,7",buff,"35,5",slab,"64,7",,"1,6"
E,tot,"3,8",free,"2,2",cache,"643,7",buff,"35,5",slab,"64,7",,"1,6"
E,tot,"3,8",free,"2,2",cache,"643,7",buff,"35,5",slab,"64,7",,"1,6"
E,tot,"3,8",free,"2,2",cache,"643,7",buff,"35,5",slab,"64,7",,"1,6"
E,tot,"3,8",free,"2,2",cache,"643,7",buff,"35,5",slab,"64,7",,"1,6"
E,tot,"3,8",free,"2,2",cache,"643,7",buff,"35,5",slab,"64,7",,"1,6"
E,tot,"3,8",free,"2,2",cache,"643,7",buff,"35,5",slab,"64,7",,"1,6"
E,tot,"3,8",free,"2,2",cache,"643,8",buff,"35,5",slab,"64,7",,"1,6"
E,tot,"3,8",free,"2,2",cache,"643,8",buff,"35,5",slab,"64,7",,"1,6"
E,tot,"3,8",free,"2,2",cache,"643,8",buff,"35,6",slab,"64,7",,"1,6"
E,tot,"3,8",free,"2,2",cache,"643,8",buff,"35,6",slab,"64,7",,"1,6"
E,tot,"3,8",free,"2,2",cache,"643,8",buff,"35,6",slab,"64,7",,"1,6"
E,tot,"3,8",free,"2,2",cache,"643,8",buff,"35,6",slab,"64,7",,"1,6"
E,tot,"3,8",free,"2,2",cache,"643,8",buff,"35,6",slab,"64,7",,"1,6"
E,tot,"3,8",free,"2,2",cache,"643,8",buff,"35,6",slab,"64,7",,"1,6"
E,tot,"3,8",free,"2,2",cache,"643,8",buff,"35,6",slab,"64,7",,"1,6"
E,tot,"3,8",free,"2,2",cache,"643,9",buff,"35,6",slab,"64,7",,"1,6"
E,tot,"3,8",free,"2,2",cache,"643,9",buff,"35,6",slab,"64,7",,"1,6"
E,tot,"3,8",free,"2,2",cache,"643,9",buff,"35,6",slab,"64,7",,"1,6"
E,tot,"3,8",free,"2,2",cache,"643,9",buff,"35,6",slab,"64,7",,"1,6"
E,tot,"3,8",free,"2,2",cache,"643,9",buff,"35,6",slab,"64,7",,"1,6"
E,tot,"3,8",free,"2,2",cache,"643,9",buff,"35,6",slab,"64,7",,"1,6"
E,tot,"3,8",free,"2,2",cache,"643,9",buff,"35,6",slab,"64,7",,"1,6"
E,tot,"3,8",free,"2,2",cache,"643,9",buff,"35,6",slab,"64,7",,"1,6"
E,tot,"3,8",free,"2,2",cache,"643,9",buff,"35,6",slab,"64,7",,"1,6"
E,tot,"3,8",free,"2,2",cache,644,buff,"35,6",slab,"64,7",,"1,6"
E,tot,"3,8",free,"2,2",cache,644,buff,"35,6",slab,"64,7",,"1,6"
E,tot,"3,8",free,"2,2",cache,644,buff,"35,6",slab,"64,7",,"1,6"
E,tot,"3,8",free,"2,2",cache,644,buff,"35,6",slab,"64,7",,"1,6"
E,tot,"3,8",free,"2,2",cache,"639,6",buff,"35,6",slab,"64,7",,"1,6"
E,tot,"3,8",free,"2,2",cache,"639,6",buff,"35,6",slab,"64,7",,"1,6"
E,tot,"3,8",free,"2,2",cache,"639,6",buff,"35,6",slab,"64,7",,"1,6"
E,tot,"3,8",free,"2,2",cache,"639,6",buff,"35,6",slab,"64,7",,"1,6"
E,tot,"3,8",free,"2,2",cache,"639,6",buff,"35,6",slab,"64,7",,"1,6"
E,tot,"3,8",free,"2,2",cache,"639,6",buff,"35,6",slab,"64,7",,"1,6"
E,tot,"3,8",free,"2,2",cache,"639,6",buff,"35,6",slab,"64,7",,"1,6"
E,tot,"3,8",free,"2,2",cache,"639,6",buff,"35,6",slab,"64,7",,"1,6"
E,tot,"3,8",free,"2,2",cache,"639,7",buff,"35,6",slab,"64,7",,"1,6"
E,tot,"3,8",free,"2,2",cache,"639,7",buff,"35,6",slab,"64,7",,"1,6"
E,tot,"3,8",free,"2,2",cache,"639,7",buff,"35,6",slab,"64,7",,"1,6"
E,tot,"3,8",free,"2,2",cache,"639,7",buff,"35,6",slab,"64,7",,"1,6"
E,tot,"3,8",free,"2,2",cache,"639,7",buff,"35,6",slab,"64,7",,"1,6"
E,tot,"3,8",free,"2,2",cache,"639,7",buff,"35,6",slab,"64,7",,"1,6"
E,tot,"3,8",free,"2,2",cache,"639,7",buff,"35,6",slab,"64,7",,"1,6"
E,tot,"3,8",free,"2,2",cache,"639,7",buff,"35,6",slab,"64,7",,"1,6"
E,tot,"3,8",free,"2,2",cache,"639,7",buff,"35,6",slab,"64,7",,"1,6"
E,tot,"3,8",free,"2,2",cache,"639,8",buff,"35,6",slab,"64,7",,"1,6"
E,tot,"3,8",free,"2,2",cache,"639,8",buff,"35,6",slab,"64,7",,"1,6"
E,tot,"3,8",free,"2,2",cache,"639,8",buff,"35,6",slab,"64,7",,"1,6"
E,tot,"3,8",free,"2,2",cache,"639,8",buff,"35,6",slab,"64,7",,"1,6"
E,tot,"3,8",free,"2,2",cache,"639,8",buff,"35,6",slab,"64,7",,"1,6"
E,tot,"3,8",free,"2,2",cache,"639,8",buff,"35,6",slab,"64,7",,"1,6"
E,tot,"3,8",free,"2,2",cache,"639,8",buff,"35,6",slab,"64,7",,"1,6"
E,tot,"3,8",free,"2,2",cache,"639,8",buff,"35,6",slab,"64,7",,"1,6"
E,tot,"3,8",free,"2,2",cache,"639,8",buff,"35,6",slab,"64,7",,"1,6"
E,tot,"3,8",free,"2,2",cache,"639,9",buff,"35,6",slab,"64,7",,"1,6"
E,tot,"3,8",free,"2,2",cache,"639,9",buff,"35,6",slab,"64,7",,"1,6"
E,tot,"3,8",free,"2,2",cache,"639,9",buff,"35,6",slab,"64,7",,"1,6"
E,tot,"3,8",free,"2,2",cache,"639,9",buff,"35,6",slab,"64,7",,"1,6"
E,tot,"3,8",free,"2,2",cache,"639,9",buff,"35,6",slab,"64,7",,"1,6"
E,tot,"3,8",free,"2,2",cache,"639,9",buff,"35,6",slab,"64,7",,"1,6"
E,tot,"3,8",free,"2,2",cache,"639,9",buff,"35,6",slab,"64,7",,"1,6"
E,tot,"3,8",free,"2,2",cache,"639,9",buff,"35,6",slab,"64,7",,"1,6"
E,tot,"3,8",free,"2,2",cache,"639,9",buff,"35,6",slab,"64,7",,"1,6"
E,tot,"3,8",free,"2,2",cache,640,buff,"35,6",slab,"64,7",,"1,6"
E,tot,"3,8",free,"2,2",cache,640,buff,"35,6",slab,"64,7",,"1,6"
E,tot,"3,8",free,"2,2",cache,640,buff,"35,6",slab,"64,7",,"1,6"
E,tot,"3,8",free,"2,2",cache,640,buff,"35,6",slab,"64,7",,"1,6"
E,tot,"3,8",free,"2,2",cache,640,buff,"35,6",slab,"64,7",,"1,6"
E,tot,"3,8",free,"2,2",cache,640,buff,"35,6",slab,"64,7",,"1,6"
E,tot,"3,8",free,"2,2",cache,640,buff,"35,6",slab,"64,7",,"1,6"
E,tot,"3,8",free,"2,2",cache,640,buff,"35,6",slab,"64,7",,"1,6"
E,tot,"3,8",free,"2,2",cache,640,buff,"35,6",slab,"64,7",,"1,6"
E,tot,"3,8",free,"2,2",cache,"640,1",buff,"35,6",slab,"64,7",,"1,6"
E,tot,"3,8",free,"2,2",cache,"640,1",buff,"35,7",slab,"64,7",,"1,6"
E,tot,"3,8",free,"2,2",cache,"640,1",buff,"35,7",slab,"64,7",,"1,6"
E,tot,"3,8",free,"2,2",cache,"640,1",buff,"35,7",slab,"64,7",,"1,6"
E,tot,"3,8",free,"2,2",cache,"640,1",buff,"35,7",slab,"64,7",,"1,6"
E,tot,"3,8",free,"2,2",cache,"640,1",buff,"35,7",slab,"64,7",,"1,6"
E,tot,"3,8",free,"2,2",cache,"640,1",buff,"35,7",slab,"64,7",,"1,6"
E,tot,"3,8",free,"2,2",cache,"640,1",buff,"35,7",slab,"64,7",,"1,6"
E,tot,"3,8",free,"2,2",cache,"640,1",buff,"35,7",slab,"64,7",,"1,6"
E,tot,"3,8",free,"2,2",cache,"640,2",buff,"35,7",slab,"64,7",,"1,6"
E,tot,"3,8",free,"2,2",cache,"640,2",buff,"35,7",slab,"64,7",,"1,6"
E,tot,"3,8",free,"2,2",cache,"640,2",buff,"35,7",slab,"64,7",,"1,6"
E,tot,"3,8",free,"2,2",cache,"640,2",buff,"35,7",slab,"64,7",,"1,6"
E,tot,"3,8",free,"2,2",cache,"640,2",buff,"35,7",slab,"64,7",,"1,6"
E,tot,"3,8",free,"2,2",cache,"640,2",buff,"35,7",slab,"64,7",,"1,6"
E,tot,"3,8",free,"2,2",cache,"640,2",buff,"35,7",slab,"64,7",,"1,6"
E,tot,"3,8",free,"2,2",cache,"640,2",buff,"35,7",slab,"64,7",,"1,6"
E,tot,"3,8",free,"2,2",cache,"640,2",buff,"35,7",slab,"64,7",,"1,6"
E,tot,"3,8",free,"2,2",cache,"640,3",buff,"35,7",slab,"64,7",,"1,6"
E,tot,"3,8",free,"2,2",cache,"640,3",buff,"35,7",slab,"64,7",,"1,6"
E,tot,"3,8",free,"2,2",cache,"640,3",buff,"35,7",slab,"64,7",,"1,6"
E,tot,"3,8",free,"2,2",cache,"640,3",buff,"35,7",slab,"64,7",,"1,6"
E,tot,"3,8",free,"2,2",cache,"640,3",buff,"35,7",slab,"64,7",,"1,6"
E,tot,"3,8",free,"2,2",cache,"640,3",buff,"35,7",slab,"64,7",,"1,6"
E,tot,"3,8",free,"2,2",cache,"640,3",buff,"35,7",slab,"64,7",,"1,6"
E,tot,"3,8",free,"2,2",cache,"640,3",buff,"35,7",slab,"64,7",,"1,6"
E,tot,"3,8",free,"2,2",cache,"640,4",buff,"35,7",slab,"64,7",,"1,6"
E,tot,"3,8",free,"2,2",cache,"640,4",buff,"35,7",slab,"64,7",,"1,6"
E,tot,"3,8",free,"2,2",cache,"640,4",buff,"35,7",slab,"64,7",,"1,6"
E,tot,"3,8",free,"2,2",cache,"640,4",buff,"35,7",slab,"64,7",,"1,6"
E,tot,"3,8",free,"2,2",cache,"640,4",buff,"35,7",slab,"64,7",,"1,6"
E,tot,"3,8",free,"2,2",cache,"640,4",buff,"35,7",slab,"64,7",,"1,6"
E,tot,"3,8",free,"2,2",cache,"640,4",buff,"35,7",slab,"64,7",,"1,6"
E,tot,"3,8",free,"2,2",cache,"640,4",buff,"35,7",slab,"64,7",,"1,6"
E,tot,"3,8",free,"2,2",cache,"640,4",buff,"35,7",slab,"64,7",,"1,6"
E,tot,"3,8",free,"2,2",cache,"640,5",buff,"35,7",slab,"64,7",,"1,6"
E,tot,"3,8",free,"2,2",cache,"640,5",buff,"35,7",slab,"64,7",,"1,6"
E,tot,"3,8",free,"2,2",cache,"640,5",buff,"35,7",slab,"64,7",,"1,6"
E,tot,"3,8",free,"2,2",cache,"640,5",buff,"35,7",slab,"64,7",,"1,6"
E,tot,"3,8",free,"2,2",cache,"640,5",buff,"35,7",slab,"64,7",,"1,6"
E,tot,"3,8",free,"2,2",cache,"640,5",buff,"35,7",slab,"64,7",,"1,6"
E,tot,"3,8",free,"2,2",cache,"640,5",buff,"35,7",slab,"64,7",,"1,6"
E,tot,"3,8",free,"2,2",cache,"640,5",buff,"35,7",slab,"64,7",,"1,6"
E,tot,"3,8",free,"2,2",cache,"640,5",buff,"35,7",slab,"64,7",,"1,6"
E,tot,"3,8",free,"2,2",cache,"640,6",buff,"35,7",slab,"64,7",,"1,6"
E,tot,"3,8",free,"2,2",cache,"640,6",buff,"35,7",slab,"64,7",,"1,6"
E,tot,"3,8",free,"2,2",cache,"640,6",buff,"35,7",slab,"64,7",,"1,6"
E,tot,"3,8",free,"2,2",cache,"640,6",buff,"35,7",slab,"64,7",,"1,6"
E,tot,"3,8",free,"2,2",cache,"640,6",buff,"35,7",slab,"64,7",,"1,6"
E,tot,"3,8",free,"2,2",cache,"640,6",buff,"35,7",slab,"64,7",,"1,6"
E,tot,"3,8",free,"2,2",cache,"640,6",buff,"35,7",slab,"64,7",,"1,6"
E,tot,"3,8",free,"2,2",cache,"640,6",buff,"35,7",slab,"64,7",,"1,6"
E,tot,"3,8",free,"2,2",cache,"640,6",buff,"35,7",slab,"64,7",,"1,6"
E,tot,"3,8",free,"2,2",cache,"640,7",buff,"35,7",slab,"64,7",,"1,6"
E,tot,"3,8",free,"2,2",cache,"640,7",buff,"35,7",slab,"64,7",,"1,6"
E,tot,"3,8",free,"2,2",cache,"640,7",buff,"35,7",slab,"64,7",,"1,6"
E,tot,"3,8",free,"2,2",cache,"640,7",buff,"35,8",slab,"64,7",,"1,6"
E,tot,"3,8",free,"2,2",cache,"640,7",buff,"35,8",slab,"64,7",,"1,6"
E,tot,"3,8",free,"2,2",cache,"640,7",buff,"35,8",slab,"64,7",,"1,6"
E,tot,"3,8",free,"2,2",cache,"640,7",buff,"35,8",slab,"64,7",,"1,6"
E,tot,"3,8",free,"2,2",cache,"640,7",buff,"35,8",slab,"64,7",,"1,6"
E,tot,"3,8",free,"2,2",cache,"640,7",buff,"35,8",slab,"64,7",,"1,6"
E,tot,"3,8",free,"2,2",cache,"640,8",buff,"35,8",slab,"64,7",,"1,6"
E,tot,"3,8",free,"2,2",cache,"640,8",buff,"35,8",slab,"64,7",,"1,6"
E,tot,"3,8",free,"2,2",cache,"640,8",buff,"35,8",slab,"64,7",,"1,6"
E,tot,"3,8",free,"2,2",cache,"640,8",buff,"35,8",slab,"64,7",,"1,6"
E,tot,"3,8",free,"2,2",cache,"640,8",buff,"35,8",slab,"64,7",,"1,6"
E,tot,"3,8",free,"2,2",cache,"640,8",buff,"35,8",slab,"64,7",,"1,6"
E,tot,"3,8",free,"2,2",cache,"640,8",buff,"35,8",slab,"64,7",,"1,6"
E,tot,"3,8",free,"2,2",cache,"640,8",buff,"35,8",slab,"64,7",,"1,6"
E,tot,"3,8",free,"2,2",cache,"640,8",buff,"35,8",slab,"64,7",,"1,6"
E,tot,"3,8",free,"2,2",cache,"640,9",buff,"35,8",slab,"64,7",,"1,6"
E,tot,"3,8",free,"2,2",cache,"640,9",buff,"35,8",slab,"64,7",,"1,6"
E,tot,"3,8",free,"2,2",cache,"640,9",buff,"35,8",slab,"64,7",,"1,6"
E,tot,"3,8",free,"2,2",cache,"640,9",buff,"35,8",slab,"64,7",,"1,6"
E,tot,"3,8",free,"2,2",cache,"640,9",buff,"35,8",slab,"64,7",,"1,6"
E,tot,"3,8",free,"2,2",cache,"640,9",buff,"35,8",slab,"64,7",,"1,6"
E,tot,"3,8",free,"2,2",cache,"640,9",buff,"35,8",slab,"64,7",,"1,6"
E,tot,"3,8",free,"2,2",cache,"640,9",buff,"35,8",slab,"64,7",,"1,6"
E,tot,"3,8",free,"2,2",cache,"640,9",buff,"35,8",slab,"64,7",,"1,6"
E,tot,"3,8",free,"2,2",cache,641,buff,"35,8",slab,"64,7",,"1,6"
E,tot,"3,8",free,"2,2",cache,641,buff,"35,8",slab,"64,7",,"1,6"
E,tot,"3,8",free,"2,2",cache,641,buff,"35,8",slab,"64,7",,"1,6"
E,tot,"3,8",free,"2,2",cache,641,buff,"35,8",slab,"64,7",,"1,6"
E,tot,"3,8",free,"2,2",cache,641,buff,"35,8",slab,"64,7",,"1,6"
,,,,,,,,,,,,
,,,,,,,,,,,média,"1,59950248756219"
,,,,,,,,,,,DP,"0,00705345615858593"
