MEM | tot     3.8G | free    1.9G | cache 723.5M | buff   64.7M | slab   81.4M |
MEM | tot     3.8G | free    1.9G | cache 727.5M | buff   64.7M | slab   81.5M |
MEM | tot     3.8G | free    1.9G | cache 728.0M | buff   64.7M | slab   81.5M |
MEM | tot     3.8G | free    1.9G | cache 728.0M | buff   64.7M | slab   81.5M |
MEM | tot     3.8G | free    1.9G | cache 728.0M | buff   64.7M | slab   81.5M |
MEM | tot     3.8G | free    1.9G | cache 728.1M | buff   64.7M | slab   81.5M |
MEM | tot     3.8G | free    1.9G | cache 728.1M | buff   64.7M | slab   81.5M |
MEM | tot     3.8G | free    1.9G | cache 728.1M | buff   64.7M | slab   81.5M |
MEM | tot     3.8G | free    1.9G | cache 726.1M | buff   64.7M | slab   81.5M |
MEM | tot     3.8G | free    1.9G | cache 723.6M | buff   64.7M | slab   81.5M |
MEM | tot     3.8G | free    1.9G | cache 723.6M | buff   64.7M | slab   81.5M |
MEM | tot     3.8G | free    1.9G | cache 723.6M | buff   64.7M | slab   81.5M |
MEM | tot     3.8G | free    1.9G | cache 723.6M | buff   64.7M | slab   81.5M |
MEM | tot     3.8G | free    1.9G | cache 723.7M | buff   64.7M | slab   81.5M |
MEM | tot     3.8G | free    1.9G | cache 723.7M | buff   64.7M | slab   81.5M |
MEM | tot     3.8G | free    1.9G | cache 723.7M | buff   64.7M | slab   81.5M |
MEM | tot     3.8G | free    1.9G | cache 723.7M | buff   64.7M | slab   81.5M |
MEM | tot     3.8G | free    1.9G | cache 723.7M | buff   64.7M | slab   81.5M |
MEM | tot     3.8G | free    1.9G | cache 723.8M | buff   64.7M | slab   81.5M |
MEM | tot     3.8G | free    1.9G | cache 723.8M | buff   64.7M | slab   81.5M |
MEM | tot     3.8G | free    1.9G | cache 723.9M | buff   64.7M | slab   81.5M |
MEM | tot     3.8G | free    1.9G | cache 724.0M | buff   64.7M | slab   81.5M |
MEM | tot     3.8G | free    1.9G | cache 724.0M | buff   64.7M | slab   81.5M |
