MEM | tot     3.8G | free    1.9G | cache 723.8M | buff   64.7M | slab   81.4M |
MEM | tot     3.8G | free    1.9G | cache 727.8M | buff   64.7M | slab   81.5M |
MEM | tot     3.8G | free    1.9G | cache 728.3M | buff   64.7M | slab   81.5M |
MEM | tot     3.8G | free    1.9G | cache 728.3M | buff   64.7M | slab   81.5M |
MEM | tot     3.8G | free    1.9G | cache 728.3M | buff   64.7M | slab   81.5M |
MEM | tot     3.8G | free    1.9G | cache 728.3M | buff   64.7M | slab   81.5M |
MEM | tot     3.8G | free    1.9G | cache 728.4M | buff   64.7M | slab   81.5M |
MEM | tot     3.8G | free    1.9G | cache 728.4M | buff   64.7M | slab   81.5M |
MEM | tot     3.8G | free    1.9G | cache 726.4M | buff   64.7M | slab   81.5M |
MEM | tot     3.8G | free    1.9G | cache 723.9M | buff   64.7M | slab   81.5M |
MEM | tot     3.8G | free    1.9G | cache 723.9M | buff   64.7M | slab   81.5M |
MEM | tot     3.8G | free    1.9G | cache 723.9M | buff   64.7M | slab   81.5M |
MEM | tot     3.8G | free    1.9G | cache 723.9M | buff   64.7M | slab   81.5M |
MEM | tot     3.8G | free    1.9G | cache 723.9M | buff   64.7M | slab   81.5M |
MEM | tot     3.8G | free    1.9G | cache 724.0M | buff   64.7M | slab   81.5M |
MEM | tot     3.8G | free    1.9G | cache 724.0M | buff   64.7M | slab   81.5M |
MEM | tot     3.8G | free    1.9G | cache 724.0M | buff   64.7M | slab   81.5M |
MEM | tot     3.8G | free    1.9G | cache 724.1M | buff   64.7M | slab   81.5M |
MEM | tot     3.8G | free    1.9G | cache 724.3M | buff   64.8M | slab   81.5M |
MEM | tot     3.8G | free    1.9G | cache 724.3M | buff   64.8M | slab   81.5M |
MEM | tot     3.8G | free    1.9G | cache 724.3M | buff   64.8M | slab   81.5M |
MEM | tot     3.8G | free    1.9G | cache 724.3M | buff   64.8M | slab   81.5M |
MEM | tot     3.8G | free    1.9G | cache 724.3M | buff   64.8M | slab   81.5M |
MEM | tot     3.8G | free    1.9G | cache 724.3M | buff   64.8M | slab   81.5M |
MEM | tot     3.8G | free    1.9G | cache 724.3M | buff   64.8M | slab   81.5M |
MEM | tot     3.8G | free    1.9G | cache 724.2M | buff   64.8M | slab   81.5M |
MEM | tot     3.8G | free    1.9G | cache 724.2M | buff   64.8M | slab   81.5M |
MEM | tot     3.8G | free    1.9G | cache 724.2M | buff   64.8M | slab   81.5M |
MEM | tot     3.8G | free    1.9G | cache 724.2M | buff   64.8M | slab   81.5M |
MEM | tot     3.8G | free    1.9G | cache 724.2M | buff   64.8M | slab   81.5M |
MEM | tot     3.8G | free    1.9G | cache 724.2M | buff   64.8M | slab   81.5M |
MEM | tot     3.8G | free    1.9G | cache 724.2M | buff   64.8M | slab   81.5M |
MEM | tot     3.8G | free    1.9G | cache 724.2M | buff   64.8M | slab   81.5M |
MEM | tot     3.8G | free    1.9G | cache 724.3M | buff   64.8M | slab   81.5M |
MEM | tot     3.8G | free    1.9G | cache 724.3M | buff   64.8M | slab   81.5M |
MEM | tot     3.8G | free    1.9G | cache 724.3M | buff   64.8M | slab   81.5M |
MEM | tot     3.8G | free    1.9G | cache 724.3M | buff   64.8M | slab   81.5M |
MEM | tot     3.8G | free    1.9G | cache 724.3M | buff   64.8M | slab   81.5M |
MEM | tot     3.8G | free    1.9G | cache 724.3M | buff   64.8M | slab   81.5M |
MEM | tot     3.8G | free    1.9G | cache 724.3M | buff   64.8M | slab   81.5M |
MEM | tot     3.8G | free    1.9G | cache 724.3M | buff   64.8M | slab   81.5M |
MEM | tot     3.8G | free    1.9G | cache 724.4M | buff   64.8M | slab   81.5M |
MEM | tot     3.8G | free    1.9G | cache 724.4M | buff   64.8M | slab   81.5M |
MEM | tot     3.8G | free    1.9G | cache 724.4M | buff   64.8M | slab   81.5M |
MEM | tot     3.8G | free    1.9G | cache 724.4M | buff   64.8M | slab   81.5M |
