E,tot,"3,8",free,"1,9",cache,"723,8",buff,"64,7",slab,"81,4",,"1,9"
E,tot,"3,8",free,"1,9",cache,"727,8",buff,"64,7",slab,"81,5",,"1,9"
E,tot,"3,8",free,"1,9",cache,"728,3",buff,"64,7",slab,"81,5",,"1,9"
E,tot,"3,8",free,"1,9",cache,"728,3",buff,"64,7",slab,"81,5",,"1,9"
E,tot,"3,8",free,"1,9",cache,"728,3",buff,"64,7",slab,"81,5",,"1,9"
E,tot,"3,8",free,"1,9",cache,"728,3",buff,"64,7",slab,"81,5",,"1,9"
E,tot,"3,8",free,"1,9",cache,"728,4",buff,"64,7",slab,"81,5",,"1,9"
E,tot,"3,8",free,"1,9",cache,"728,4",buff,"64,7",slab,"81,5",,"1,9"
E,tot,"3,8",free,"1,9",cache,"726,4",buff,"64,7",slab,"81,5",,"1,9"
E,tot,"3,8",free,"1,9",cache,"723,9",buff,"64,7",slab,"81,5",,"1,9"
E,tot,"3,8",free,"1,9",cache,"723,9",buff,"64,7",slab,"81,5",,"1,9"
E,tot,"3,8",free,"1,9",cache,"723,9",buff,"64,7",slab,"81,5",,"1,9"
E,tot,"3,8",free,"1,9",cache,"723,9",buff,"64,7",slab,"81,5",,"1,9"
E,tot,"3,8",free,"1,9",cache,"723,9",buff,"64,7",slab,"81,5",,"1,9"
E,tot,"3,8",free,"1,9",cache,724,buff,"64,7",slab,"81,5",,"1,9"
E,tot,"3,8",free,"1,9",cache,724,buff,"64,7",slab,"81,5",,"1,9"
E,tot,"3,8",free,"1,9",cache,724,buff,"64,7",slab,"81,5",,"1,9"
E,tot,"3,8",free,"1,9",cache,"724,1",buff,"64,7",slab,"81,5",,"1,9"
E,tot,"3,8",free,"1,9",cache,"724,3",buff,"64,8",slab,"81,5",,"1,9"
E,tot,"3,8",free,"1,9",cache,"724,3",buff,"64,8",slab,"81,5",,"1,9"
E,tot,"3,8",free,"1,9",cache,"724,3",buff,"64,8",slab,"81,5",,"1,9"
E,tot,"3,8",free,"1,9",cache,"724,3",buff,"64,8",slab,"81,5",,"1,9"
E,tot,"3,8",free,"1,9",cache,"724,3",buff,"64,8",slab,"81,5",,"1,9"
E,tot,"3,8",free,"1,9",cache,"724,3",buff,"64,8",slab,"81,5",,"1,9"
E,tot,"3,8",free,"1,9",cache,"724,3",buff,"64,8",slab,"81,5",,"1,9"
E,tot,"3,8",free,"1,9",cache,"724,2",buff,"64,8",slab,"81,5",,"1,9"
E,tot,"3,8",free,"1,9",cache,"724,2",buff,"64,8",slab,"81,5",,"1,9"
E,tot,"3,8",free,"1,9",cache,"724,2",buff,"64,8",slab,"81,5",,"1,9"
E,tot,"3,8",free,"1,9",cache,"724,2",buff,"64,8",slab,"81,5",,"1,9"
E,tot,"3,8",free,"1,9",cache,"724,2",buff,"64,8",slab,"81,5",,"1,9"
E,tot,"3,8",free,"1,9",cache,"724,2",buff,"64,8",slab,"81,5",,"1,9"
E,tot,"3,8",free,"1,9",cache,"724,2",buff,"64,8",slab,"81,5",,"1,9"
E,tot,"3,8",free,"1,9",cache,"724,2",buff,"64,8",slab,"81,5",,"1,9"
E,tot,"3,8",free,"1,9",cache,"724,3",buff,"64,8",slab,"81,5",,"1,9"
E,tot,"3,8",free,"1,9",cache,"724,3",buff,"64,8",slab,"81,5",,"1,9"
E,tot,"3,8",free,"1,9",cache,"724,3",buff,"64,8",slab,"81,5",,"1,9"
E,tot,"3,8",free,"1,9",cache,"724,3",buff,"64,8",slab,"81,5",,"1,9"
E,tot,"3,8",free,"1,9",cache,"724,3",buff,"64,8",slab,"81,5",,"1,9"
E,tot,"3,8",free,"1,9",cache,"724,3",buff,"64,8",slab,"81,5",,"1,9"
E,tot,"3,8",free,"1,9",cache,"724,3",buff,"64,8",slab,"81,5",,"1,9"
E,tot,"3,8",free,"1,9",cache,"724,3",buff,"64,8",slab,"81,5",,"1,9"
E,tot,"3,8",free,"1,9",cache,"724,4",buff,"64,8",slab,"81,5",,"1,9"
E,tot,"3,8",free,"1,9",cache,"724,4",buff,"64,8",slab,"81,5",,"1,9"
E,tot,"3,8",free,"1,9",cache,"724,4",buff,"64,8",slab,"81,5",,"1,9"
E,tot,"3,8",free,"1,9",cache,"724,4",buff,"64,8",slab,"81,5",,"1,9"
,,,,,,,,,,,,
,,,,,,,,,,,média,"1,9"
,,,,,,,,,,,DP,0
