CPU,sys,5,user,9,irq,0,idle,86,wait,0,,14
CPU,sys,39,user,61,irq,0,idle,0,wait,0,,100
CPU,sys,32,user,68,irq,0,idle,0,wait,0,,100
CPU,sys,35,user,64,irq,1,idle,0,wait,0,,99
CPU,sys,35,user,62,irq,3,idle,0,wait,0,,97
CPU,sys,36,user,59,irq,5,idle,0,wait,0,,95
CPU,sys,44,user,53,irq,3,idle,0,wait,0,,97
CPU,sys,38,user,57,irq,5,idle,0,wait,0,,95
CPU,sys,34,user,64,irq,2,idle,0,wait,0,,98
CPU,sys,36,user,60,irq,4,idle,0,wait,0,,96
CPU,sys,38,user,60,irq,2,idle,0,wait,0,,98
CPU,sys,40,user,56,irq,4,idle,0,wait,0,,96
CPU,sys,37,user,59,irq,4,idle,0,wait,0,,96
CPU,sys,36,user,61,irq,3,idle,0,wait,0,,97
CPU,sys,30,user,69,irq,1,idle,0,wait,0,,99
CPU,sys,31,user,66,irq,3,idle,0,wait,0,,97
CPU,sys,36,user,59,irq,5,idle,0,wait,0,,95
CPU,sys,37,user,61,irq,2,idle,0,wait,0,,98
CPU,sys,28,user,72,irq,0,idle,0,wait,0,,100
CPU,sys,28,user,72,irq,0,idle,0,wait,0,,100
CPU,sys,29,user,69,irq,2,idle,0,wait,0,,98
CPU,sys,28,user,72,irq,0,idle,0,wait,0,,100
CPU,sys,30,user,67,irq,3,idle,0,wait,0,,97
CPU,sys,28,user,68,irq,2,idle,0,wait,0,,96
CPU,sys,26,user,71,irq,3,idle,0,wait,0,,97
CPU,sys,31,user,67,irq,2,idle,0,wait,0,,98
CPU,sys,27,user,71,irq,2,idle,0,wait,0,,98
CPU,sys,26,user,72,irq,2,idle,0,wait,0,,98
CPU,sys,26,user,72,irq,2,idle,0,wait,0,,98
CPU,sys,31,user,68,irq,1,idle,0,wait,0,,99
CPU,sys,22,user,74,irq,4,idle,0,wait,0,,96
CPU,sys,30,user,69,irq,1,idle,0,wait,0,,99
CPU,sys,26,user,71,irq,3,idle,0,wait,0,,97
CPU,sys,28,user,71,irq,1,idle,0,wait,0,,99
CPU,sys,30,user,67,irq,3,idle,0,wait,0,,97
CPU,sys,33,user,64,irq,3,idle,0,wait,0,,97
CPU,sys,32,user,67,irq,1,idle,0,wait,0,,99
CPU,sys,31,user,67,irq,2,idle,0,wait,0,,98
CPU,sys,31,user,67,irq,2,idle,0,wait,0,,98
CPU,sys,31,user,66,irq,3,idle,0,wait,0,,97
CPU,sys,30,user,67,irq,3,idle,0,wait,0,,97
CPU,sys,30,user,67,irq,3,idle,0,wait,0,,97
CPU,sys,36,user,63,irq,1,idle,0,wait,0,,99
CPU,sys,34,user,63,irq,3,idle,0,wait,0,,97
CPU,sys,34,user,63,irq,3,idle,0,wait,0,,97
,,,,,,,,,,,,
,,,,,,,,,,,média,"97,6363636363636"
,,,,,,,,,,,DP,"1,38246340783247"
