MEM | tot     3.8G | free  517.3M | cache   1.2G | buff   97.2M | slab  131.0M |
MEM | numnode    1 | shmem  69.4M | shrss  32.0M | tcpsk   0.0M | udpsk   0.0M |
MEM | tot     3.8G | free  506.6M | cache   1.2G | buff   97.2M | slab  131.0M |
MEM | numnode    1 | shmem  69.4M | shrss  32.0M | tcpsk   0.0M | udpsk   0.0M |
MEM | tot     3.8G | free  506.3M | cache   1.2G | buff   97.2M | slab  131.0M |
MEM | numnode    1 | shmem  68.9M | shrss  32.0M | tcpsk   0.0M | udpsk   0.0M |
MEM | tot     3.8G | free  506.1M | cache   1.2G | buff   97.2M | slab  131.0M |
MEM | numnode    1 | shmem  68.9M | shrss  32.0M | tcpsk   0.0M | udpsk   0.0M |
MEM | tot     3.8G | free  506.1M | cache   1.2G | buff   97.2M | slab  131.0M |
MEM | numnode    1 | shmem  68.9M | shrss  32.0M | tcpsk   0.0M | udpsk   0.0M |
