MEM | tot     3.8G | free  514.7M | cache   1.2G | buff   97.1M | slab  131.0M |
MEM | numnode    1 | shmem  65.6M | shrss  32.0M | tcpsk   0.0M | udpsk   0.0M |
MEM | tot     3.8G | free  498.9M | cache   1.2G | buff   97.1M | slab  131.0M |
MEM | numnode    1 | shmem  68.1M | shrss  32.0M | tcpsk   0.0M | udpsk   0.0M |
MEM | tot     3.8G | free  498.6M | cache   1.2G | buff   97.1M | slab  131.0M |
MEM | numnode    1 | shmem  68.1M | shrss  32.0M | tcpsk   0.0M | udpsk   0.0M |
MEM | tot     3.8G | free  498.7M | cache   1.2G | buff   97.1M | slab  131.0M |
MEM | numnode    1 | shmem  68.1M | shrss  32.0M | tcpsk   0.0M | udpsk   0.0M |
MEM | tot     3.8G | free  500.1M | cache   1.2G | buff   97.1M | slab  131.0M |
MEM | numnode    1 | shmem  68.1M | shrss  32.0M | tcpsk   0.0M | udpsk   0.0M |
