MEM | tot     3.8G | free    1.9G | cache 718.9M | buff   59.1M | slab   79.7M |
MEM | tot     3.8G | free    1.9G | cache 718.9M | buff   59.1M | slab   79.8M |
MEM | tot     3.8G | free    1.9G | cache 718.9M | buff   59.1M | slab   79.8M |
MEM | tot     3.8G | free    1.9G | cache 717.7M | buff   59.1M | slab   79.8M |
MEM | tot     3.8G | free    1.9G | cache 717.8M | buff   59.1M | slab   79.8M |
MEM | tot     3.8G | free    1.9G | cache 717.9M | buff   59.1M | slab   79.9M |
MEM | tot     3.8G | free    1.9G | cache 719.4M | buff   59.2M | slab   79.9M |
MEM | tot     3.8G | free    1.9G | cache 719.5M | buff   59.2M | slab   79.9M |
MEM | tot     3.8G | free    1.9G | cache 719.3M | buff   59.2M | slab   79.9M |
MEM | tot     3.8G | free    1.9G | cache 719.4M | buff   59.2M | slab   79.9M |
MEM | tot     3.8G | free    1.9G | cache 719.5M | buff   59.2M | slab   79.9M |
MEM | tot     3.8G | free    1.9G | cache 718.1M | buff   59.2M | slab   79.9M |
MEM | tot     3.8G | free    1.9G | cache 714.2M | buff   59.2M | slab   79.9M |
MEM | tot     3.8G | free    1.9G | cache 714.3M | buff   59.2M | slab   79.9M |
MEM | tot     3.8G | free    1.9G | cache 714.4M | buff   59.2M | slab   79.9M |
MEM | tot     3.8G | free    1.9G | cache 714.5M | buff   59.2M | slab   79.9M |
MEM | tot     3.8G | free    1.9G | cache 714.6M | buff   59.2M | slab   79.9M |
