MEM | tot     3.8G | free    1.9G | cache 717.1M | buff   59.2M | slab   79.8M |
MEM | tot     3.8G | free    1.9G | cache 718.6M | buff   59.2M | slab   79.8M |
MEM | tot     3.8G | free    1.9G | cache 718.6M | buff   59.2M | slab   79.8M |
MEM | tot     3.8G | free    1.9G | cache 718.6M | buff   59.2M | slab   79.8M |
MEM | tot     3.8G | free    1.9G | cache 718.6M | buff   59.2M | slab   79.8M |
MEM | tot     3.8G | free    1.9G | cache 718.6M | buff   59.2M | slab   79.8M |
MEM | tot     3.8G | free    1.9G | cache 718.7M | buff   59.2M | slab   79.8M |
MEM | tot     3.8G | free    1.9G | cache 718.7M | buff   59.2M | slab   79.8M |
MEM | tot     3.8G | free    1.9G | cache 718.7M | buff   59.2M | slab   79.8M |
MEM | tot     3.8G | free    1.9G | cache 717.2M | buff   59.2M | slab   79.8M |
MEM | tot     3.8G | free    1.9G | cache 714.7M | buff   59.2M | slab   79.8M |
MEM | tot     3.8G | free    1.9G | cache 714.7M | buff   59.2M | slab   79.8M |
