MEM | tot     3.8G | free    1.9G | cache 714.5M | buff   59.2M | slab   79.8M |
MEM | tot     3.8G | free    1.9G | cache 718.5M | buff   59.2M | slab   79.9M |
MEM | tot     3.8G | free    1.9G | cache 718.5M | buff   59.2M | slab   79.9M |
MEM | tot     3.8G | free    1.9G | cache 718.5M | buff   59.2M | slab   79.9M |
MEM | tot     3.8G | free    1.9G | cache 718.5M | buff   59.2M | slab   79.9M |
MEM | tot     3.8G | free    1.9G | cache 718.6M | buff   59.2M | slab   79.9M |
MEM | tot     3.8G | free    1.9G | cache 718.6M | buff   59.2M | slab   79.9M |
