MEM | tot     3.8G | free    1.9G | cache 717.5M | buff   59.2M | slab   79.8M |
MEM | tot     3.8G | free    1.9G | cache 718.5M | buff   59.2M | slab   79.8M |
MEM | tot     3.8G | free    1.9G | cache 718.5M | buff   59.2M | slab   79.8M |
MEM | tot     3.8G | free    1.9G | cache 719.0M | buff   59.2M | slab   79.8M |
MEM | tot     3.8G | free    1.9G | cache 719.0M | buff   59.2M | slab   79.9M |
MEM | tot     3.8G | free    1.9G | cache 719.1M | buff   59.2M | slab   79.9M |
MEM | tot     3.8G | free    1.9G | cache 719.1M | buff   59.2M | slab   79.9M |
MEM | tot     3.8G | free    1.9G | cache 719.1M | buff   59.2M | slab   79.9M |
