CPU,sys,5,user,10,irq,0,idle,85,wait,0,,15
CPU,sys,31,user,69,irq,0,idle,0,wait,0,,100
CPU,sys,40,user,60,irq,0,idle,0,wait,0,,100
CPU,sys,34,user,66,irq,0,idle,0,wait,0,,100
CPU,sys,39,user,58,irq,3,idle,0,wait,0,,97
CPU,sys,34,user,65,irq,1,idle,0,wait,0,,99
CPU,sys,34,user,66,irq,0,idle,0,wait,0,,100
CPU,sys,31,user,68,irq,1,idle,0,wait,0,,99
CPU,sys,34,user,65,irq,1,idle,0,wait,0,,99
CPU,sys,38,user,59,irq,3,idle,0,wait,0,,97
CPU,sys,36,user,62,irq,2,idle,0,wait,0,,98
CPU,sys,35,user,62,irq,3,idle,0,wait,0,,97
CPU,sys,37,user,62,irq,1,idle,0,wait,0,,99
CPU,sys,34,user,61,irq,5,idle,0,wait,0,,95
CPU,sys,39,user,58,irq,3,idle,0,wait,0,,97
CPU,sys,34,user,62,irq,3,idle,0,wait,0,,96
CPU,sys,41,user,55,irq,4,idle,0,wait,0,,96
,,,,,,,,,,,,
,,,,,,,,,,,média,"98,0625"
,,,,,,,,,,,DP,"1,65201896679992"
