MEM | tot     3.8G | free    1.9G | cache 716.9M | buff   61.6M | slab   80.3M |
MEM | tot     3.8G | free    1.9G | cache 720.8M | buff   61.6M | slab   80.4M |
MEM | tot     3.8G | free    1.9G | cache 720.9M | buff   61.7M | slab   80.3M |
MEM | tot     3.8G | free    1.9G | cache 721.0M | buff   61.7M | slab   80.4M |
MEM | tot     3.8G | free    1.9G | cache 721.0M | buff   61.7M | slab   80.4M |
MEM | tot     3.8G | free    1.9G | cache 721.0M | buff   61.7M | slab   80.4M |
MEM | tot     3.8G | free    1.9G | cache 721.0M | buff   61.7M | slab   80.4M |
MEM | tot     3.8G | free    1.9G | cache 720.1M | buff   61.7M | slab   80.4M |
MEM | tot     3.8G | free    1.9G | cache 719.6M | buff   61.7M | slab   80.4M |
MEM | tot     3.8G | free    1.9G | cache 717.1M | buff   61.7M | slab   80.4M |
MEM | tot     3.8G | free    1.9G | cache 717.1M | buff   61.7M | slab   80.4M |
MEM | tot     3.8G | free    1.9G | cache 717.2M | buff   61.7M | slab   80.4M |
MEM | tot     3.8G | free    1.9G | cache 717.2M | buff   61.7M | slab   80.4M |
