MEM | tot     3.8G | free    1.9G | cache 716.9M | buff   61.6M | slab   80.3M |
MEM | tot     3.8G | free    1.9G | cache 720.8M | buff   61.6M | slab   80.4M |
MEM | tot     3.8G | free    1.9G | cache 720.8M | buff   61.6M | slab   80.4M |
MEM | tot     3.8G | free    1.9G | cache 720.9M | buff   61.6M | slab   80.4M |
MEM | tot     3.8G | free    1.9G | cache 720.9M | buff   61.6M | slab   80.4M |
MEM | tot     3.8G | free    1.9G | cache 720.9M | buff   61.6M | slab   80.4M |
MEM | tot     3.8G | free    1.9G | cache 720.9M | buff   61.6M | slab   80.4M |
MEM | tot     3.8G | free    1.9G | cache 719.9M | buff   61.6M | slab   80.4M |
MEM | tot     3.8G | free    1.9G | cache 719.5M | buff   61.6M | slab   80.4M |
MEM | tot     3.8G | free    1.9G | cache 716.9M | buff   61.6M | slab   80.4M |
