MEM | tot     3.8G | free    1.9G | cache 718.6M | buff   61.6M | slab   80.1M |
MEM | tot     3.8G | free    1.9G | cache 720.1M | buff   61.6M | slab   80.3M |
MEM | tot     3.8G | free    1.9G | cache 720.4M | buff   61.6M | slab   80.3M |
MEM | tot     3.8G | free    1.9G | cache 719.0M | buff   61.6M | slab   80.3M |
MEM | tot     3.8G | free    1.9G | cache 719.1M | buff   61.6M | slab   80.3M |
MEM | tot     3.8G | free    1.9G | cache 719.2M | buff   61.6M | slab   80.4M |
MEM | tot     3.8G | free    1.9G | cache 719.3M | buff   61.6M | slab   80.3M |
MEM | tot     3.8G | free    1.9G | cache 719.2M | buff   61.6M | slab   80.3M |
MEM | tot     3.8G | free    1.9G | cache 717.8M | buff   61.6M | slab   80.3M |
MEM | tot     3.8G | free    1.9G | cache 715.4M | buff   61.6M | slab   80.3M |
MEM | tot     3.8G | free    1.9G | cache 715.5M | buff   61.6M | slab   80.3M |
MEM | tot     3.8G | free    1.9G | cache 717.6M | buff   61.6M | slab   80.3M |
MEM | tot     3.8G | free    1.9G | cache 717.7M | buff   61.6M | slab   80.4M |
MEM | tot     3.8G | free    1.9G | cache 717.8M | buff   61.6M | slab   80.4M |
MEM | tot     3.8G | free    1.9G | cache 717.9M | buff   61.6M | slab   80.4M |
MEM | tot     3.8G | free    1.9G | cache 718.0M | buff   61.6M | slab   80.4M |
MEM | tot     3.8G | free    1.9G | cache 718.1M | buff   61.6M | slab   80.4M |
MEM | tot     3.8G | free    1.9G | cache 716.4M | buff   61.6M | slab   80.4M |
MEM | tot     3.8G | free    1.9G | cache 716.5M | buff   61.6M | slab   80.4M |
MEM | tot     3.8G | free    1.9G | cache 716.6M | buff   61.6M | slab   80.4M |
MEM | tot     3.8G | free    1.9G | cache 716.5M | buff   61.6M | slab   80.4M |
MEM | tot     3.8G | free    1.9G | cache 716.6M | buff   61.6M | slab   80.4M |
MEM | tot     3.8G | free    1.9G | cache 716.7M | buff   61.6M | slab   80.4M |
MEM | tot     3.8G | free    1.9G | cache 716.8M | buff   61.6M | slab   80.4M |
MEM | tot     3.8G | free    1.9G | cache 716.9M | buff   61.6M | slab   80.4M |
MEM | tot     3.8G | free    1.9G | cache 717.0M | buff   61.6M | slab   80.4M |
MEM | tot     3.8G | free    1.9G | cache 717.1M | buff   61.6M | slab   80.4M |
