CPU,sys,4,user,8,irq,0,idle,88,wait,0,,12
CPU,sys,31,user,69,irq,0,idle,0,wait,0,,100
CPU,sys,39,user,60,irq,1,idle,0,wait,0,,99
CPU,sys,32,user,67,irq,1,idle,0,wait,0,,99
CPU,sys,37,user,59,irq,4,idle,0,wait,0,,96
CPU,sys,37,user,61,irq,2,idle,0,wait,0,,98
CPU,sys,40,user,57,irq,3,idle,0,wait,0,,97
CPU,sys,42,user,55,irq,3,idle,0,wait,0,,97
CPU,sys,36,user,60,irq,4,idle,0,wait,0,,96
CPU,sys,35,user,61,irq,4,idle,0,wait,0,,96
,,,,,,,,,,,,
,,,,,,,,,,,média,"97,5555555555556"
,,,,,,,,,,,DP,"1,50923085635624"
