CPU,sys,4,user,8,irq,0,idle,88,wait,0,,12
CPU,sys,40,user,59,irq,1,idle,0,wait,0,,99
CPU,sys,34,user,65,irq,1,idle,0,wait,0,,99
CPU,sys,32,user,66,irq,2,idle,0,wait,0,,98
CPU,sys,36,user,61,irq,3,idle,0,wait,0,,97
CPU,sys,37,user,60,irq,3,idle,0,wait,0,,97
CPU,sys,39,user,58,irq,2,idle,0,wait,0,,97
CPU,sys,36,user,58,irq,4,idle,0,wait,0,,94
CPU,sys,39,user,57,irq,4,idle,0,wait,0,,96
CPU,sys,36,user,61,irq,3,idle,0,wait,0,,97
CPU,sys,38,user,58,irq,4,idle,0,wait,0,,96
CPU,sys,30,user,67,irq,3,idle,0,wait,0,,97
CPU,sys,29,user,69,irq,2,idle,0,wait,0,,98
,,,,,,,,,,,,
,,,,,,,,,,,média,"97,0833333333333"
,,,,,,,,,,,DP,"1,37895436890245"
