CPU,sys,4,user,8,irq,0,idle,88,wait,0,,12
CPU,sys,33,user,67,irq,0,idle,0,wait,0,,100
CPU,sys,40,user,58,irq,2,idle,0,wait,0,,98
CPU,sys,38,user,60,irq,2,idle,0,wait,0,,98
CPU,sys,31,user,68,irq,1,idle,0,wait,0,,99
CPU,sys,37,user,61,irq,2,idle,0,wait,0,,98
CPU,sys,41,user,56,irq,3,idle,0,wait,0,,97
CPU,sys,39,user,57,irq,4,idle,0,wait,0,,96
CPU,sys,40,user,57,irq,3,idle,0,wait,0,,97
CPU,sys,34,user,63,irq,3,idle,0,wait,0,,97
CPU,sys,29,user,67,irq,4,idle,0,wait,0,,96
CPU,sys,26,user,71,irq,3,idle,0,wait,0,,97
CPU,sys,26,user,72,irq,2,idle,0,wait,0,,98
CPU,sys,37,user,61,irq,2,idle,0,wait,0,,98
CPU,sys,36,user,61,irq,3,idle,0,wait,0,,97
CPU,sys,34,user,63,irq,3,idle,0,wait,0,,97
CPU,sys,32,user,66,irq,2,idle,0,wait,0,,98
CPU,sys,30,user,66,irq,4,idle,0,wait,0,,96
CPU,sys,32,user,64,irq,4,idle,0,wait,0,,96
CPU,sys,36,user,60,irq,4,idle,0,wait,0,,96
CPU,sys,30,user,67,irq,3,idle,0,wait,0,,97
,,,,,,,,,,,,
,,,,,,,,,,,média,"97,3"
,,,,,,,,,,,DP,"1,08093526754916"
