E,tot,"3,8",free,"1,9",cache,"718,6",buff,"61,6",slab,"80,1",,"1,9"
E,tot,"3,8",free,"1,9",cache,"720,1",buff,"61,6",slab,"80,3",,"1,9"
E,tot,"3,8",free,"1,9",cache,"720,4",buff,"61,6",slab,"80,3",,"1,9"
E,tot,"3,8",free,"1,9",cache,719,buff,"61,6",slab,"80,3",,"1,9"
E,tot,"3,8",free,"1,9",cache,"719,1",buff,"61,6",slab,"80,3",,"1,9"
E,tot,"3,8",free,"1,9",cache,"719,2",buff,"61,6",slab,"80,4",,"1,9"
E,tot,"3,8",free,"1,9",cache,"719,3",buff,"61,6",slab,"80,3",,"1,9"
E,tot,"3,8",free,"1,9",cache,"719,2",buff,"61,6",slab,"80,3",,"1,9"
E,tot,"3,8",free,"1,9",cache,"717,8",buff,"61,6",slab,"80,3",,"1,9"
E,tot,"3,8",free,"1,9",cache,"715,4",buff,"61,6",slab,"80,3",,"1,9"
E,tot,"3,8",free,"1,9",cache,"715,5",buff,"61,6",slab,"80,3",,"1,9"
E,tot,"3,8",free,"1,9",cache,"717,6",buff,"61,6",slab,"80,3",,"1,9"
E,tot,"3,8",free,"1,9",cache,"717,7",buff,"61,6",slab,"80,4",,"1,9"
E,tot,"3,8",free,"1,9",cache,"717,8",buff,"61,6",slab,"80,4",,"1,9"
E,tot,"3,8",free,"1,9",cache,"717,9",buff,"61,6",slab,"80,4",,"1,9"
E,tot,"3,8",free,"1,9",cache,718,buff,"61,6",slab,"80,4",,"1,9"
E,tot,"3,8",free,"1,9",cache,"718,1",buff,"61,6",slab,"80,4",,"1,9"
E,tot,"3,8",free,"1,9",cache,"716,4",buff,"61,6",slab,"80,4",,"1,9"
E,tot,"3,8",free,"1,9",cache,"716,5",buff,"61,6",slab,"80,4",,"1,9"
E,tot,"3,8",free,"1,9",cache,"716,6",buff,"61,6",slab,"80,4",,"1,9"
E,tot,"3,8",free,"1,9",cache,"716,5",buff,"61,6",slab,"80,4",,"1,9"
E,tot,"3,8",free,"1,9",cache,"716,6",buff,"61,6",slab,"80,4",,"1,9"
E,tot,"3,8",free,"1,9",cache,"716,7",buff,"61,6",slab,"80,4",,"1,9"
E,tot,"3,8",free,"1,9",cache,"716,8",buff,"61,6",slab,"80,4",,"1,9"
E,tot,"3,8",free,"1,9",cache,"716,9",buff,"61,6",slab,"80,4",,"1,9"
E,tot,"3,8",free,"1,9",cache,717,buff,"61,6",slab,"80,4",,"1,9"
E,tot,"3,8",free,"1,9",cache,"717,1",buff,"61,6",slab,"80,4",,"1,9"
,,,,,,,,,,,,
,,,,,,,,,,,média,"1,9"
,,,,,,,,,,,DP,0
