MEM | tot     3.8G | free  910.2M | cache   1.6G | buff   74.8M | slab  103.6M |
MEM | numnode    1 | shmem  60.3M | shrss  30.1M | tcpsk   0.0M | udpsk   0.0M |
MEM | tot     3.8G | free  899.6M | cache   1.6G | buff   74.8M | slab  103.6M |
MEM | numnode    1 | shmem  60.3M | shrss  30.1M | tcpsk   0.0M | udpsk   0.0M |
MEM | tot     3.8G | free  898.1M | cache   1.6G | buff   74.8M | slab  103.6M |
MEM | numnode    1 | shmem  60.8M | shrss  30.1M | tcpsk   0.0M | udpsk   0.0M |
MEM | tot     3.8G | free  899.5M | cache   1.6G | buff   74.8M | slab  103.6M |
MEM | numnode    1 | shmem  60.8M | shrss  30.1M | tcpsk   0.0M | udpsk   0.0M |
