MEM | tot     3.8G | free  911.5M | cache   1.6G | buff   74.8M | slab  103.6M |
MEM | numnode    1 | shmem  61.1M | shrss  30.1M | tcpsk   0.0M | udpsk   0.0M |
MEM | tot     3.8G | free  901.3M | cache   1.6G | buff   74.8M | slab  103.6M |
MEM | numnode    1 | shmem  61.1M | shrss  30.1M | tcpsk   0.0M | udpsk   0.0M |
MEM | tot     3.8G | free  899.0M | cache   1.6G | buff   74.8M | slab  103.6M |
MEM | numnode    1 | shmem  61.1M | shrss  30.1M | tcpsk   0.0M | udpsk   0.0M |
MEM | tot     3.8G | free  898.8M | cache   1.6G | buff   74.8M | slab  103.6M |
MEM | numnode    1 | shmem  61.1M | shrss  30.1M | tcpsk   0.0M | udpsk   0.0M |
