MEM | tot     3.8G | free    1.9G | cache 721.3M | buff   59.8M | slab   79.9M |
MEM | tot     3.8G | free    1.9G | cache 719.3M | buff   59.8M | slab   80.1M |
MEM | tot     3.8G | free    1.9G | cache 719.6M | buff   59.8M | slab   80.0M |
MEM | tot     3.8G | free    1.9G | cache 719.7M | buff   59.8M | slab   80.0M |
MEM | tot     3.8G | free    1.9G | cache 718.3M | buff   59.8M | slab   80.0M |
MEM | tot     3.8G | free    1.9G | cache 718.4M | buff   59.8M | slab   80.1M |
MEM | tot     3.8G | free    1.9G | cache 718.5M | buff   59.8M | slab   80.1M |
MEM | tot     3.8G | free    1.9G | cache 716.9M | buff   59.8M | slab   80.1M |
MEM | tot     3.8G | free    1.9G | cache 717.0M | buff   59.8M | slab   80.1M |
MEM | tot     3.8G | free    1.9G | cache 714.6M | buff   59.8M | slab   80.1M |
MEM | tot     3.8G | free    1.9G | cache 714.7M | buff   59.8M | slab   80.1M |
MEM | tot     3.8G | free    1.9G | cache 714.8M | buff   59.8M | slab   80.1M |
MEM | tot     3.8G | free    1.9G | cache 714.9M | buff   59.8M | slab   80.1M |
MEM | tot     3.8G | free    1.9G | cache 715.0M | buff   59.8M | slab   80.1M |
