MEM | tot     3.8G | free    1.9G | cache 717.6M | buff   59.8M | slab   79.9M |
MEM | tot     3.8G | free    1.9G | cache 719.1M | buff   59.8M | slab   80.0M |
MEM | tot     3.8G | free    1.9G | cache 719.2M | buff   59.8M | slab   80.0M |
MEM | tot     3.8G | free    1.9G | cache 719.2M | buff   59.8M | slab   80.0M |
MEM | tot     3.8G | free    1.9G | cache 719.2M | buff   59.8M | slab   80.0M |
MEM | tot     3.8G | free    1.9G | cache 719.2M | buff   59.8M | slab   80.0M |
MEM | tot     3.8G | free    1.9G | cache 719.2M | buff   59.8M | slab   80.1M |
MEM | tot     3.8G | free    1.9G | cache 718.3M | buff   59.8M | slab   80.1M |
MEM | tot     3.8G | free    1.9G | cache 717.8M | buff   59.8M | slab   80.1M |
MEM | tot     3.8G | free    1.9G | cache 715.3M | buff   59.8M | slab   80.1M |
MEM | tot     3.8G | free    1.9G | cache 715.3M | buff   59.8M | slab   80.1M |
