MEM | tot     3.8G | free    1.9G | cache 715.0M | buff   59.8M | slab   80.0M |
MEM | tot     3.8G | free    1.9G | cache 719.0M | buff   59.8M | slab   80.1M |
MEM | tot     3.8G | free    1.9G | cache 719.0M | buff   59.8M | slab   80.1M |
MEM | tot     3.8G | free    1.9G | cache 719.0M | buff   59.8M | slab   80.1M |
MEM | tot     3.8G | free    1.9G | cache 719.0M | buff   59.8M | slab   80.1M |
MEM | tot     3.8G | free    1.9G | cache 719.0M | buff   59.8M | slab   80.1M |
MEM | tot     3.8G | free    1.9G | cache 719.0M | buff   59.8M | slab   80.1M |
