E,tot,"3,8",free,"1,9",cache,"721,3",buff,"59,8",slab,"79,9",,"1,9"
E,tot,"3,8",free,"1,9",cache,"719,3",buff,"59,8",slab,"80,1",,"1,9"
E,tot,"3,8",free,"1,9",cache,"719,6",buff,"59,8",slab,80,,"1,9"
E,tot,"3,8",free,"1,9",cache,"719,7",buff,"59,8",slab,80,,"1,9"
E,tot,"3,8",free,"1,9",cache,"718,3",buff,"59,8",slab,80,,"1,9"
E,tot,"3,8",free,"1,9",cache,"718,4",buff,"59,8",slab,"80,1",,"1,9"
E,tot,"3,8",free,"1,9",cache,"718,5",buff,"59,8",slab,"80,1",,"1,9"
E,tot,"3,8",free,"1,9",cache,"716,9",buff,"59,8",slab,"80,1",,"1,9"
E,tot,"3,8",free,"1,9",cache,717,buff,"59,8",slab,"80,1",,"1,9"
E,tot,"3,8",free,"1,9",cache,"714,6",buff,"59,8",slab,"80,1",,"1,9"
E,tot,"3,8",free,"1,9",cache,"714,7",buff,"59,8",slab,"80,1",,"1,9"
E,tot,"3,8",free,"1,9",cache,"714,8",buff,"59,8",slab,"80,1",,"1,9"
E,tot,"3,8",free,"1,9",cache,"714,9",buff,"59,8",slab,"80,1",,"1,9"
E,tot,"3,8",free,"1,9",cache,715,buff,"59,8",slab,"80,1",,"1,9"
,,,,,,,,,,,,
,,,,,,,,,,,média,"1,9"
,,,,,,,,,,,DP,0
