CPU,sys,5,user,10,irq,0,idle,85,wait,0,,15
CPU,sys,36,user,64,irq,0,idle,0,wait,0,,100
CPU,sys,32,user,68,irq,0,idle,0,wait,0,,100
CPU,sys,35,user,64,irq,1,idle,0,wait,0,,99
CPU,sys,32,user,66,irq,2,idle,0,wait,0,,98
CPU,sys,36,user,60,irq,4,idle,0,wait,0,,96
CPU,sys,47,user,50,irq,4,idle,0,wait,0,,97
CPU,sys,37,user,62,irq,1,idle,0,wait,0,,99
CPU,sys,31,user,67,irq,2,idle,0,wait,0,,98
CPU,sys,40,user,56,irq,4,idle,0,wait,0,,96
CPU,sys,38,user,58,irq,4,idle,0,wait,0,,96
,,,,,,,,,,,,
,,,,,,,,,,,média,"97,9"
,,,,,,,,,,,Dp,"1,59513148186739"
