E,tot,"3,8",free,"1,9",cache,715,buff,"59,8",slab,80,,"1,9"
E,tot,"3,8",free,"1,9",cache,719,buff,"59,8",slab,"80,1",,"1,9"
E,tot,"3,8",free,"1,9",cache,719,buff,"59,8",slab,"80,1",,"1,9"
E,tot,"3,8",free,"1,9",cache,719,buff,"59,8",slab,"80,1",,"1,9"
E,tot,"3,8",free,"1,9",cache,719,buff,"59,8",slab,"80,1",,"1,9"
E,tot,"3,8",free,"1,9",cache,719,buff,"59,8",slab,"80,1",,"1,9"
E,tot,"3,8",free,"1,9",cache,719,buff,"59,8",slab,"80,1",,"1,9"
,,,,,,,,,,,,
,,,,,,,,,,,média,"1,9"
,,,,,,,,,,,DP,0
