MEM | tot     3.8G | free  843.7M | cache   1.6G | buff   77.0M | slab  105.0M |
MEM | numnode    1 | shmem  65.3M | shrss  35.8M | tcpsk   0.0M | udpsk   0.0M |
MEM | tot     3.8G | free  827.3M | cache   1.6G | buff   77.0M | slab  105.0M |
MEM | numnode    1 | shmem  65.8M | shrss  35.8M | tcpsk   0.0M | udpsk   0.0M |
MEM | tot     3.8G | free  824.1M | cache   1.6G | buff   77.0M | slab  105.0M |
MEM | numnode    1 | shmem  66.5M | shrss  35.8M | tcpsk   0.0M | udpsk   0.0M |
MEM | tot     3.8G | free  828.5M | cache   1.6G | buff   77.0M | slab  105.0M |
MEM | numnode    1 | shmem  66.5M | shrss  35.8M | tcpsk   0.0M | udpsk   0.0M |
MEM | tot     3.8G | free  826.7M | cache   1.6G | buff   77.0M | slab  105.0M |
MEM | numnode    1 | shmem  66.5M | shrss  35.8M | tcpsk   0.0M | udpsk   0.0M |
MEM | tot     3.8G | free  827.0M | cache   1.6G | buff   77.0M | slab  105.1M |
MEM | numnode    1 | shmem  66.5M | shrss  35.8M | tcpsk   0.0M | udpsk   0.0M |
MEM | tot     3.8G | free  824.8M | cache   1.6G | buff   77.0M | slab  105.1M |
MEM | numnode    1 | shmem  66.5M | shrss  35.8M | tcpsk   0.0M | udpsk   0.0M |
MEM | tot     3.8G | free  824.5M | cache   1.6G | buff   77.0M | slab  105.1M |
MEM | numnode    1 | shmem  64.6M | shrss  35.8M | tcpsk   0.0M | udpsk   0.0M |
MEM | tot     3.8G | free  826.5M | cache   1.6G | buff   77.0M | slab  105.1M |
MEM | numnode    1 | shmem  64.5M | shrss  35.8M | tcpsk   0.0M | udpsk   0.0M |
