MEM | tot     3.8G | free  845.7M | cache   1.6G | buff   77.0M | slab  105.0M |
MEM | numnode    1 | shmem  65.0M | shrss  35.8M | tcpsk   0.0M | udpsk   0.0M |
MEM | tot     3.8G | free  826.3M | cache   1.6G | buff   77.0M | slab  105.0M |
MEM | numnode    1 | shmem  65.5M | shrss  35.8M | tcpsk   0.0M | udpsk   0.0M |
MEM | tot     3.8G | free  824.8M | cache   1.6G | buff   77.0M | slab  105.0M |
MEM | numnode    1 | shmem  66.0M | shrss  35.8M | tcpsk   0.0M | udpsk   0.0M |
MEM | tot     3.8G | free  825.3M | cache   1.6G | buff   77.0M | slab  105.0M |
MEM | numnode    1 | shmem  66.0M | shrss  35.8M | tcpsk   0.0M | udpsk   0.0M |
MEM | tot     3.8G | free  823.6M | cache   1.6G | buff   77.0M | slab  105.0M |
MEM | numnode    1 | shmem  66.0M | shrss  35.8M | tcpsk   0.0M | udpsk   0.0M |
MEM | tot     3.8G | free  821.6M | cache   1.6G | buff   77.0M | slab  105.0M |
MEM | numnode    1 | shmem  66.0M | shrss  35.8M | tcpsk   0.0M | udpsk   0.0M |
MEM | tot     3.8G | free  821.1M | cache   1.6G | buff   77.0M | slab  105.0M |
MEM | numnode    1 | shmem  66.0M | shrss  35.8M | tcpsk   0.0M | udpsk   0.0M |
