MEM | tot     3.8G | free  845.0M | cache   1.6G | buff   77.0M | slab  104.9M |
MEM | numnode    1 | shmem  65.5M | shrss  35.8M | tcpsk   0.0M | udpsk   0.0M |
MEM | tot     3.8G | free  829.1M | cache   1.6G | buff   77.0M | slab  105.0M |
MEM | numnode    1 | shmem  65.5M | shrss  35.8M | tcpsk   0.0M | udpsk   0.0M |
MEM | tot     3.8G | free  828.1M | cache   1.6G | buff   77.0M | slab  105.0M |
MEM | numnode    1 | shmem  65.5M | shrss  35.8M | tcpsk   0.0M | udpsk   0.0M |
MEM | tot     3.8G | free  830.1M | cache   1.6G | buff   77.0M | slab  105.0M |
MEM | numnode    1 | shmem  65.5M | shrss  35.8M | tcpsk   0.0M | udpsk   0.0M |
MEM | tot     3.8G | free  829.8M | cache   1.6G | buff   77.0M | slab  105.0M |
MEM | numnode    1 | shmem  65.5M | shrss  35.8M | tcpsk   0.0M | udpsk   0.0M |
MEM | tot     3.8G | free  829.8M | cache   1.6G | buff   77.0M | slab  105.0M |
MEM | numnode    1 | shmem  65.5M | shrss  35.8M | tcpsk   0.0M | udpsk   0.0M |
MEM | tot     3.8G | free  829.9M | cache   1.6G | buff   77.0M | slab  105.0M |
MEM | numnode    1 | shmem  65.5M | shrss  35.8M | tcpsk   0.0M | udpsk   0.0M |
MEM | tot     3.8G | free  831.3M | cache   1.6G | buff   77.0M | slab  105.0M |
MEM | numnode    1 | shmem  64.0M | shrss  35.8M | tcpsk   0.0M | udpsk   0.0M |
MEM | tot     3.8G | free  831.3M | cache   1.6G | buff   77.0M | slab  105.0M |
MEM | numnode    1 | shmem  64.0M | shrss  35.8M | tcpsk   0.0M | udpsk   0.0M |
MEM | tot     3.8G | free  831.3M | cache   1.6G | buff   77.0M | slab  105.0M |
MEM | numnode    1 | shmem  64.0M | shrss  35.8M | tcpsk   0.0M | udpsk   0.0M |
MEM | tot     3.8G | free  831.3M | cache   1.6G | buff   77.0M | slab  105.0M |
MEM | numnode    1 | shmem  64.0M | shrss  35.8M | tcpsk   0.0M | udpsk   0.0M |
MEM | tot     3.8G | free  831.3M | cache   1.6G | buff   77.0M | slab  105.0M |
MEM | numnode    1 | shmem  64.0M | shrss  35.8M | tcpsk   0.0M | udpsk   0.0M |
