MEM | tot     3.8G | free  821.4M | cache   1.6G | buff   78.3M | slab  105.3M |
MEM | numnode    1 | shmem  66.1M | shrss  35.8M | tcpsk   0.0M | udpsk   0.0M |
MEM | tot     3.8G | free  796.9M | cache   1.6G | buff   78.3M | slab  105.4M |
MEM | numnode    1 | shmem  67.1M | shrss  35.8M | tcpsk   0.0M | udpsk   0.0M |
MEM | tot     3.8G | free  801.9M | cache   1.6G | buff   78.3M | slab  105.4M |
MEM | numnode    1 | shmem  67.3M | shrss  35.8M | tcpsk   0.0M | udpsk   0.0M |
MEM | tot     3.8G | free  801.4M | cache   1.6G | buff   78.3M | slab  105.4M |
MEM | numnode    1 | shmem  67.4M | shrss  35.8M | tcpsk   0.0M | udpsk   0.0M |
MEM | tot     3.8G | free  801.9M | cache   1.6G | buff   78.3M | slab  105.4M |
MEM | numnode    1 | shmem  67.4M | shrss  35.8M | tcpsk   0.0M | udpsk   0.0M |
MEM | tot     3.8G | free  799.9M | cache   1.6G | buff   78.3M | slab  105.4M |
MEM | numnode    1 | shmem  67.4M | shrss  35.8M | tcpsk   0.0M | udpsk   0.0M |
MEM | tot     3.8G | free  797.4M | cache   1.6G | buff   78.3M | slab  105.4M |
MEM | numnode    1 | shmem  67.4M | shrss  35.8M | tcpsk   0.0M | udpsk   0.0M |
MEM | tot     3.8G | free  799.1M | cache   1.6G | buff   78.3M | slab  105.4M |
MEM | numnode    1 | shmem  64.9M | shrss  35.8M | tcpsk   0.0M | udpsk   0.0M |
MEM | tot     3.8G | free  797.6M | cache   1.6G | buff   78.3M | slab  105.4M |
MEM | numnode    1 | shmem  64.9M | shrss  35.8M | tcpsk   0.0M | udpsk   0.0M |
MEM | tot     3.8G | free  798.3M | cache   1.6G | buff   78.3M | slab  105.4M |
MEM | numnode    1 | shmem  64.9M | shrss  35.8M | tcpsk   0.0M | udpsk   0.0M |
MEM | tot     3.8G | free  798.1M | cache   1.6G | buff   78.3M | slab  105.4M |
MEM | numnode    1 | shmem  64.9M | shrss  35.8M | tcpsk   0.0M | udpsk   0.0M |
MEM | tot     3.8G | free  798.1M | cache   1.6G | buff   78.3M | slab  105.4M |
MEM | numnode    1 | shmem  64.9M | shrss  35.8M | tcpsk   0.0M | udpsk   0.0M |
MEM | tot     3.8G | free  797.9M | cache   1.6G | buff   78.3M | slab  105.4M |
MEM | numnode    1 | shmem  64.9M | shrss  35.8M | tcpsk   0.0M | udpsk   0.0M |
MEM | tot     3.8G | free  797.9M | cache   1.6G | buff   78.3M | slab  105.4M |
MEM | numnode    1 | shmem  64.9M | shrss  35.8M | tcpsk   0.0M | udpsk   0.0M |
MEM | tot     3.8G | free  797.9M | cache   1.6G | buff   78.3M | slab  105.4M |
MEM | numnode    1 | shmem  64.9M | shrss  35.8M | tcpsk   0.0M | udpsk   0.0M |
MEM | tot     3.8G | free  797.9M | cache   1.6G | buff   78.3M | slab  105.4M |
MEM | numnode    1 | shmem  64.9M | shrss  35.8M | tcpsk   0.0M | udpsk   0.0M |
MEM | tot     3.8G | free  797.9M | cache   1.6G | buff   78.3M | slab  105.4M |
MEM | numnode    1 | shmem  64.9M | shrss  35.8M | tcpsk   0.0M | udpsk   0.0M |
