MEM | tot     3.8G | free  822.3M | cache   1.6G | buff   78.3M | slab  105.3M |
MEM | numnode    1 | shmem  65.3M | shrss  35.8M | tcpsk   0.0M | udpsk   0.0M |
MEM | tot     3.8G | free  788.2M | cache   1.6G | buff   78.3M | slab  105.4M |
MEM | numnode    1 | shmem  65.3M | shrss  35.8M | tcpsk   0.0M | udpsk   0.0M |
MEM | tot     3.8G | free  785.9M | cache   1.6G | buff   78.3M | slab  105.4M |
MEM | numnode    1 | shmem  65.8M | shrss  35.8M | tcpsk   0.0M | udpsk   0.0M |
MEM | tot     3.8G | free  784.5M | cache   1.6G | buff   78.3M | slab  105.4M |
MEM | numnode    1 | shmem  66.4M | shrss  35.8M | tcpsk   0.0M | udpsk   0.0M |
MEM | tot     3.8G | free  785.2M | cache   1.6G | buff   78.3M | slab  105.4M |
MEM | numnode    1 | shmem  66.4M | shrss  35.8M | tcpsk   0.0M | udpsk   0.0M |
MEM | tot     3.8G | free  792.9M | cache   1.6G | buff   78.3M | slab  105.4M |
MEM | numnode    1 | shmem  66.4M | shrss  35.8M | tcpsk   0.0M | udpsk   0.0M |
MEM | tot     3.8G | free  792.9M | cache   1.6G | buff   78.3M | slab  105.4M |
MEM | numnode    1 | shmem  66.4M | shrss  35.8M | tcpsk   0.0M | udpsk   0.0M |
MEM | tot     3.8G | free  790.7M | cache   1.6G | buff   78.3M | slab  105.4M |
MEM | numnode    1 | shmem  66.4M | shrss  35.8M | tcpsk   0.0M | udpsk   0.0M |
MEM | tot     3.8G | free  790.4M | cache   1.6G | buff   78.3M | slab  105.4M |
MEM | numnode    1 | shmem  64.6M | shrss  35.8M | tcpsk   0.0M | udpsk   0.0M |
