MEM | tot     3.8G | free  820.3M | cache   1.6G | buff   78.2M | slab  105.3M |
MEM | numnode    1 | shmem  67.3M | shrss  35.8M | tcpsk   0.0M | udpsk   0.0M |
MEM | tot     3.8G | free  804.1M | cache   1.6G | buff   78.2M | slab  105.4M |
MEM | numnode    1 | shmem  67.3M | shrss  35.8M | tcpsk   0.0M | udpsk   0.0M |
MEM | tot     3.8G | free  800.1M | cache   1.6G | buff   78.2M | slab  105.4M |
MEM | numnode    1 | shmem  67.3M | shrss  35.8M | tcpsk   0.0M | udpsk   0.0M |
MEM | tot     3.8G | free  800.3M | cache   1.6G | buff   78.2M | slab  105.4M |
MEM | numnode    1 | shmem  67.3M | shrss  35.8M | tcpsk   0.0M | udpsk   0.0M |
MEM | tot     3.8G | free  801.8M | cache   1.6G | buff   78.2M | slab  105.4M |
MEM | numnode    1 | shmem  65.9M | shrss  35.8M | tcpsk   0.0M | udpsk   0.0M |
MEM | tot     3.8G | free  802.3M | cache   1.6G | buff   78.2M | slab  105.4M |
MEM | numnode    1 | shmem  65.8M | shrss  35.8M | tcpsk   0.0M | udpsk   0.0M |
MEM | tot     3.8G | free  801.8M | cache   1.6G | buff   78.3M | slab  105.4M |
MEM | numnode    1 | shmem  65.8M | shrss  35.8M | tcpsk   0.0M | udpsk   0.0M |
MEM | tot     3.8G | free  803.3M | cache   1.6G | buff   78.3M | slab  105.4M |
MEM | numnode    1 | shmem  64.4M | shrss  35.8M | tcpsk   0.0M | udpsk   0.0M |
MEM | tot     3.8G | free  803.3M | cache   1.6G | buff   78.3M | slab  105.4M |
MEM | numnode    1 | shmem  64.3M | shrss  35.8M | tcpsk   0.0M | udpsk   0.0M |
MEM | tot     3.8G | free  803.3M | cache   1.6G | buff   78.3M | slab  105.4M |
MEM | numnode    1 | shmem  64.3M | shrss  35.8M | tcpsk   0.0M | udpsk   0.0M |
MEM | tot     3.8G | free  803.3M | cache   1.6G | buff   78.3M | slab  105.4M |
MEM | numnode    1 | shmem  64.3M | shrss  35.8M | tcpsk   0.0M | udpsk   0.0M |
MEM | tot     3.8G | free  803.3M | cache   1.6G | buff   78.3M | slab  105.4M |
MEM | numnode    1 | shmem  64.3M | shrss  35.8M | tcpsk   0.0M | udpsk   0.0M |
MEM | tot     3.8G | free  804.0M | cache   1.6G | buff   78.3M | slab  105.4M |
MEM | numnode    1 | shmem  64.3M | shrss  35.8M | tcpsk   0.0M | udpsk   0.0M |
MEM | tot     3.8G | free  804.0M | cache   1.6G | buff   78.3M | slab  105.4M |
MEM | numnode    1 | shmem  64.3M | shrss  35.8M | tcpsk   0.0M | udpsk   0.0M |
MEM | tot     3.8G | free  804.0M | cache   1.6G | buff   78.3M | slab  105.4M |
MEM | numnode    1 | shmem  64.3M | shrss  35.8M | tcpsk   0.0M | udpsk   0.0M |
MEM | tot     3.8G | free  804.0M | cache   1.6G | buff   78.3M | slab  105.4M |
MEM | numnode    1 | shmem  64.3M | shrss  35.8M | tcpsk   0.0M | udpsk   0.0M |
MEM | tot     3.8G | free  804.0M | cache   1.6G | buff   78.3M | slab  105.4M |
MEM | numnode    1 | shmem  64.3M | shrss  35.8M | tcpsk   0.0M | udpsk   0.0M |
