MEM | tot     3.8G | free    2.3G | cache 628.7M | buff   45.3M | slab   65.0M |
MEM | tot     3.8G | free    2.2G | cache 635.8M | buff   45.3M | slab   65.0M |
MEM | tot     3.8G | free    2.2G | cache 642.5M | buff   45.3M | slab   65.0M |
MEM | tot     3.8G | free    2.2G | cache 642.6M | buff   45.4M | slab   65.0M |
MEM | tot     3.8G | free    2.2G | cache 642.6M | buff   45.4M | slab   65.0M |
MEM | tot     3.8G | free    2.2G | cache 642.6M | buff   45.4M | slab   65.0M |
MEM | tot     3.8G | free    2.2G | cache 642.3M | buff   45.4M | slab   65.1M |
MEM | tot     3.8G | free    2.2G | cache 632.2M | buff   45.4M | slab   65.1M |
MEM | tot     3.8G | free    2.2G | cache 632.2M | buff   45.4M | slab   65.1M |
MEM | tot     3.8G | free    2.2G | cache 632.2M | buff   45.4M | slab   65.1M |
MEM | tot     3.8G | free    2.2G | cache 632.3M | buff   45.4M | slab   65.1M |
MEM | tot     3.8G | free    2.2G | cache 632.3M | buff   45.4M | slab   65.1M |
MEM | tot     3.8G | free    2.2G | cache 632.3M | buff   45.4M | slab   65.1M |
MEM | tot     3.8G | free    2.2G | cache 632.3M | buff   45.4M | slab   65.1M |
MEM | tot     3.8G | free    2.2G | cache 632.3M | buff   45.4M | slab   65.1M |
MEM | tot     3.8G | free    2.2G | cache 632.3M | buff   45.4M | slab   65.1M |
MEM | tot     3.8G | free    2.2G | cache 632.3M | buff   45.4M | slab   65.1M |
MEM | tot     3.8G | free    2.2G | cache 632.3M | buff   45.4M | slab   65.1M |
MEM | tot     3.8G | free    2.2G | cache 632.4M | buff   45.4M | slab   65.1M |
MEM | tot     3.8G | free    2.2G | cache 632.4M | buff   45.4M | slab   65.1M |
MEM | tot     3.8G | free    2.2G | cache 632.4M | buff   45.4M | slab   65.1M |
MEM | tot     3.8G | free    2.2G | cache 632.4M | buff   45.4M | slab   65.1M |
MEM | tot     3.8G | free    2.2G | cache 632.4M | buff   45.4M | slab   65.1M |
MEM | tot     3.8G | free    2.2G | cache 632.4M | buff   45.4M | slab   65.1M |
MEM | tot     3.8G | free    2.2G | cache 632.4M | buff   45.4M | slab   65.1M |
MEM | tot     3.8G | free    2.2G | cache 632.4M | buff   45.4M | slab   65.1M |
MEM | tot     3.8G | free    2.2G | cache 632.4M | buff   45.4M | slab   65.1M |
MEM | tot     3.8G | free    2.2G | cache 632.5M | buff   45.4M | slab   65.1M |
MEM | tot     3.8G | free    2.2G | cache 632.5M | buff   45.4M | slab   65.1M |
MEM | tot     3.8G | free    2.2G | cache 632.5M | buff   45.4M | slab   65.1M |
MEM | tot     3.8G | free    2.2G | cache 632.5M | buff   45.4M | slab   65.1M |
MEM | tot     3.8G | free    2.2G | cache 632.5M | buff   45.4M | slab   65.1M |
MEM | tot     3.8G | free    2.2G | cache 632.5M | buff   45.4M | slab   65.1M |
