MEM | tot     3.8G | free    2.3G | cache 623.9M | buff   45.2M | slab   64.8M |
MEM | tot     3.8G | free    2.2G | cache 633.1M | buff   45.2M | slab   64.9M |
MEM | tot     3.8G | free    2.2G | cache 633.2M | buff   45.2M | slab   65.0M |
MEM | tot     3.8G | free    2.2G | cache 633.2M | buff   45.2M | slab   64.9M |
MEM | tot     3.8G | free    2.2G | cache 633.2M | buff   45.2M | slab   64.9M |
MEM | tot     3.8G | free    2.2G | cache 633.2M | buff   45.2M | slab   64.9M |
MEM | tot     3.8G | free    2.2G | cache 632.8M | buff   45.2M | slab   64.9M |
MEM | tot     3.8G | free    2.2G | cache 632.0M | buff   45.2M | slab   64.9M |
MEM | tot     3.8G | free    2.2G | cache 632.0M | buff   45.2M | slab   64.9M |
MEM | tot     3.8G | free    2.2G | cache 632.0M | buff   45.2M | slab   64.9M |
MEM | tot     3.8G | free    2.2G | cache 632.0M | buff   45.2M | slab   64.9M |
MEM | tot     3.8G | free    2.2G | cache 632.0M | buff   45.2M | slab   64.9M |
MEM | tot     3.8G | free    2.2G | cache 632.0M | buff   45.2M | slab   64.9M |
MEM | tot     3.8G | free    2.2G | cache 632.0M | buff   45.2M | slab   64.9M |
MEM | tot     3.8G | free    2.2G | cache 632.1M | buff   45.2M | slab   64.9M |
MEM | tot     3.8G | free    2.2G | cache 632.1M | buff   45.3M | slab   64.9M |
MEM | tot     3.8G | free    2.2G | cache 632.1M | buff   45.3M | slab   64.9M |
MEM | tot     3.8G | free    2.2G | cache 632.1M | buff   45.3M | slab   64.9M |
MEM | tot     3.8G | free    2.2G | cache 632.1M | buff   45.3M | slab   64.9M |
MEM | tot     3.8G | free    2.2G | cache 632.1M | buff   45.3M | slab   64.9M |
MEM | tot     3.8G | free    2.2G | cache 632.1M | buff   45.3M | slab   64.9M |
MEM | tot     3.8G | free    2.2G | cache 632.1M | buff   45.3M | slab   64.9M |
MEM | tot     3.8G | free    2.2G | cache 632.1M | buff   45.3M | slab   64.9M |
MEM | tot     3.8G | free    2.2G | cache 632.2M | buff   45.3M | slab   64.9M |
MEM | tot     3.8G | free    2.2G | cache 632.2M | buff   45.3M | slab   64.9M |
MEM | tot     3.8G | free    2.2G | cache 632.2M | buff   45.3M | slab   64.9M |
MEM | tot     3.8G | free    2.2G | cache 632.2M | buff   45.3M | slab   64.9M |
MEM | tot     3.8G | free    2.2G | cache 632.2M | buff   45.3M | slab   64.9M |
MEM | tot     3.8G | free    2.2G | cache 632.2M | buff   45.3M | slab   64.9M |
MEM | tot     3.8G | free    2.2G | cache 632.2M | buff   45.3M | slab   64.9M |
MEM | tot     3.8G | free    2.2G | cache 632.2M | buff   45.3M | slab   64.9M |
MEM | tot     3.8G | free    2.2G | cache 632.2M | buff   45.3M | slab   64.9M |
MEM | tot     3.8G | free    2.2G | cache 632.3M | buff   45.3M | slab   64.9M |
MEM | tot     3.8G | free    2.2G | cache 632.3M | buff   45.3M | slab   64.9M |
MEM | tot     3.8G | free    2.2G | cache 632.3M | buff   45.3M | slab   64.9M |
MEM | tot     3.8G | free    2.2G | cache 632.3M | buff   45.3M | slab   64.9M |
MEM | tot     3.8G | free    2.2G | cache 632.3M | buff   45.3M | slab   64.9M |
MEM | tot     3.8G | free    2.2G | cache 632.3M | buff   45.3M | slab   64.9M |
MEM | tot     3.8G | free    2.2G | cache 632.4M | buff   45.3M | slab   64.9M |
MEM | tot     3.8G | free    2.2G | cache 632.4M | buff   45.3M | slab   64.9M |
MEM | tot     3.8G | free    2.2G | cache 632.4M | buff   45.3M | slab   64.9M |
MEM | tot     3.8G | free    2.2G | cache 632.4M | buff   45.3M | slab   64.9M |
MEM | tot     3.8G | free    2.2G | cache 632.4M | buff   45.3M | slab   64.9M |
MEM | tot     3.8G | free    2.2G | cache 632.4M | buff   45.3M | slab   64.9M |
MEM | tot     3.8G | free    2.2G | cache 632.4M | buff   45.3M | slab   64.9M |
MEM | tot     3.8G | free    2.2G | cache 632.4M | buff   45.3M | slab   64.9M |
