MEM | tot     3.8G | free    2.3G | cache 628.7M | buff   45.3M | slab   65.0M |
MEM | tot     3.8G | free    2.2G | cache 633.7M | buff   45.3M | slab   65.0M |
MEM | tot     3.8G | free    2.2G | cache 642.7M | buff   45.3M | slab   65.0M |
MEM | tot     3.8G | free    2.2G | cache 642.7M | buff   45.3M | slab   65.0M |
MEM | tot     3.8G | free    2.2G | cache 642.7M | buff   45.3M | slab   65.0M |
MEM | tot     3.8G | free    2.2G | cache 642.7M | buff   45.3M | slab   65.1M |
MEM | tot     3.8G | free    2.2G | cache 641.8M | buff   45.3M | slab   65.0M |
MEM | tot     3.8G | free    2.2G | cache 632.0M | buff   45.3M | slab   65.0M |
MEM | tot     3.8G | free    2.2G | cache 632.1M | buff   45.3M | slab   65.0M |
MEM | tot     3.8G | free    2.2G | cache 632.1M | buff   45.3M | slab   65.0M |
MEM | tot     3.8G | free    2.2G | cache 632.1M | buff   45.3M | slab   65.0M |
MEM | tot     3.8G | free    2.2G | cache 632.1M | buff   45.3M | slab   65.0M |
MEM | tot     3.8G | free    2.2G | cache 632.1M | buff   45.3M | slab   65.0M |
MEM | tot     3.8G | free    2.2G | cache 632.1M | buff   45.3M | slab   65.0M |
MEM | tot     3.8G | free    2.2G | cache 632.2M | buff   45.3M | slab   65.0M |
MEM | tot     3.8G | free    2.2G | cache 632.2M | buff   45.3M | slab   65.0M |
MEM | tot     3.8G | free    2.2G | cache 632.2M | buff   45.3M | slab   65.0M |
