MEM | tot     3.8G | free    2.3G | cache 628.6M | buff   45.3M | slab   64.9M |
MEM | tot     3.8G | free    2.2G | cache 639.2M | buff   45.3M | slab   65.0M |
MEM | tot     3.8G | free    2.2G | cache 640.2M | buff   45.3M | slab   65.0M |
MEM | tot     3.8G | free    2.2G | cache 640.2M | buff   45.3M | slab   65.0M |
MEM | tot     3.8G | free    2.2G | cache 640.2M | buff   45.3M | slab   65.0M |
MEM | tot     3.8G | free    2.2G | cache 640.2M | buff   45.3M | slab   65.0M |
MEM | tot     3.8G | free    2.2G | cache 640.3M | buff   45.3M | slab   65.0M |
