SWP | tot   975.0M | free  975.0M | swcac   0.0M | vmcom   3.5G | vmlim   2.9G |
SWP | tot   975.0M | free  975.0M | swcac   0.0M | vmcom   3.5G | vmlim   2.9G |
SWP | tot   975.0M | free  975.0M | swcac   0.0M | vmcom   3.5G | vmlim   2.9G |
SWP | tot   975.0M | free  975.0M | swcac   0.0M | vmcom   3.5G | vmlim   2.9G |
SWP | tot   975.0M | free  975.0M | swcac   0.0M | vmcom   3.5G | vmlim   2.9G |
SWP | tot   975.0M | free  975.0M | swcac   0.0M | vmcom   3.5G | vmlim   2.9G |
SWP | tot   975.0M | free  975.0M | swcac   0.0M | vmcom   3.5G | vmlim   2.9G |
