CPU,sys,12,user,36,irq,1,idle,27,wait,24,,48
CPU,sys,28,user,71,irq,0,idle,0,wait,0,,99
CPU,sys,34,user,61,irq,3,idle,0,wait,0,,95
CPU,sys,28,user,67,irq,4,idle,0,wait,0,,95
CPU,sys,35,user,61,irq,3,idle,0,wait,0,,96
CPU,sys,34,user,64,irq,1,idle,0,wait,0,,98
CPU,sys,30,user,67,irq,3,idle,0,wait,0,,97
CPU,sys,27,user,45,irq,2,idle,0,wait,26,,72
CPU,sys,9,user,37,irq,0,idle,0,wait,54,,46
CPU,sys,12,user,62,irq,1,idle,0,wait,25,,74
CPU,sys,14,user,67,irq,0,idle,0,wait,18,,81
CPU,sys,17,user,62,irq,1,idle,0,wait,20,,79
CPU,sys,24,user,62,irq,0,idle,0,wait,14,,86
CPU,sys,16,user,69,irq,0,idle,0,wait,15,,85
CPU,sys,10,user,73,irq,0,idle,0,wait,16,,83
CPU,sys,15,user,61,irq,2,idle,0,wait,22,,76
CPU,sys,14,user,69,irq,1,idle,0,wait,15,,83
,,,,,,,,,,,,
,,,,,,,,,,,média,"84,0625"
,,,,,,,,,,,DP,"13,586604922987"
