CPU,sys,12,user,36,irq,1,idle,27,wait,23,,48
CPU,sys,37,user,62,irq,0,idle,0,wait,0,,99
CPU,sys,22,user,58,irq,1,idle,0,wait,19,,80
CPU,sys,39,user,42,irq,4,idle,0,wait,14,,81
CPU,sys,32,user,29,irq,2,idle,0,wait,36,,61
CPU,sys,20,user,33,irq,2,idle,0,wait,46,,53
CPU,sys,20,user,24,irq,2,idle,0,wait,53,,44
CPU,sys,21,user,23,irq,2,idle,0,wait,53,,44
CPU,sys,16,user,28,irq,1,idle,0,wait,55,,44
CPU,sys,20,user,24,irq,2,idle,0,wait,53,,44
CPU,sys,18,user,26,irq,0,idle,0,wait,56,,44
CPU,sys,21,user,32,irq,2,idle,0,wait,45,,53
CPU,sys,22,user,31,irq,3,idle,0,wait,45,,53
CPU,sys,23,user,28,irq,4,idle,0,wait,44,,51
CPU,sys,17,user,29,irq,3,idle,0,wait,51,,46
CPU,sys,16,user,27,irq,0,idle,0,wait,57,,43
CPU,sys,15,user,28,irq,3,idle,0,wait,54,,43
CPU,sys,23,user,27,irq,2,idle,0,wait,48,,50
CPU,sys,18,user,37,irq,3,idle,0,wait,43,,55
CPU,sys,20,user,34,irq,1,idle,0,wait,44,,54
CPU,sys,21,user,35,irq,2,idle,0,wait,40,,56
CPU,sys,20,user,31,irq,3,idle,0,wait,44,,51
CPU,sys,20,user,31,irq,2,idle,0,wait,46,,51
CPU,sys,16,user,27,irq,0,idle,0,wait,57,,43
CPU,sys,18,user,22,irq,2,idle,0,wait,58,,40
CPU,sys,19,user,24,irq,1,idle,0,wait,56,,43
CPU,sys,10,user,14,irq,1,idle,0,wait,75,,24
CPU,sys,15,user,26,irq,2,idle,0,wait,57,,41
CPU,sys,18,user,26,irq,1,idle,0,wait,56,,44
CPU,sys,16,user,27,irq,2,idle,0,wait,55,,43
CPU,sys,19,user,24,irq,2,idle,0,wait,55,,43
CPU,sys,18,user,25,irq,2,idle,0,wait,54,,43
CPU,sys,16,user,23,irq,1,idle,0,wait,59,,39
CPU,sys,20,user,23,irq,1,idle,0,wait,56,,43
CPU,sys,13,user,27,irq,3,idle,0,wait,57,,40
CPU,sys,19,user,26,irq,1,idle,0,wait,54,,45
CPU,sys,16,user,26,irq,1,idle,0,wait,57,,42
CPU,sys,18,user,27,irq,2,idle,0,wait,53,,45
CPU,sys,18,user,26,irq,2,idle,0,wait,55,,44
CPU,sys,17,user,25,irq,1,idle,0,wait,57,,42
CPU,sys,18,user,23,irq,1,idle,0,wait,58,,41
CPU,sys,18,user,24,irq,1,idle,0,wait,57,,42
CPU,sys,16,user,27,irq,0,idle,0,wait,57,,43
CPU,sys,16,user,27,irq,2,idle,0,wait,55,,43
CPU,sys,18,user,28,irq,1,idle,0,wait,53,,46
CPU,sys,16,user,27,irq,4,idle,0,wait,53,,43
,,,,,,,,,,,,
,,,,,,,,,,,média,"48,0444444444444"
,,,,,,,,,,,DP,"12,1934325757679"
