E,tot,"3,8",free,"2,3",cache,"623,9",buff,"45,2",slab,"64,8",,"1,5"
E,tot,"3,8",free,"2,2",cache,"633,1",buff,"45,2",slab,"64,9",,"1,6"
E,tot,"3,8",free,"2,2",cache,"633,2",buff,"45,2",slab,65,,"1,6"
E,tot,"3,8",free,"2,2",cache,"633,2",buff,"45,2",slab,"64,9",,"1,6"
E,tot,"3,8",free,"2,2",cache,"633,2",buff,"45,2",slab,"64,9",,"1,6"
E,tot,"3,8",free,"2,2",cache,"633,2",buff,"45,2",slab,"64,9",,"1,6"
E,tot,"3,8",free,"2,2",cache,"632,8",buff,"45,2",slab,"64,9",,"1,6"
E,tot,"3,8",free,"2,2",cache,632,buff,"45,2",slab,"64,9",,"1,6"
E,tot,"3,8",free,"2,2",cache,632,buff,"45,2",slab,"64,9",,"1,6"
E,tot,"3,8",free,"2,2",cache,632,buff,"45,2",slab,"64,9",,"1,6"
E,tot,"3,8",free,"2,2",cache,632,buff,"45,2",slab,"64,9",,"1,6"
E,tot,"3,8",free,"2,2",cache,632,buff,"45,2",slab,"64,9",,"1,6"
E,tot,"3,8",free,"2,2",cache,632,buff,"45,2",slab,"64,9",,"1,6"
E,tot,"3,8",free,"2,2",cache,632,buff,"45,2",slab,"64,9",,"1,6"
E,tot,"3,8",free,"2,2",cache,"632,1",buff,"45,2",slab,"64,9",,"1,6"
E,tot,"3,8",free,"2,2",cache,"632,1",buff,"45,3",slab,"64,9",,"1,6"
E,tot,"3,8",free,"2,2",cache,"632,1",buff,"45,3",slab,"64,9",,"1,6"
E,tot,"3,8",free,"2,2",cache,"632,1",buff,"45,3",slab,"64,9",,"1,6"
E,tot,"3,8",free,"2,2",cache,"632,1",buff,"45,3",slab,"64,9",,"1,6"
E,tot,"3,8",free,"2,2",cache,"632,1",buff,"45,3",slab,"64,9",,"1,6"
E,tot,"3,8",free,"2,2",cache,"632,1",buff,"45,3",slab,"64,9",,"1,6"
E,tot,"3,8",free,"2,2",cache,"632,1",buff,"45,3",slab,"64,9",,"1,6"
E,tot,"3,8",free,"2,2",cache,"632,1",buff,"45,3",slab,"64,9",,"1,6"
E,tot,"3,8",free,"2,2",cache,"632,2",buff,"45,3",slab,"64,9",,"1,6"
E,tot,"3,8",free,"2,2",cache,"632,2",buff,"45,3",slab,"64,9",,"1,6"
E,tot,"3,8",free,"2,2",cache,"632,2",buff,"45,3",slab,"64,9",,"1,6"
E,tot,"3,8",free,"2,2",cache,"632,2",buff,"45,3",slab,"64,9",,"1,6"
E,tot,"3,8",free,"2,2",cache,"632,2",buff,"45,3",slab,"64,9",,"1,6"
E,tot,"3,8",free,"2,2",cache,"632,2",buff,"45,3",slab,"64,9",,"1,6"
E,tot,"3,8",free,"2,2",cache,"632,2",buff,"45,3",slab,"64,9",,"1,6"
E,tot,"3,8",free,"2,2",cache,"632,2",buff,"45,3",slab,"64,9",,"1,6"
E,tot,"3,8",free,"2,2",cache,"632,2",buff,"45,3",slab,"64,9",,"1,6"
E,tot,"3,8",free,"2,2",cache,"632,3",buff,"45,3",slab,"64,9",,"1,6"
E,tot,"3,8",free,"2,2",cache,"632,3",buff,"45,3",slab,"64,9",,"1,6"
E,tot,"3,8",free,"2,2",cache,"632,3",buff,"45,3",slab,"64,9",,"1,6"
E,tot,"3,8",free,"2,2",cache,"632,3",buff,"45,3",slab,"64,9",,"1,6"
E,tot,"3,8",free,"2,2",cache,"632,3",buff,"45,3",slab,"64,9",,"1,6"
E,tot,"3,8",free,"2,2",cache,"632,3",buff,"45,3",slab,"64,9",,"1,6"
E,tot,"3,8",free,"2,2",cache,"632,4",buff,"45,3",slab,"64,9",,"1,6"
E,tot,"3,8",free,"2,2",cache,"632,4",buff,"45,3",slab,"64,9",,"1,6"
E,tot,"3,8",free,"2,2",cache,"632,4",buff,"45,3",slab,"64,9",,"1,6"
E,tot,"3,8",free,"2,2",cache,"632,4",buff,"45,3",slab,"64,9",,"1,6"
E,tot,"3,8",free,"2,2",cache,"632,4",buff,"45,3",slab,"64,9",,"1,6"
E,tot,"3,8",free,"2,2",cache,"632,4",buff,"45,3",slab,"64,9",,"1,6"
E,tot,"3,8",free,"2,2",cache,"632,4",buff,"45,3",slab,"64,9",,"1,6"
E,tot,"3,8",free,"2,2",cache,"632,4",buff,"45,3",slab,"64,9",,"1,6"
,,,,,,,,,,,,
,,,,,,,,,,,média,"1,59782608695652"
,,,,,,,,,,,DP,"0,0147441956154897"
