E,tot,"3,8",free,"2,3",cache,"628,7",buff,"45,3",slab,65,,"1,5"
E,tot,"3,8",free,"2,2",cache,"633,7",buff,"45,3",slab,65,,"1,6"
E,tot,"3,8",free,"2,2",cache,"642,7",buff,"45,3",slab,65,,"1,6"
E,tot,"3,8",free,"2,2",cache,"642,7",buff,"45,3",slab,65,,"1,6"
E,tot,"3,8",free,"2,2",cache,"642,7",buff,"45,3",slab,65,,"1,6"
E,tot,"3,8",free,"2,2",cache,"642,7",buff,"45,3",slab,"65,1",,"1,6"
E,tot,"3,8",free,"2,2",cache,"641,8",buff,"45,3",slab,65,,"1,6"
E,tot,"3,8",free,"2,2",cache,632,buff,"45,3",slab,65,,"1,6"
E,tot,"3,8",free,"2,2",cache,"632,1",buff,"45,3",slab,65,,"1,6"
E,tot,"3,8",free,"2,2",cache,"632,1",buff,"45,3",slab,65,,"1,6"
E,tot,"3,8",free,"2,2",cache,"632,1",buff,"45,3",slab,65,,"1,6"
E,tot,"3,8",free,"2,2",cache,"632,1",buff,"45,3",slab,65,,"1,6"
E,tot,"3,8",free,"2,2",cache,"632,1",buff,"45,3",slab,65,,"1,6"
E,tot,"3,8",free,"2,2",cache,"632,1",buff,"45,3",slab,65,,"1,6"
E,tot,"3,8",free,"2,2",cache,"632,2",buff,"45,3",slab,65,,"1,6"
E,tot,"3,8",free,"2,2",cache,"632,2",buff,"45,3",slab,65,,"1,6"
E,tot,"3,8",free,"2,2",cache,"632,2",buff,"45,3",slab,65,,"1,6"
,,,,,,,,,,,,
,,,,,,,,,,,,
,,,,,,,,,,,média,"1,59411764705882"
,,,,,,,,,,,DP,"0,0242535625036332"
