CPU,sys,12,user,36,irq,1,idle,27,wait,23,,48
CPU,sys,37,user,63,irq,0,idle,0,wait,0,,100
CPU,sys,28,user,71,irq,1,idle,0,wait,0,,99
CPU,sys,27,user,72,irq,1,idle,0,wait,0,,99
CPU,sys,29,user,67,irq,4,idle,0,wait,0,,96
CPU,sys,35,user,62,irq,3,idle,0,wait,0,,97
CPU,sys,32,user,67,irq,1,idle,0,wait,0,,99
CPU,sys,32,user,63,irq,2,idle,0,wait,3,,95
CPU,sys,22,user,23,irq,1,idle,0,wait,55,,45
CPU,sys,17,user,17,irq,1,idle,0,wait,65,,34
CPU,sys,15,user,19,irq,0,idle,0,wait,65,,34
CPU,sys,18,user,16,irq,2,idle,0,wait,64,,34
CPU,sys,19,user,16,irq,1,idle,0,wait,64,,35
CPU,sys,18,user,17,irq,3,idle,0,wait,61,,35
CPU,sys,15,user,18,irq,0,idle,0,wait,67,,33
CPU,sys,14,user,21,irq,1,idle,0,wait,64,,35
CPU,sys,17,user,18,irq,1,idle,0,wait,63,,35
CPU,sys,17,user,20,irq,1,idle,0,wait,62,,37
CPU,sys,18,user,16,irq,2,idle,0,wait,62,,34
CPU,sys,20,user,16,irq,1,idle,0,wait,63,,36
CPU,sys,17,user,16,irq,2,idle,0,wait,65,,33
CPU,sys,16,user,16,irq,2,idle,0,wait,66,,32
CPU,sys,17,user,18,irq,1,idle,0,wait,65,,35
CPU,sys,15,user,19,irq,1,idle,0,wait,65,,34
CPU,sys,18,user,13,irq,2,idle,0,wait,67,,31
CPU,sys,20,user,13,irq,0,idle,0,wait,67,,33
CPU,sys,19,user,16,irq,2,idle,0,wait,63,,35
CPU,sys,20,user,21,irq,1,idle,0,wait,58,,41
CPU,sys,19,user,20,irq,3,idle,0,wait,59,,39
CPU,sys,17,user,19,irq,2,idle,0,wait,62,,36
CPU,sys,23,user,16,irq,1,idle,0,wait,60,,39
CPU,sys,17,user,23,irq,1,idle,0,wait,60,,40
CPU,sys,21,user,20,irq,1,idle,0,wait,58,,41
,,,,,,,,,,,,
,,,,,,,,,,,média,"49,40625"
,,,,,,,,,,,DP,"26,2209708919431"
