MEM | tot     3.8G | free    2.2G | cache 629.2M | buff   45.7M | slab   65.1M |
MEM | tot     3.8G | free    2.2G | cache 637.7M | buff   45.7M | slab   65.2M |
MEM | tot     3.8G | free    2.2G | cache 643.0M | buff   45.7M | slab   65.2M |
MEM | tot     3.8G | free    2.2G | cache 643.0M | buff   45.7M | slab   65.2M |
MEM | tot     3.8G | free    2.2G | cache 643.0M | buff   45.7M | slab   65.2M |
MEM | tot     3.8G | free    2.2G | cache 643.0M | buff   45.7M | slab   65.2M |
MEM | tot     3.8G | free    2.2G | cache 642.8M | buff   45.7M | slab   65.2M |
MEM | tot     3.8G | free    2.2G | cache 632.7M | buff   45.7M | slab   65.2M |
MEM | tot     3.8G | free    2.2G | cache 632.7M | buff   45.7M | slab   65.2M |
MEM | tot     3.8G | free    2.2G | cache 632.7M | buff   45.7M | slab   65.2M |
MEM | tot     3.8G | free    2.2G | cache 632.7M | buff   45.7M | slab   65.2M |
MEM | tot     3.8G | free    2.2G | cache 632.7M | buff   45.7M | slab   65.2M |
MEM | tot     3.8G | free    2.2G | cache 632.7M | buff   45.7M | slab   65.2M |
MEM | tot     3.8G | free    2.2G | cache 632.7M | buff   45.7M | slab   65.2M |
MEM | tot     3.8G | free    2.2G | cache 632.7M | buff   45.7M | slab   65.2M |
MEM | tot     3.8G | free    2.2G | cache 632.8M | buff   45.7M | slab   65.2M |
MEM | tot     3.8G | free    2.2G | cache 632.8M | buff   45.7M | slab   65.2M |
MEM | tot     3.8G | free    2.2G | cache 632.8M | buff   45.7M | slab   65.2M |
MEM | tot     3.8G | free    2.2G | cache 632.8M | buff   45.7M | slab   65.2M |
MEM | tot     3.8G | free    2.2G | cache 632.8M | buff   45.7M | slab   65.2M |
MEM | tot     3.8G | free    2.2G | cache 632.8M | buff   45.7M | slab   65.2M |
MEM | tot     3.8G | free    2.2G | cache 632.8M | buff   45.7M | slab   65.2M |
MEM | tot     3.8G | free    2.2G | cache 632.8M | buff   45.7M | slab   65.2M |
MEM | tot     3.8G | free    2.2G | cache 632.8M | buff   45.7M | slab   65.2M |
MEM | tot     3.8G | free    2.2G | cache 632.9M | buff   45.7M | slab   65.2M |
MEM | tot     3.8G | free    2.2G | cache 632.9M | buff   45.7M | slab   65.2M |
MEM | tot     3.8G | free    2.2G | cache 632.9M | buff   45.7M | slab   65.2M |
MEM | tot     3.8G | free    2.2G | cache 632.9M | buff   45.7M | slab   65.2M |
MEM | tot     3.8G | free    2.2G | cache 632.9M | buff   45.7M | slab   65.2M |
MEM | tot     3.8G | free    2.2G | cache 632.9M | buff   45.7M | slab   65.2M |
MEM | tot     3.8G | free    2.2G | cache 632.9M | buff   45.7M | slab   65.2M |
