MEM | tot     3.8G | free    2.2G | cache 629.1M | buff   45.7M | slab   65.1M |
MEM | tot     3.8G | free    2.2G | cache 640.4M | buff   45.7M | slab   65.1M |
MEM | tot     3.8G | free    2.2G | cache 640.5M | buff   45.7M | slab   65.1M |
MEM | tot     3.8G | free    2.2G | cache 640.5M | buff   45.7M | slab   65.1M |
MEM | tot     3.8G | free    2.2G | cache 640.5M | buff   45.7M | slab   65.1M |
MEM | tot     3.8G | free    2.2G | cache 640.5M | buff   45.7M | slab   65.1M |
MEM | tot     3.8G | free    2.2G | cache 640.3M | buff   45.7M | slab   65.1M |
MEM | tot     3.8G | free    2.2G | cache 632.5M | buff   45.7M | slab   65.1M |
MEM | tot     3.8G | free    2.2G | cache 632.5M | buff   45.7M | slab   65.1M |
MEM | tot     3.8G | free    2.2G | cache 632.5M | buff   45.7M | slab   65.1M |
MEM | tot     3.8G | free    2.2G | cache 632.6M | buff   45.7M | slab   65.1M |
MEM | tot     3.8G | free    2.2G | cache 632.6M | buff   45.7M | slab   65.1M |
MEM | tot     3.8G | free    2.2G | cache 632.6M | buff   45.7M | slab   65.1M |
MEM | tot     3.8G | free    2.2G | cache 632.6M | buff   45.7M | slab   65.1M |
MEM | tot     3.8G | free    2.2G | cache 632.6M | buff   45.7M | slab   65.1M |
MEM | tot     3.8G | free    2.2G | cache 632.6M | buff   45.7M | slab   65.1M |
MEM | tot     3.8G | free    2.2G | cache 632.6M | buff   45.7M | slab   65.1M |
