MEM | tot     3.8G | free    2.2G | cache 626.0M | buff   45.5M | slab   65.0M |
MEM | tot     3.8G | free    2.2G | cache 634.8M | buff   45.5M | slab   65.1M |
MEM | tot     3.8G | free    2.2G | cache 634.9M | buff   45.5M | slab   65.1M |
MEM | tot     3.8G | free    2.2G | cache 634.9M | buff   45.5M | slab   65.1M |
MEM | tot     3.8G | free    2.2G | cache 634.9M | buff   45.5M | slab   65.1M |
MEM | tot     3.8G | free    2.2G | cache 635.0M | buff   45.5M | slab   65.1M |
MEM | tot     3.8G | free    2.2G | cache 634.7M | buff   45.5M | slab   65.1M |
MEM | tot     3.8G | free    2.2G | cache 633.2M | buff   45.5M | slab   65.1M |
MEM | tot     3.8G | free    2.2G | cache 632.3M | buff   45.5M | slab   65.1M |
MEM | tot     3.8G | free    2.2G | cache 632.8M | buff   45.5M | slab   65.1M |
MEM | tot     3.8G | free    2.2G | cache 636.9M | buff   45.5M | slab   65.1M |
MEM | tot     3.8G | free    2.2G | cache 636.9M | buff   45.5M | slab   65.1M |
MEM | tot     3.8G | free    2.2G | cache 636.9M | buff   45.5M | slab   65.1M |
MEM | tot     3.8G | free    2.2G | cache 636.9M | buff   45.6M | slab   65.1M |
MEM | tot     3.8G | free    2.2G | cache 636.9M | buff   45.6M | slab   65.1M |
MEM | tot     3.8G | free    2.2G | cache 636.9M | buff   45.6M | slab   65.1M |
MEM | tot     3.8G | free    2.2G | cache 632.6M | buff   45.6M | slab   65.1M |
MEM | tot     3.8G | free    2.2G | cache 632.6M | buff   45.6M | slab   65.1M |
MEM | tot     3.8G | free    2.2G | cache 632.6M | buff   45.6M | slab   65.1M |
MEM | tot     3.8G | free    2.2G | cache 632.6M | buff   45.6M | slab   65.1M |
MEM | tot     3.8G | free    2.2G | cache 632.6M | buff   45.6M | slab   65.1M |
MEM | tot     3.8G | free    2.2G | cache 632.6M | buff   45.6M | slab   65.1M |
MEM | tot     3.8G | free    2.2G | cache 632.6M | buff   45.6M | slab   65.1M |
MEM | tot     3.8G | free    2.2G | cache 632.7M | buff   45.6M | slab   65.1M |
MEM | tot     3.8G | free    2.2G | cache 632.7M | buff   45.6M | slab   65.1M |
MEM | tot     3.8G | free    2.2G | cache 632.7M | buff   45.6M | slab   65.1M |
MEM | tot     3.8G | free    2.2G | cache 632.7M | buff   45.6M | slab   65.1M |
MEM | tot     3.8G | free    2.2G | cache 632.7M | buff   45.6M | slab   65.1M |
MEM | tot     3.8G | free    2.2G | cache 632.7M | buff   45.6M | slab   65.1M |
MEM | tot     3.8G | free    2.2G | cache 632.7M | buff   45.6M | slab   65.1M |
MEM | tot     3.8G | free    2.2G | cache 632.7M | buff   45.6M | slab   65.1M |
MEM | tot     3.8G | free    2.2G | cache 632.8M | buff   45.6M | slab   65.1M |
MEM | tot     3.8G | free    2.2G | cache 632.8M | buff   45.6M | slab   65.1M |
MEM | tot     3.8G | free    2.2G | cache 632.8M | buff   45.6M | slab   65.1M |
MEM | tot     3.8G | free    2.2G | cache 632.8M | buff   45.6M | slab   65.1M |
MEM | tot     3.8G | free    2.2G | cache 632.8M | buff   45.6M | slab   65.1M |
MEM | tot     3.8G | free    2.2G | cache 632.8M | buff   45.6M | slab   65.1M |
MEM | tot     3.8G | free    2.2G | cache 632.8M | buff   45.6M | slab   65.1M |
MEM | tot     3.8G | free    2.2G | cache 632.9M | buff   45.6M | slab   65.1M |
MEM | tot     3.8G | free    2.2G | cache 633.0M | buff   45.6M | slab   65.1M |
MEM | tot     3.8G | free    2.2G | cache 633.0M | buff   45.6M | slab   65.1M |
MEM | tot     3.8G | free    2.2G | cache 633.0M | buff   45.6M | slab   65.1M |
MEM | tot     3.8G | free    2.2G | cache 633.0M | buff   45.6M | slab   65.1M |
MEM | tot     3.8G | free    2.2G | cache 633.0M | buff   45.6M | slab   65.1M |
MEM | tot     3.8G | free    2.2G | cache 633.0M | buff   45.6M | slab   65.1M |
MEM | tot     3.8G | free    2.2G | cache 633.0M | buff   45.6M | slab   65.1M |
MEM | tot     3.8G | free    2.2G | cache 633.0M | buff   45.6M | slab   65.1M |
MEM | tot     3.8G | free    2.2G | cache 633.1M | buff   45.6M | slab   65.1M |
MEM | tot     3.8G | free    2.2G | cache 633.1M | buff   45.6M | slab   65.1M |
MEM | tot     3.8G | free    2.2G | cache 633.1M | buff   45.6M | slab   65.1M |
MEM | tot     3.8G | free    2.2G | cache 633.1M | buff   45.6M | slab   65.1M |
MEM | tot     3.8G | free    2.2G | cache 633.1M | buff   45.6M | slab   65.1M |
MEM | tot     3.8G | free    2.2G | cache 633.1M | buff   45.6M | slab   65.1M |
MEM | tot     3.8G | free    2.2G | cache 633.1M | buff   45.6M | slab   65.1M |
MEM | tot     3.8G | free    2.2G | cache 633.1M | buff   45.6M | slab   65.1M |
MEM | tot     3.8G | free    2.2G | cache 633.1M | buff   45.6M | slab   65.1M |
