E,tot,"3,8",free,"2,2",cache,"629,2",buff,"45,7",slab,"65,1",,"1,6"
E,tot,"3,8",free,"2,2",cache,"637,7",buff,"45,7",slab,"65,2",,"1,6"
E,tot,"3,8",free,"2,2",cache,643,buff,"45,7",slab,"65,2",,"1,6"
E,tot,"3,8",free,"2,2",cache,643,buff,"45,7",slab,"65,2",,"1,6"
E,tot,"3,8",free,"2,2",cache,643,buff,"45,7",slab,"65,2",,"1,6"
E,tot,"3,8",free,"2,2",cache,643,buff,"45,7",slab,"65,2",,"1,6"
E,tot,"3,8",free,"2,2",cache,"642,8",buff,"45,7",slab,"65,2",,"1,6"
E,tot,"3,8",free,"2,2",cache,"632,7",buff,"45,7",slab,"65,2",,"1,6"
E,tot,"3,8",free,"2,2",cache,"632,7",buff,"45,7",slab,"65,2",,"1,6"
E,tot,"3,8",free,"2,2",cache,"632,7",buff,"45,7",slab,"65,2",,"1,6"
E,tot,"3,8",free,"2,2",cache,"632,7",buff,"45,7",slab,"65,2",,"1,6"
E,tot,"3,8",free,"2,2",cache,"632,7",buff,"45,7",slab,"65,2",,"1,6"
E,tot,"3,8",free,"2,2",cache,"632,7",buff,"45,7",slab,"65,2",,"1,6"
E,tot,"3,8",free,"2,2",cache,"632,7",buff,"45,7",slab,"65,2",,"1,6"
E,tot,"3,8",free,"2,2",cache,"632,7",buff,"45,7",slab,"65,2",,"1,6"
E,tot,"3,8",free,"2,2",cache,"632,8",buff,"45,7",slab,"65,2",,"1,6"
E,tot,"3,8",free,"2,2",cache,"632,8",buff,"45,7",slab,"65,2",,"1,6"
E,tot,"3,8",free,"2,2",cache,"632,8",buff,"45,7",slab,"65,2",,"1,6"
E,tot,"3,8",free,"2,2",cache,"632,8",buff,"45,7",slab,"65,2",,"1,6"
E,tot,"3,8",free,"2,2",cache,"632,8",buff,"45,7",slab,"65,2",,"1,6"
E,tot,"3,8",free,"2,2",cache,"632,8",buff,"45,7",slab,"65,2",,"1,6"
E,tot,"3,8",free,"2,2",cache,"632,8",buff,"45,7",slab,"65,2",,"1,6"
E,tot,"3,8",free,"2,2",cache,"632,8",buff,"45,7",slab,"65,2",,"1,6"
E,tot,"3,8",free,"2,2",cache,"632,8",buff,"45,7",slab,"65,2",,"1,6"
E,tot,"3,8",free,"2,2",cache,"632,9",buff,"45,7",slab,"65,2",,"1,6"
E,tot,"3,8",free,"2,2",cache,"632,9",buff,"45,7",slab,"65,2",,"1,6"
E,tot,"3,8",free,"2,2",cache,"632,9",buff,"45,7",slab,"65,2",,"1,6"
E,tot,"3,8",free,"2,2",cache,"632,9",buff,"45,7",slab,"65,2",,"1,6"
E,tot,"3,8",free,"2,2",cache,"632,9",buff,"45,7",slab,"65,2",,"1,6"
E,tot,"3,8",free,"2,2",cache,"632,9",buff,"45,7",slab,"65,2",,"1,6"
E,tot,"3,8",free,"2,2",cache,"632,9",buff,"45,7",slab,"65,2",,"1,6"
,,,,,,,,,,,,
,,,,,,,,,,,média,"1,6"
,,,,,,,,,,,DP,0
