E,tot,"3,8",free,"2,2",cache,626,buff,"45,5",slab,65,,"1,6"
E,tot,"3,8",free,"2,2",cache,"634,8",buff,"45,5",slab,"65,1",,"1,6"
E,tot,"3,8",free,"2,2",cache,"634,9",buff,"45,5",slab,"65,1",,"1,6"
E,tot,"3,8",free,"2,2",cache,"634,9",buff,"45,5",slab,"65,1",,"1,6"
E,tot,"3,8",free,"2,2",cache,"634,9",buff,"45,5",slab,"65,1",,"1,6"
E,tot,"3,8",free,"2,2",cache,635,buff,"45,5",slab,"65,1",,"1,6"
E,tot,"3,8",free,"2,2",cache,"634,7",buff,"45,5",slab,"65,1",,"1,6"
E,tot,"3,8",free,"2,2",cache,"633,2",buff,"45,5",slab,"65,1",,"1,6"
E,tot,"3,8",free,"2,2",cache,"632,3",buff,"45,5",slab,"65,1",,"1,6"
E,tot,"3,8",free,"2,2",cache,"632,8",buff,"45,5",slab,"65,1",,"1,6"
E,tot,"3,8",free,"2,2",cache,"636,9",buff,"45,5",slab,"65,1",,"1,6"
E,tot,"3,8",free,"2,2",cache,"636,9",buff,"45,5",slab,"65,1",,"1,6"
E,tot,"3,8",free,"2,2",cache,"636,9",buff,"45,5",slab,"65,1",,"1,6"
E,tot,"3,8",free,"2,2",cache,"636,9",buff,"45,6",slab,"65,1",,"1,6"
E,tot,"3,8",free,"2,2",cache,"636,9",buff,"45,6",slab,"65,1",,"1,6"
E,tot,"3,8",free,"2,2",cache,"636,9",buff,"45,6",slab,"65,1",,"1,6"
E,tot,"3,8",free,"2,2",cache,"632,6",buff,"45,6",slab,"65,1",,"1,6"
E,tot,"3,8",free,"2,2",cache,"632,6",buff,"45,6",slab,"65,1",,"1,6"
E,tot,"3,8",free,"2,2",cache,"632,6",buff,"45,6",slab,"65,1",,"1,6"
E,tot,"3,8",free,"2,2",cache,"632,6",buff,"45,6",slab,"65,1",,"1,6"
E,tot,"3,8",free,"2,2",cache,"632,6",buff,"45,6",slab,"65,1",,"1,6"
E,tot,"3,8",free,"2,2",cache,"632,6",buff,"45,6",slab,"65,1",,"1,6"
E,tot,"3,8",free,"2,2",cache,"632,6",buff,"45,6",slab,"65,1",,"1,6"
E,tot,"3,8",free,"2,2",cache,"632,7",buff,"45,6",slab,"65,1",,"1,6"
E,tot,"3,8",free,"2,2",cache,"632,7",buff,"45,6",slab,"65,1",,"1,6"
E,tot,"3,8",free,"2,2",cache,"632,7",buff,"45,6",slab,"65,1",,"1,6"
E,tot,"3,8",free,"2,2",cache,"632,7",buff,"45,6",slab,"65,1",,"1,6"
E,tot,"3,8",free,"2,2",cache,"632,7",buff,"45,6",slab,"65,1",,"1,6"
E,tot,"3,8",free,"2,2",cache,"632,7",buff,"45,6",slab,"65,1",,"1,6"
E,tot,"3,8",free,"2,2",cache,"632,7",buff,"45,6",slab,"65,1",,"1,6"
E,tot,"3,8",free,"2,2",cache,"632,7",buff,"45,6",slab,"65,1",,"1,6"
E,tot,"3,8",free,"2,2",cache,"632,8",buff,"45,6",slab,"65,1",,"1,6"
E,tot,"3,8",free,"2,2",cache,"632,8",buff,"45,6",slab,"65,1",,"1,6"
E,tot,"3,8",free,"2,2",cache,"632,8",buff,"45,6",slab,"65,1",,"1,6"
E,tot,"3,8",free,"2,2",cache,"632,8",buff,"45,6",slab,"65,1",,"1,6"
E,tot,"3,8",free,"2,2",cache,"632,8",buff,"45,6",slab,"65,1",,"1,6"
E,tot,"3,8",free,"2,2",cache,"632,8",buff,"45,6",slab,"65,1",,"1,6"
E,tot,"3,8",free,"2,2",cache,"632,8",buff,"45,6",slab,"65,1",,"1,6"
E,tot,"3,8",free,"2,2",cache,"632,9",buff,"45,6",slab,"65,1",,"1,6"
E,tot,"3,8",free,"2,2",cache,633,buff,"45,6",slab,"65,1",,"1,6"
E,tot,"3,8",free,"2,2",cache,633,buff,"45,6",slab,"65,1",,"1,6"
E,tot,"3,8",free,"2,2",cache,633,buff,"45,6",slab,"65,1",,"1,6"
E,tot,"3,8",free,"2,2",cache,633,buff,"45,6",slab,"65,1",,"1,6"
E,tot,"3,8",free,"2,2",cache,633,buff,"45,6",slab,"65,1",,"1,6"
E,tot,"3,8",free,"2,2",cache,633,buff,"45,6",slab,"65,1",,"1,6"
E,tot,"3,8",free,"2,2",cache,633,buff,"45,6",slab,"65,1",,"1,6"
E,tot,"3,8",free,"2,2",cache,633,buff,"45,6",slab,"65,1",,"1,6"
E,tot,"3,8",free,"2,2",cache,"633,1",buff,"45,6",slab,"65,1",,"1,6"
E,tot,"3,8",free,"2,2",cache,"633,1",buff,"45,6",slab,"65,1",,"1,6"
E,tot,"3,8",free,"2,2",cache,"633,1",buff,"45,6",slab,"65,1",,"1,6"
E,tot,"3,8",free,"2,2",cache,"633,1",buff,"45,6",slab,"65,1",,"1,6"
E,tot,"3,8",free,"2,2",cache,"633,1",buff,"45,6",slab,"65,1",,"1,6"
E,tot,"3,8",free,"2,2",cache,"633,1",buff,"45,6",slab,"65,1",,"1,6"
E,tot,"3,8",free,"2,2",cache,"633,1",buff,"45,6",slab,"65,1",,"1,6"
E,tot,"3,8",free,"2,2",cache,"633,1",buff,"45,6",slab,"65,1",,"1,6"
E,tot,"3,8",free,"2,2",cache,"633,1",buff,"45,6",slab,"65,1",,"1,6"
,,,,,,,,,,,,
,,,,,,,,,,,média,"1,6"
,,,,,,,,,,,DP,0
