CPU,sys,12,user,36,irq,1,idle,28,wait,23,,48
CPU,sys,44,user,56,irq,0,idle,0,wait,0,,100
CPU,sys,23,user,52,irq,0,idle,0,wait,24,,75
CPU,sys,27,user,55,irq,3,idle,0,wait,15,,82
CPU,sys,27,user,35,irq,1,idle,0,wait,36,,62
CPU,sys,22,user,28,irq,3,idle,0,wait,48,,50
CPU,sys,21,user,22,irq,1,idle,0,wait,55,,43
CPU,sys,22,user,22,irq,1,idle,0,wait,55,,44
CPU,sys,20,user,22,irq,1,idle,0,wait,56,,42
CPU,sys,21,user,26,irq,2,idle,0,wait,51,,47
CPU,sys,30,user,62,irq,2,idle,0,wait,6,,92
CPU,sys,22,user,54,irq,1,idle,0,wait,23,,76
CPU,sys,18,user,26,irq,2,idle,0,wait,54,,44
CPU,sys,17,user,28,irq,1,idle,0,wait,54,,45
CPU,sys,18,user,27,irq,2,idle,0,wait,53,,45
CPU,sys,16,user,23,irq,1,idle,0,wait,60,,39
CPU,sys,17,user,30,irq,1,idle,0,wait,52,,47
CPU,sys,18,user,24,irq,2,idle,0,wait,56,,42
CPU,sys,15,user,27,irq,2,idle,0,wait,56,,42
CPU,sys,16,user,28,irq,2,idle,0,wait,54,,44
CPU,sys,14,user,27,irq,2,idle,0,wait,57,,41
CPU,sys,13,user,32,irq,1,idle,0,wait,54,,45
CPU,sys,17,user,30,irq,2,idle,0,wait,51,,47
CPU,sys,19,user,25,irq,1,idle,0,wait,55,,44
CPU,sys,15,user,28,irq,2,idle,0,wait,55,,43
CPU,sys,18,user,24,irq,1,idle,0,wait,58,,42
CPU,sys,16,user,27,irq,1,idle,0,wait,56,,43
CPU,sys,14,user,29,irq,0,idle,0,wait,57,,43
CPU,sys,19,user,28,irq,2,idle,0,wait,52,,47
CPU,sys,19,user,25,irq,1,idle,0,wait,55,,44
CPU,sys,17,user,28,irq,0,idle,0,wait,55,,45
CPU,sys,16,user,24,irq,2,idle,0,wait,57,,40
CPU,sys,12,user,29,irq,1,idle,0,wait,57,,41
CPU,sys,19,user,23,irq,1,idle,0,wait,57,,42
CPU,sys,17,user,23,irq,2,idle,0,wait,58,,40
CPU,sys,16,user,24,irq,1,idle,0,wait,59,,40
CPU,sys,19,user,25,irq,2,idle,0,wait,54,,44
CPU,sys,21,user,26,irq,0,idle,0,wait,53,,47
CPU,sys,16,user,27,irq,2,idle,0,wait,55,,43
CPU,sys,16,user,27,irq,2,idle,0,wait,55,,43
CPU,sys,19,user,26,irq,1,idle,0,wait,54,,45
CPU,sys,14,user,28,irq,1,idle,0,wait,57,,42
CPU,sys,15,user,26,irq,3,idle,0,wait,56,,41
CPU,sys,17,user,29,irq,2,idle,0,wait,52,,46
CPU,sys,16,user,25,irq,1,idle,0,wait,58,,41
CPU,sys,11,user,30,irq,2,idle,0,wait,57,,41
CPU,sys,16,user,22,irq,2,idle,0,wait,59,,38
CPU,sys,14,user,29,irq,0,idle,0,wait,57,,43
CPU,sys,15,user,24,irq,2,idle,0,wait,59,,39
CPU,sys,18,user,21,irq,1,idle,0,wait,60,,39
CPU,sys,16,user,27,irq,1,idle,0,wait,56,,43
CPU,sys,13,user,27,irq,0,idle,0,wait,60,,40
CPU,sys,17,user,23,irq,0,idle,0,wait,60,,40
CPU,sys,14,user,22,irq,2,idle,0,wait,62,,36
CPU,sys,13,user,29,irq,2,idle,0,wait,55,,42
CPU,sys,12,user,23,irq,2,idle,0,wait,63,,35
,,,,,,,,,,,,
,,,,,,,,,,,média,"46,8363636363636"
,,,,,,,,,,,DP,"13,0933452652747"
