CPU,sys,12,user,36,irq,1,idle,28,wait,23,,48
CPU,sys,29,user,70,irq,1,idle,0,wait,0,,99
CPU,sys,24,user,75,irq,1,idle,0,wait,0,,99
CPU,sys,35,user,62,irq,3,idle,0,wait,0,,97
CPU,sys,37,user,61,irq,2,idle,0,wait,0,,98
CPU,sys,31,user,66,irq,3,idle,0,wait,0,,97
CPU,sys,35,user,62,irq,3,idle,0,wait,0,,97
CPU,sys,26,user,48,irq,2,idle,0,wait,24,,74
CPU,sys,13,user,39,irq,1,idle,0,wait,47,,52
CPU,sys,11,user,66,irq,0,idle,0,wait,22,,77
CPU,sys,15,user,67,irq,1,idle,0,wait,16,,82
CPU,sys,15,user,66,irq,1,idle,0,wait,18,,81
CPU,sys,14,user,69,irq,0,idle,0,wait,16,,83
CPU,sys,12,user,67,irq,2,idle,0,wait,19,,79
CPU,sys,16,user,69,irq,0,idle,0,wait,15,,85
CPU,sys,13,user,70,irq,0,idle,0,wait,16,,83
CPU,sys,16,user,71,irq,0,idle,0,wait,14,,87
,,,,,,,,,,,,
,,,,,,,,,,,média,"85,625"
,,,,,,,,,,,DP,"12,4733048280451"
