CPU,sys,12,user,36,irq,1,idle,28,wait,23,,48
CPU,sys,34,user,66,irq,0,idle,0,wait,0,,100
CPU,sys,25,user,73,irq,2,idle,0,wait,0,,98
CPU,sys,30,user,69,irq,1,idle,0,wait,0,,99
CPU,sys,27,user,71,irq,2,idle,0,wait,0,,98
CPU,sys,33,user,65,irq,2,idle,0,wait,0,,98
CPU,sys,34,user,64,irq,2,idle,0,wait,0,,98
CPU,sys,31,user,59,irq,3,idle,0,wait,7,,90
CPU,sys,26,user,35,irq,1,idle,0,wait,39,,61
CPU,sys,18,user,21,irq,3,idle,0,wait,58,,39
CPU,sys,19,user,24,irq,2,idle,0,wait,54,,43
CPU,sys,18,user,23,irq,3,idle,0,wait,56,,41
CPU,sys,17,user,22,irq,2,idle,0,wait,59,,39
CPU,sys,19,user,18,irq,2,idle,0,wait,61,,37
CPU,sys,19,user,22,irq,3,idle,0,wait,54,,41
CPU,sys,20,user,19,irq,1,idle,0,wait,59,,39
CPU,sys,22,user,17,irq,1,idle,0,wait,59,,39
CPU,sys,19,user,23,irq,1,idle,0,wait,58,,42
CPU,sys,19,user,18,irq,2,idle,0,wait,61,,37
CPU,sys,17,user,25,irq,1,idle,0,wait,57,,42
CPU,sys,22,user,21,irq,2,idle,0,wait,55,,43
CPU,sys,20,user,20,irq,2,idle,0,wait,58,,40
CPU,sys,18,user,22,irq,2,idle,0,wait,57,,40
CPU,sys,19,user,20,irq,4,idle,0,wait,57,,39
CPU,sys,20,user,22,irq,2,idle,0,wait,55,,42
CPU,sys,19,user,20,irq,2,idle,0,wait,59,,39
CPU,sys,15,user,28,irq,2,idle,0,wait,55,,43
CPU,sys,18,user,18,irq,2,idle,0,wait,62,,36
CPU,sys,17,user,20,irq,1,idle,0,wait,62,,37
CPU,sys,12,user,24,irq,0,idle,0,wait,64,,36
CPU,sys,21,user,17,irq,2,idle,0,wait,60,,38
,,,,,,,,,,,,
,,,,,,,,,,,média,"53,8"
,,,,,,,,,,,DP,"24,8268486480484"
