MEM | tot     3.8G | free    1.9G | cache 719.0M | buff   58.0M | slab   79.3M |
MEM | tot     3.8G | free    1.9G | cache 718.5M | buff   58.0M | slab   79.4M |
MEM | tot     3.8G | free    1.9G | cache 717.1M | buff   58.0M | slab   79.5M |
MEM | tot     3.8G | free    1.9G | cache 717.2M | buff   58.0M | slab   79.5M |
MEM | tot     3.8G | free    1.9G | cache 717.3M | buff   58.0M | slab   79.5M |
MEM | tot     3.8G | free    1.9G | cache 717.3M | buff   58.0M | slab   79.5M |
MEM | tot     3.8G | free    1.9G | cache 717.4M | buff   58.0M | slab   79.5M |
MEM | tot     3.8G | free    1.9G | cache 717.6M | buff   58.1M | slab   79.5M |
MEM | tot     3.8G | free    1.9G | cache 715.9M | buff   58.1M | slab   79.5M |
MEM | tot     3.8G | free    1.9G | cache 713.5M | buff   58.1M | slab   79.5M |
MEM | tot     3.8G | free    1.9G | cache 713.6M | buff   58.1M | slab   79.5M |
MEM | tot     3.8G | free    1.9G | cache 713.7M | buff   58.1M | slab   79.5M |
MEM | tot     3.8G | free    1.9G | cache 714.1M | buff   58.1M | slab   79.5M |
MEM | tot     3.8G | free    1.9G | cache 714.3M | buff   58.1M | slab   79.5M |
