MEM | tot     3.8G | free    1.9G | cache 716.5M | buff   58.1M | slab   79.4M |
MEM | tot     3.8G | free    1.9G | cache 718.0M | buff   58.1M | slab   79.5M |
MEM | tot     3.8G | free    1.9G | cache 718.0M | buff   58.1M | slab   79.5M |
MEM | tot     3.8G | free    1.9G | cache 718.5M | buff   58.1M | slab   79.5M |
MEM | tot     3.8G | free    1.9G | cache 718.6M | buff   58.1M | slab   79.5M |
MEM | tot     3.8G | free    1.9G | cache 718.6M | buff   58.1M | slab   79.5M |
MEM | tot     3.8G | free    1.9G | cache 718.6M | buff   58.1M | slab   79.5M |
MEM | tot     3.8G | free    1.9G | cache 718.6M | buff   58.1M | slab   79.5M |
MEM | tot     3.8G | free    1.9G | cache 716.6M | buff   58.1M | slab   79.5M |
MEM | tot     3.8G | free    1.9G | cache 714.1M | buff   58.1M | slab   79.5M |
MEM | tot     3.8G | free    1.9G | cache 714.1M | buff   58.1M | slab   79.5M |
