MEM | tot     3.8G | free    1.9G | cache 718.7M | buff   58.1M | slab   79.4M |
MEM | tot     3.8G | free    1.9G | cache 717.9M | buff   58.1M | slab   79.4M |
MEM | tot     3.8G | free    1.9G | cache 717.9M | buff   58.1M | slab   79.4M |
MEM | tot     3.8G | free    1.9G | cache 718.5M | buff   58.1M | slab   79.4M |
MEM | tot     3.8G | free    1.9G | cache 718.5M | buff   58.1M | slab   79.5M |
MEM | tot     3.8G | free    1.9G | cache 718.5M | buff   58.1M | slab   79.5M |
MEM | tot     3.8G | free    1.9G | cache 718.5M | buff   58.1M | slab   79.5M |
MEM | tot     3.8G | free    1.9G | cache 718.6M | buff   58.1M | slab   79.5M |
