CPU,sys,5,user,10,irq,0,idle,85,wait,0,,15
CPU,sys,34,user,66,irq,0,idle,0,wait,0,,100
CPU,sys,37,user,62,irq,1,idle,0,wait,0,,99
CPU,sys,31,user,68,irq,1,idle,0,wait,0,,99
CPU,sys,30,user,67,irq,3,idle,0,wait,0,,97
CPU,sys,36,user,60,irq,3,idle,0,wait,0,,96
CPU,sys,42,user,54,irq,2,idle,0,wait,0,,96
CPU,sys,41,user,55,irq,3,idle,0,wait,0,,96
CPU,sys,32,user,65,irq,3,idle,0,wait,0,,97
CPU,sys,31,user,66,irq,1,idle,0,wait,0,,97
CPU,sys,36,user,60,irq,2,idle,0,wait,0,,96
,,,,,,,,,,,,
,,,,,,,,,,,média,"97,3"
,,,,,,,,,,,DP,"1,49443411809733"
