CPU,sys,5,user,10,irq,0,idle,85,wait,0,,15
CPU,sys,38,user,61,irq,0,idle,0,wait,0,,99
CPU,sys,36,user,64,irq,0,idle,0,wait,0,,100
CPU,sys,34,user,64,irq,2,idle,0,wait,0,,98
CPU,sys,37,user,62,irq,1,idle,0,wait,0,,99
CPU,sys,38,user,58,irq,2,idle,0,wait,0,,96
CPU,sys,38,user,61,irq,1,idle,0,wait,0,,99
CPU,sys,39,user,59,irq,2,idle,0,wait,0,,98
CPU,sys,33,user,64,irq,2,idle,0,wait,0,,97
CPU,sys,37,user,59,irq,3,idle,0,wait,0,,96
CPU,sys,32,user,66,irq,0,idle,0,wait,0,,98
CPU,sys,43,user,51,irq,5,idle,0,wait,0,,94
CPU,sys,34,user,63,irq,2,idle,0,wait,0,,97
CPU,sys,37,user,59,irq,3,idle,0,wait,0,,96
,,,,,,,,,,,,
,,,,,,,,,,,média,"97,4615384615385"
,,,,,,,,,,,DP,"1,66410058867569"
