E,tot,"3,8",free,"1,9",cache,719,buff,58,slab,"79,3",,"1,9"
E,tot,"3,8",free,"1,9",cache,"718,5",buff,58,slab,"79,4",,"1,9"
E,tot,"3,8",free,"1,9",cache,"717,1",buff,58,slab,"79,5",,"1,9"
E,tot,"3,8",free,"1,9",cache,"717,2",buff,58,slab,"79,5",,"1,9"
E,tot,"3,8",free,"1,9",cache,"717,3",buff,58,slab,"79,5",,"1,9"
E,tot,"3,8",free,"1,9",cache,"717,3",buff,58,slab,"79,5",,"1,9"
E,tot,"3,8",free,"1,9",cache,"717,4",buff,58,slab,"79,5",,"1,9"
E,tot,"3,8",free,"1,9",cache,"717,6",buff,"58,1",slab,"79,5",,"1,9"
E,tot,"3,8",free,"1,9",cache,"715,9",buff,"58,1",slab,"79,5",,"1,9"
E,tot,"3,8",free,"1,9",cache,"713,5",buff,"58,1",slab,"79,5",,"1,9"
E,tot,"3,8",free,"1,9",cache,"713,6",buff,"58,1",slab,"79,5",,"1,9"
E,tot,"3,8",free,"1,9",cache,"713,7",buff,"58,1",slab,"79,5",,"1,9"
E,tot,"3,8",free,"1,9",cache,"714,1",buff,"58,1",slab,"79,5",,"1,9"
E,tot,"3,8",free,"1,9",cache,"714,3",buff,"58,1",slab,"79,5",,"1,9"
,,,,,,,,,,,,
,,,,,,,,,,,média,"1,9"
,,,,,,,,,,,DP,0
