MEM | tot     3.8G | free    2.2G | cache 634.8M | buff   47.7M | slab   65.9M |
MEM | tot     3.8G | free    2.2G | cache 643.4M | buff   47.7M | slab   66.0M |
MEM | tot     3.8G | free    2.2G | cache 636.9M | buff   47.7M | slab   66.0M |
MEM | tot     3.8G | free    2.2G | cache 635.2M | buff   47.7M | slab   66.1M |
MEM | tot     3.8G | free    2.2G | cache 635.2M | buff   47.7M | slab   66.1M |
MEM | tot     3.8G | free    2.2G | cache 635.2M | buff   47.7M | slab   66.1M |
MEM | tot     3.8G | free    2.2G | cache 634.7M | buff   47.7M | slab   66.0M |
MEM | tot     3.8G | free    2.2G | cache 634.0M | buff   47.7M | slab   66.0M |
MEM | tot     3.8G | free    2.2G | cache 634.0M | buff   47.7M | slab   66.0M |
MEM | tot     3.8G | free    2.2G | cache 634.0M | buff   47.7M | slab   66.0M |
MEM | tot     3.8G | free    2.2G | cache 634.0M | buff   47.7M | slab   66.0M |
MEM | tot     3.8G | free    2.2G | cache 634.0M | buff   47.7M | slab   66.0M |
MEM | tot     3.8G | free    2.2G | cache 634.0M | buff   47.8M | slab   66.0M |
MEM | tot     3.8G | free    2.2G | cache 634.0M | buff   47.8M | slab   66.0M |
MEM | tot     3.8G | free    2.2G | cache 634.1M | buff   47.8M | slab   66.0M |
MEM | tot     3.8G | free    2.2G | cache 634.1M | buff   47.8M | slab   66.0M |
MEM | tot     3.8G | free    2.2G | cache 634.1M | buff   47.8M | slab   66.0M |
MEM | tot     3.8G | free    2.2G | cache 634.1M | buff   47.8M | slab   66.0M |
MEM | tot     3.8G | free    2.2G | cache 634.1M | buff   47.8M | slab   66.0M |
MEM | tot     3.8G | free    2.2G | cache 634.1M | buff   47.8M | slab   66.0M |
MEM | tot     3.8G | free    2.2G | cache 634.1M | buff   47.8M | slab   66.0M |
MEM | tot     3.8G | free    2.2G | cache 634.1M | buff   47.8M | slab   66.0M |
MEM | tot     3.8G | free    2.2G | cache 634.1M | buff   47.8M | slab   66.0M |
MEM | tot     3.8G | free    2.2G | cache 634.2M | buff   47.8M | slab   66.0M |
MEM | tot     3.8G | free    2.2G | cache 634.2M | buff   47.8M | slab   66.0M |
MEM | tot     3.8G | free    2.2G | cache 634.2M | buff   47.8M | slab   66.0M |
MEM | tot     3.8G | free    2.2G | cache 634.2M | buff   47.8M | slab   66.0M |
MEM | tot     3.8G | free    2.2G | cache 634.2M | buff   47.8M | slab   66.0M |
MEM | tot     3.8G | free    2.2G | cache 634.2M | buff   47.8M | slab   66.0M |
MEM | tot     3.8G | free    2.2G | cache 634.2M | buff   47.8M | slab   66.0M |
MEM | tot     3.8G | free    2.2G | cache 634.2M | buff   47.8M | slab   66.0M |
MEM | tot     3.8G | free    2.2G | cache 634.2M | buff   47.8M | slab   66.0M |
MEM | tot     3.8G | free    2.2G | cache 634.3M | buff   47.8M | slab   66.0M |
MEM | tot     3.8G | free    2.2G | cache 634.3M | buff   47.8M | slab   66.0M |
MEM | tot     3.8G | free    2.2G | cache 634.3M | buff   47.8M | slab   66.0M |
MEM | tot     3.8G | free    2.2G | cache 634.3M | buff   47.8M | slab   66.0M |
MEM | tot     3.8G | free    2.2G | cache 634.3M | buff   47.8M | slab   66.0M |
MEM | tot     3.8G | free    2.2G | cache 634.3M | buff   47.8M | slab   66.0M |
MEM | tot     3.8G | free    2.2G | cache 634.3M | buff   47.8M | slab   66.0M |
MEM | tot     3.8G | free    2.2G | cache 634.3M | buff   47.8M | slab   66.0M |
MEM | tot     3.8G | free    2.2G | cache 634.4M | buff   47.8M | slab   66.0M |
MEM | tot     3.8G | free    2.2G | cache 634.4M | buff   47.8M | slab   66.0M |
MEM | tot     3.8G | free    2.2G | cache 634.4M | buff   47.8M | slab   66.0M |
MEM | tot     3.8G | free    2.2G | cache 634.4M | buff   47.8M | slab   66.0M |
MEM | tot     3.8G | free    2.2G | cache 634.4M | buff   47.8M | slab   66.0M |
MEM | tot     3.8G | free    2.2G | cache 634.4M | buff   47.8M | slab   66.0M |
MEM | tot     3.8G | free    2.2G | cache 634.4M | buff   47.8M | slab   66.0M |
MEM | tot     3.8G | free    2.2G | cache 634.4M | buff   47.8M | slab   66.0M |
MEM | tot     3.8G | free    2.2G | cache 634.4M | buff   47.8M | slab   66.0M |
MEM | tot     3.8G | free    2.2G | cache 634.5M | buff   47.8M | slab   66.0M |
MEM | tot     3.8G | free    2.2G | cache 634.5M | buff   47.8M | slab   66.0M |
