MEM | tot     3.8G | free    2.2G | cache 630.6M | buff   47.8M | slab   66.0M |
MEM | tot     3.8G | free    2.2G | cache 639.3M | buff   47.8M | slab   66.1M |
MEM | tot     3.8G | free    2.2G | cache 644.7M | buff   47.8M | slab   66.1M |
MEM | tot     3.8G | free    2.2G | cache 644.7M | buff   47.8M | slab   66.1M |
MEM | tot     3.8G | free    2.2G | cache 644.7M | buff   47.8M | slab   66.1M |
MEM | tot     3.8G | free    2.2G | cache 644.7M | buff   47.8M | slab   66.1M |
MEM | tot     3.8G | free    2.2G | cache 644.7M | buff   47.8M | slab   66.1M |
