MEM | tot     3.8G | free    2.2G | cache 630.6M | buff   47.8M | slab   66.1M |
MEM | tot     3.8G | free    2.2G | cache 642.2M | buff   47.8M | slab   66.1M |
MEM | tot     3.8G | free    2.2G | cache 642.2M | buff   47.8M | slab   66.1M |
MEM | tot     3.8G | free    2.2G | cache 642.2M | buff   47.8M | slab   66.1M |
MEM | tot     3.8G | free    2.2G | cache 642.2M | buff   47.8M | slab   66.1M |
MEM | tot     3.8G | free    2.2G | cache 642.2M | buff   47.9M | slab   66.1M |
MEM | tot     3.8G | free    2.2G | cache 642.0M | buff   47.9M | slab   66.1M |
MEM | tot     3.8G | free    2.2G | cache 634.0M | buff   47.9M | slab   66.1M |
MEM | tot     3.8G | free    2.2G | cache 634.0M | buff   47.9M | slab   66.1M |
MEM | tot     3.8G | free    2.2G | cache 634.0M | buff   47.9M | slab   66.1M |
MEM | tot     3.8G | free    2.2G | cache 634.1M | buff   47.9M | slab   66.1M |
MEM | tot     3.8G | free    2.2G | cache 634.1M | buff   47.9M | slab   66.1M |
MEM | tot     3.8G | free    2.2G | cache 634.1M | buff   47.9M | slab   66.1M |
MEM | tot     3.8G | free    2.2G | cache 634.1M | buff   47.9M | slab   66.1M |
MEM | tot     3.8G | free    2.2G | cache 634.1M | buff   47.9M | slab   66.1M |
MEM | tot     3.8G | free    2.2G | cache 634.1M | buff   47.9M | slab   66.1M |
MEM | tot     3.8G | free    2.2G | cache 634.1M | buff   47.9M | slab   66.1M |
