MEM | tot     3.8G | free    2.2G | cache 630.7M | buff   47.9M | slab   66.0M |
MEM | tot     3.8G | free    2.2G | cache 640.8M | buff   47.9M | slab   66.1M |
MEM | tot     3.8G | free    2.2G | cache 644.5M | buff   47.9M | slab   66.1M |
MEM | tot     3.8G | free    2.2G | cache 644.5M | buff   47.9M | slab   66.1M |
MEM | tot     3.8G | free    2.2G | cache 644.5M | buff   47.9M | slab   66.1M |
MEM | tot     3.8G | free    2.2G | cache 644.5M | buff   47.9M | slab   66.1M |
MEM | tot     3.8G | free    2.2G | cache 644.3M | buff   47.9M | slab   66.1M |
MEM | tot     3.8G | free    2.2G | cache 634.2M | buff   47.9M | slab   66.1M |
MEM | tot     3.8G | free    2.2G | cache 634.2M | buff   47.9M | slab   66.1M |
MEM | tot     3.8G | free    2.2G | cache 634.2M | buff   47.9M | slab   66.1M |
MEM | tot     3.8G | free    2.2G | cache 634.2M | buff   47.9M | slab   66.1M |
MEM | tot     3.8G | free    2.2G | cache 634.2M | buff   47.9M | slab   66.1M |
MEM | tot     3.8G | free    2.2G | cache 634.2M | buff   47.9M | slab   66.1M |
MEM | tot     3.8G | free    2.2G | cache 634.2M | buff   47.9M | slab   66.1M |
MEM | tot     3.8G | free    2.2G | cache 634.2M | buff   47.9M | slab   66.1M |
MEM | tot     3.8G | free    2.2G | cache 634.3M | buff   47.9M | slab   66.1M |
MEM | tot     3.8G | free    2.2G | cache 634.3M | buff   47.9M | slab   66.1M |
MEM | tot     3.8G | free    2.2G | cache 634.3M | buff   47.9M | slab   66.1M |
MEM | tot     3.8G | free    2.2G | cache 636.8M | buff   47.9M | slab   66.1M |
MEM | tot     3.8G | free    2.2G | cache 636.8M | buff   47.9M | slab   66.1M |
MEM | tot     3.8G | free    2.2G | cache 636.8M | buff   47.9M | slab   66.1M |
MEM | tot     3.8G | free    2.2G | cache 636.8M | buff   47.9M | slab   66.1M |
MEM | tot     3.8G | free    2.2G | cache 636.8M | buff   47.9M | slab   66.1M |
MEM | tot     3.8G | free    2.2G | cache 634.9M | buff   47.9M | slab   66.1M |
MEM | tot     3.8G | free    2.2G | cache 634.9M | buff   47.9M | slab   66.1M |
MEM | tot     3.8G | free    2.2G | cache 634.4M | buff   47.9M | slab   66.1M |
MEM | tot     3.8G | free    2.2G | cache 634.4M | buff   47.9M | slab   66.1M |
MEM | tot     3.8G | free    2.2G | cache 634.4M | buff   47.9M | slab   66.1M |
MEM | tot     3.8G | free    2.2G | cache 634.4M | buff   47.9M | slab   66.1M |
MEM | tot     3.8G | free    2.2G | cache 634.4M | buff   47.9M | slab   66.1M |
MEM | tot     3.8G | free    2.2G | cache 634.4M | buff   47.9M | slab   66.1M |
