CPU,sys,12,user,34,irq,1,idle,30,wait,23,,46
CPU,sys,40,user,60,irq,0,idle,0,wait,0,,100
CPU,sys,29,user,68,irq,3,idle,0,wait,0,,97
CPU,sys,30,user,67,irq,3,idle,0,wait,0,,97
CPU,sys,29,user,68,irq,3,idle,0,wait,0,,97
CPU,sys,30,user,65,irq,5,idle,0,wait,0,,95
CPU,sys,44,user,56,irq,0,idle,0,wait,0,,100
CPU,sys,34,user,42,irq,4,idle,0,wait,21,,76
CPU,sys,16,user,13,irq,1,idle,0,wait,70,,29
CPU,sys,21,user,17,irq,2,idle,0,wait,59,,38
CPU,sys,18,user,20,irq,1,idle,0,wait,61,,38
CPU,sys,17,user,18,irq,1,idle,0,wait,63,,35
CPU,sys,18,user,21,irq,3,idle,0,wait,58,,39
CPU,sys,23,user,20,irq,3,idle,0,wait,55,,43
CPU,sys,18,user,20,irq,2,idle,0,wait,60,,38
CPU,sys,21,user,20,irq,0,idle,0,wait,59,,41
CPU,sys,13,user,25,irq,1,idle,0,wait,61,,38
CPU,sys,19,user,19,irq,1,idle,0,wait,62,,38
CPU,sys,28,user,55,irq,4,idle,0,wait,13,,83
CPU,sys,22,user,71,irq,3,idle,0,wait,4,,93
CPU,sys,18,user,32,irq,1,idle,0,wait,49,,50
CPU,sys,17,user,20,irq,3,idle,0,wait,59,,37
CPU,sys,18,user,18,irq,1,idle,0,wait,62,,36
CPU,sys,18,user,17,irq,1,idle,0,wait,63,,35
CPU,sys,21,user,19,irq,1,idle,0,wait,60,,40
CPU,sys,18,user,21,irq,1,idle,0,wait,61,,39
CPU,sys,17,user,21,irq,2,idle,0,wait,60,,38
CPU,sys,22,user,17,irq,0,idle,0,wait,61,,39
CPU,sys,18,user,16,irq,1,idle,0,wait,65,,34
CPU,sys,16,user,17,irq,2,idle,0,wait,65,,33
CPU,sys,19,user,14,irq,1,idle,0,wait,66,,33
,,,,,,,,,,,,
,,,,,,,,,,,média,"54,3"
,,,,,,,,,,,DP,"26,430324798714"
