CPU,sys,12,user,34,irq,1,idle,30,wait,23,,46
CPU,sys,28,user,72,irq,0,idle,0,wait,0,,100
CPU,sys,29,user,67,irq,4,idle,0,wait,0,,96
CPU,sys,27,user,70,irq,3,idle,0,wait,0,,97
CPU,sys,37,user,59,irq,4,idle,0,wait,0,,96
CPU,sys,33,user,63,irq,4,idle,0,wait,0,,96
CPU,sys,26,user,70,irq,4,idle,0,wait,0,,96
CPU,sys,15,user,45,irq,2,idle,0,wait,38,,60
CPU,sys,10,user,36,irq,1,idle,0,wait,52,,46
CPU,sys,17,user,64,irq,1,idle,0,wait,18,,81
CPU,sys,13,user,68,irq,1,idle,0,wait,18,,81
CPU,sys,16,user,64,irq,0,idle,0,wait,19,,80
CPU,sys,18,user,64,irq,1,idle,0,wait,17,,82
CPU,sys,15,user,69,irq,0,idle,0,wait,16,,84
CPU,sys,16,user,68,irq,0,idle,0,wait,16,,84
CPU,sys,16,user,66,irq,1,idle,0,wait,16,,82
CPU,sys,16,user,69,irq,0,idle,0,wait,14,,85
,,,,,,,,,,,,
,,,,,,,,,,,média,"84,125"
,,,,,,,,,,,DP,"14,2916059279565"
