E,tot,"3,8",free,"2,2",cache,"634,8",buff,"47,7",slab,"65,9",,"1,6"
E,tot,"3,8",free,"2,2",cache,"643,4",buff,"47,7",slab,66,,"1,6"
E,tot,"3,8",free,"2,2",cache,"636,9",buff,"47,7",slab,66,,"1,6"
E,tot,"3,8",free,"2,2",cache,"635,2",buff,"47,7",slab,"66,1",,"1,6"
E,tot,"3,8",free,"2,2",cache,"635,2",buff,"47,7",slab,"66,1",,"1,6"
E,tot,"3,8",free,"2,2",cache,"635,2",buff,"47,7",slab,"66,1",,"1,6"
E,tot,"3,8",free,"2,2",cache,"634,7",buff,"47,7",slab,66,,"1,6"
E,tot,"3,8",free,"2,2",cache,634,buff,"47,7",slab,66,,"1,6"
E,tot,"3,8",free,"2,2",cache,634,buff,"47,7",slab,66,,"1,6"
E,tot,"3,8",free,"2,2",cache,634,buff,"47,7",slab,66,,"1,6"
E,tot,"3,8",free,"2,2",cache,634,buff,"47,7",slab,66,,"1,6"
E,tot,"3,8",free,"2,2",cache,634,buff,"47,7",slab,66,,"1,6"
E,tot,"3,8",free,"2,2",cache,634,buff,"47,8",slab,66,,"1,6"
E,tot,"3,8",free,"2,2",cache,634,buff,"47,8",slab,66,,"1,6"
E,tot,"3,8",free,"2,2",cache,"634,1",buff,"47,8",slab,66,,"1,6"
E,tot,"3,8",free,"2,2",cache,"634,1",buff,"47,8",slab,66,,"1,6"
E,tot,"3,8",free,"2,2",cache,"634,1",buff,"47,8",slab,66,,"1,6"
E,tot,"3,8",free,"2,2",cache,"634,1",buff,"47,8",slab,66,,"1,6"
E,tot,"3,8",free,"2,2",cache,"634,1",buff,"47,8",slab,66,,"1,6"
E,tot,"3,8",free,"2,2",cache,"634,1",buff,"47,8",slab,66,,"1,6"
E,tot,"3,8",free,"2,2",cache,"634,1",buff,"47,8",slab,66,,"1,6"
E,tot,"3,8",free,"2,2",cache,"634,1",buff,"47,8",slab,66,,"1,6"
E,tot,"3,8",free,"2,2",cache,"634,1",buff,"47,8",slab,66,,"1,6"
E,tot,"3,8",free,"2,2",cache,"634,2",buff,"47,8",slab,66,,"1,6"
E,tot,"3,8",free,"2,2",cache,"634,2",buff,"47,8",slab,66,,"1,6"
E,tot,"3,8",free,"2,2",cache,"634,2",buff,"47,8",slab,66,,"1,6"
E,tot,"3,8",free,"2,2",cache,"634,2",buff,"47,8",slab,66,,"1,6"
E,tot,"3,8",free,"2,2",cache,"634,2",buff,"47,8",slab,66,,"1,6"
E,tot,"3,8",free,"2,2",cache,"634,2",buff,"47,8",slab,66,,"1,6"
E,tot,"3,8",free,"2,2",cache,"634,2",buff,"47,8",slab,66,,"1,6"
E,tot,"3,8",free,"2,2",cache,"634,2",buff,"47,8",slab,66,,"1,6"
E,tot,"3,8",free,"2,2",cache,"634,2",buff,"47,8",slab,66,,"1,6"
E,tot,"3,8",free,"2,2",cache,"634,3",buff,"47,8",slab,66,,"1,6"
E,tot,"3,8",free,"2,2",cache,"634,3",buff,"47,8",slab,66,,"1,6"
E,tot,"3,8",free,"2,2",cache,"634,3",buff,"47,8",slab,66,,"1,6"
E,tot,"3,8",free,"2,2",cache,"634,3",buff,"47,8",slab,66,,"1,6"
E,tot,"3,8",free,"2,2",cache,"634,3",buff,"47,8",slab,66,,"1,6"
E,tot,"3,8",free,"2,2",cache,"634,3",buff,"47,8",slab,66,,"1,6"
E,tot,"3,8",free,"2,2",cache,"634,3",buff,"47,8",slab,66,,"1,6"
E,tot,"3,8",free,"2,2",cache,"634,3",buff,"47,8",slab,66,,"1,6"
E,tot,"3,8",free,"2,2",cache,"634,4",buff,"47,8",slab,66,,"1,6"
E,tot,"3,8",free,"2,2",cache,"634,4",buff,"47,8",slab,66,,"1,6"
E,tot,"3,8",free,"2,2",cache,"634,4",buff,"47,8",slab,66,,"1,6"
E,tot,"3,8",free,"2,2",cache,"634,4",buff,"47,8",slab,66,,"1,6"
E,tot,"3,8",free,"2,2",cache,"634,4",buff,"47,8",slab,66,,"1,6"
E,tot,"3,8",free,"2,2",cache,"634,4",buff,"47,8",slab,66,,"1,6"
E,tot,"3,8",free,"2,2",cache,"634,4",buff,"47,8",slab,66,,"1,6"
E,tot,"3,8",free,"2,2",cache,"634,4",buff,"47,8",slab,66,,"1,6"
E,tot,"3,8",free,"2,2",cache,"634,4",buff,"47,8",slab,66,,"1,6"
E,tot,"3,8",free,"2,2",cache,"634,5",buff,"47,8",slab,66,,"1,6"
E,tot,"3,8",free,"2,2",cache,"634,5",buff,"47,8",slab,66,,"1,6"
,,,,,,,,,,,,
,,,,,,,,,,,média,"1,6"
,,,,,,,,,,,DP,0
