E,tot,"3,8",free,"2,2",cache,"630,7",buff,"47,9",slab,66,,"1,6"
E,tot,"3,8",free,"2,2",cache,"640,8",buff,"47,9",slab,"66,1",,"1,6"
E,tot,"3,8",free,"2,2",cache,"644,5",buff,"47,9",slab,"66,1",,"1,6"
E,tot,"3,8",free,"2,2",cache,"644,5",buff,"47,9",slab,"66,1",,"1,6"
E,tot,"3,8",free,"2,2",cache,"644,5",buff,"47,9",slab,"66,1",,"1,6"
E,tot,"3,8",free,"2,2",cache,"644,5",buff,"47,9",slab,"66,1",,"1,6"
E,tot,"3,8",free,"2,2",cache,"644,3",buff,"47,9",slab,"66,1",,"1,6"
E,tot,"3,8",free,"2,2",cache,"634,2",buff,"47,9",slab,"66,1",,"1,6"
E,tot,"3,8",free,"2,2",cache,"634,2",buff,"47,9",slab,"66,1",,"1,6"
E,tot,"3,8",free,"2,2",cache,"634,2",buff,"47,9",slab,"66,1",,"1,6"
E,tot,"3,8",free,"2,2",cache,"634,2",buff,"47,9",slab,"66,1",,"1,6"
E,tot,"3,8",free,"2,2",cache,"634,2",buff,"47,9",slab,"66,1",,"1,6"
E,tot,"3,8",free,"2,2",cache,"634,2",buff,"47,9",slab,"66,1",,"1,6"
E,tot,"3,8",free,"2,2",cache,"634,2",buff,"47,9",slab,"66,1",,"1,6"
E,tot,"3,8",free,"2,2",cache,"634,2",buff,"47,9",slab,"66,1",,"1,6"
E,tot,"3,8",free,"2,2",cache,"634,3",buff,"47,9",slab,"66,1",,"1,6"
E,tot,"3,8",free,"2,2",cache,"634,3",buff,"47,9",slab,"66,1",,"1,6"
E,tot,"3,8",free,"2,2",cache,"634,3",buff,"47,9",slab,"66,1",,"1,6"
E,tot,"3,8",free,"2,2",cache,"636,8",buff,"47,9",slab,"66,1",,"1,6"
E,tot,"3,8",free,"2,2",cache,"636,8",buff,"47,9",slab,"66,1",,"1,6"
E,tot,"3,8",free,"2,2",cache,"636,8",buff,"47,9",slab,"66,1",,"1,6"
E,tot,"3,8",free,"2,2",cache,"636,8",buff,"47,9",slab,"66,1",,"1,6"
E,tot,"3,8",free,"2,2",cache,"636,8",buff,"47,9",slab,"66,1",,"1,6"
E,tot,"3,8",free,"2,2",cache,"634,9",buff,"47,9",slab,"66,1",,"1,6"
E,tot,"3,8",free,"2,2",cache,"634,9",buff,"47,9",slab,"66,1",,"1,6"
E,tot,"3,8",free,"2,2",cache,"634,4",buff,"47,9",slab,"66,1",,"1,6"
E,tot,"3,8",free,"2,2",cache,"634,4",buff,"47,9",slab,"66,1",,"1,6"
E,tot,"3,8",free,"2,2",cache,"634,4",buff,"47,9",slab,"66,1",,"1,6"
E,tot,"3,8",free,"2,2",cache,"634,4",buff,"47,9",slab,"66,1",,"1,6"
E,tot,"3,8",free,"2,2",cache,"634,4",buff,"47,9",slab,"66,1",,"1,6"
E,tot,"3,8",free,"2,2",cache,"634,4",buff,"47,9",slab,"66,1",,"1,6"
,,,,,,,,,,,,
,,,,,,,,,,,média,"1,6"
,,,,,,,,,,,DP,0
