E,tot,"3,8",free,"2,2",cache,"630,6",buff,"47,8",slab,"66,1",,"1,6"
E,tot,"3,8",free,"2,2",cache,"642,2",buff,"47,8",slab,"66,1",,"1,6"
E,tot,"3,8",free,"2,2",cache,"642,2",buff,"47,8",slab,"66,1",,"1,6"
E,tot,"3,8",free,"2,2",cache,"642,2",buff,"47,8",slab,"66,1",,"1,6"
E,tot,"3,8",free,"2,2",cache,"642,2",buff,"47,8",slab,"66,1",,"1,6"
E,tot,"3,8",free,"2,2",cache,"642,2",buff,"47,9",slab,"66,1",,"1,6"
E,tot,"3,8",free,"2,2",cache,642,buff,"47,9",slab,"66,1",,"1,6"
E,tot,"3,8",free,"2,2",cache,634,buff,"47,9",slab,"66,1",,"1,6"
E,tot,"3,8",free,"2,2",cache,634,buff,"47,9",slab,"66,1",,"1,6"
E,tot,"3,8",free,"2,2",cache,634,buff,"47,9",slab,"66,1",,"1,6"
E,tot,"3,8",free,"2,2",cache,"634,1",buff,"47,9",slab,"66,1",,"1,6"
E,tot,"3,8",free,"2,2",cache,"634,1",buff,"47,9",slab,"66,1",,"1,6"
E,tot,"3,8",free,"2,2",cache,"634,1",buff,"47,9",slab,"66,1",,"1,6"
E,tot,"3,8",free,"2,2",cache,"634,1",buff,"47,9",slab,"66,1",,"1,6"
E,tot,"3,8",free,"2,2",cache,"634,1",buff,"47,9",slab,"66,1",,"1,6"
E,tot,"3,8",free,"2,2",cache,"634,1",buff,"47,9",slab,"66,1",,"1,6"
E,tot,"3,8",free,"2,2",cache,"634,1",buff,"47,9",slab,"66,1",,"1,6"
,,,,,,,,,,,,
,,,,,,,,,,,média,"1,6"
,,,,,,,,,,,DP,0
