CPU,sys,12,user,34,irq,1,idle,30,wait,23,,46
CPU,sys,36,user,64,irq,0,idle,0,wait,0,,100
CPU,sys,24,user,43,irq,0,idle,0,wait,33,,67
CPU,sys,26,user,29,irq,2,idle,0,wait,44,,55
CPU,sys,19,user,21,irq,1,idle,0,wait,58,,40
CPU,sys,26,user,29,irq,2,idle,0,wait,42,,55
CPU,sys,24,user,25,irq,3,idle,0,wait,49,,49
CPU,sys,23,user,27,irq,4,idle,0,wait,46,,50
CPU,sys,20,user,23,irq,2,idle,0,wait,55,,43
CPU,sys,21,user,27,irq,0,idle,0,wait,52,,48
CPU,sys,20,user,25,irq,1,idle,0,wait,55,,45
CPU,sys,15,user,27,irq,2,idle,0,wait,56,,42
CPU,sys,17,user,23,irq,1,idle,0,wait,57,,40
CPU,sys,22,user,23,irq,1,idle,0,wait,54,,45
CPU,sys,20,user,20,irq,0,idle,0,wait,60,,40
CPU,sys,18,user,25,irq,1,idle,0,wait,56,,43
CPU,sys,16,user,22,irq,1,idle,0,wait,61,,38
CPU,sys,19,user,24,irq,1,idle,0,wait,57,,43
CPU,sys,15,user,24,irq,1,idle,0,wait,60,,39
CPU,sys,20,user,23,irq,1,idle,0,wait,56,,43
CPU,sys,20,user,22,irq,0,idle,0,wait,59,,42
CPU,sys,19,user,27,irq,1,idle,0,wait,52,,46
CPU,sys,19,user,26,irq,1,idle,0,wait,54,,45
CPU,sys,17,user,24,irq,1,idle,0,wait,58,,41
CPU,sys,17,user,27,irq,2,idle,0,wait,54,,44
CPU,sys,16,user,27,irq,0,idle,0,wait,57,,43
CPU,sys,16,user,27,irq,2,idle,0,wait,55,,43
CPU,sys,19,user,26,irq,1,idle,0,wait,54,,45
CPU,sys,18,user,26,irq,2,idle,0,wait,54,,44
CPU,sys,19,user,22,irq,2,idle,0,wait,57,,41
CPU,sys,19,user,25,irq,2,idle,0,wait,54,,44
CPU,sys,15,user,22,irq,2,idle,0,wait,61,,37
CPU,sys,17,user,29,irq,2,idle,0,wait,52,,46
CPU,sys,16,user,29,irq,1,idle,0,wait,54,,45
CPU,sys,18,user,28,irq,1,idle,0,wait,53,,46
CPU,sys,17,user,24,irq,2,idle,0,wait,56,,41
CPU,sys,17,user,25,irq,2,idle,0,wait,56,,42
CPU,sys,21,user,23,irq,1,idle,0,wait,55,,44
CPU,sys,23,user,26,irq,0,idle,0,wait,52,,49
CPU,sys,14,user,25,irq,2,idle,0,wait,59,,39
CPU,sys,16,user,26,irq,2,idle,0,wait,56,,42
CPU,sys,20,user,27,irq,0,idle,0,wait,53,,47
CPU,sys,17,user,25,irq,2,idle,0,wait,56,,42
CPU,sys,15,user,27,irq,2,idle,0,wait,55,,42
CPU,sys,15,user,24,irq,2,idle,0,wait,59,,39
CPU,sys,14,user,29,irq,1,idle,0,wait,56,,43
CPU,sys,16,user,21,irq,1,idle,0,wait,62,,37
CPU,sys,16,user,23,irq,2,idle,0,wait,59,,39
CPU,sys,14,user,27,irq,0,idle,0,wait,59,,41
CPU,sys,15,user,22,irq,2,idle,0,wait,61,,37
CPU,sys,13,user,22,irq,2,idle,0,wait,62,,35
,,,,,,,,,,,,
,,,,,,,,,,,média,"44,72"
,,,,,,,,,,,DP,"9,57044771093574"
