MEM | tot     3.8G | free  853.1M | cache   1.6G | buff   76.0M | slab  104.7M |
MEM | numnode    1 | shmem  65.8M | shrss  35.8M | tcpsk   0.0M | udpsk   0.0M |
MEM | tot     3.8G | free  828.6M | cache   1.6G | buff   76.0M | slab  104.7M |
MEM | numnode    1 | shmem  66.3M | shrss  35.8M | tcpsk   0.0M | udpsk   0.0M |
MEM | tot     3.8G | free  826.1M | cache   1.6G | buff   76.0M | slab  104.7M |
MEM | numnode    1 | shmem  67.1M | shrss  35.8M | tcpsk   0.0M | udpsk   0.0M |
MEM | tot     3.8G | free  825.6M | cache   1.6G | buff   76.0M | slab  104.8M |
MEM | numnode    1 | shmem  67.1M | shrss  35.8M | tcpsk   0.0M | udpsk   0.0M |
