MEM | tot     3.8G | free  851.1M | cache   1.6G | buff   76.0M | slab  104.7M |
MEM | numnode    1 | shmem  69.1M | shrss  35.8M | tcpsk   0.0M | udpsk   0.0M |
MEM | tot     3.8G | free  839.0M | cache   1.6G | buff   76.0M | slab  104.8M |
MEM | numnode    1 | shmem  69.1M | shrss  35.8M | tcpsk   0.0M | udpsk   0.0M |
MEM | tot     3.8G | free  838.5M | cache   1.6G | buff   76.0M | slab  104.8M |
MEM | numnode    1 | shmem  68.6M | shrss  35.8M | tcpsk   0.0M | udpsk   0.0M |
MEM | tot     3.8G | free  840.7M | cache   1.6G | buff   76.0M | slab  104.8M |
MEM | numnode    1 | shmem  66.4M | shrss  35.8M | tcpsk   0.0M | udpsk   0.0M |
MEM | tot     3.8G | free  841.2M | cache   1.6G | buff   76.0M | slab  104.8M |
MEM | numnode    1 | shmem  66.3M | shrss  35.8M | tcpsk   0.0M | udpsk   0.0M |
MEM | tot     3.8G | free  841.4M | cache   1.6G | buff   76.0M | slab  104.8M |
MEM | numnode    1 | shmem  66.3M | shrss  35.8M | tcpsk   0.0M | udpsk   0.0M |
MEM | tot     3.8G | free  841.9M | cache   1.6G | buff   76.0M | slab  104.8M |
MEM | numnode    1 | shmem  66.3M | shrss  35.8M | tcpsk   0.0M | udpsk   0.0M |
