MEM | tot     3.8G | free  854.2M | cache   1.6G | buff   76.1M | slab  104.7M |
MEM | numnode    1 | shmem  67.4M | shrss  35.8M | tcpsk   0.0M | udpsk   0.0M |
MEM | tot     3.8G | free  842.2M | cache   1.6G | buff   76.1M | slab  104.7M |
MEM | numnode    1 | shmem  67.4M | shrss  35.8M | tcpsk   0.0M | udpsk   0.0M |
MEM | tot     3.8G | free  839.5M | cache   1.6G | buff   76.1M | slab  104.7M |
MEM | numnode    1 | shmem  67.4M | shrss  35.8M | tcpsk   0.0M | udpsk   0.0M |
MEM | tot     3.8G | free  840.0M | cache   1.6G | buff   76.1M | slab  104.8M |
MEM | numnode    1 | shmem  67.4M | shrss  35.8M | tcpsk   0.0M | udpsk   0.0M |
MEM | tot     3.8G | free  837.7M | cache   1.6G | buff   76.1M | slab  104.8M |
MEM | numnode    1 | shmem  67.4M | shrss  35.8M | tcpsk   0.0M | udpsk   0.0M |
MEM | tot     3.8G | free  838.0M | cache   1.6G | buff   76.1M | slab  104.8M |
MEM | numnode    1 | shmem  67.4M | shrss  35.8M | tcpsk   0.0M | udpsk   0.0M |
MEM | tot     3.8G | free  838.2M | cache   1.6G | buff   76.1M | slab  104.8M |
MEM | numnode    1 | shmem  67.4M | shrss  35.8M | tcpsk   0.0M | udpsk   0.0M |
