MEM | tot     3.8G | free  858.3M | cache   1.6G | buff   76.1M | slab  104.7M |
MEM | numnode    1 | shmem  66.1M | shrss  35.8M | tcpsk   0.0M | udpsk   0.0M |
MEM | tot     3.8G | free  845.0M | cache   1.6G | buff   76.1M | slab  104.7M |
MEM | numnode    1 | shmem  66.6M | shrss  35.8M | tcpsk   0.0M | udpsk   0.0M |
MEM | tot     3.8G | free  842.0M | cache   1.6G | buff   76.1M | slab  104.7M |
MEM | numnode    1 | shmem  67.1M | shrss  35.8M | tcpsk   0.0M | udpsk   0.0M |
MEM | tot     3.8G | free  842.2M | cache   1.6G | buff   76.1M | slab  104.8M |
MEM | numnode    1 | shmem  67.1M | shrss  35.8M | tcpsk   0.0M | udpsk   0.0M |
