MEM | tot     3.8G | free  855.2M | cache   1.6G | buff   76.1M | slab  104.7M |
MEM | numnode    1 | shmem  67.1M | shrss  35.8M | tcpsk   0.0M | udpsk   0.0M |
MEM | tot     3.8G | free  844.0M | cache   1.6G | buff   76.1M | slab  104.7M |
MEM | numnode    1 | shmem  67.1M | shrss  35.8M | tcpsk   0.0M | udpsk   0.0M |
MEM | tot     3.8G | free  841.0M | cache   1.6G | buff   76.1M | slab  104.7M |
MEM | numnode    1 | shmem  67.3M | shrss  35.8M | tcpsk   0.0M | udpsk   0.0M |
MEM | tot     3.8G | free  841.0M | cache   1.6G | buff   76.1M | slab  104.8M |
MEM | numnode    1 | shmem  67.4M | shrss  35.8M | tcpsk   0.0M | udpsk   0.0M |
MEM | tot     3.8G | free  839.0M | cache   1.6G | buff   76.1M | slab  104.8M |
MEM | numnode    1 | shmem  67.4M | shrss  35.8M | tcpsk   0.0M | udpsk   0.0M |
