MEM | tot     3.8G | free  854.4M | cache   1.6G | buff   76.1M | slab  104.7M |
MEM | numnode    1 | shmem  68.1M | shrss  35.8M | tcpsk   0.0M | udpsk   0.0M |
MEM | tot     3.8G | free  843.4M | cache   1.6G | buff   76.1M | slab  104.7M |
MEM | numnode    1 | shmem  68.1M | shrss  35.8M | tcpsk   0.0M | udpsk   0.0M |
MEM | tot     3.8G | free  843.7M | cache   1.6G | buff   76.1M | slab  104.7M |
MEM | numnode    1 | shmem  68.1M | shrss  35.8M | tcpsk   0.0M | udpsk   0.0M |
MEM | tot     3.8G | free  845.9M | cache   1.6G | buff   76.1M | slab  104.7M |
MEM | numnode    1 | shmem  66.6M | shrss  35.8M | tcpsk   0.0M | udpsk   0.0M |
MEM | tot     3.8G | free  845.9M | cache   1.6G | buff   76.1M | slab  104.7M |
MEM | numnode    1 | shmem  66.6M | shrss  35.8M | tcpsk   0.0M | udpsk   0.0M |
MEM | tot     3.8G | free  845.4M | cache   1.6G | buff   76.1M | slab  104.8M |
MEM | numnode    1 | shmem  66.6M | shrss  35.8M | tcpsk   0.0M | udpsk   0.0M |
MEM | tot     3.8G | free  845.6M | cache   1.6G | buff   76.1M | slab  104.7M |
MEM | numnode    1 | shmem  66.6M | shrss  35.8M | tcpsk   0.0M | udpsk   0.0M |
