MEM | tot     3.8G | free    1.9G | cache 718.0M | buff   62.5M | slab   80.6M |
MEM | tot     3.8G | free    1.9G | cache 722.0M | buff   62.5M | slab   80.6M |
MEM | tot     3.8G | free    1.9G | cache 722.0M | buff   62.5M | slab   80.6M |
MEM | tot     3.8G | free    1.9G | cache 722.0M | buff   62.5M | slab   80.6M |
MEM | tot     3.8G | free    1.9G | cache 722.0M | buff   62.5M | slab   80.6M |
MEM | tot     3.8G | free    1.9G | cache 722.0M | buff   62.5M | slab   80.6M |
MEM | tot     3.8G | free    1.9G | cache 722.1M | buff   62.5M | slab   80.7M |
MEM | tot     3.8G | free    1.9G | cache 721.1M | buff   62.5M | slab   80.6M |
MEM | tot     3.8G | free    1.9G | cache 720.6M | buff   62.5M | slab   80.6M |
MEM | tot     3.8G | free    1.9G | cache 718.1M | buff   62.5M | slab   80.6M |
MEM | tot     3.8G | free    1.9G | cache 718.1M | buff   62.5M | slab   80.6M |
MEM | tot     3.8G | free    1.9G | cache 718.2M | buff   62.5M | slab   80.6M |
MEM | tot     3.8G | free    1.9G | cache 718.3M | buff   62.5M | slab   80.6M |
