MEM | tot     3.8G | free    1.9G | cache 719.7M | buff   62.4M | slab   80.4M |
MEM | tot     3.8G | free    1.9G | cache 721.2M | buff   62.4M | slab   80.6M |
MEM | tot     3.8G | free    1.9G | cache 721.6M | buff   62.4M | slab   80.7M |
MEM | tot     3.8G | free    1.9G | cache 720.1M | buff   62.4M | slab   80.7M |
MEM | tot     3.8G | free    1.9G | cache 720.2M | buff   62.4M | slab   80.7M |
MEM | tot     3.8G | free    1.9G | cache 720.4M | buff   62.4M | slab   80.6M |
MEM | tot     3.8G | free    1.9G | cache 720.5M | buff   62.4M | slab   80.6M |
MEM | tot     3.8G | free    1.9G | cache 718.9M | buff   62.4M | slab   80.6M |
MEM | tot     3.8G | free    1.9G | cache 719.0M | buff   62.4M | slab   80.6M |
MEM | tot     3.8G | free    1.9G | cache 716.6M | buff   62.4M | slab   80.6M |
MEM | tot     3.8G | free    1.9G | cache 716.8M | buff   62.4M | slab   80.6M |
MEM | tot     3.8G | free    1.9G | cache 716.9M | buff   62.4M | slab   80.6M |
MEM | tot     3.8G | free    1.9G | cache 717.0M | buff   62.4M | slab   80.6M |
MEM | tot     3.8G | free    1.9G | cache 717.1M | buff   62.4M | slab   80.6M |
MEM | tot     3.8G | free    1.9G | cache 717.2M | buff   62.4M | slab   80.6M |
MEM | tot     3.8G | free    1.9G | cache 717.4M | buff   62.4M | slab   80.6M |
MEM | tot     3.8G | free    1.9G | cache 717.5M | buff   62.4M | slab   80.6M |
MEM | tot     3.8G | free    1.9G | cache 717.6M | buff   62.4M | slab   80.6M |
MEM | tot     3.8G | free    1.9G | cache 717.7M | buff   62.4M | slab   80.6M |
MEM | tot     3.8G | free    1.9G | cache 717.8M | buff   62.4M | slab   80.6M |
MEM | tot     3.8G | free    1.9G | cache 718.0M | buff   62.4M | slab   80.6M |
MEM | tot     3.8G | free    1.9G | cache 718.0M | buff   62.5M | slab   80.6M |
