CPU,sys,4,user,8,irq,0,idle,87,wait,0,,12
CPU,sys,35,user,65,irq,0,idle,0,wait,0,,100
CPU,sys,31,user,68,irq,1,idle,0,wait,0,,99
CPU,sys,33,user,66,irq,1,idle,0,wait,0,,99
CPU,sys,38,user,60,irq,2,idle,0,wait,0,,98
CPU,sys,36,user,63,irq,1,idle,0,wait,0,,99
CPU,sys,42,user,53,irq,5,idle,0,wait,0,,95
CPU,sys,34,user,64,irq,2,idle,0,wait,0,,98
CPU,sys,36,user,62,irq,2,idle,0,wait,0,,98
CPU,sys,31,user,64,irq,5,idle,0,wait,0,,95
CPU,sys,41,user,55,irq,4,idle,0,wait,0,,96
CPU,sys,30,user,68,irq,2,idle,0,wait,0,,98
CPU,sys,35,user,62,irq,3,idle,0,wait,0,,97
,,,,,,,,,,,,
,,,,,,,,,,,média,"97,6666666666667"
,,,,,,,,,,,DP,"1,6143297699233"
