E,tot,"3,8",free,"1,9",cache,718,buff,"62,5",slab,"80,6",,"1,9"
E,tot,"3,8",free,"1,9",cache,722,buff,"62,5",slab,"80,6",,"1,9"
E,tot,"3,8",free,"1,9",cache,722,buff,"62,5",slab,"80,6",,"1,9"
E,tot,"3,8",free,"1,9",cache,722,buff,"62,5",slab,"80,6",,"1,9"
E,tot,"3,8",free,"1,9",cache,722,buff,"62,5",slab,"80,6",,"1,9"
E,tot,"3,8",free,"1,9",cache,722,buff,"62,5",slab,"80,6",,"1,9"
E,tot,"3,8",free,"1,9",cache,"722,1",buff,"62,5",slab,"80,7",,"1,9"
E,tot,"3,8",free,"1,9",cache,"721,1",buff,"62,5",slab,"80,6",,"1,9"
E,tot,"3,8",free,"1,9",cache,"720,6",buff,"62,5",slab,"80,6",,"1,9"
E,tot,"3,8",free,"1,9",cache,"718,1",buff,"62,5",slab,"80,6",,"1,9"
E,tot,"3,8",free,"1,9",cache,"718,1",buff,"62,5",slab,"80,6",,"1,9"
E,tot,"3,8",free,"1,9",cache,"718,2",buff,"62,5",slab,"80,6",,"1,9"
E,tot,"3,8",free,"1,9",cache,"718,3",buff,"62,5",slab,"80,6",,"1,9"
,,,,,,,,,,,,
,,,,,,,,,,,média,"1,9"
,,,,,,,,,,,DP,0
