CPU,sys,4,user,8,irq,0,idle,87,wait,0,,12
CPU,sys,36,user,64,irq,0,idle,0,wait,0,,100
CPU,sys,33,user,65,irq,2,idle,0,wait,0,,98
CPU,sys,37,user,61,irq,2,idle,0,wait,0,,98
CPU,sys,33,user,64,irq,3,idle,0,wait,0,,97
CPU,sys,32,user,64,irq,4,idle,0,wait,0,,96
CPU,sys,45,user,54,irq,1,idle,0,wait,0,,99
CPU,sys,41,user,57,irq,2,idle,0,wait,0,,98
CPU,sys,45,user,52,irq,3,idle,0,wait,0,,97
CPU,sys,34,user,62,irq,4,idle,0,wait,0,,96
CPU,sys,32,user,65,irq,3,idle,0,wait,0,,97
CPU,sys,28,user,69,irq,3,idle,0,wait,0,,97
CPU,sys,33,user,64,irq,3,idle,0,wait,0,,97
CPU,sys,31,user,67,irq,2,idle,0,wait,0,,98
CPU,sys,31,user,65,irq,4,idle,0,wait,0,,96
CPU,sys,34,user,63,irq,2,idle,0,wait,0,,97
CPU,sys,30,user,67,irq,3,idle,0,wait,0,,97
CPU,sys,32,user,65,irq,3,idle,0,wait,0,,97
CPU,sys,30,user,65,irq,5,idle,0,wait,0,,95
CPU,sys,37,user,60,irq,3,idle,0,wait,0,,97
,,,,,,,,,,,,
,,,,,,,,,,,média,"97,2105263157895"
,,,,,,,,,,,DP,"1,1342617456312"
