E,tot,"3,8",free,"1,9",cache,"719,7",buff,"62,4",slab,"80,4",,"1,9"
E,tot,"3,8",free,"1,9",cache,"721,2",buff,"62,4",slab,"80,6",,"1,9"
E,tot,"3,8",free,"1,9",cache,"721,6",buff,"62,4",slab,"80,7",,"1,9"
E,tot,"3,8",free,"1,9",cache,"720,1",buff,"62,4",slab,"80,7",,"1,9"
E,tot,"3,8",free,"1,9",cache,"720,2",buff,"62,4",slab,"80,7",,"1,9"
E,tot,"3,8",free,"1,9",cache,"720,4",buff,"62,4",slab,"80,6",,"1,9"
E,tot,"3,8",free,"1,9",cache,"720,5",buff,"62,4",slab,"80,6",,"1,9"
E,tot,"3,8",free,"1,9",cache,"718,9",buff,"62,4",slab,"80,6",,"1,9"
E,tot,"3,8",free,"1,9",cache,719,buff,"62,4",slab,"80,6",,"1,9"
E,tot,"3,8",free,"1,9",cache,"716,6",buff,"62,4",slab,"80,6",,"1,9"
E,tot,"3,8",free,"1,9",cache,"716,8",buff,"62,4",slab,"80,6",,"1,9"
E,tot,"3,8",free,"1,9",cache,"716,9",buff,"62,4",slab,"80,6",,"1,9"
E,tot,"3,8",free,"1,9",cache,717,buff,"62,4",slab,"80,6",,"1,9"
E,tot,"3,8",free,"1,9",cache,"717,1",buff,"62,4",slab,"80,6",,"1,9"
E,tot,"3,8",free,"1,9",cache,"717,2",buff,"62,4",slab,"80,6",,"1,9"
E,tot,"3,8",free,"1,9",cache,"717,4",buff,"62,4",slab,"80,6",,"1,9"
E,tot,"3,8",free,"1,9",cache,"717,5",buff,"62,4",slab,"80,6",,"1,9"
E,tot,"3,8",free,"1,9",cache,"717,6",buff,"62,4",slab,"80,6",,"1,9"
E,tot,"3,8",free,"1,9",cache,"717,7",buff,"62,4",slab,"80,6",,"1,9"
E,tot,"3,8",free,"1,9",cache,"717,8",buff,"62,4",slab,"80,6",,"1,9"
E,tot,"3,8",free,"1,9",cache,718,buff,"62,4",slab,"80,6",,"1,9"
E,tot,"3,8",free,"1,9",cache,718,buff,"62,5",slab,"80,6",,"1,9"
,,,,,,,,,,,DP,0
,,,,,,,,,,,média,"1,9"
