MEM | tot     3.8G | free  511.8M | cache   1.2G | buff  100.8M | slab  131.4M |
MEM | numnode    1 | shmem  74.7M | shrss  35.6M | tcpsk   0.0M | udpsk   0.0M |
MEM | tot     3.8G | free  503.8M | cache   1.2G | buff  100.8M | slab  131.4M |
MEM | numnode    1 | shmem  74.4M | shrss  35.6M | tcpsk   0.0M | udpsk   0.0M |
MEM | tot     3.8G | free  501.6M | cache   1.2G | buff  100.8M | slab  131.4M |
MEM | numnode    1 | shmem  74.4M | shrss  35.6M | tcpsk   0.0M | udpsk   0.0M |
MEM | tot     3.8G | free  503.5M | cache   1.2G | buff  100.8M | slab  131.4M |
MEM | numnode    1 | shmem  72.7M | shrss  35.6M | tcpsk   0.0M | udpsk   0.0M |
