MEM | tot     3.8G | free  516.5M | cache   1.2G | buff  100.8M | slab  131.4M |
MEM | numnode    1 | shmem  71.5M | shrss  35.5M | tcpsk   0.0M | udpsk   0.0M |
MEM | tot     3.8G | free  505.3M | cache   1.2G | buff  100.8M | slab  131.4M |
MEM | numnode    1 | shmem  72.8M | shrss  35.5M | tcpsk   0.0M | udpsk   0.0M |
MEM | tot     3.8G | free  502.3M | cache   1.2G | buff  100.8M | slab  131.4M |
MEM | numnode    1 | shmem  74.2M | shrss  35.5M | tcpsk   0.0M | udpsk   0.0M |
MEM | tot     3.8G | free  501.8M | cache   1.2G | buff  100.8M | slab  131.4M |
MEM | numnode    1 | shmem  74.3M | shrss  35.5M | tcpsk   0.0M | udpsk   0.0M |
