MEM | tot     3.8G | free  509.2M | cache   1.2G | buff  100.8M | slab  131.3M |
MEM | numnode    1 | shmem  71.5M | shrss  35.5M | tcpsk   0.0M | udpsk   0.0M |
MEM | tot     3.8G | free  499.5M | cache   1.2G | buff  100.8M | slab  131.3M |
MEM | numnode    1 | shmem  71.5M | shrss  35.5M | tcpsk   0.0M | udpsk   0.0M |
MEM | tot     3.8G | free  500.7M | cache   1.2G | buff  100.8M | slab  131.4M |
MEM | numnode    1 | shmem  71.5M | shrss  35.5M | tcpsk   0.0M | udpsk   0.0M |
MEM | tot     3.8G | free  502.4M | cache   1.2G | buff  100.8M | slab  131.4M |
MEM | numnode    1 | shmem  71.5M | shrss  35.5M | tcpsk   0.0M | udpsk   0.0M |
MEM | tot     3.8G | free  502.2M | cache   1.2G | buff  100.8M | slab  131.4M |
MEM | numnode    1 | shmem  71.5M | shrss  35.5M | tcpsk   0.0M | udpsk   0.0M |
