MEM | tot     3.8G | free    2.2G | cache 628.4M | buff   39.9M | slab   65.2M |
MEM | tot     3.8G | free    2.2G | cache 638.6M | buff   39.9M | slab   65.3M |
MEM | tot     3.8G | free    2.2G | cache 647.2M | buff   39.9M | slab   65.4M |
MEM | tot     3.8G | free    2.2G | cache 647.2M | buff   39.9M | slab   65.4M |
MEM | tot     3.8G | free    2.2G | cache 647.3M | buff   39.9M | slab   65.4M |
MEM | tot     3.8G | free    2.2G | cache 647.3M | buff   39.9M | slab   65.4M |
MEM | tot     3.8G | free    2.2G | cache 647.3M | buff   39.9M | slab   65.5M |
MEM | tot     3.8G | free    2.2G | cache 637.6M | buff   39.9M | slab   65.4M |
MEM | tot     3.8G | free    2.2G | cache 636.1M | buff   39.9M | slab   65.4M |
MEM | tot     3.8G | free    2.2G | cache 636.1M | buff   39.9M | slab   65.4M |
MEM | tot     3.8G | free    2.2G | cache 636.1M | buff   39.9M | slab   65.4M |
MEM | tot     3.8G | free    2.2G | cache 636.1M | buff   39.9M | slab   65.4M |
MEM | tot     3.8G | free    2.2G | cache 636.1M | buff   39.9M | slab   65.4M |
MEM | tot     3.8G | free    2.2G | cache 636.1M | buff   39.9M | slab   65.4M |
MEM | tot     3.8G | free    2.2G | cache 636.1M | buff   39.9M | slab   65.4M |
MEM | tot     3.8G | free    2.2G | cache 636.1M | buff   39.9M | slab   65.4M |
MEM | tot     3.8G | free    2.2G | cache 636.1M | buff   39.9M | slab   65.4M |
MEM | tot     3.8G | free    2.2G | cache 636.2M | buff   39.9M | slab   65.4M |
MEM | tot     3.8G | free    2.2G | cache 636.2M | buff   39.9M | slab   65.4M |
MEM | tot     3.8G | free    2.2G | cache 636.2M | buff   39.9M | slab   65.4M |
MEM | tot     3.8G | free    2.2G | cache 636.2M | buff   39.9M | slab   65.4M |
MEM | tot     3.8G | free    2.2G | cache 636.2M | buff   39.9M | slab   65.4M |
