MEM | tot     3.8G | free    2.2G | cache 632.7M | buff   39.9M | slab   65.3M |
MEM | tot     3.8G | free    2.2G | cache 637.7M | buff   39.9M | slab   65.4M |
MEM | tot     3.8G | free    2.2G | cache 646.2M | buff   39.9M | slab   65.4M |
MEM | tot     3.8G | free    2.2G | cache 646.3M | buff   39.9M | slab   65.4M |
MEM | tot     3.8G | free    2.2G | cache 646.3M | buff   39.9M | slab   65.4M |
MEM | tot     3.8G | free    2.2G | cache 646.3M | buff   39.9M | slab   65.4M |
MEM | tot     3.8G | free    2.2G | cache 646.0M | buff   39.9M | slab   65.4M |
MEM | tot     3.8G | free    2.2G | cache 636.1M | buff   39.9M | slab   65.4M |
MEM | tot     3.8G | free    2.2G | cache 636.1M | buff   39.9M | slab   65.4M |
MEM | tot     3.8G | free    2.2G | cache 636.1M | buff   39.9M | slab   65.4M |
MEM | tot     3.8G | free    2.2G | cache 636.1M | buff   39.9M | slab   65.4M |
MEM | tot     3.8G | free    2.2G | cache 636.1M | buff   39.9M | slab   65.4M |
MEM | tot     3.8G | free    2.2G | cache 636.1M | buff   39.9M | slab   65.4M |
MEM | tot     3.8G | free    2.2G | cache 636.1M | buff   39.9M | slab   65.4M |
MEM | tot     3.8G | free    2.2G | cache 636.1M | buff   39.9M | slab   65.4M |
MEM | tot     3.8G | free    2.2G | cache 636.1M | buff   39.9M | slab   65.4M |
MEM | tot     3.8G | free    2.2G | cache 636.2M | buff   39.9M | slab   65.4M |
MEM | tot     3.8G | free    2.2G | cache 636.2M | buff   39.9M | slab   65.4M |
MEM | tot     3.8G | free    2.2G | cache 636.2M | buff   39.9M | slab   65.4M |
MEM | tot     3.8G | free    2.2G | cache 636.2M | buff   39.9M | slab   65.4M |
MEM | tot     3.8G | free    2.2G | cache 636.2M | buff   39.9M | slab   65.4M |
MEM | tot     3.8G | free    2.2G | cache 636.2M | buff   39.9M | slab   65.4M |
MEM | tot     3.8G | free    2.2G | cache 636.2M | buff   39.9M | slab   65.4M |
MEM | tot     3.8G | free    2.2G | cache 636.2M | buff   39.9M | slab   65.4M |
MEM | tot     3.8G | free    2.2G | cache 636.2M | buff   39.9M | slab   65.4M |
MEM | tot     3.8G | free    2.2G | cache 636.3M | buff   39.9M | slab   65.4M |
MEM | tot     3.8G | free    2.2G | cache 636.3M | buff   39.9M | slab   65.4M |
MEM | tot     3.8G | free    2.2G | cache 636.3M | buff   39.9M | slab   65.4M |
MEM | tot     3.8G | free    2.2G | cache 636.3M | buff   39.9M | slab   65.4M |
MEM | tot     3.8G | free    2.2G | cache 636.3M | buff   39.9M | slab   65.4M |
MEM | tot     3.8G | free    2.2G | cache 636.3M | buff   39.9M | slab   65.4M |
MEM | tot     3.8G | free    2.2G | cache 636.3M | buff   39.9M | slab   65.4M |
MEM | tot     3.8G | free    2.2G | cache 636.3M | buff   39.9M | slab   65.4M |
MEM | tot     3.8G | free    2.2G | cache 636.3M | buff   39.9M | slab   65.4M |
MEM | tot     3.8G | free    2.2G | cache 636.4M | buff   39.9M | slab   65.4M |
MEM | tot     3.8G | free    2.2G | cache 636.4M | buff   39.9M | slab   65.4M |
MEM | tot     3.8G | free    2.2G | cache 636.4M | buff   39.9M | slab   65.4M |
MEM | tot     3.8G | free    2.2G | cache 636.4M | buff   39.9M | slab   65.4M |
MEM | tot     3.8G | free    2.2G | cache 636.4M | buff   39.9M | slab   65.4M |
MEM | tot     3.8G | free    2.2G | cache 636.4M | buff   39.9M | slab   65.4M |
MEM | tot     3.8G | free    2.2G | cache 636.4M | buff   39.9M | slab   65.4M |
MEM | tot     3.8G | free    2.2G | cache 636.4M | buff   39.9M | slab   65.4M |
MEM | tot     3.8G | free    2.2G | cache 636.4M | buff   39.9M | slab   65.4M |
MEM | tot     3.8G | free    2.2G | cache 636.5M | buff   40.0M | slab   65.4M |
MEM | tot     3.8G | free    2.2G | cache 636.5M | buff   40.0M | slab   65.4M |
MEM | tot     3.8G | free    2.2G | cache 636.5M | buff   40.0M | slab   65.4M |
MEM | tot     3.8G | free    2.2G | cache 636.5M | buff   40.0M | slab   65.4M |
MEM | tot     3.8G | free    2.2G | cache 636.5M | buff   40.0M | slab   65.4M |
MEM | tot     3.8G | free    2.2G | cache 636.5M | buff   40.0M | slab   65.4M |
MEM | tot     3.8G | free    2.2G | cache 636.5M | buff   40.0M | slab   65.4M |
MEM | tot     3.8G | free    2.2G | cache 636.5M | buff   40.0M | slab   65.4M |
MEM | tot     3.8G | free    2.2G | cache 636.5M | buff   40.0M | slab   65.4M |
MEM | tot     3.8G | free    2.2G | cache 636.6M | buff   40.0M | slab   65.4M |
MEM | tot     3.8G | free    2.2G | cache 636.6M | buff   40.0M | slab   65.4M |
MEM | tot     3.8G | free    2.2G | cache 636.6M | buff   40.0M | slab   65.4M |
MEM | tot     3.8G | free    2.2G | cache 636.6M | buff   40.0M | slab   65.4M |
MEM | tot     3.8G | free    2.2G | cache 636.6M | buff   40.0M | slab   65.4M |
MEM | tot     3.8G | free    2.2G | cache 636.6M | buff   40.0M | slab   65.4M |
MEM | tot     3.8G | free    2.2G | cache 636.6M | buff   40.0M | slab   65.4M |
MEM | tot     3.8G | free    2.2G | cache 636.6M | buff   40.0M | slab   65.4M |
MEM | tot     3.8G | free    2.2G | cache 636.6M | buff   40.0M | slab   65.4M |
MEM | tot     3.8G | free    2.2G | cache 636.7M | buff   40.0M | slab   65.4M |
MEM | tot     3.8G | free    2.2G | cache 636.7M | buff   40.0M | slab   65.4M |
MEM | tot     3.8G | free    2.2G | cache 636.7M | buff   40.0M | slab   65.4M |
MEM | tot     3.8G | free    2.2G | cache 636.7M | buff   40.0M | slab   65.4M |
MEM | tot     3.8G | free    2.2G | cache 636.7M | buff   40.0M | slab   65.4M |
MEM | tot     3.8G | free    2.2G | cache 636.7M | buff   40.0M | slab   65.4M |
MEM | tot     3.8G | free    2.2G | cache 636.7M | buff   40.0M | slab   65.4M |
MEM | tot     3.8G | free    2.2G | cache 636.7M | buff   40.0M | slab   65.4M |
MEM | tot     3.8G | free    2.2G | cache 636.7M | buff   40.0M | slab   65.4M |
MEM | tot     3.8G | free    2.2G | cache 636.8M | buff   40.0M | slab   65.4M |
MEM | tot     3.8G | free    2.2G | cache 632.5M | buff   40.0M | slab   65.4M |
MEM | tot     3.8G | free    2.2G | cache 632.5M | buff   40.0M | slab   65.4M |
MEM | tot     3.8G | free    2.2G | cache 632.5M | buff   40.0M | slab   65.4M |
MEM | tot     3.8G | free    2.2G | cache 632.5M | buff   40.0M | slab   65.4M |
MEM | tot     3.8G | free    2.2G | cache 632.5M | buff   40.0M | slab   65.4M |
MEM | tot     3.8G | free    2.2G | cache 632.5M | buff   40.0M | slab   65.4M |
MEM | tot     3.8G | free    2.2G | cache 632.5M | buff   40.0M | slab   65.4M |
MEM | tot     3.8G | free    2.2G | cache 632.5M | buff   40.0M | slab   65.4M |
MEM | tot     3.8G | free    2.2G | cache 632.5M | buff   40.0M | slab   65.4M |
MEM | tot     3.8G | free    2.2G | cache 632.6M | buff   40.0M | slab   65.4M |
MEM | tot     3.8G | free    2.2G | cache 632.6M | buff   40.0M | slab   65.4M |
MEM | tot     3.8G | free    2.2G | cache 632.6M | buff   40.0M | slab   65.4M |
MEM | tot     3.8G | free    2.2G | cache 632.6M | buff   40.0M | slab   65.4M |
MEM | tot     3.8G | free    2.2G | cache 632.6M | buff   40.0M | slab   65.4M |
MEM | tot     3.8G | free    2.2G | cache 632.6M | buff   40.0M | slab   65.4M |
MEM | tot     3.8G | free    2.2G | cache 632.6M | buff   40.0M | slab   65.4M |
MEM | tot     3.8G | free    2.2G | cache 632.6M | buff   40.0M | slab   65.4M |
MEM | tot     3.8G | free    2.2G | cache 632.6M | buff   40.0M | slab   65.4M |
MEM | tot     3.8G | free    2.2G | cache 632.7M | buff   40.0M | slab   65.4M |
MEM | tot     3.8G | free    2.2G | cache 632.7M | buff   40.0M | slab   65.4M |
MEM | tot     3.8G | free    2.2G | cache 632.7M | buff   40.0M | slab   65.4M |
MEM | tot     3.8G | free    2.2G | cache 632.7M | buff   40.0M | slab   65.4M |
MEM | tot     3.8G | free    2.2G | cache 632.7M | buff   40.0M | slab   65.4M |
MEM | tot     3.8G | free    2.2G | cache 632.7M | buff   40.0M | slab   65.4M |
MEM | tot     3.8G | free    2.2G | cache 632.7M | buff   40.0M | slab   65.4M |
MEM | tot     3.8G | free    2.2G | cache 632.7M | buff   40.0M | slab   65.4M |
MEM | tot     3.8G | free    2.2G | cache 632.7M | buff   40.0M | slab   65.4M |
MEM | tot     3.8G | free    2.2G | cache 632.8M | buff   40.0M | slab   65.4M |
MEM | tot     3.8G | free    2.2G | cache 632.8M | buff   40.0M | slab   65.4M |
MEM | tot     3.8G | free    2.2G | cache 632.8M | buff   40.0M | slab   65.4M |
MEM | tot     3.8G | free    2.2G | cache 632.8M | buff   40.0M | slab   65.4M |
MEM | tot     3.8G | free    2.2G | cache 632.8M | buff   40.0M | slab   65.4M |
MEM | tot     3.8G | free    2.2G | cache 632.8M | buff   40.0M | slab   65.4M |
MEM | tot     3.8G | free    2.2G | cache 632.8M | buff   40.0M | slab   65.4M |
MEM | tot     3.8G | free    2.2G | cache 632.8M | buff   40.0M | slab   65.4M |
MEM | tot     3.8G | free    2.2G | cache 632.8M | buff   40.0M | slab   65.4M |
MEM | tot     3.8G | free    2.2G | cache 632.9M | buff   40.0M | slab   65.4M |
MEM | tot     3.8G | free    2.2G | cache 632.9M | buff   40.1M | slab   65.4M |
MEM | tot     3.8G | free    2.2G | cache 632.9M | buff   40.1M | slab   65.4M |
MEM | tot     3.8G | free    2.2G | cache 632.9M | buff   40.1M | slab   65.4M |
MEM | tot     3.8G | free    2.2G | cache 632.9M | buff   40.1M | slab   65.4M |
MEM | tot     3.8G | free    2.2G | cache 632.9M | buff   40.1M | slab   65.4M |
MEM | tot     3.8G | free    2.2G | cache 632.9M | buff   40.1M | slab   65.4M |
MEM | tot     3.8G | free    2.2G | cache 632.9M | buff   40.1M | slab   65.4M |
MEM | tot     3.8G | free    2.2G | cache 632.9M | buff   40.1M | slab   65.4M |
MEM | tot     3.8G | free    2.2G | cache 633.0M | buff   40.1M | slab   65.4M |
MEM | tot     3.8G | free    2.2G | cache 633.0M | buff   40.1M | slab   65.4M |
MEM | tot     3.8G | free    2.2G | cache 633.0M | buff   40.1M | slab   65.4M |
MEM | tot     3.8G | free    2.2G | cache 633.0M | buff   40.1M | slab   65.4M |
MEM | tot     3.8G | free    2.2G | cache 633.0M | buff   40.1M | slab   65.4M |
MEM | tot     3.8G | free    2.2G | cache 633.0M | buff   40.1M | slab   65.4M |
MEM | tot     3.8G | free    2.2G | cache 633.0M | buff   40.1M | slab   65.4M |
