MEM | tot     3.8G | free    2.2G | cache 628.4M | buff   40.1M | slab   65.3M |
MEM | tot     3.8G | free    2.2G | cache 639.4M | buff   40.1M | slab   65.4M |
MEM | tot     3.8G | free    2.2G | cache 646.3M | buff   40.1M | slab   65.4M |
MEM | tot     3.8G | free    2.2G | cache 646.3M | buff   40.1M | slab   65.4M |
MEM | tot     3.8G | free    2.2G | cache 646.3M | buff   40.1M | slab   65.4M |
MEM | tot     3.8G | free    2.2G | cache 646.3M | buff   40.1M | slab   65.4M |
MEM | tot     3.8G | free    2.2G | cache 646.1M | buff   40.1M | slab   65.5M |
MEM | tot     3.8G | free    2.2G | cache 636.1M | buff   40.1M | slab   65.4M |
MEM | tot     3.8G | free    2.2G | cache 636.1M | buff   40.1M | slab   65.4M |
MEM | tot     3.8G | free    2.2G | cache 636.1M | buff   40.1M | slab   65.4M |
MEM | tot     3.8G | free    2.2G | cache 636.1M | buff   40.1M | slab   65.4M |
MEM | tot     3.8G | free    2.2G | cache 636.1M | buff   40.1M | slab   65.4M |
MEM | tot     3.8G | free    2.2G | cache 636.2M | buff   40.1M | slab   65.4M |
MEM | tot     3.8G | free    2.2G | cache 636.2M | buff   40.1M | slab   65.4M |
MEM | tot     3.8G | free    2.2G | cache 636.2M | buff   40.1M | slab   65.4M |
MEM | tot     3.8G | free    2.2G | cache 636.2M | buff   40.1M | slab   65.4M |
MEM | tot     3.8G | free    2.2G | cache 636.2M | buff   40.1M | slab   65.4M |
MEM | tot     3.8G | free    2.2G | cache 636.2M | buff   40.1M | slab   65.4M |
MEM | tot     3.8G | free    2.2G | cache 636.2M | buff   40.1M | slab   65.4M |
MEM | tot     3.8G | free    2.2G | cache 636.2M | buff   40.1M | slab   65.4M |
MEM | tot     3.8G | free    2.2G | cache 636.2M | buff   40.1M | slab   65.4M |
MEM | tot     3.8G | free    2.2G | cache 636.4M | buff   40.1M | slab   65.4M |
MEM | tot     3.8G | free    2.2G | cache 636.4M | buff   40.1M | slab   65.4M |
MEM | tot     3.8G | free    2.2G | cache 636.4M | buff   40.1M | slab   65.4M |
MEM | tot     3.8G | free    2.2G | cache 636.4M | buff   40.1M | slab   65.4M |
MEM | tot     3.8G | free    2.2G | cache 636.4M | buff   40.1M | slab   65.4M |
MEM | tot     3.8G | free    2.2G | cache 636.5M | buff   40.1M | slab   65.4M |
MEM | tot     3.8G | free    2.2G | cache 636.5M | buff   40.1M | slab   65.4M |
MEM | tot     3.8G | free    2.2G | cache 636.5M | buff   40.1M | slab   65.4M |
MEM | tot     3.8G | free    2.2G | cache 636.5M | buff   40.1M | slab   65.4M |
MEM | tot     3.8G | free    2.2G | cache 636.5M | buff   40.1M | slab   65.4M |
MEM | tot     3.8G | free    2.2G | cache 636.5M | buff   40.1M | slab   65.4M |
MEM | tot     3.8G | free    2.2G | cache 636.5M | buff   40.1M | slab   65.4M |
MEM | tot     3.8G | free    2.2G | cache 636.5M | buff   40.1M | slab   65.4M |
MEM | tot     3.8G | free    2.2G | cache 636.5M | buff   40.1M | slab   65.4M |
MEM | tot     3.8G | free    2.2G | cache 636.6M | buff   40.1M | slab   65.4M |
MEM | tot     3.8G | free    2.2G | cache 636.6M | buff   40.1M | slab   65.4M |
MEM | tot     3.8G | free    2.2G | cache 636.6M | buff   40.1M | slab   65.4M |
MEM | tot     3.8G | free    2.2G | cache 636.6M | buff   40.1M | slab   65.4M |
MEM | tot     3.8G | free    2.2G | cache 636.6M | buff   40.1M | slab   65.4M |
MEM | tot     3.8G | free    2.2G | cache 636.6M | buff   40.1M | slab   65.4M |
MEM | tot     3.8G | free    2.2G | cache 636.6M | buff   40.1M | slab   65.4M |
MEM | tot     3.8G | free    2.2G | cache 636.6M | buff   40.1M | slab   65.4M |
MEM | tot     3.8G | free    2.2G | cache 636.6M | buff   40.1M | slab   65.4M |
MEM | tot     3.8G | free    2.2G | cache 636.7M | buff   40.1M | slab   65.4M |
MEM | tot     3.8G | free    2.2G | cache 636.7M | buff   40.1M | slab   65.4M |
MEM | tot     3.8G | free    2.2G | cache 636.7M | buff   40.1M | slab   65.4M |
MEM | tot     3.8G | free    2.2G | cache 636.7M | buff   40.1M | slab   65.4M |
MEM | tot     3.8G | free    2.2G | cache 636.7M | buff   40.1M | slab   65.4M |
MEM | tot     3.8G | free    2.2G | cache 636.7M | buff   40.1M | slab   65.4M |
MEM | tot     3.8G | free    2.2G | cache 636.7M | buff   40.1M | slab   65.4M |
MEM | tot     3.8G | free    2.2G | cache 636.7M | buff   40.1M | slab   65.4M |
MEM | tot     3.8G | free    2.2G | cache 636.7M | buff   40.2M | slab   65.4M |
MEM | tot     3.8G | free    2.2G | cache 636.8M | buff   40.2M | slab   65.4M |
MEM | tot     3.8G | free    2.2G | cache 636.8M | buff   40.2M | slab   65.4M |
MEM | tot     3.8G | free    2.2G | cache 636.8M | buff   40.2M | slab   65.4M |
MEM | tot     3.8G | free    2.2G | cache 636.8M | buff   40.2M | slab   65.4M |
MEM | tot     3.8G | free    2.2G | cache 636.8M | buff   40.2M | slab   65.4M |
MEM | tot     3.8G | free    2.2G | cache 636.8M | buff   40.2M | slab   65.4M |
MEM | tot     3.8G | free    2.2G | cache 636.8M | buff   40.2M | slab   65.4M |
MEM | tot     3.8G | free    2.2G | cache 636.8M | buff   40.2M | slab   65.4M |
MEM | tot     3.8G | free    2.2G | cache 636.8M | buff   40.2M | slab   65.4M |
MEM | tot     3.8G | free    2.2G | cache 636.9M | buff   40.2M | slab   65.4M |
MEM | tot     3.8G | free    2.2G | cache 636.9M | buff   40.2M | slab   65.4M |
MEM | tot     3.8G | free    2.2G | cache 636.9M | buff   40.2M | slab   65.4M |
MEM | tot     3.8G | free    2.2G | cache 636.9M | buff   40.2M | slab   65.4M |
MEM | tot     3.8G | free    2.2G | cache 636.9M | buff   40.2M | slab   65.4M |
MEM | tot     3.8G | free    2.2G | cache 636.9M | buff   40.2M | slab   65.4M |
MEM | tot     3.8G | free    2.2G | cache 636.9M | buff   40.2M | slab   65.4M |
MEM | tot     3.8G | free    2.2G | cache 636.9M | buff   40.2M | slab   65.4M |
MEM | tot     3.8G | free    2.2G | cache 636.9M | buff   40.2M | slab   65.4M |
MEM | tot     3.8G | free    2.2G | cache 637.0M | buff   40.2M | slab   65.4M |
MEM | tot     3.8G | free    2.2G | cache 632.7M | buff   40.2M | slab   65.4M |
MEM | tot     3.8G | free    2.2G | cache 632.7M | buff   40.2M | slab   65.4M |
MEM | tot     3.8G | free    2.2G | cache 632.7M | buff   40.2M | slab   65.4M |
MEM | tot     3.8G | free    2.2G | cache 632.7M | buff   40.2M | slab   65.4M |
MEM | tot     3.8G | free    2.2G | cache 632.7M | buff   40.2M | slab   65.4M |
MEM | tot     3.8G | free    2.2G | cache 632.7M | buff   40.2M | slab   65.4M |
MEM | tot     3.8G | free    2.2G | cache 632.7M | buff   40.2M | slab   65.4M |
MEM | tot     3.8G | free    2.2G | cache 632.7M | buff   40.2M | slab   65.4M |
MEM | tot     3.8G | free    2.2G | cache 632.7M | buff   40.2M | slab   65.4M |
MEM | tot     3.8G | free    2.2G | cache 632.8M | buff   40.2M | slab   65.4M |
MEM | tot     3.8G | free    2.2G | cache 632.8M | buff   40.2M | slab   65.4M |
MEM | tot     3.8G | free    2.2G | cache 632.8M | buff   40.2M | slab   65.4M |
MEM | tot     3.8G | free    2.2G | cache 632.8M | buff   40.2M | slab   65.4M |
MEM | tot     3.8G | free    2.2G | cache 632.8M | buff   40.2M | slab   65.4M |
MEM | tot     3.8G | free    2.2G | cache 632.8M | buff   40.2M | slab   65.4M |
MEM | tot     3.8G | free    2.2G | cache 632.8M | buff   40.2M | slab   65.4M |
MEM | tot     3.8G | free    2.2G | cache 632.8M | buff   40.2M | slab   65.4M |
MEM | tot     3.8G | free    2.2G | cache 632.8M | buff   40.2M | slab   65.4M |
MEM | tot     3.8G | free    2.2G | cache 632.9M | buff   40.2M | slab   65.4M |
MEM | tot     3.8G | free    2.2G | cache 632.9M | buff   40.2M | slab   65.4M |
MEM | tot     3.8G | free    2.2G | cache 632.9M | buff   40.2M | slab   65.4M |
MEM | tot     3.8G | free    2.2G | cache 632.9M | buff   40.2M | slab   65.4M |
MEM | tot     3.8G | free    2.2G | cache 632.9M | buff   40.2M | slab   65.4M |
MEM | tot     3.8G | free    2.2G | cache 632.9M | buff   40.2M | slab   65.4M |
MEM | tot     3.8G | free    2.2G | cache 632.9M | buff   40.2M | slab   65.4M |
MEM | tot     3.8G | free    2.2G | cache 632.9M | buff   40.2M | slab   65.4M |
MEM | tot     3.8G | free    2.2G | cache 632.9M | buff   40.2M | slab   65.4M |
MEM | tot     3.8G | free    2.2G | cache 633.0M | buff   40.2M | slab   65.4M |
MEM | tot     3.8G | free    2.2G | cache 633.0M | buff   40.2M | slab   65.4M |
MEM | tot     3.8G | free    2.2G | cache 633.0M | buff   40.2M | slab   65.4M |
MEM | tot     3.8G | free    2.2G | cache 633.0M | buff   40.2M | slab   65.4M |
MEM | tot     3.8G | free    2.2G | cache 633.0M | buff   40.2M | slab   65.4M |
MEM | tot     3.8G | free    2.2G | cache 633.0M | buff   40.2M | slab   65.4M |
MEM | tot     3.8G | free    2.2G | cache 633.0M | buff   40.2M | slab   65.4M |
MEM | tot     3.8G | free    2.2G | cache 633.0M | buff   40.2M | slab   65.4M |
MEM | tot     3.8G | free    2.2G | cache 633.0M | buff   40.2M | slab   65.4M |
MEM | tot     3.8G | free    2.2G | cache 633.1M | buff   40.2M | slab   65.4M |
MEM | tot     3.8G | free    2.2G | cache 633.1M | buff   40.3M | slab   65.4M |
MEM | tot     3.8G | free    2.2G | cache 633.1M | buff   40.3M | slab   65.4M |
MEM | tot     3.8G | free    2.2G | cache 633.1M | buff   40.3M | slab   65.4M |
MEM | tot     3.8G | free    2.2G | cache 633.1M | buff   40.3M | slab   65.4M |
MEM | tot     3.8G | free    2.2G | cache 633.1M | buff   40.3M | slab   65.4M |
MEM | tot     3.8G | free    2.2G | cache 633.1M | buff   40.3M | slab   65.4M |
MEM | tot     3.8G | free    2.2G | cache 633.1M | buff   40.3M | slab   65.4M |
