MEM | tot     3.8G | free    2.2G | cache 630.9M | buff   39.5M | slab   65.1M |
MEM | tot     3.8G | free    2.2G | cache 637.2M | buff   39.5M | slab   65.3M |
MEM | tot     3.8G | free    2.2G | cache 637.0M | buff   39.5M | slab   65.3M |
MEM | tot     3.8G | free    2.2G | cache 637.1M | buff   39.5M | slab   65.3M |
MEM | tot     3.8G | free    2.2G | cache 637.1M | buff   39.5M | slab   65.3M |
MEM | tot     3.8G | free    2.2G | cache 637.1M | buff   39.5M | slab   65.3M |
MEM | tot     3.8G | free    2.2G | cache 636.8M | buff   39.5M | slab   65.3M |
MEM | tot     3.8G | free    2.2G | cache 636.1M | buff   39.5M | slab   65.3M |
MEM | tot     3.8G | free    2.2G | cache 636.1M | buff   39.5M | slab   65.3M |
MEM | tot     3.8G | free    2.2G | cache 636.1M | buff   39.5M | slab   65.3M |
MEM | tot     3.8G | free    2.2G | cache 636.1M | buff   39.5M | slab   65.3M |
MEM | tot     3.8G | free    2.2G | cache 636.2M | buff   39.5M | slab   65.3M |
MEM | tot     3.8G | free    2.2G | cache 636.2M | buff   39.5M | slab   65.3M |
MEM | tot     3.8G | free    2.2G | cache 636.2M | buff   39.6M | slab   65.3M |
MEM | tot     3.8G | free    2.2G | cache 636.2M | buff   39.6M | slab   65.3M |
MEM | tot     3.8G | free    2.2G | cache 636.2M | buff   39.6M | slab   65.3M |
MEM | tot     3.8G | free    2.2G | cache 636.2M | buff   39.6M | slab   65.3M |
MEM | tot     3.8G | free    2.2G | cache 636.2M | buff   39.6M | slab   65.3M |
MEM | tot     3.8G | free    2.2G | cache 636.2M | buff   39.6M | slab   65.3M |
MEM | tot     3.8G | free    2.2G | cache 636.2M | buff   39.6M | slab   65.3M |
MEM | tot     3.8G | free    2.2G | cache 636.3M | buff   39.6M | slab   65.3M |
MEM | tot     3.8G | free    2.2G | cache 636.3M | buff   39.6M | slab   65.3M |
MEM | tot     3.8G | free    2.2G | cache 636.3M | buff   39.6M | slab   65.3M |
MEM | tot     3.8G | free    2.2G | cache 636.3M | buff   39.6M | slab   65.3M |
MEM | tot     3.8G | free    2.2G | cache 636.3M | buff   39.6M | slab   65.3M |
MEM | tot     3.8G | free    2.2G | cache 636.3M | buff   39.6M | slab   65.3M |
MEM | tot     3.8G | free    2.2G | cache 636.3M | buff   39.6M | slab   65.3M |
MEM | tot     3.8G | free    2.2G | cache 636.3M | buff   39.6M | slab   65.3M |
MEM | tot     3.8G | free    2.2G | cache 636.3M | buff   39.6M | slab   65.3M |
MEM | tot     3.8G | free    2.2G | cache 636.4M | buff   39.6M | slab   65.3M |
MEM | tot     3.8G | free    2.2G | cache 636.4M | buff   39.6M | slab   65.3M |
MEM | tot     3.8G | free    2.2G | cache 636.4M | buff   39.6M | slab   65.3M |
MEM | tot     3.8G | free    2.2G | cache 636.4M | buff   39.6M | slab   65.3M |
MEM | tot     3.8G | free    2.2G | cache 636.4M | buff   39.6M | slab   65.3M |
MEM | tot     3.8G | free    2.2G | cache 636.4M | buff   39.6M | slab   65.3M |
MEM | tot     3.8G | free    2.2G | cache 636.4M | buff   39.6M | slab   65.3M |
MEM | tot     3.8G | free    2.2G | cache 636.4M | buff   39.6M | slab   65.3M |
MEM | tot     3.8G | free    2.2G | cache 636.4M | buff   39.6M | slab   65.3M |
MEM | tot     3.8G | free    2.2G | cache 636.6M | buff   39.6M | slab   65.3M |
MEM | tot     3.8G | free    2.2G | cache 636.6M | buff   39.6M | slab   65.3M |
MEM | tot     3.8G | free    2.2G | cache 636.6M | buff   39.6M | slab   65.3M |
MEM | tot     3.8G | free    2.2G | cache 636.6M | buff   39.6M | slab   65.3M |
MEM | tot     3.8G | free    2.2G | cache 636.6M | buff   39.6M | slab   65.3M |
MEM | tot     3.8G | free    2.2G | cache 636.6M | buff   39.6M | slab   65.3M |
MEM | tot     3.8G | free    2.2G | cache 636.7M | buff   39.6M | slab   65.3M |
MEM | tot     3.8G | free    2.2G | cache 636.7M | buff   39.6M | slab   65.3M |
MEM | tot     3.8G | free    2.2G | cache 636.7M | buff   39.6M | slab   65.3M |
MEM | tot     3.8G | free    2.2G | cache 636.7M | buff   39.6M | slab   65.3M |
MEM | tot     3.8G | free    2.2G | cache 636.7M | buff   39.6M | slab   65.3M |
MEM | tot     3.8G | free    2.2G | cache 636.7M | buff   39.6M | slab   65.3M |
MEM | tot     3.8G | free    2.2G | cache 636.7M | buff   39.6M | slab   65.3M |
MEM | tot     3.8G | free    2.2G | cache 636.7M | buff   39.6M | slab   65.3M |
MEM | tot     3.8G | free    2.2G | cache 636.7M | buff   39.6M | slab   65.3M |
MEM | tot     3.8G | free    2.2G | cache 636.8M | buff   39.6M | slab   65.3M |
MEM | tot     3.8G | free    2.2G | cache 636.8M | buff   39.6M | slab   65.4M |
MEM | tot     3.8G | free    2.2G | cache 636.8M | buff   39.6M | slab   65.3M |
MEM | tot     3.8G | free    2.2G | cache 636.8M | buff   39.6M | slab   65.3M |
MEM | tot     3.8G | free    2.2G | cache 636.8M | buff   39.6M | slab   65.3M |
MEM | tot     3.8G | free    2.2G | cache 636.8M | buff   39.6M | slab   65.3M |
MEM | tot     3.8G | free    2.2G | cache 636.8M | buff   39.6M | slab   65.3M |
MEM | tot     3.8G | free    2.2G | cache 636.8M | buff   39.6M | slab   65.3M |
MEM | tot     3.8G | free    2.2G | cache 636.8M | buff   39.6M | slab   65.3M |
MEM | tot     3.8G | free    2.2G | cache 636.9M | buff   39.6M | slab   65.3M |
MEM | tot     3.8G | free    2.2G | cache 636.9M | buff   39.6M | slab   65.3M |
MEM | tot     3.8G | free    2.2G | cache 636.9M | buff   39.6M | slab   65.3M |
MEM | tot     3.8G | free    2.2G | cache 636.9M | buff   39.6M | slab   65.3M |
MEM | tot     3.8G | free    2.2G | cache 636.9M | buff   39.6M | slab   65.3M |
MEM | tot     3.8G | free    2.2G | cache 636.9M | buff   39.6M | slab   65.3M |
MEM | tot     3.8G | free    2.2G | cache 636.9M | buff   39.6M | slab   65.4M |
MEM | tot     3.8G | free    2.2G | cache 636.9M | buff   39.6M | slab   65.3M |
MEM | tot     3.8G | free    2.2G | cache 636.9M | buff   39.6M | slab   65.3M |
MEM | tot     3.8G | free    2.2G | cache 632.5M | buff   39.6M | slab   65.4M |
MEM | tot     3.8G | free    2.2G | cache 632.5M | buff   39.6M | slab   65.3M |
MEM | tot     3.8G | free    2.2G | cache 632.5M | buff   39.6M | slab   65.3M |
MEM | tot     3.8G | free    2.2G | cache 632.5M | buff   39.6M | slab   65.3M |
MEM | tot     3.8G | free    2.2G | cache 632.6M | buff   39.6M | slab   65.3M |
MEM | tot     3.8G | free    2.2G | cache 632.6M | buff   39.6M | slab   65.3M |
MEM | tot     3.8G | free    2.2G | cache 632.6M | buff   39.6M | slab   65.3M |
MEM | tot     3.8G | free    2.2G | cache 632.6M | buff   39.7M | slab   65.3M |
MEM | tot     3.8G | free    2.2G | cache 632.6M | buff   39.7M | slab   65.3M |
MEM | tot     3.8G | free    2.2G | cache 632.6M | buff   39.7M | slab   65.3M |
MEM | tot     3.8G | free    2.2G | cache 632.6M | buff   39.7M | slab   65.3M |
MEM | tot     3.8G | free    2.2G | cache 632.6M | buff   39.7M | slab   65.3M |
MEM | tot     3.8G | free    2.2G | cache 632.6M | buff   39.7M | slab   65.3M |
MEM | tot     3.8G | free    2.2G | cache 632.7M | buff   39.7M | slab   65.3M |
MEM | tot     3.8G | free    2.2G | cache 632.7M | buff   39.7M | slab   65.3M |
MEM | tot     3.8G | free    2.2G | cache 632.7M | buff   39.7M | slab   65.3M |
MEM | tot     3.8G | free    2.2G | cache 632.7M | buff   39.7M | slab   65.3M |
MEM | tot     3.8G | free    2.2G | cache 632.7M | buff   39.7M | slab   65.3M |
MEM | tot     3.8G | free    2.2G | cache 632.7M | buff   39.7M | slab   65.3M |
MEM | tot     3.8G | free    2.2G | cache 632.7M | buff   39.7M | slab   65.3M |
MEM | tot     3.8G | free    2.2G | cache 632.7M | buff   39.7M | slab   65.3M |
MEM | tot     3.8G | free    2.2G | cache 632.8M | buff   39.7M | slab   65.3M |
MEM | tot     3.8G | free    2.2G | cache 632.8M | buff   39.7M | slab   65.3M |
MEM | tot     3.8G | free    2.2G | cache 632.8M | buff   39.7M | slab   65.3M |
MEM | tot     3.8G | free    2.2G | cache 632.8M | buff   39.7M | slab   65.4M |
MEM | tot     3.8G | free    2.2G | cache 632.8M | buff   39.7M | slab   65.3M |
MEM | tot     3.8G | free    2.2G | cache 632.8M | buff   39.7M | slab   65.3M |
MEM | tot     3.8G | free    2.2G | cache 632.8M | buff   39.7M | slab   65.3M |
MEM | tot     3.8G | free    2.2G | cache 632.8M | buff   39.7M | slab   65.3M |
MEM | tot     3.8G | free    2.2G | cache 632.8M | buff   39.7M | slab   65.3M |
MEM | tot     3.8G | free    2.2G | cache 632.9M | buff   39.7M | slab   65.3M |
MEM | tot     3.8G | free    2.2G | cache 632.9M | buff   39.7M | slab   65.3M |
MEM | tot     3.8G | free    2.2G | cache 632.9M | buff   39.7M | slab   65.3M |
MEM | tot     3.8G | free    2.2G | cache 632.9M | buff   39.7M | slab   65.3M |
MEM | tot     3.8G | free    2.2G | cache 632.9M | buff   39.7M | slab   65.3M |
MEM | tot     3.8G | free    2.2G | cache 632.9M | buff   39.7M | slab   65.3M |
MEM | tot     3.8G | free    2.2G | cache 632.9M | buff   39.7M | slab   65.3M |
MEM | tot     3.8G | free    2.2G | cache 632.9M | buff   39.7M | slab   65.3M |
MEM | tot     3.8G | free    2.2G | cache 632.9M | buff   39.7M | slab   65.3M |
MEM | tot     3.8G | free    2.2G | cache 633.0M | buff   39.7M | slab   65.3M |
MEM | tot     3.8G | free    2.2G | cache 633.0M | buff   39.7M | slab   65.3M |
MEM | tot     3.8G | free    2.2G | cache 633.0M | buff   39.7M | slab   65.3M |
MEM | tot     3.8G | free    2.2G | cache 633.0M | buff   39.7M | slab   65.3M |
MEM | tot     3.8G | free    2.2G | cache 633.0M | buff   39.7M | slab   65.3M |
MEM | tot     3.8G | free    2.2G | cache 633.0M | buff   39.7M | slab   65.3M |
MEM | tot     3.8G | free    2.2G | cache 633.0M | buff   39.7M | slab   65.3M |
MEM | tot     3.8G | free    2.2G | cache 633.0M | buff   39.7M | slab   65.3M |
MEM | tot     3.8G | free    2.2G | cache 633.0M | buff   39.7M | slab   65.3M |
MEM | tot     3.8G | free    2.2G | cache 633.1M | buff   39.7M | slab   65.3M |
MEM | tot     3.8G | free    2.2G | cache 633.1M | buff   39.7M | slab   65.3M |
MEM | tot     3.8G | free    2.2G | cache 633.1M | buff   39.7M | slab   65.3M |
MEM | tot     3.8G | free    2.2G | cache 633.1M | buff   39.7M | slab   65.3M |
MEM | tot     3.8G | free    2.2G | cache 633.1M | buff   39.7M | slab   65.3M |
MEM | tot     3.8G | free    2.2G | cache 633.1M | buff   39.7M | slab   65.3M |
MEM | tot     3.8G | free    2.2G | cache 633.1M | buff   39.7M | slab   65.4M |
MEM | tot     3.8G | free    2.2G | cache 633.1M | buff   39.7M | slab   65.3M |
MEM | tot     3.8G | free    2.2G | cache 633.1M | buff   39.7M | slab   65.3M |
MEM | tot     3.8G | free    2.2G | cache 633.2M | buff   39.7M | slab   65.3M |
MEM | tot     3.8G | free    2.2G | cache 633.2M | buff   39.7M | slab   65.3M |
MEM | tot     3.8G | free    2.2G | cache 633.2M | buff   39.7M | slab   65.3M |
MEM | tot     3.8G | free    2.2G | cache 633.2M | buff   39.7M | slab   65.3M |
MEM | tot     3.8G | free    2.2G | cache 633.2M | buff   39.7M | slab   65.3M |
MEM | tot     3.8G | free    2.2G | cache 633.2M | buff   39.7M | slab   65.3M |
MEM | tot     3.8G | free    2.2G | cache 633.2M | buff   39.7M | slab   65.3M |
MEM | tot     3.8G | free    2.2G | cache 633.2M | buff   39.7M | slab   65.3M |
MEM | tot     3.8G | free    2.2G | cache 633.2M | buff   39.7M | slab   65.3M |
MEM | tot     3.8G | free    2.2G | cache 633.3M | buff   39.7M | slab   65.3M |
MEM | tot     3.8G | free    2.2G | cache 633.3M | buff   39.8M | slab   65.3M |
MEM | tot     3.8G | free    2.2G | cache 633.3M | buff   39.8M | slab   65.3M |
MEM | tot     3.8G | free    2.2G | cache 633.3M | buff   39.8M | slab   65.4M |
MEM | tot     3.8G | free    2.2G | cache 633.3M | buff   39.8M | slab   65.3M |
MEM | tot     3.8G | free    2.2G | cache 633.3M | buff   39.8M | slab   65.3M |
MEM | tot     3.8G | free    2.2G | cache 633.3M | buff   39.8M | slab   65.3M |
MEM | tot     3.8G | free    2.2G | cache 633.3M | buff   39.8M | slab   65.3M |
MEM | tot     3.8G | free    2.2G | cache 633.3M | buff   39.8M | slab   65.3M |
MEM | tot     3.8G | free    2.2G | cache 633.4M | buff   39.8M | slab   65.3M |
MEM | tot     3.8G | free    2.2G | cache 633.4M | buff   39.8M | slab   65.3M |
MEM | tot     3.8G | free    2.2G | cache 633.4M | buff   39.8M | slab   65.3M |
MEM | tot     3.8G | free    2.2G | cache 633.4M | buff   39.8M | slab   65.3M |
MEM | tot     3.8G | free    2.2G | cache 633.4M | buff   39.8M | slab   65.3M |
MEM | tot     3.8G | free    2.2G | cache 633.4M | buff   39.8M | slab   65.3M |
MEM | tot     3.8G | free    2.2G | cache 633.4M | buff   39.8M | slab   65.3M |
MEM | tot     3.8G | free    2.2G | cache 633.4M | buff   39.8M | slab   65.3M |
MEM | tot     3.8G | free    2.2G | cache 633.4M | buff   39.8M | slab   65.3M |
MEM | tot     3.8G | free    2.2G | cache 633.5M | buff   39.8M | slab   65.3M |
MEM | tot     3.8G | free    2.2G | cache 633.5M | buff   39.8M | slab   65.3M |
MEM | tot     3.8G | free    2.2G | cache 633.5M | buff   39.8M | slab   65.3M |
MEM | tot     3.8G | free    2.2G | cache 633.5M | buff   39.8M | slab   65.3M |
MEM | tot     3.8G | free    2.2G | cache 633.5M | buff   39.8M | slab   65.4M |
MEM | tot     3.8G | free    2.2G | cache 633.5M | buff   39.8M | slab   65.3M |
MEM | tot     3.8G | free    2.2G | cache 633.5M | buff   39.8M | slab   65.4M |
MEM | tot     3.8G | free    2.2G | cache 633.5M | buff   39.8M | slab   65.3M |
MEM | tot     3.8G | free    2.2G | cache 633.6M | buff   39.8M | slab   65.3M |
MEM | tot     3.8G | free    2.2G | cache 633.6M | buff   39.8M | slab   65.3M |
MEM | tot     3.8G | free    2.2G | cache 633.6M | buff   39.8M | slab   65.3M |
MEM | tot     3.8G | free    2.2G | cache 633.6M | buff   39.8M | slab   65.3M |
MEM | tot     3.8G | free    2.2G | cache 633.6M | buff   39.8M | slab   65.4M |
MEM | tot     3.8G | free    2.2G | cache 633.6M | buff   39.8M | slab   65.3M |
MEM | tot     3.8G | free    2.2G | cache 633.6M | buff   39.8M | slab   65.3M |
MEM | tot     3.8G | free    2.2G | cache 633.6M | buff   39.8M | slab   65.3M |
MEM | tot     3.8G | free    2.2G | cache 633.6M | buff   39.8M | slab   65.3M |
MEM | tot     3.8G | free    2.2G | cache 633.7M | buff   39.8M | slab   65.3M |
MEM | tot     3.8G | free    2.2G | cache 633.7M | buff   39.8M | slab   65.3M |
MEM | tot     3.8G | free    2.2G | cache 633.7M | buff   39.8M | slab   65.3M |
MEM | tot     3.8G | free    2.2G | cache 633.7M | buff   39.8M | slab   65.3M |
MEM | tot     3.8G | free    2.2G | cache 633.7M | buff   39.8M | slab   65.3M |
MEM | tot     3.8G | free    2.2G | cache 633.7M | buff   39.8M | slab   65.3M |
MEM | tot     3.8G | free    2.2G | cache 633.7M | buff   39.8M | slab   65.3M |
MEM | tot     3.8G | free    2.2G | cache 633.7M | buff   39.8M | slab   65.3M |
MEM | tot     3.8G | free    2.2G | cache 633.7M | buff   39.8M | slab   65.3M |
MEM | tot     3.8G | free    2.2G | cache 633.8M | buff   39.8M | slab   65.3M |
MEM | tot     3.8G | free    2.2G | cache 633.8M | buff   39.8M | slab   65.3M |
MEM | tot     3.8G | free    2.2G | cache 633.8M | buff   39.8M | slab   65.3M |
MEM | tot     3.8G | free    2.2G | cache 633.8M | buff   39.8M | slab   65.3M |
MEM | tot     3.8G | free    2.2G | cache 633.8M | buff   39.8M | slab   65.3M |
MEM | tot     3.8G | free    2.2G | cache 633.8M | buff   39.8M | slab   65.3M |
MEM | tot     3.8G | free    2.2G | cache 633.8M | buff   39.8M | slab   65.3M |
MEM | tot     3.8G | free    2.2G | cache 633.8M | buff   39.8M | slab   65.3M |
MEM | tot     3.8G | free    2.2G | cache 633.8M | buff   39.8M | slab   65.3M |
MEM | tot     3.8G | free    2.2G | cache 633.9M | buff   39.8M | slab   65.3M |
MEM | tot     3.8G | free    2.2G | cache 633.9M | buff   39.8M | slab   65.3M |
MEM | tot     3.8G | free    2.2G | cache 633.9M | buff   39.8M | slab   65.3M |
MEM | tot     3.8G | free    2.2G | cache 633.9M | buff   39.8M | slab   65.3M |
MEM | tot     3.8G | free    2.2G | cache 633.9M | buff   39.8M | slab   65.3M |
MEM | tot     3.8G | free    2.2G | cache 633.9M | buff   39.8M | slab   65.3M |
MEM | tot     3.8G | free    2.2G | cache 633.9M | buff   39.8M | slab   65.3M |
MEM | tot     3.8G | free    2.2G | cache 633.9M | buff   39.8M | slab   65.3M |
MEM | tot     3.8G | free    2.2G | cache 633.9M | buff   39.8M | slab   65.3M |
MEM | tot     3.8G | free    2.2G | cache 634.0M | buff   39.8M | slab   65.3M |
MEM | tot     3.8G | free    2.2G | cache 634.0M | buff   39.8M | slab   65.3M |
MEM | tot     3.8G | free    2.2G | cache 634.0M | buff   39.8M | slab   65.3M |
