CPU,sys,8,user,23,irq,1,idle,54,wait,14,,31
CPU,sys,33,user,67,irq,0,idle,0,wait,0,,100
CPU,sys,21,user,65,irq,0,idle,0,wait,14,,86
CPU,sys,26,user,34,irq,4,idle,0,wait,35,,60
CPU,sys,31,user,41,irq,2,idle,0,wait,26,,72
CPU,sys,28,user,37,irq,2,idle,0,wait,33,,65
CPU,sys,24,user,27,irq,3,idle,0,wait,46,,51
CPU,sys,23,user,25,irq,2,idle,0,wait,50,,48
CPU,sys,21,user,27,irq,1,idle,0,wait,51,,48
CPU,sys,23,user,28,irq,1,idle,0,wait,48,,51
CPU,sys,21,user,26,irq,1,idle,0,wait,53,,47
CPU,sys,19,user,29,irq,2,idle,0,wait,50,,48
CPU,sys,20,user,29,irq,2,idle,0,wait,49,,49
CPU,sys,20,user,27,irq,2,idle,0,wait,51,,47
CPU,sys,19,user,29,irq,0,idle,0,wait,52,,48
CPU,sys,19,user,33,irq,2,idle,0,wait,46,,52
CPU,sys,23,user,27,irq,2,idle,0,wait,47,,50
CPU,sys,23,user,33,irq,1,idle,0,wait,43,,56
CPU,sys,23,user,30,irq,1,idle,0,wait,46,,53
CPU,sys,23,user,30,irq,2,idle,0,wait,45,,53
CPU,sys,19,user,31,irq,2,idle,0,wait,48,,50
CPU,sys,23,user,30,irq,3,idle,0,wait,44,,53
CPU,sys,25,user,30,irq,1,idle,0,wait,44,,55
CPU,sys,16,user,33,irq,4,idle,0,wait,46,,49
CPU,sys,22,user,36,irq,1,idle,0,wait,42,,58
CPU,sys,24,user,30,irq,1,idle,0,wait,44,,54
CPU,sys,22,user,30,irq,4,idle,0,wait,45,,52
CPU,sys,20,user,30,irq,2,idle,0,wait,48,,50
CPU,sys,23,user,30,irq,2,idle,0,wait,44,,53
CPU,sys,19,user,29,irq,3,idle,0,wait,49,,48
CPU,sys,23,user,29,irq,2,idle,0,wait,45,,52
CPU,sys,20,user,35,irq,2,idle,0,wait,43,,55
CPU,sys,22,user,37,irq,2,idle,0,wait,39,,59
CPU,sys,22,user,36,irq,2,idle,0,wait,41,,58
CPU,sys,20,user,30,irq,2,idle,0,wait,47,,50
CPU,sys,17,user,34,irq,0,idle,0,wait,49,,51
CPU,sys,21,user,31,irq,1,idle,0,wait,47,,52
CPU,sys,22,user,28,irq,1,idle,0,wait,49,,50
CPU,sys,17,user,31,irq,2,idle,0,wait,49,,48
CPU,sys,20,user,31,irq,1,idle,0,wait,48,,51
CPU,sys,14,user,34,irq,2,idle,0,wait,49,,48
CPU,sys,20,user,30,irq,2,idle,0,wait,48,,50
CPU,sys,17,user,37,irq,2,idle,0,wait,44,,54
CPU,sys,24,user,30,irq,2,idle,0,wait,43,,54
CPU,sys,23,user,26,irq,0,idle,0,wait,51,,49
CPU,sys,24,user,29,irq,1,idle,0,wait,46,,53
CPU,sys,20,user,30,irq,3,idle,0,wait,47,,50
CPU,sys,18,user,32,irq,2,idle,0,wait,48,,50
CPU,sys,19,user,30,irq,2,idle,0,wait,49,,49
CPU,sys,14,user,37,irq,1,idle,0,wait,48,,51
CPU,sys,16,user,37,irq,1,idle,0,wait,46,,53
CPU,sys,19,user,32,irq,2,idle,0,wait,47,,51
CPU,sys,25,user,29,irq,3,idle,0,wait,43,,54
CPU,sys,15,user,34,irq,1,idle,0,wait,50,,49
CPU,sys,22,user,35,irq,0,idle,0,wait,42,,57
CPU,sys,19,user,32,irq,2,idle,0,wait,47,,51
CPU,sys,17,user,32,irq,2,idle,0,wait,49,,49
CPU,sys,14,user,36,irq,1,idle,0,wait,49,,50
CPU,sys,22,user,28,irq,3,idle,0,wait,48,,50
CPU,sys,18,user,32,irq,1,idle,0,wait,49,,50
CPU,sys,19,user,26,irq,1,idle,0,wait,54,,45
CPU,sys,15,user,32,irq,2,idle,0,wait,52,,47
CPU,sys,18,user,31,irq,0,idle,0,wait,51,,49
CPU,sys,19,user,34,irq,0,idle,0,wait,47,,53
CPU,sys,15,user,34,irq,3,idle,0,wait,48,,49
CPU,sys,17,user,33,irq,1,idle,0,wait,49,,50
CPU,sys,10,user,31,irq,1,idle,0,wait,57,,41
CPU,sys,19,user,27,irq,2,idle,0,wait,52,,46
CPU,sys,17,user,29,irq,2,idle,0,wait,52,,46
CPU,sys,15,user,32,irq,2,idle,0,wait,51,,47
CPU,sys,15,user,31,irq,3,idle,0,wait,51,,46
CPU,sys,11,user,23,irq,2,idle,0,wait,64,,34
CPU,sys,11,user,31,irq,1,idle,0,wait,58,,42
CPU,sys,17,user,33,irq,3,idle,0,wait,46,,50
CPU,sys,16,user,35,irq,1,idle,0,wait,48,,51
CPU,sys,21,user,39,irq,1,idle,0,wait,39,,60
CPU,sys,20,user,37,irq,1,idle,0,wait,42,,57
CPU,sys,15,user,38,irq,0,idle,0,wait,46,,53
CPU,sys,18,user,39,irq,2,idle,0,wait,40,,57
CPU,sys,19,user,30,irq,1,idle,0,wait,51,,49
CPU,sys,21,user,39,irq,1,idle,0,wait,38,,60
CPU,sys,16,user,35,irq,1,idle,0,wait,47,,51
CPU,sys,20,user,37,irq,2,idle,0,wait,41,,57
CPU,sys,18,user,34,irq,1,idle,0,wait,47,,52
CPU,sys,18,user,41,irq,1,idle,0,wait,39,,59
CPU,sys,16,user,34,irq,1,idle,0,wait,49,,50
CPU,sys,18,user,40,irq,1,idle,0,wait,40,,58
CPU,sys,15,user,34,irq,2,idle,0,wait,48,,49
CPU,sys,14,user,36,irq,1,idle,0,wait,48,,50
CPU,sys,15,user,34,irq,2,idle,0,wait,49,,49
CPU,sys,18,user,29,irq,3,idle,0,wait,48,,47
CPU,sys,18,user,36,irq,1,idle,0,wait,44,,54
CPU,sys,20,user,36,irq,1,idle,0,wait,43,,56
CPU,sys,17,user,34,irq,3,idle,0,wait,44,,51
CPU,sys,15,user,35,irq,0,idle,0,wait,50,,50
CPU,sys,17,user,36,irq,1,idle,0,wait,45,,53
CPU,sys,18,user,29,irq,1,idle,0,wait,52,,47
CPU,sys,16,user,34,irq,0,idle,0,wait,51,,50
CPU,sys,16,user,31,irq,1,idle,0,wait,52,,47
CPU,sys,17,user,34,irq,3,idle,0,wait,47,,51
CPU,sys,17,user,32,irq,2,idle,0,wait,49,,49
CPU,sys,16,user,35,irq,2,idle,0,wait,47,,51
CPU,sys,17,user,33,irq,1,idle,0,wait,49,,50
CPU,sys,18,user,36,irq,1,idle,0,wait,45,,54
CPU,sys,15,user,34,irq,1,idle,0,wait,49,,49
CPU,sys,17,user,34,irq,1,idle,0,wait,48,,51
CPU,sys,16,user,34,irq,2,idle,0,wait,48,,50
CPU,sys,16,user,31,irq,1,idle,0,wait,52,,47
CPU,sys,16,user,33,irq,1,idle,0,wait,50,,49
CPU,sys,16,user,37,irq,0,idle,0,wait,46,,53
CPU,sys,17,user,38,irq,1,idle,0,wait,45,,55
CPU,sys,18,user,32,irq,1,idle,0,wait,49,,50
CPU,sys,21,user,33,irq,1,idle,0,wait,45,,54
CPU,sys,18,user,32,irq,1,idle,0,wait,49,,50
CPU,sys,17,user,38,irq,2,idle,0,wait,43,,55
CPU,sys,15,user,33,irq,1,idle,0,wait,51,,48
CPU,sys,17,user,40,irq,0,idle,0,wait,42,,57
CPU,sys,16,user,36,irq,3,idle,0,wait,44,,52
CPU,sys,16,user,43,irq,0,idle,0,wait,41,,59
CPU,sys,16,user,40,irq,1,idle,0,wait,42,,56
CPU,sys,14,user,39,irq,1,idle,0,wait,45,,53
CPU,sys,15,user,34,irq,1,idle,0,wait,50,,49
CPU,sys,13,user,38,irq,1,idle,0,wait,47,,51
CPU,sys,18,user,34,irq,1,idle,0,wait,47,,52
CPU,sys,13,user,35,irq,1,idle,0,wait,51,,48
CPU,sys,16,user,31,irq,1,idle,0,wait,52,,47
CPU,sys,16,user,32,irq,1,idle,0,wait,51,,48
CPU,sys,14,user,36,irq,1,idle,0,wait,48,,50
CPU,sys,14,user,33,irq,2,idle,0,wait,51,,47
CPU,sys,14,user,38,irq,1,idle,0,wait,48,,52
CPU,sys,14,user,33,irq,0,idle,0,wait,53,,47
CPU,sys,16,user,34,irq,2,idle,0,wait,49,,50
CPU,sys,12,user,34,irq,1,idle,0,wait,52,,46
CPU,sys,16,user,34,irq,1,idle,0,wait,50,,50
CPU,sys,12,user,35,irq,0,idle,0,wait,53,,47
CPU,sys,17,user,30,irq,2,idle,0,wait,51,,47
CPU,sys,13,user,31,irq,2,idle,0,wait,54,,44
CPU,sys,16,user,36,irq,2,idle,0,wait,46,,52
CPU,sys,12,user,34,irq,1,idle,0,wait,52,,46
CPU,sys,16,user,36,irq,1,idle,0,wait,46,,52
CPU,sys,15,user,33,irq,1,idle,0,wait,51,,48
CPU,sys,17,user,36,irq,1,idle,0,wait,45,,53
CPU,sys,15,user,35,irq,3,idle,0,wait,46,,50
CPU,sys,13,user,43,irq,0,idle,0,wait,44,,56
CPU,sys,18,user,37,irq,1,idle,0,wait,45,,55
CPU,sys,15,user,39,irq,1,idle,0,wait,46,,54
CPU,sys,19,user,36,irq,3,idle,0,wait,43,,55
CPU,sys,17,user,35,irq,1,idle,0,wait,47,,52
CPU,sys,16,user,40,irq,1,idle,0,wait,42,,56
CPU,sys,17,user,35,irq,2,idle,0,wait,46,,52
CPU,sys,18,user,38,irq,1,idle,0,wait,42,,56
CPU,sys,16,user,34,irq,2,idle,0,wait,47,,50
CPU,sys,16,user,41,irq,1,idle,0,wait,42,,57
CPU,sys,11,user,41,irq,0,idle,0,wait,47,,52
CPU,sys,14,user,44,irq,1,idle,0,wait,42,,58
CPU,sys,15,user,40,irq,2,idle,0,wait,43,,55
CPU,sys,20,user,36,irq,1,idle,0,wait,43,,56
CPU,sys,15,user,39,irq,0,idle,0,wait,46,,54
CPU,sys,18,user,40,irq,2,idle,0,wait,40,,58
CPU,sys,15,user,38,irq,2,idle,0,wait,45,,53
CPU,sys,18,user,40,irq,1,idle,0,wait,41,,58
CPU,sys,16,user,37,irq,1,idle,0,wait,45,,53
CPU,sys,14,user,40,irq,2,idle,0,wait,43,,54
CPU,sys,16,user,40,irq,1,idle,0,wait,42,,56
CPU,sys,18,user,38,irq,1,idle,0,wait,44,,56
CPU,sys,15,user,42,irq,1,idle,0,wait,41,,57
CPU,sys,12,user,38,irq,3,idle,0,wait,47,,50
CPU,sys,18,user,38,irq,0,idle,0,wait,44,,56
CPU,sys,16,user,41,irq,1,idle,0,wait,43,,57
CPU,sys,13,user,42,irq,1,idle,0,wait,44,,55
CPU,sys,18,user,40,irq,0,idle,0,wait,42,,58
CPU,sys,13,user,39,irq,2,idle,0,wait,45,,52
CPU,sys,17,user,38,irq,0,idle,0,wait,44,,55
CPU,sys,12,user,40,irq,2,idle,0,wait,45,,52
CPU,sys,20,user,34,irq,1,idle,0,wait,44,,54
CPU,sys,13,user,41,irq,1,idle,0,wait,45,,54
CPU,sys,20,user,35,irq,1,idle,0,wait,44,,55
CPU,sys,16,user,42,irq,0,idle,0,wait,43,,58
CPU,sys,16,user,37,irq,2,idle,0,wait,45,,53
CPU,sys,16,user,36,irq,1,idle,0,wait,47,,52
CPU,sys,12,user,42,irq,0,idle,0,wait,46,,54
CPU,sys,13,user,43,irq,1,idle,0,wait,43,,56
CPU,sys,16,user,40,irq,1,idle,0,wait,42,,56
CPU,sys,18,user,35,irq,2,idle,0,wait,45,,53
CPU,sys,12,user,40,irq,0,idle,0,wait,48,,52
CPU,sys,16,user,37,irq,0,idle,0,wait,47,,53
CPU,sys,10,user,42,irq,1,idle,0,wait,47,,52
CPU,sys,14,user,41,irq,1,idle,0,wait,45,,55
CPU,sys,15,user,37,irq,0,idle,0,wait,48,,52
CPU,sys,14,user,36,irq,1,idle,0,wait,48,,50
CPU,sys,12,user,37,irq,1,idle,0,wait,50,,49
CPU,sys,14,user,37,irq,1,idle,0,wait,47,,51
CPU,sys,14,user,35,irq,1,idle,0,wait,49,,49
CPU,sys,14,user,37,irq,1,idle,0,wait,47,,51
CPU,sys,13,user,35,irq,1,idle,0,wait,51,,48
CPU,sys,13,user,35,irq,0,idle,0,wait,51,,48
CPU,sys,13,user,37,irq,1,idle,0,wait,49,,50
CPU,sys,14,user,40,irq,1,idle,0,wait,45,,54
CPU,sys,14,user,36,irq,1,idle,0,wait,49,,50
CPU,sys,15,user,37,irq,0,idle,0,wait,47,,52
CPU,sys,14,user,37,irq,1,idle,0,wait,48,,51
CPU,sys,12,user,40,irq,0,idle,0,wait,48,,52
,,,,,,,,,,,,
,,,,,,,,,,,média,"52,2238805970149"
,,,,,,,,,,,DP,"5,86128201553821"
