E,tot,"3,8",free,"2,2",cache,"630,9",buff,"39,5",slab,"65,1",,"1,6"
E,tot,"3,8",free,"2,2",cache,"637,2",buff,"39,5",slab,"65,3",,"1,6"
E,tot,"3,8",free,"2,2",cache,637,buff,"39,5",slab,"65,3",,"1,6"
E,tot,"3,8",free,"2,2",cache,"637,1",buff,"39,5",slab,"65,3",,"1,6"
E,tot,"3,8",free,"2,2",cache,"637,1",buff,"39,5",slab,"65,3",,"1,6"
E,tot,"3,8",free,"2,2",cache,"637,1",buff,"39,5",slab,"65,3",,"1,6"
E,tot,"3,8",free,"2,2",cache,"636,8",buff,"39,5",slab,"65,3",,"1,6"
E,tot,"3,8",free,"2,2",cache,"636,1",buff,"39,5",slab,"65,3",,"1,6"
E,tot,"3,8",free,"2,2",cache,"636,1",buff,"39,5",slab,"65,3",,"1,6"
E,tot,"3,8",free,"2,2",cache,"636,1",buff,"39,5",slab,"65,3",,"1,6"
E,tot,"3,8",free,"2,2",cache,"636,1",buff,"39,5",slab,"65,3",,"1,6"
E,tot,"3,8",free,"2,2",cache,"636,2",buff,"39,5",slab,"65,3",,"1,6"
E,tot,"3,8",free,"2,2",cache,"636,2",buff,"39,5",slab,"65,3",,"1,6"
E,tot,"3,8",free,"2,2",cache,"636,2",buff,"39,6",slab,"65,3",,"1,6"
E,tot,"3,8",free,"2,2",cache,"636,2",buff,"39,6",slab,"65,3",,"1,6"
E,tot,"3,8",free,"2,2",cache,"636,2",buff,"39,6",slab,"65,3",,"1,6"
E,tot,"3,8",free,"2,2",cache,"636,2",buff,"39,6",slab,"65,3",,"1,6"
E,tot,"3,8",free,"2,2",cache,"636,2",buff,"39,6",slab,"65,3",,"1,6"
E,tot,"3,8",free,"2,2",cache,"636,2",buff,"39,6",slab,"65,3",,"1,6"
E,tot,"3,8",free,"2,2",cache,"636,2",buff,"39,6",slab,"65,3",,"1,6"
E,tot,"3,8",free,"2,2",cache,"636,3",buff,"39,6",slab,"65,3",,"1,6"
E,tot,"3,8",free,"2,2",cache,"636,3",buff,"39,6",slab,"65,3",,"1,6"
E,tot,"3,8",free,"2,2",cache,"636,3",buff,"39,6",slab,"65,3",,"1,6"
E,tot,"3,8",free,"2,2",cache,"636,3",buff,"39,6",slab,"65,3",,"1,6"
E,tot,"3,8",free,"2,2",cache,"636,3",buff,"39,6",slab,"65,3",,"1,6"
E,tot,"3,8",free,"2,2",cache,"636,3",buff,"39,6",slab,"65,3",,"1,6"
E,tot,"3,8",free,"2,2",cache,"636,3",buff,"39,6",slab,"65,3",,"1,6"
E,tot,"3,8",free,"2,2",cache,"636,3",buff,"39,6",slab,"65,3",,"1,6"
E,tot,"3,8",free,"2,2",cache,"636,3",buff,"39,6",slab,"65,3",,"1,6"
E,tot,"3,8",free,"2,2",cache,"636,4",buff,"39,6",slab,"65,3",,"1,6"
E,tot,"3,8",free,"2,2",cache,"636,4",buff,"39,6",slab,"65,3",,"1,6"
E,tot,"3,8",free,"2,2",cache,"636,4",buff,"39,6",slab,"65,3",,"1,6"
E,tot,"3,8",free,"2,2",cache,"636,4",buff,"39,6",slab,"65,3",,"1,6"
E,tot,"3,8",free,"2,2",cache,"636,4",buff,"39,6",slab,"65,3",,"1,6"
E,tot,"3,8",free,"2,2",cache,"636,4",buff,"39,6",slab,"65,3",,"1,6"
E,tot,"3,8",free,"2,2",cache,"636,4",buff,"39,6",slab,"65,3",,"1,6"
E,tot,"3,8",free,"2,2",cache,"636,4",buff,"39,6",slab,"65,3",,"1,6"
E,tot,"3,8",free,"2,2",cache,"636,4",buff,"39,6",slab,"65,3",,"1,6"
E,tot,"3,8",free,"2,2",cache,"636,6",buff,"39,6",slab,"65,3",,"1,6"
E,tot,"3,8",free,"2,2",cache,"636,6",buff,"39,6",slab,"65,3",,"1,6"
E,tot,"3,8",free,"2,2",cache,"636,6",buff,"39,6",slab,"65,3",,"1,6"
E,tot,"3,8",free,"2,2",cache,"636,6",buff,"39,6",slab,"65,3",,"1,6"
E,tot,"3,8",free,"2,2",cache,"636,6",buff,"39,6",slab,"65,3",,"1,6"
E,tot,"3,8",free,"2,2",cache,"636,6",buff,"39,6",slab,"65,3",,"1,6"
E,tot,"3,8",free,"2,2",cache,"636,7",buff,"39,6",slab,"65,3",,"1,6"
E,tot,"3,8",free,"2,2",cache,"636,7",buff,"39,6",slab,"65,3",,"1,6"
E,tot,"3,8",free,"2,2",cache,"636,7",buff,"39,6",slab,"65,3",,"1,6"
E,tot,"3,8",free,"2,2",cache,"636,7",buff,"39,6",slab,"65,3",,"1,6"
E,tot,"3,8",free,"2,2",cache,"636,7",buff,"39,6",slab,"65,3",,"1,6"
E,tot,"3,8",free,"2,2",cache,"636,7",buff,"39,6",slab,"65,3",,"1,6"
E,tot,"3,8",free,"2,2",cache,"636,7",buff,"39,6",slab,"65,3",,"1,6"
E,tot,"3,8",free,"2,2",cache,"636,7",buff,"39,6",slab,"65,3",,"1,6"
E,tot,"3,8",free,"2,2",cache,"636,7",buff,"39,6",slab,"65,3",,"1,6"
E,tot,"3,8",free,"2,2",cache,"636,8",buff,"39,6",slab,"65,3",,"1,6"
E,tot,"3,8",free,"2,2",cache,"636,8",buff,"39,6",slab,"65,4",,"1,6"
E,tot,"3,8",free,"2,2",cache,"636,8",buff,"39,6",slab,"65,3",,"1,6"
E,tot,"3,8",free,"2,2",cache,"636,8",buff,"39,6",slab,"65,3",,"1,6"
E,tot,"3,8",free,"2,2",cache,"636,8",buff,"39,6",slab,"65,3",,"1,6"
E,tot,"3,8",free,"2,2",cache,"636,8",buff,"39,6",slab,"65,3",,"1,6"
E,tot,"3,8",free,"2,2",cache,"636,8",buff,"39,6",slab,"65,3",,"1,6"
E,tot,"3,8",free,"2,2",cache,"636,8",buff,"39,6",slab,"65,3",,"1,6"
E,tot,"3,8",free,"2,2",cache,"636,8",buff,"39,6",slab,"65,3",,"1,6"
E,tot,"3,8",free,"2,2",cache,"636,9",buff,"39,6",slab,"65,3",,"1,6"
E,tot,"3,8",free,"2,2",cache,"636,9",buff,"39,6",slab,"65,3",,"1,6"
E,tot,"3,8",free,"2,2",cache,"636,9",buff,"39,6",slab,"65,3",,"1,6"
E,tot,"3,8",free,"2,2",cache,"636,9",buff,"39,6",slab,"65,3",,"1,6"
E,tot,"3,8",free,"2,2",cache,"636,9",buff,"39,6",slab,"65,3",,"1,6"
E,tot,"3,8",free,"2,2",cache,"636,9",buff,"39,6",slab,"65,3",,"1,6"
E,tot,"3,8",free,"2,2",cache,"636,9",buff,"39,6",slab,"65,4",,"1,6"
E,tot,"3,8",free,"2,2",cache,"636,9",buff,"39,6",slab,"65,3",,"1,6"
E,tot,"3,8",free,"2,2",cache,"636,9",buff,"39,6",slab,"65,3",,"1,6"
E,tot,"3,8",free,"2,2",cache,"632,5",buff,"39,6",slab,"65,4",,"1,6"
E,tot,"3,8",free,"2,2",cache,"632,5",buff,"39,6",slab,"65,3",,"1,6"
E,tot,"3,8",free,"2,2",cache,"632,5",buff,"39,6",slab,"65,3",,"1,6"
E,tot,"3,8",free,"2,2",cache,"632,5",buff,"39,6",slab,"65,3",,"1,6"
E,tot,"3,8",free,"2,2",cache,"632,6",buff,"39,6",slab,"65,3",,"1,6"
E,tot,"3,8",free,"2,2",cache,"632,6",buff,"39,6",slab,"65,3",,"1,6"
E,tot,"3,8",free,"2,2",cache,"632,6",buff,"39,6",slab,"65,3",,"1,6"
E,tot,"3,8",free,"2,2",cache,"632,6",buff,"39,7",slab,"65,3",,"1,6"
E,tot,"3,8",free,"2,2",cache,"632,6",buff,"39,7",slab,"65,3",,"1,6"
E,tot,"3,8",free,"2,2",cache,"632,6",buff,"39,7",slab,"65,3",,"1,6"
E,tot,"3,8",free,"2,2",cache,"632,6",buff,"39,7",slab,"65,3",,"1,6"
E,tot,"3,8",free,"2,2",cache,"632,6",buff,"39,7",slab,"65,3",,"1,6"
E,tot,"3,8",free,"2,2",cache,"632,6",buff,"39,7",slab,"65,3",,"1,6"
E,tot,"3,8",free,"2,2",cache,"632,7",buff,"39,7",slab,"65,3",,"1,6"
E,tot,"3,8",free,"2,2",cache,"632,7",buff,"39,7",slab,"65,3",,"1,6"
E,tot,"3,8",free,"2,2",cache,"632,7",buff,"39,7",slab,"65,3",,"1,6"
E,tot,"3,8",free,"2,2",cache,"632,7",buff,"39,7",slab,"65,3",,"1,6"
E,tot,"3,8",free,"2,2",cache,"632,7",buff,"39,7",slab,"65,3",,"1,6"
E,tot,"3,8",free,"2,2",cache,"632,7",buff,"39,7",slab,"65,3",,"1,6"
E,tot,"3,8",free,"2,2",cache,"632,7",buff,"39,7",slab,"65,3",,"1,6"
E,tot,"3,8",free,"2,2",cache,"632,7",buff,"39,7",slab,"65,3",,"1,6"
E,tot,"3,8",free,"2,2",cache,"632,8",buff,"39,7",slab,"65,3",,"1,6"
E,tot,"3,8",free,"2,2",cache,"632,8",buff,"39,7",slab,"65,3",,"1,6"
E,tot,"3,8",free,"2,2",cache,"632,8",buff,"39,7",slab,"65,3",,"1,6"
E,tot,"3,8",free,"2,2",cache,"632,8",buff,"39,7",slab,"65,4",,"1,6"
E,tot,"3,8",free,"2,2",cache,"632,8",buff,"39,7",slab,"65,3",,"1,6"
E,tot,"3,8",free,"2,2",cache,"632,8",buff,"39,7",slab,"65,3",,"1,6"
E,tot,"3,8",free,"2,2",cache,"632,8",buff,"39,7",slab,"65,3",,"1,6"
E,tot,"3,8",free,"2,2",cache,"632,8",buff,"39,7",slab,"65,3",,"1,6"
E,tot,"3,8",free,"2,2",cache,"632,8",buff,"39,7",slab,"65,3",,"1,6"
E,tot,"3,8",free,"2,2",cache,"632,9",buff,"39,7",slab,"65,3",,"1,6"
E,tot,"3,8",free,"2,2",cache,"632,9",buff,"39,7",slab,"65,3",,"1,6"
E,tot,"3,8",free,"2,2",cache,"632,9",buff,"39,7",slab,"65,3",,"1,6"
E,tot,"3,8",free,"2,2",cache,"632,9",buff,"39,7",slab,"65,3",,"1,6"
E,tot,"3,8",free,"2,2",cache,"632,9",buff,"39,7",slab,"65,3",,"1,6"
E,tot,"3,8",free,"2,2",cache,"632,9",buff,"39,7",slab,"65,3",,"1,6"
E,tot,"3,8",free,"2,2",cache,"632,9",buff,"39,7",slab,"65,3",,"1,6"
E,tot,"3,8",free,"2,2",cache,"632,9",buff,"39,7",slab,"65,3",,"1,6"
E,tot,"3,8",free,"2,2",cache,"632,9",buff,"39,7",slab,"65,3",,"1,6"
E,tot,"3,8",free,"2,2",cache,633,buff,"39,7",slab,"65,3",,"1,6"
E,tot,"3,8",free,"2,2",cache,633,buff,"39,7",slab,"65,3",,"1,6"
E,tot,"3,8",free,"2,2",cache,633,buff,"39,7",slab,"65,3",,"1,6"
E,tot,"3,8",free,"2,2",cache,633,buff,"39,7",slab,"65,3",,"1,6"
E,tot,"3,8",free,"2,2",cache,633,buff,"39,7",slab,"65,3",,"1,6"
E,tot,"3,8",free,"2,2",cache,633,buff,"39,7",slab,"65,3",,"1,6"
E,tot,"3,8",free,"2,2",cache,633,buff,"39,7",slab,"65,3",,"1,6"
E,tot,"3,8",free,"2,2",cache,633,buff,"39,7",slab,"65,3",,"1,6"
E,tot,"3,8",free,"2,2",cache,633,buff,"39,7",slab,"65,3",,"1,6"
E,tot,"3,8",free,"2,2",cache,"633,1",buff,"39,7",slab,"65,3",,"1,6"
E,tot,"3,8",free,"2,2",cache,"633,1",buff,"39,7",slab,"65,3",,"1,6"
E,tot,"3,8",free,"2,2",cache,"633,1",buff,"39,7",slab,"65,3",,"1,6"
E,tot,"3,8",free,"2,2",cache,"633,1",buff,"39,7",slab,"65,3",,"1,6"
E,tot,"3,8",free,"2,2",cache,"633,1",buff,"39,7",slab,"65,3",,"1,6"
E,tot,"3,8",free,"2,2",cache,"633,1",buff,"39,7",slab,"65,3",,"1,6"
E,tot,"3,8",free,"2,2",cache,"633,1",buff,"39,7",slab,"65,4",,"1,6"
E,tot,"3,8",free,"2,2",cache,"633,1",buff,"39,7",slab,"65,3",,"1,6"
E,tot,"3,8",free,"2,2",cache,"633,1",buff,"39,7",slab,"65,3",,"1,6"
E,tot,"3,8",free,"2,2",cache,"633,2",buff,"39,7",slab,"65,3",,"1,6"
E,tot,"3,8",free,"2,2",cache,"633,2",buff,"39,7",slab,"65,3",,"1,6"
E,tot,"3,8",free,"2,2",cache,"633,2",buff,"39,7",slab,"65,3",,"1,6"
E,tot,"3,8",free,"2,2",cache,"633,2",buff,"39,7",slab,"65,3",,"1,6"
E,tot,"3,8",free,"2,2",cache,"633,2",buff,"39,7",slab,"65,3",,"1,6"
E,tot,"3,8",free,"2,2",cache,"633,2",buff,"39,7",slab,"65,3",,"1,6"
E,tot,"3,8",free,"2,2",cache,"633,2",buff,"39,7",slab,"65,3",,"1,6"
E,tot,"3,8",free,"2,2",cache,"633,2",buff,"39,7",slab,"65,3",,"1,6"
E,tot,"3,8",free,"2,2",cache,"633,2",buff,"39,7",slab,"65,3",,"1,6"
E,tot,"3,8",free,"2,2",cache,"633,3",buff,"39,7",slab,"65,3",,"1,6"
E,tot,"3,8",free,"2,2",cache,"633,3",buff,"39,8",slab,"65,3",,"1,6"
E,tot,"3,8",free,"2,2",cache,"633,3",buff,"39,8",slab,"65,3",,"1,6"
E,tot,"3,8",free,"2,2",cache,"633,3",buff,"39,8",slab,"65,4",,"1,6"
E,tot,"3,8",free,"2,2",cache,"633,3",buff,"39,8",slab,"65,3",,"1,6"
E,tot,"3,8",free,"2,2",cache,"633,3",buff,"39,8",slab,"65,3",,"1,6"
E,tot,"3,8",free,"2,2",cache,"633,3",buff,"39,8",slab,"65,3",,"1,6"
E,tot,"3,8",free,"2,2",cache,"633,3",buff,"39,8",slab,"65,3",,"1,6"
E,tot,"3,8",free,"2,2",cache,"633,3",buff,"39,8",slab,"65,3",,"1,6"
E,tot,"3,8",free,"2,2",cache,"633,4",buff,"39,8",slab,"65,3",,"1,6"
E,tot,"3,8",free,"2,2",cache,"633,4",buff,"39,8",slab,"65,3",,"1,6"
E,tot,"3,8",free,"2,2",cache,"633,4",buff,"39,8",slab,"65,3",,"1,6"
E,tot,"3,8",free,"2,2",cache,"633,4",buff,"39,8",slab,"65,3",,"1,6"
E,tot,"3,8",free,"2,2",cache,"633,4",buff,"39,8",slab,"65,3",,"1,6"
E,tot,"3,8",free,"2,2",cache,"633,4",buff,"39,8",slab,"65,3",,"1,6"
E,tot,"3,8",free,"2,2",cache,"633,4",buff,"39,8",slab,"65,3",,"1,6"
E,tot,"3,8",free,"2,2",cache,"633,4",buff,"39,8",slab,"65,3",,"1,6"
E,tot,"3,8",free,"2,2",cache,"633,4",buff,"39,8",slab,"65,3",,"1,6"
E,tot,"3,8",free,"2,2",cache,"633,5",buff,"39,8",slab,"65,3",,"1,6"
E,tot,"3,8",free,"2,2",cache,"633,5",buff,"39,8",slab,"65,3",,"1,6"
E,tot,"3,8",free,"2,2",cache,"633,5",buff,"39,8",slab,"65,3",,"1,6"
E,tot,"3,8",free,"2,2",cache,"633,5",buff,"39,8",slab,"65,3",,"1,6"
E,tot,"3,8",free,"2,2",cache,"633,5",buff,"39,8",slab,"65,4",,"1,6"
E,tot,"3,8",free,"2,2",cache,"633,5",buff,"39,8",slab,"65,3",,"1,6"
E,tot,"3,8",free,"2,2",cache,"633,5",buff,"39,8",slab,"65,4",,"1,6"
E,tot,"3,8",free,"2,2",cache,"633,5",buff,"39,8",slab,"65,3",,"1,6"
E,tot,"3,8",free,"2,2",cache,"633,6",buff,"39,8",slab,"65,3",,"1,6"
E,tot,"3,8",free,"2,2",cache,"633,6",buff,"39,8",slab,"65,3",,"1,6"
E,tot,"3,8",free,"2,2",cache,"633,6",buff,"39,8",slab,"65,3",,"1,6"
E,tot,"3,8",free,"2,2",cache,"633,6",buff,"39,8",slab,"65,3",,"1,6"
E,tot,"3,8",free,"2,2",cache,"633,6",buff,"39,8",slab,"65,4",,"1,6"
E,tot,"3,8",free,"2,2",cache,"633,6",buff,"39,8",slab,"65,3",,"1,6"
E,tot,"3,8",free,"2,2",cache,"633,6",buff,"39,8",slab,"65,3",,"1,6"
E,tot,"3,8",free,"2,2",cache,"633,6",buff,"39,8",slab,"65,3",,"1,6"
E,tot,"3,8",free,"2,2",cache,"633,6",buff,"39,8",slab,"65,3",,"1,6"
E,tot,"3,8",free,"2,2",cache,"633,7",buff,"39,8",slab,"65,3",,"1,6"
E,tot,"3,8",free,"2,2",cache,"633,7",buff,"39,8",slab,"65,3",,"1,6"
E,tot,"3,8",free,"2,2",cache,"633,7",buff,"39,8",slab,"65,3",,"1,6"
E,tot,"3,8",free,"2,2",cache,"633,7",buff,"39,8",slab,"65,3",,"1,6"
E,tot,"3,8",free,"2,2",cache,"633,7",buff,"39,8",slab,"65,3",,"1,6"
E,tot,"3,8",free,"2,2",cache,"633,7",buff,"39,8",slab,"65,3",,"1,6"
E,tot,"3,8",free,"2,2",cache,"633,7",buff,"39,8",slab,"65,3",,"1,6"
E,tot,"3,8",free,"2,2",cache,"633,7",buff,"39,8",slab,"65,3",,"1,6"
E,tot,"3,8",free,"2,2",cache,"633,7",buff,"39,8",slab,"65,3",,"1,6"
E,tot,"3,8",free,"2,2",cache,"633,8",buff,"39,8",slab,"65,3",,"1,6"
E,tot,"3,8",free,"2,2",cache,"633,8",buff,"39,8",slab,"65,3",,"1,6"
E,tot,"3,8",free,"2,2",cache,"633,8",buff,"39,8",slab,"65,3",,"1,6"
E,tot,"3,8",free,"2,2",cache,"633,8",buff,"39,8",slab,"65,3",,"1,6"
E,tot,"3,8",free,"2,2",cache,"633,8",buff,"39,8",slab,"65,3",,"1,6"
E,tot,"3,8",free,"2,2",cache,"633,8",buff,"39,8",slab,"65,3",,"1,6"
E,tot,"3,8",free,"2,2",cache,"633,8",buff,"39,8",slab,"65,3",,"1,6"
E,tot,"3,8",free,"2,2",cache,"633,8",buff,"39,8",slab,"65,3",,"1,6"
E,tot,"3,8",free,"2,2",cache,"633,8",buff,"39,8",slab,"65,3",,"1,6"
E,tot,"3,8",free,"2,2",cache,"633,9",buff,"39,8",slab,"65,3",,"1,6"
E,tot,"3,8",free,"2,2",cache,"633,9",buff,"39,8",slab,"65,3",,"1,6"
E,tot,"3,8",free,"2,2",cache,"633,9",buff,"39,8",slab,"65,3",,"1,6"
E,tot,"3,8",free,"2,2",cache,"633,9",buff,"39,8",slab,"65,3",,"1,6"
E,tot,"3,8",free,"2,2",cache,"633,9",buff,"39,8",slab,"65,3",,"1,6"
E,tot,"3,8",free,"2,2",cache,"633,9",buff,"39,8",slab,"65,3",,"1,6"
E,tot,"3,8",free,"2,2",cache,"633,9",buff,"39,8",slab,"65,3",,"1,6"
E,tot,"3,8",free,"2,2",cache,"633,9",buff,"39,8",slab,"65,3",,"1,6"
E,tot,"3,8",free,"2,2",cache,"633,9",buff,"39,8",slab,"65,3",,"1,6"
E,tot,"3,8",free,"2,2",cache,634,buff,"39,8",slab,"65,3",,"1,6"
E,tot,"3,8",free,"2,2",cache,634,buff,"39,8",slab,"65,3",,"1,6"
E,tot,"3,8",free,"2,2",cache,634,buff,"39,8",slab,"65,3",,"1,6"
,,,,,,,,,,,,
,,,,,,,,,,,média,"1,6"
,,,,,,,,,,,DP,0
