CPU,sys,9,user,24,irq,1,idle,52,wait,15,,33
CPU,sys,37,user,63,irq,0,idle,0,wait,0,,100
CPU,sys,26,user,74,irq,0,idle,0,wait,0,,100
CPU,sys,39,user,59,irq,2,idle,0,wait,0,,98
CPU,sys,22,user,76,irq,2,idle,0,wait,0,,98
CPU,sys,35,user,60,irq,5,idle,0,wait,0,,95
CPU,sys,40,user,57,irq,3,idle,0,wait,0,,97
CPU,sys,30,user,67,irq,3,idle,0,wait,0,,97
CPU,sys,31,user,65,irq,4,idle,0,wait,0,,96
CPU,sys,28,user,68,irq,4,idle,0,wait,0,,96
CPU,sys,32,user,66,irq,2,idle,0,wait,0,,98
CPU,sys,34,user,63,irq,3,idle,0,wait,0,,97
CPU,sys,29,user,68,irq,2,idle,0,wait,0,,97
CPU,sys,31,user,63,irq,6,idle,0,wait,0,,94
CPU,sys,32,user,66,irq,2,idle,0,wait,0,,98
CPU,sys,26,user,71,irq,3,idle,0,wait,0,,97
CPU,sys,31,user,66,irq,3,idle,0,wait,0,,97
CPU,sys,31,user,67,irq,2,idle,0,wait,0,,98
CPU,sys,32,user,65,irq,3,idle,0,wait,0,,97
CPU,sys,32,user,64,irq,4,idle,0,wait,0,,96
CPU,sys,33,user,62,irq,5,idle,0,wait,0,,95
CPU,sys,27,user,50,irq,3,idle,0,wait,20,,77
CPU,sys,24,user,24,irq,4,idle,0,wait,48,,48
CPU,sys,20,user,19,irq,1,idle,0,wait,60,,39
CPU,sys,22,user,20,irq,1,idle,0,wait,57,,42
CPU,sys,19,user,16,irq,2,idle,0,wait,63,,35
CPU,sys,17,user,18,irq,0,idle,0,wait,65,,35
CPU,sys,20,user,14,irq,2,idle,0,wait,64,,34
CPU,sys,16,user,23,irq,2,idle,0,wait,59,,39
CPU,sys,18,user,22,irq,2,idle,0,wait,57,,40
CPU,sys,20,user,26,irq,4,idle,0,wait,50,,46
CPU,sys,21,user,26,irq,4,idle,0,wait,49,,47
CPU,sys,26,user,25,irq,2,idle,0,wait,47,,51
CPU,sys,27,user,20,irq,4,idle,0,wait,49,,47
CPU,sys,25,user,26,irq,1,idle,0,wait,48,,51
CPU,sys,22,user,21,irq,3,idle,0,wait,54,,43
CPU,sys,22,user,25,irq,2,idle,0,wait,51,,47
CPU,sys,30,user,25,irq,2,idle,0,wait,43,,55
CPU,sys,20,user,19,irq,4,idle,0,wait,56,,39
CPU,sys,22,user,18,irq,1,idle,0,wait,58,,40
CPU,sys,19,user,20,irq,1,idle,0,wait,60,,39
CPU,sys,20,user,21,irq,3,idle,0,wait,55,,41
CPU,sys,22,user,24,irq,1,idle,0,wait,52,,46
CPU,sys,21,user,18,irq,2,idle,0,wait,59,,39
CPU,sys,23,user,21,irq,2,idle,0,wait,55,,44
CPU,sys,20,user,22,irq,3,idle,0,wait,55,,42
CPU,sys,21,user,19,irq,3,idle,0,wait,57,,40
CPU,sys,19,user,18,irq,2,idle,0,wait,61,,37
CPU,sys,20,user,16,irq,2,idle,0,wait,62,,36
CPU,sys,18,user,17,irq,0,idle,0,wait,65,,35
CPU,sys,15,user,20,irq,1,idle,0,wait,63,,35
CPU,sys,17,user,16,irq,1,idle,0,wait,67,,33
CPU,sys,14,user,21,irq,1,idle,0,wait,63,,35
CPU,sys,18,user,17,irq,1,idle,0,wait,64,,35
CPU,sys,19,user,15,irq,4,idle,0,wait,62,,34
CPU,sys,16,user,20,irq,1,idle,0,wait,62,,36
CPU,sys,17,user,19,irq,1,idle,0,wait,63,,36
CPU,sys,17,user,14,irq,0,idle,0,wait,70,,31
CPU,sys,21,user,14,irq,1,idle,0,wait,63,,35
CPU,sys,16,user,20,irq,1,idle,0,wait,63,,36
CPU,sys,18,user,20,irq,1,idle,0,wait,61,,38
CPU,sys,11,user,22,irq,0,idle,0,wait,67,,33
CPU,sys,17,user,20,irq,1,idle,0,wait,62,,37
CPU,sys,18,user,16,irq,2,idle,0,wait,63,,34
CPU,sys,19,user,18,irq,1,idle,0,wait,61,,37
CPU,sys,17,user,19,irq,3,idle,0,wait,62,,36
CPU,sys,21,user,18,irq,0,idle,0,wait,61,,39
CPU,sys,22,user,22,irq,1,idle,0,wait,56,,44
CPU,sys,20,user,19,irq,0,idle,0,wait,60,,39
CPU,sys,14,user,22,irq,2,idle,0,wait,62,,36
CPU,sys,12,user,19,irq,1,idle,0,wait,68,,31
CPU,sys,18,user,18,irq,1,idle,0,wait,63,,36
CPU,sys,22,user,16,irq,2,idle,0,wait,61,,38
CPU,sys,18,user,18,irq,2,idle,0,wait,61,,36
CPU,sys,20,user,15,irq,3,idle,0,wait,62,,35
CPU,sys,18,user,16,irq,0,idle,0,wait,65,,34
CPU,sys,18,user,15,irq,0,idle,0,wait,67,,33
CPU,sys,17,user,20,irq,1,idle,0,wait,61,,37
CPU,sys,16,user,17,irq,2,idle,0,wait,65,,33
CPU,sys,16,user,19,irq,0,idle,0,wait,65,,35
CPU,sys,15,user,19,irq,1,idle,0,wait,65,,34
CPU,sys,14,user,21,irq,3,idle,0,wait,62,,35
CPU,sys,20,user,16,irq,0,idle,0,wait,65,,36
CPU,sys,22,user,14,irq,1,idle,0,wait,64,,36
CPU,sys,21,user,23,irq,2,idle,0,wait,54,,44
CPU,sys,17,user,19,irq,3,idle,0,wait,61,,36
CPU,sys,15,user,19,irq,1,idle,0,wait,64,,34
CPU,sys,14,user,19,irq,2,idle,0,wait,66,,33
CPU,sys,14,user,17,irq,2,idle,0,wait,68,,31
CPU,sys,25,user,17,irq,2,idle,0,wait,55,,42
CPU,sys,20,user,16,irq,3,idle,0,wait,61,,36
CPU,sys,21,user,17,irq,1,idle,0,wait,61,,38
CPU,sys,15,user,20,irq,3,idle,0,wait,62,,35
CPU,sys,21,user,16,irq,1,idle,0,wait,62,,37
CPU,sys,19,user,20,irq,0,idle,0,wait,61,,39
CPU,sys,18,user,20,irq,1,idle,0,wait,61,,38
CPU,sys,19,user,17,irq,1,idle,0,wait,64,,36
CPU,sys,14,user,20,irq,0,idle,0,wait,66,,34
CPU,sys,19,user,18,irq,3,idle,0,wait,61,,37
CPU,sys,18,user,17,irq,1,idle,0,wait,63,,35
CPU,sys,22,user,13,irq,3,idle,0,wait,61,,35
CPU,sys,19,user,15,irq,1,idle,0,wait,66,,34
CPU,sys,19,user,16,irq,1,idle,0,wait,63,,35
CPU,sys,17,user,20,irq,1,idle,0,wait,62,,37
CPU,sys,22,user,17,irq,3,idle,0,wait,58,,39
CPU,sys,13,user,23,irq,2,idle,0,wait,62,,36
CPU,sys,19,user,17,irq,1,idle,0,wait,64,,36
CPU,sys,17,user,19,irq,2,idle,0,wait,62,,36
CPU,sys,19,user,17,irq,0,idle,0,wait,63,,36
CPU,sys,14,user,16,irq,1,idle,0,wait,68,,30
CPU,sys,12,user,20,irq,2,idle,0,wait,65,,32
CPU,sys,15,user,15,irq,1,idle,0,wait,70,,30
CPU,sys,12,user,19,irq,2,idle,0,wait,66,,31
CPU,sys,17,user,19,irq,0,idle,0,wait,63,,36
CPU,sys,19,user,13,irq,1,idle,0,wait,67,,32
CPU,sys,17,user,17,irq,1,idle,0,wait,65,,34
,,,,,,,,,,,,
,,,,,,,,,,,média,"48,1478260869565"
,,,,,,,,,,,DP,"23,2527091340934"
