CPU,sys,9,user,23,irq,1,idle,53,wait,15,,32
CPU,sys,35,user,65,irq,0,idle,0,wait,0,,100
CPU,sys,29,user,71,irq,0,idle,0,wait,0,,100
CPU,sys,25,user,74,irq,1,idle,0,wait,0,,99
CPU,sys,27,user,69,irq,4,idle,0,wait,0,,96
CPU,sys,28,user,69,irq,3,idle,0,wait,0,,97
CPU,sys,36,user,61,irq,3,idle,0,wait,0,,97
CPU,sys,25,user,71,irq,4,idle,0,wait,0,,96
CPU,sys,29,user,67,irq,4,idle,0,wait,0,,96
CPU,sys,33,user,65,irq,2,idle,0,wait,0,,98
CPU,sys,30,user,68,irq,2,idle,0,wait,0,,98
CPU,sys,34,user,64,irq,2,idle,0,wait,0,,98
CPU,sys,27,user,71,irq,2,idle,0,wait,0,,98
CPU,sys,30,user,66,irq,4,idle,0,wait,0,,96
CPU,sys,34,user,62,irq,4,idle,0,wait,0,,96
CPU,sys,22,user,76,irq,2,idle,0,wait,0,,98
CPU,sys,32,user,65,irq,3,idle,0,wait,0,,97
CPU,sys,27,user,70,irq,3,idle,0,wait,0,,97
CPU,sys,30,user,66,irq,4,idle,0,wait,0,,96
CPU,sys,29,user,68,irq,3,idle,0,wait,0,,97
CPU,sys,31,user,66,irq,3,idle,0,wait,0,,97
CPU,sys,30,user,67,irq,3,idle,0,wait,0,,97
,,,,,,,,,,,,
,,,,,,,,,,,média,"97,3333333333333"
,,,,,,,,,,,DP,"1,23827837473378"
