CPU,sys,9,user,23,irq,1,idle,53,wait,15,,32
CPU,sys,28,user,72,irq,0,idle,0,wait,0,,100
CPU,sys,24,user,76,irq,0,idle,0,wait,0,,100
CPU,sys,31,user,67,irq,2,idle,0,wait,0,,98
CPU,sys,29,user,66,irq,5,idle,0,wait,0,,95
CPU,sys,29,user,69,irq,2,idle,0,wait,0,,98
CPU,sys,34,user,66,irq,0,idle,0,wait,0,,100
CPU,sys,28,user,68,irq,4,idle,0,wait,0,,96
CPU,sys,31,user,68,irq,1,idle,0,wait,0,,99
CPU,sys,29,user,68,irq,3,idle,0,wait,0,,97
CPU,sys,26,user,73,irq,0,idle,0,wait,0,,99
CPU,sys,33,user,64,irq,3,idle,0,wait,0,,97
CPU,sys,32,user,67,irq,1,idle,0,wait,0,,99
CPU,sys,32,user,64,irq,4,idle,0,wait,0,,96
CPU,sys,37,user,59,irq,4,idle,0,wait,0,,96
CPU,sys,29,user,69,irq,2,idle,0,wait,0,,98
CPU,sys,30,user,65,irq,5,idle,0,wait,0,,95
CPU,sys,30,user,67,irq,3,idle,0,wait,0,,97
CPU,sys,30,user,66,irq,4,idle,0,wait,0,,96
CPU,sys,33,user,64,irq,3,idle,0,wait,0,,97
CPU,sys,32,user,64,irq,4,idle,0,wait,0,,96
CPU,sys,20,user,73,irq,1,idle,0,wait,6,,93
CPU,sys,9,user,83,irq,0,idle,0,wait,8,,92
CPU,sys,10,user,85,irq,0,idle,0,wait,5,,95
CPU,sys,7,user,88,irq,0,idle,0,wait,5,,95
CPU,sys,13,user,82,irq,0,idle,0,wait,5,,95
CPU,sys,9,user,87,irq,0,idle,0,wait,4,,96
CPU,sys,10,user,84,irq,0,idle,0,wait,6,,94
CPU,sys,11,user,82,irq,2,idle,0,wait,5,,93
CPU,sys,9,user,87,irq,0,idle,0,wait,4,,96
CPU,sys,8,user,87,irq,0,idle,0,wait,5,,95
CPU,sys,10,user,86,irq,0,idle,0,wait,4,,96
CPU,sys,10,user,85,irq,0,idle,0,wait,5,,95
CPU,sys,10,user,83,irq,1,idle,0,wait,6,,93
CPU,sys,11,user,85,irq,0,idle,0,wait,4,,96
CPU,sys,9,user,84,irq,0,idle,0,wait,7,,93
CPU,sys,11,user,85,irq,0,idle,0,wait,4,,96
CPU,sys,8,user,83,irq,0,idle,0,wait,9,,91
CPU,sys,7,user,87,irq,1,idle,0,wait,5,,94
CPU,sys,9,user,85,irq,0,idle,0,wait,6,,94
CPU,sys,9,user,87,irq,0,idle,0,wait,4,,96
CPU,sys,7,user,87,irq,0,idle,0,wait,6,,94
CPU,sys,9,user,86,irq,0,idle,0,wait,5,,95
CPU,sys,8,user,87,irq,0,idle,0,wait,5,,95
CPU,sys,9,user,87,irq,0,idle,0,wait,4,,96
CPU,sys,7,user,87,irq,1,idle,0,wait,5,,94
CPU,sys,8,user,86,irq,1,idle,0,wait,5,,94
CPU,sys,9,user,85,irq,0,idle,0,wait,6,,94
CPU,sys,11,user,83,irq,0,idle,0,wait,6,,94
CPU,sys,9,user,86,irq,0,idle,0,wait,5,,95
CPU,sys,8,user,88,irq,0,idle,0,wait,4,,96
CPU,sys,9,user,84,irq,0,idle,0,wait,7,,93
CPU,sys,8,user,88,irq,0,idle,0,wait,4,,96
CPU,sys,10,user,85,irq,0,idle,0,wait,5,,95
CPU,sys,11,user,83,irq,1,idle,0,wait,5,,94
CPU,sys,10,user,85,irq,1,idle,0,wait,4,,95
CPU,sys,9,user,86,irq,0,idle,0,wait,5,,95
CPU,sys,11,user,83,irq,0,idle,0,wait,6,,94
CPU,sys,8,user,87,irq,0,idle,0,wait,5,,95
CPU,sys,9,user,86,irq,1,idle,0,wait,4,,95
CPU,sys,8,user,86,irq,1,idle,0,wait,5,,94
CPU,sys,13,user,82,irq,0,idle,0,wait,5,,95
CPU,sys,9,user,86,irq,0,idle,0,wait,5,,95
CPU,sys,7,user,88,irq,0,idle,0,wait,5,,95
CPU,sys,10,user,82,irq,0,idle,0,wait,8,,92
CPU,sys,7,user,86,irq,1,idle,0,wait,6,,93
CPU,sys,8,user,87,irq,0,idle,0,wait,5,,95
CPU,sys,12,user,80,irq,0,idle,0,wait,8,,92
CPU,sys,10,user,84,irq,0,idle,0,wait,6,,94
CPU,sys,10,user,83,irq,2,idle,0,wait,6,,93
CPU,sys,7,user,88,irq,0,idle,0,wait,5,,95
CPU,sys,10,user,82,irq,1,idle,0,wait,7,,92
CPU,sys,8,user,85,irq,0,idle,0,wait,7,,93
CPU,sys,9,user,84,irq,0,idle,0,wait,7,,93
CPU,sys,10,user,85,irq,0,idle,0,wait,5,,95
CPU,sys,8,user,86,irq,1,idle,0,wait,5,,94
CPU,sys,8,user,86,irq,0,idle,0,wait,6,,94
CPU,sys,8,user,86,irq,0,idle,0,wait,5,,94
CPU,sys,7,user,82,irq,0,idle,0,wait,11,,89
CPU,sys,9,user,79,irq,1,idle,0,wait,11,,88
CPU,sys,9,user,79,irq,0,idle,0,wait,12,,88
CPU,sys,7,user,82,irq,0,idle,0,wait,11,,89
CPU,sys,8,user,81,irq,0,idle,0,wait,11,,89
CPU,sys,7,user,81,irq,1,idle,0,wait,11,,88
CPU,sys,10,user,79,irq,0,idle,0,wait,11,,89
CPU,sys,10,user,79,irq,0,idle,0,wait,11,,89
CPU,sys,10,user,81,irq,0,idle,0,wait,9,,91
CPU,sys,8,user,85,irq,1,idle,0,wait,6,,93
CPU,sys,10,user,84,irq,0,idle,0,wait,6,,94
CPU,sys,8,user,88,irq,0,idle,0,wait,4,,96
CPU,sys,10,user,84,irq,1,idle,0,wait,5,,94
CPU,sys,10,user,86,irq,0,idle,0,wait,4,,96
CPU,sys,7,user,87,irq,1,idle,0,wait,5,,94
CPU,sys,8,user,86,irq,1,idle,0,wait,5,,94
CPU,sys,7,user,84,irq,0,idle,0,wait,9,,91
CPU,sys,11,user,78,irq,1,idle,0,wait,10,,89
CPU,sys,7,user,88,irq,0,idle,0,wait,5,,95
CPU,sys,10,user,84,irq,0,idle,0,wait,6,,94
CPU,sys,9,user,85,irq,0,idle,0,wait,6,,94
CPU,sys,9,user,85,irq,1,idle,0,wait,5,,94
CPU,sys,8,user,88,irq,0,idle,0,wait,4,,96
CPU,sys,9,user,85,irq,1,idle,0,wait,5,,94
CPU,sys,7,user,89,irq,0,idle,0,wait,4,,96
CPU,sys,10,user,83,irq,0,idle,0,wait,7,,93
CPU,sys,10,user,85,irq,0,idle,0,wait,5,,95
CPU,sys,9,user,87,irq,0,idle,0,wait,4,,96
CPU,sys,11,user,84,irq,0,idle,0,wait,5,,95
CPU,sys,9,user,85,irq,0,idle,0,wait,6,,94
CPU,sys,7,user,87,irq,1,idle,0,wait,5,,94
CPU,sys,7,user,88,irq,0,idle,0,wait,5,,95
CPU,sys,11,user,85,irq,0,idle,0,wait,4,,96
CPU,sys,10,user,85,irq,0,idle,0,wait,5,,95
CPU,sys,8,user,88,irq,0,idle,0,wait,4,,96
CPU,sys,10,user,84,irq,1,idle,0,wait,5,,94
CPU,sys,8,user,87,irq,0,idle,0,wait,5,,95
CPU,sys,10,user,86,irq,0,idle,0,wait,4,,96
CPU,sys,9,user,87,irq,0,idle,0,wait,4,,96
CPU,sys,10,user,84,irq,0,idle,0,wait,6,,94
CPU,sys,11,user,83,irq,1,idle,0,wait,5,,94
CPU,sys,8,user,86,irq,1,idle,0,wait,5,,94
CPU,sys,8,user,88,irq,0,idle,0,wait,4,,96
CPU,sys,9,user,86,irq,0,idle,0,wait,5,,95
CPU,sys,8,user,87,irq,0,idle,0,wait,5,,95
,,,,,,,,,,,,
,,,,,,,,,,,média,"94,4754098360656"
,,,,,,,,,,,DP,"2,36438140269778"
