MEM | tot     3.8G | free  840.5M | cache   1.6G | buff   77.3M | slab  105.0M |
MEM | numnode    1 | shmem  67.6M | shrss  35.8M | tcpsk   0.0M | udpsk   0.0M |
MEM | tot     3.8G | free  824.8M | cache   1.6G | buff   77.3M | slab  105.1M |
MEM | numnode    1 | shmem  67.6M | shrss  35.8M | tcpsk   0.0M | udpsk   0.0M |
MEM | tot     3.8G | free  823.6M | cache   1.6G | buff   77.3M | slab  105.1M |
MEM | numnode    1 | shmem  67.6M | shrss  35.8M | tcpsk   0.0M | udpsk   0.0M |
MEM | tot     3.8G | free  825.8M | cache   1.6G | buff   77.3M | slab  105.1M |
MEM | numnode    1 | shmem  66.1M | shrss  35.8M | tcpsk   0.0M | udpsk   0.0M |
MEM | tot     3.8G | free  825.8M | cache   1.6G | buff   77.3M | slab  105.0M |
MEM | numnode    1 | shmem  66.1M | shrss  35.8M | tcpsk   0.0M | udpsk   0.0M |
MEM | tot     3.8G | free  825.8M | cache   1.6G | buff   77.3M | slab  105.0M |
MEM | numnode    1 | shmem  66.1M | shrss  35.8M | tcpsk   0.0M | udpsk   0.0M |
MEM | tot     3.8G | free  825.8M | cache   1.6G | buff   77.3M | slab  105.1M |
MEM | numnode    1 | shmem  66.1M | shrss  35.8M | tcpsk   0.0M | udpsk   0.0M |
MEM | tot     3.8G | free  827.8M | cache   1.6G | buff   77.3M | slab  105.1M |
MEM | numnode    1 | shmem  64.6M | shrss  35.8M | tcpsk   0.0M | udpsk   0.0M |
MEM | tot     3.8G | free  827.8M | cache   1.6G | buff   77.3M | slab  105.1M |
MEM | numnode    1 | shmem  64.6M | shrss  35.8M | tcpsk   0.0M | udpsk   0.0M |
MEM | tot     3.8G | free  827.8M | cache   1.6G | buff   77.3M | slab  105.1M |
MEM | numnode    1 | shmem  64.6M | shrss  35.8M | tcpsk   0.0M | udpsk   0.0M |
MEM | tot     3.8G | free  827.8M | cache   1.6G | buff   77.3M | slab  105.1M |
MEM | numnode    1 | shmem  64.6M | shrss  35.8M | tcpsk   0.0M | udpsk   0.0M |
MEM | tot     3.8G | free  827.8M | cache   1.6G | buff   77.3M | slab  105.1M |
MEM | numnode    1 | shmem  64.6M | shrss  35.8M | tcpsk   0.0M | udpsk   0.0M |
