MEM | tot     3.8G | free  818.9M | cache   1.6G | buff   77.9M | slab  105.2M |
MEM | numnode    1 | shmem  68.0M | shrss  35.8M | tcpsk   0.0M | udpsk   0.0M |
MEM | tot     3.8G | free  804.2M | cache   1.6G | buff   77.9M | slab  105.3M |
MEM | numnode    1 | shmem  68.0M | shrss  35.8M | tcpsk   0.0M | udpsk   0.0M |
MEM | tot     3.8G | free  804.2M | cache   1.6G | buff   77.9M | slab  105.3M |
MEM | numnode    1 | shmem  68.0M | shrss  35.8M | tcpsk   0.0M | udpsk   0.0M |
MEM | tot     3.8G | free  804.5M | cache   1.6G | buff   77.9M | slab  105.3M |
MEM | numnode    1 | shmem  68.0M | shrss  35.8M | tcpsk   0.0M | udpsk   0.0M |
MEM | tot     3.8G | free  806.0M | cache   1.6G | buff   77.9M | slab  105.3M |
MEM | numnode    1 | shmem  66.5M | shrss  35.8M | tcpsk   0.0M | udpsk   0.0M |
MEM | tot     3.8G | free  805.5M | cache   1.6G | buff   77.9M | slab  105.3M |
MEM | numnode    1 | shmem  66.5M | shrss  35.8M | tcpsk   0.0M | udpsk   0.0M |
MEM | tot     3.8G | free  805.7M | cache   1.6G | buff   77.9M | slab  105.3M |
MEM | numnode    1 | shmem  66.5M | shrss  35.8M | tcpsk   0.0M | udpsk   0.0M |
MEM | tot     3.8G | free  807.5M | cache   1.6G | buff   77.9M | slab  105.3M |
MEM | numnode    1 | shmem  65.0M | shrss  35.8M | tcpsk   0.0M | udpsk   0.0M |
MEM | tot     3.8G | free  807.5M | cache   1.6G | buff   77.9M | slab  105.3M |
MEM | numnode    1 | shmem  65.0M | shrss  35.8M | tcpsk   0.0M | udpsk   0.0M |
MEM | tot     3.8G | free  807.5M | cache   1.6G | buff   77.9M | slab  105.3M |
MEM | numnode    1 | shmem  65.0M | shrss  35.8M | tcpsk   0.0M | udpsk   0.0M |
MEM | tot     3.8G | free  807.5M | cache   1.6G | buff   77.9M | slab  105.3M |
MEM | numnode    1 | shmem  65.0M | shrss  35.8M | tcpsk   0.0M | udpsk   0.0M |
MEM | tot     3.8G | free  807.5M | cache   1.6G | buff   77.9M | slab  105.3M |
MEM | numnode    1 | shmem  65.0M | shrss  35.8M | tcpsk   0.0M | udpsk   0.0M |
