MEM | tot     3.8G | free  820.6M | cache   1.6G | buff   77.9M | slab  105.2M |
MEM | numnode    1 | shmem  66.0M | shrss  35.8M | tcpsk   0.0M | udpsk   0.0M |
MEM | tot     3.8G | free  804.2M | cache   1.6G | buff   77.9M | slab  105.2M |
MEM | numnode    1 | shmem  66.0M | shrss  35.8M | tcpsk   0.0M | udpsk   0.0M |
MEM | tot     3.8G | free  804.0M | cache   1.6G | buff   77.9M | slab  105.2M |
MEM | numnode    1 | shmem  66.8M | shrss  35.8M | tcpsk   0.0M | udpsk   0.0M |
MEM | tot     3.8G | free  802.2M | cache   1.6G | buff   77.9M | slab  105.2M |
MEM | numnode    1 | shmem  66.8M | shrss  35.8M | tcpsk   0.0M | udpsk   0.0M |
MEM | tot     3.8G | free  801.5M | cache   1.6G | buff   77.9M | slab  105.3M |
MEM | numnode    1 | shmem  66.8M | shrss  35.8M | tcpsk   0.0M | udpsk   0.0M |
MEM | tot     3.8G | free  799.5M | cache   1.6G | buff   77.9M | slab  105.3M |
MEM | numnode    1 | shmem  66.8M | shrss  35.8M | tcpsk   0.0M | udpsk   0.0M |
MEM | tot     3.8G | free  797.7M | cache   1.6G | buff   77.9M | slab  105.3M |
MEM | numnode    1 | shmem  66.8M | shrss  35.8M | tcpsk   0.0M | udpsk   0.0M |
MEM | tot     3.8G | free  799.2M | cache   1.6G | buff   77.9M | slab  105.3M |
MEM | numnode    1 | shmem  64.8M | shrss  35.8M | tcpsk   0.0M | udpsk   0.0M |
