MEM | tot     3.8G | free  822.9M | cache   1.6G | buff   77.9M | slab  105.2M |
MEM | numnode    1 | shmem  66.0M | shrss  35.8M | tcpsk   0.0M | udpsk   0.0M |
MEM | tot     3.8G | free  803.2M | cache   1.6G | buff   77.9M | slab  105.2M |
MEM | numnode    1 | shmem  67.0M | shrss  35.8M | tcpsk   0.0M | udpsk   0.0M |
MEM | tot     3.8G | free  802.7M | cache   1.6G | buff   77.9M | slab  105.3M |
MEM | numnode    1 | shmem  67.0M | shrss  35.8M | tcpsk   0.0M | udpsk   0.0M |
MEM | tot     3.8G | free  800.8M | cache   1.6G | buff   77.9M | slab  105.3M |
MEM | numnode    1 | shmem  67.0M | shrss  35.8M | tcpsk   0.0M | udpsk   0.0M |
MEM | tot     3.8G | free  800.8M | cache   1.6G | buff   77.9M | slab  105.3M |
MEM | numnode    1 | shmem  67.0M | shrss  35.8M | tcpsk   0.0M | udpsk   0.0M |
MEM | tot     3.8G | free  798.8M | cache   1.6G | buff   77.9M | slab  105.3M |
MEM | numnode    1 | shmem  67.0M | shrss  35.8M | tcpsk   0.0M | udpsk   0.0M |
